{
  "format_version": "1.16.100",
  "minecraft:item": {
    "description": {
      "identifier": "wesl3y:hana_skill1",
      "category": "commands"
    },
    "components": {
      "tag:arm": {},
      "minecraft:icon": {
        "texture": "hana_skill1"
      },
      "minecraft:display_name": {
        "value":"Skill 1\n§d(Hana Hana)\n§7(Crouch to change/Agache para Mudar)"
      },
      "tag:skill": {},
      "minecraft:use_duration": 99999,
      "minecraft:max_stack_size": 1,
      "minecraft:hand_equipped": true,
      "minecraft:food": {
        "can_always_eat": true
      },
      "minecraft:on_use": {
        "on_use": {
          "event": "using",
          "target": "self"
        }
      },
      "minecraft:render_offsets": {
	    "main_hand": {
		  "first_person": { 
		    "scale": [0.0,0.0,0.0]
		  },
		  "third_person": { 
			"scale": [0.0,0.0,0.0]
		  }
		},
		"off_hand": {
		  "first_person": { 
			"scale": [0.0,0.0,0.0]
		  },
		  "third_person": { 
			"scale": [0.0,0.0,0.0]
	      }
	    }
	  }
    },
    "events": {
      "using": {
        "sequence": [
          {
            "randomize": [
              {
                "condition": "query.scoreboard('cooldown_skill1') == 0 && query.scoreboard('skill1') <= 1 && !query.is_sneaking",
                "run_command": {
                  "command": [
                    "execute @s ^^^1.5 ride @e[family=!npc,family=!attack,tag=!hana_fruit,r=3] summon_rider wesl3y:hana_attack wesl3y:hana1",
                    "execute @s[tag=haki_armament] ~~~ tag @e[type=wesl3y:hana_attack,r=10] add haki_armament",
                    "execute @s[scores={fruit=..10}] ~~~ tag @e[type=wesl3y:hana_attack,r=10] add dano5",
                    "execute @s[scores={fruit=11..20}] ~~~ tag @e[type=wesl3y:hana_attack,r=10] add dano7",
                    "execute @s[scores={fruit=21..30}] ~~~ tag @e[type=wesl3y:hana_attack,r=10] add dano10",
                    "execute @s[scores={fruit=31..40}] ~~~ tag @e[type=wesl3y:hana_attack,r=10] add dano12",
                    "execute @s[scores={fruit=41..50}] ~~~ tag @e[type=wesl3y:hana_attack,r=10] add dano15",
                    "execute @s[scores={fruit=51..60}] ~~~ tag @e[type=wesl3y:hana_attack,r=10] add dano17",
                    "execute @s[scores={fruit=61..70}] ~~~ tag @e[type=wesl3y:hana_attack,r=10] add dano20",
                    "execute @s[scores={fruit=71..80}] ~~~ tag @e[type=wesl3y:hana_attack,r=10] add dano22",
                    "execute @s[scores={fruit=81..}] ~~~ tag @e[type=wesl3y:hana_attack,r=10] add dano25",
                    "scoreboard players set @s cooldown_skill1 30",
                    "scoreboard players add @s xp_fruit 1"
                  ]
                }
              },
              {
                "condition": "query.scoreboard('cooldown_skill1') == 0 && query.scoreboard('skill1') == 2 && !query.is_sneaking",
                "run_command": {
                  "command": [
                    "execute @s ^^^1.5 ride @e[family=!npc,family=!attack,tag=!hana_fruit,r=3] summon_rider wesl3y:hana_attack wesl3y:hana2",
                    "execute @s[tag=haki_armament] ~~~ tag @e[type=wesl3y:hana_attack,r=10] add haki_armament",
                    "scoreboard players set @s cooldown_skill1 50",
                    "scoreboard players add @s xp_fruit 1"
                  ]
                }
              },
              {
                "condition": "query.scoreboard('cooldown_skill1') == 0 && query.scoreboard('skill1') >= 3 && !query.is_sneaking",
                "run_command": {
                  "command": [
                    "ride @e[family=!npc,family=!attack,tag=!hana_fruit,r=10] summon_rider wesl3y:hana_attack wesl3y:hana3",
                    "execute @s[tag=haki_armament] ~~~ tag @e[type=wesl3y:hana_attack,r=10] add haki_armament",
                    "execute @s[scores={fruit=..10}] ~~~ tag @e[type=wesl3y:hana_attack,r=10] add dano15",
                    "execute @s[scores={fruit=11..20}] ~~~ tag @e[type=wesl3y:hana_attack,r=10] add dano17",
                    "execute @s[scores={fruit=21..30}] ~~~ tag @e[type=wesl3y:hana_attack,r=10] add dano20",
                    "execute @s[scores={fruit=31..40}] ~~~ tag @e[type=wesl3y:hana_attack,r=10] add dano22",
                    "execute @s[scores={fruit=41..50}] ~~~ tag @e[type=wesl3y:hana_attack,r=10] add dano25",
                    "execute @s[scores={fruit=51..60}] ~~~ tag @e[type=wesl3y:hana_attack,r=10] add dano27",
                    "execute @s[scores={fruit=61..70}] ~~~ tag @e[type=wesl3y:hana_attack,r=10] add dano30",
                    "execute @s[scores={fruit=71..80}] ~~~ tag @e[type=wesl3y:hana_attack,r=10] add dano32",
                    "execute @s[scores={fruit=81..}] ~~~ tag @e[type=wesl3y:hana_attack,r=10] add dano35",
                    "scoreboard players set @s cooldown_skill1 70",
                    "scoreboard players add @s xp_fruit 1"
                  ]
                }
              }
            ]
          }
        ]
      }
    }
  }
}