{
  "format_version": "1.16.100",
  "minecraft:item": {
    "description": {
      "identifier": "wesl3y:hana_skill2",
      "category": "commands"
    },
    "components": {
      "tag:arm": {},
      "minecraft:icon": {
        "texture": "hana_skill2"
      },
      "minecraft:display_name": {
        "value":"Skill 2\n§d(Hana Hana)\n§7(Crouch to change/Agache para Mudar)"
      },
      "tag:skill": {},
      "minecraft:use_duration": 99999,
      "minecraft:max_stack_size": 1,
      "minecraft:hand_equipped": true,
      "minecraft:food": {
        "can_always_eat": true
      },
      "minecraft:on_use": {
        "on_use": {
          "event": "using",
          "target": "self"
        }
      },
      "minecraft:render_offsets": {
	    "main_hand": {
		  "first_person": { 
		    "scale": [0.0,0.0,0.0]
		  },
		  "third_person": { 
			"scale": [0.0,0.0,0.0]
		  }
		},
		"off_hand": {
		  "first_person": { 
			"scale": [0.0,0.0,0.0]
		  },
		  "third_person": { 
			"scale": [0.0,0.0,0.0]
	      }
	    }
	  }
    },
    "events": {
      "using": {
        "sequence": [
          {
            "randomize": [
              {
                "condition": "query.scoreboard('cooldown_skill2') == 0 && query.scoreboard('skill2') <= 1 && !query.is_sneaking",
                "run_command": {
                  "command": [
                    "ride @s summon_ride wesl3y:hana_fly",
                    "scoreboard players set @s cooldown_skill2 90",
                    "scoreboard players add @s xp_fruit 1"
                  ]
                }
              },
              {
                "condition": "query.scoreboard('cooldown_skill2') == 0 && query.scoreboard('skill2') == 2 && !query.is_sneaking",
                "run_command": {
                  "command": [
                    "summon wesl3y:hana_attack ^^1^5 wesl3y:hana5",
                    "execute @s[tag=haki_armament] ~~~ tag @e[type=wesl3y:hana_attack,r=10] add haki_armament",
                    "scoreboard players set @s cooldown_skill2 120",
                    "scoreboard players add @s xp_fruit 1"
                  ]
                }
              },
              {
                "condition": "query.scoreboard('cooldown_skill2') == 0 && query.scoreboard('skill2') == 3 && !query.is_sneaking",
                "run_command": {
                  "command": [
                    "tp @s ^^^ ~ 0",
                    "summon wesl3y:hana_attack ^^^-3 wesl3y:hana6",
                    "execute @e[type=wesl3y:hana_attack,r=5] ~~~ tp @s ~~~ facing @e[tag=hana_fruit]",
                    "execute @s[tag=haki_armament] ~~~ tag @e[type=wesl3y:hana_attack,r=5] add haki_armament",
                    "execute @s[scores={fruit=..10}] ~~~ tag @e[type=wesl3y:hana_attack,r=10] add dano30",
                    "execute @s[scores={fruit=11..20}] ~~~ tag @e[type=wesl3y:hana_attack,r=10] add dano32",
                    "execute @s[scores={fruit=21..30}] ~~~ tag @e[type=wesl3y:hana_attack,r=10] add dano35",
                    "execute @s[scores={fruit=31..40}] ~~~ tag @e[type=wesl3y:hana_attack,r=10] add dano37",
                    "execute @s[scores={fruit=41..50}] ~~~ tag @e[type=wesl3y:hana_attack,r=10] add dano40",
                    "execute @s[scores={fruit=51..60}] ~~~ tag @e[type=wesl3y:hana_attack,r=10] add dano42",
                    "execute @s[scores={fruit=61..70}] ~~~ tag @e[type=wesl3y:hana_attack,r=10] add dano45",
                    "execute @s[scores={fruit=71..80}] ~~~ tag @e[type=wesl3y:hana_attack,r=10] add dano47",
                    "execute @s[scores={fruit=81..}] ~~~ tag @e[type=wesl3y:hana_attack,r=10] add dano50",
                    "scoreboard players set @s cooldown_skill2 150",
                    "scoreboard players add @s xp_fruit 1"
                  ]
                }
              },
              {
                "condition": "query.scoreboard('cooldown_skill2') == 0 && query.scoreboard('skill2') >= 4 && !query.is_sneaking",
                "run_command": {
                  "command": [
                    "tp @s ^^^ ~ 0",
                    "summon wesl3y:hana_attack ^^^-3 wesl3y:hana7",
                    "execute @e[type=wesl3y:hana_attack,r=5] ~~~ tp @s ~~~ facing @e[tag=hana_fruit]",
                    "execute @s[tag=haki_armament] ~~~ tag @e[type=wesl3y:hana_attack,r=5] add haki_armament",
                    "execute @s[scores={fruit=..10}] ~~~ tag @e[type=wesl3y:hana_attack,r=10] add dano35",
                    "execute @s[scores={fruit=11..20}] ~~~ tag @e[type=wesl3y:hana_attack,r=10] add dano37",
                    "execute @s[scores={fruit=21..30}] ~~~ tag @e[type=wesl3y:hana_attack,r=10] add dano40",
                    "execute @s[scores={fruit=31..40}] ~~~ tag @e[type=wesl3y:hana_attack,r=10] add dano42",
                    "execute @s[scores={fruit=41..50}] ~~~ tag @e[type=wesl3y:hana_attack,r=10] add dano45",
                    "execute @s[scores={fruit=51..60}] ~~~ tag @e[type=wesl3y:hana_attack,r=10] add dano47",
                    "execute @s[scores={fruit=61..70}] ~~~ tag @e[type=wesl3y:hana_attack,r=10] add dano50",
                    "execute @s[scores={fruit=71..80}] ~~~ tag @e[type=wesl3y:hana_attack,r=10] add dano52",
                    "execute @s[scores={fruit=81..}] ~~~ tag @e[type=wesl3y:hana_attack,r=10] add dano55",
                    "scoreboard players set @s cooldown_skill2 180",
                    "scoreboard players add @s xp_fruit 1"
                  ]
                }
              }
            ]
          }
        ]
      }
    }
  }
}