{

	"mob.slenderman.ambient": {
		"sounds": [
		  "sounds/voice/slenderman/scare",
		  "sounds/voice/slenderman/lights",
		  "sounds/voice/slenderman/near"
		]
	  },
		"mob.slenderman.death": {
			"sounds": [
			  "sounds/voice/slenderman/death"
			]
		  },

		"record.mall" : {
			"__use_legacy_max_distance" : "true",
			"max_distance" : 64.0,
			"sounds" : [
			   {
				  "load_on_low_memory" : true,
				  "name" : "sounds/music/Reprise",
				  "stream" : true,
				  "volume" : 0.50
			   }
			]
		 }
}