{
  "format_version": "1.8.0",
  "minecraft:entity": {
    "description": {
      "identifier": "al:x",
      "is_spawnable": true,
      "is_summonable": true,
      "is_experimental": false
    },
    "component_groups": {},
    "components": {
      "minecraft:type_family": {
        "family": [
          "Alphabet"
        ]
      },
      "minecraft:breathable": {
        "totalSupply": 15,
        "suffocateTime": 0
      },
      "minecraft:collision_box": {
        "height": 1.8,
        "width": 0.6
      },
      "minecraft:movement": {
        "value": 0.5,
        "max": 0.35
      },
      "minecraft:navigation.walk": {
        "can_path_over_water": true
      },
      "minecraft:movement.basic": {},
      "minecraft:jump.static": {},
      "minecraft:health": {
        "value": 150,
        "max": 150
      },
      "minecraft:nameable": {
        "alwaysShow": true,
        "allowNameTagRenaming": true
      },
      "minecraft:input_ground_controlled": {},
      "minecraft:physics": {},
      "minecraft:experience_reward": {
        "on_death": "query.last_hit_by_player ? 10 : 0"
      },
      "minecraft:underwater_movement": {
        "value": 0.03
      },
      "minecraft:scale": {
        "value": 1
      },
      "minecraft:annotation.open_door": {},
      "minecraft:behavior.open_door": {
        "on_death": "query.last_hit_by_player ? 10 : 0",
        "close_door_after": true
      },
      "minecraft:attack": {
        "damage": 9
      },
      "minecraft:behavior.melee_attack": {
        "priority": 2,
        "speed_multiplier": 1.0,
        "target_dist": 0.0,
        "max_dist": 3,
        "random_stop_interval": 100,
        "track_target": true,
        "reach_multiplier": 1.4
      },
      "minecraft:behavior.nearest_attackable_target": {
        "priority": 3,
        "within_radius": 25,
        "must_reach": false,
        "entity_types": [
          {
            "filters": {
              "any_of": [
                {
                  "test": "is_family",
                  "subject": "other",
                  "value": "zombie_villager"
                },
                {
                  "test": "is_family",
                  "subject": "other",
                  "value": "monster"
                }
              ]
            },
            "max_dist": 35.0,
            "must_see": false
          }
        ],
        "must_see": false,
        "speed_multiplier": 1.0
      },
      "minecraft:behavior.hurt_by_target": {
        "priority": 3
      },
      "minecraft:behavior.owner_hurt_by_target": {
        "priority": 1
      },
      "minecraft:behavior.owner_hurt_target": {
        "priority": 2
      },
      "minecraft:behavior.float": {
        "priority": 2,
        "speed_multiplier": 1.0
      },
      "minecraft:tameable": {
        "probability": 0.33,
        "tameItems": [
          "apple"
        ],
        "tame_event": {
          "event": "minecraft:on_tame",
          "target": "self"
        }
      },
      "minecraft:can_climb": {},
      "minecraft:knockback_resistance": {
        "value": 0.2,
        "max": 0.2
      },
      "minecraft:behavior.follow_owner": {
        "start_distance": 10.0,
        "speed_multiplier": 1.0,
        "stop_distance": 2.0,
        "priority": 6
      }
    },
    "events": {
      "on:death": {
        "run_command": {
          "command": []
        }
      },
      "on:hurt": {
        "run_command": {
          "command": []
        }
      },
      "on:hurt_by_player": {
        "run_command": {
          "command": []
        }
      },
      "on:ignite": {
        "run_command": {
          "command": []
        }
      },
      "on:target_acquired": {
        "run_command": {
          "command": []
        }
      },
      "on:target_escape": {
        "run_command": {
          "command": []
        }
      },
      "on:wake_with_owner": {
        "run_command": {
          "command": []
        }
      }
    }
  }
}