{
  "format_version": "1.16.100",
  "minecraft:block": {
    "description": {
      "identifier": "onepiece_addon:knockup_stream_block2"
    },

    "components": {
      "minecraft:display_name": "onepiece_addon:knockup_stream_block2",
      "minecraft:loot": "",
      "minecraft:map_color": "#ffffff",
      "minecraft:unit_cube":{},
      "minecraft:material_instances": {
        "*": {
          "texture": "gravity",
          "render_method": "blend"
        }
      },
      "minecraft:entity_collision":false,
      "minecraft:pick_collision":true,
      "minecraft:block_light_absorption": 0,
      "minecraft:breathability":"air",
      "minecraft:block_light_emission": 0,
      "minecraft:destroy_time": 1000,
      "minecraft:explosion_resistance":1200,
      "minecraft:immovable":true,
      "minecraft:onlypistonpush":true,
      "minecraft:friction": 0.6,
      "minecraft:flammable":{
        "flame_odds":0,
        "burn_odds":0
      },
      "minecraft:ticking":{
        "on_tick":{
          "event":"onepiece_addon:event1"
        },
        "range":[60, 60],
        "looping":false
      }
    },

    "events": {
      "onepiece_addon:event1":{
        "sequence":[
          {
            "run_command":{
              "command":"fill ~-16~-16~-16 ~15~15~15 air 0 replace onepiece_addon:knockup_stream_block"
            }
          },
          {
            "run_command":{
              "command":"fill ~-16~-16~-16 ~15~15~15 air 0 replace onepiece_addon:knockup_stream_block2"
            }
          }
        ]
      }
    }
  }
}
        