{
  "format_version": "1.16.100",
  "minecraft:block": {
    "description": {
      "identifier": "onepiece_addon:sorajima_block2"
    },

    "components": {
      "minecraft:display_name": "onepiece_addon:sorajima_block2",
      "minecraft:loot": "",
      "minecraft:map_color": "#ffffff",
      "minecraft:unit_cube":{},
      "minecraft:material_instances": {
        "*": {
          "texture": "sorajima_block2",
          "render_method": "blend"
        }
      },
      "minecraft:entity_collision":false,
      "minecraft:pick_collision":false,
      "minecraft:block_light_absorption": 0,
      "minecraft:breathability":"air",
      "minecraft:block_light_emission": 0,
      "minecraft:destroy_time": 1,
      "minecraft:explosion_resistance":0.2,
      "minecraft:immovable":true,
      "minecraft:onlypistonpush":true,
      "minecraft:friction": 0.6,
      "minecraft:flammable":{
        "flame_odds":0,
        "burn_odds":0
      },
      "minecraft:ticking":{
        "on_tick":{
          "event":"onepiece_addon:event1"
        },
        "range":[0.1, 0.1],
        "looping":true
      }
    },

    "events": {
      "onepiece_addon:event1":{
        "run_command":{
          "command":"tp @e[type=item,r=1] ~~1~"
        }
      }
    }
  }
}
        