{
  "format_version": "1.12.0",
  "minecraft:geometry": [
    {
      "description": {
        "identifier": "geometry.mn_demon_blod",
        "texture_width": 64,
        "texture_height": 64,
        "visible_bounds_width": 2,
        "visible_bounds_height": 3.5,
        "visible_bounds_offset": [
          0,
          1.25,
          0
        ]
      },
      "bones": [
        {
          "name": "Head",
          "pivot": [
            0,
            24,
            0
          ],
          "cubes": [
            {
              "origin": [
                2.0,
                28.0,
                -1.0
              ],
              "size": [
                0.0,
                5.0,
                0.0
              ],
              "uv": {
                "north": {
                  "uv": [
                    0,
                    0
                  ],
                  "uv_size": [
                    64,
                    64
                  ]
                },
                "east": {
                  "uv": [
                    0,
                    0
                  ],
                  "uv_size": [
                    64,
                    64
                  ]
                },
                "south": {
                  "uv": [
                    0,
                    0
                  ],
                  "uv_size": [
                    64,
                    64
                  ]
                },
                "west": {
                  "uv": [
                    0,
                    0
                  ],
                  "uv_size": [
                    64,
                    64
                  ]
                },
                "up": {
                  "uv": [
                    64,
                    64
                  ],
                  "uv_size": [
                    -64,
                    -64
                  ]
                },
                "down": {
                  "uv": [
                    64,
                    64
                  ],
                  "uv_size": [
                    -64,
                    -64
                  ]
                }
              },
              "inflate": 0.5
            },
            {
              "origin": [
                2.06,
                27.99,
                -0.89
              ],
              "size": [
                -0.22,
                6.02,
                -0.22
              ],
              "uv": {
                "north": {
                  "uv": [
                    0,
                    0
                  ],
                  "uv_size": [
                    64,
                    64
                  ]
                },
                "east": {
                  "uv": [
                    0,
                    0
                  ],
                  "uv_size": [
                    64,
                    64
                  ]
                },
                "south": {
                  "uv": [
                    0,
                    0
                  ],
                  "uv_size": [
                    64,
                    64
                  ]
                },
                "west": {
                  "uv": [
                    0,
                    0
                  ],
                  "uv_size": [
                    64,
                    64
                  ]
                },
                "up": {
                  "uv": [
                    64,
                    64
                  ],
                  "uv_size": [
                    -64,
                    -64
                  ]
                },
                "down": {
                  "uv": [
                    64,
                    64
                  ],
                  "uv_size": [
                    -64,
                    -64
                  ]
                }
              },
              "inflate": 0.5
            },
            {
              "origin": [
                2.1238,
                31.5642,
                -0.7262
              ],
              "size": [
                -0.5476,
                3.2716,
                -0.5476
              ],
              "uv": {
                "north": {
                  "uv": [
                    0,
                    0
                  ],
                  "uv_size": [
                    64,
                    64
                  ]
                },
                "east": {
                  "uv": [
                    0,
                    0
                  ],
                  "uv_size": [
                    64,
                    64
                  ]
                },
                "south": {
                  "uv": [
                    0,
                    0
                  ],
                  "uv_size": [
                    64,
                    64
                  ]
                },
                "west": {
                  "uv": [
                    0,
                    0
                  ],
                  "uv_size": [
                    64,
                    64
                  ]
                },
                "up": {
                  "uv": [
                    64,
                    64
                  ],
                  "uv_size": [
                    -64,
                    -64
                  ]
                },
                "down": {
                  "uv": [
                    64,
                    64
                  ],
                  "uv_size": [
                    -64,
                    -64
                  ]
                }
              },
              "inflate": 0.5
            },
            {
              "origin": [
                -3.1762,
                31.5642,
                -0.7262
              ],
              "size": [
                -0.5476,
                3.2716,
                -0.5476
              ],
              "pivot": [
                0.9,
                32.3,
                -1.0
              ],
              "rotation": [
                0.0,
                0.0,
                -90.0
              ],
              "uv": {
                "north": {
                  "uv": [
                    0,
                    0
                  ],
                  "uv_size": [
                    64,
                    64
                  ]
                },
                "east": {
                  "uv": [
                    0,
                    0
                  ],
                  "uv_size": [
                    64,
                    64
                  ]
                },
                "south": {
                  "uv": [
                    0,
                    0
                  ],
                  "uv_size": [
                    64,
                    64
                  ]
                },
                "west": {
                  "uv": [
                    0,
                    0
                  ],
                  "uv_size": [
                    64,
                    64
                  ]
                },
                "up": {
                  "uv": [
                    64,
                    64
                  ],
                  "uv_size": [
                    -64,
                    -64
                  ]
                },
                "down": {
                  "uv": [
                    64,
                    64
                  ],
                  "uv_size": [
                    -64,
                    -64
                  ]
                }
              },
              "inflate": 0.5
            },
            {
              "origin": [
                -1.84,
                27.99,
                -0.89
              ],
              "size": [
                -0.22,
                6.02,
                -0.22
              ],
              "uv": {
                "north": {
                  "uv": [
                    0,
                    0
                  ],
                  "uv_size": [
                    64,
                    64
                  ]
                },
                "east": {
                  "uv": [
                    0,
                    0
                  ],
                  "uv_size": [
                    64,
                    64
                  ]
                },
                "south": {
                  "uv": [
                    0,
                    0
                  ],
                  "uv_size": [
                    64,
                    64
                  ]
                },
                "west": {
                  "uv": [
                    0,
                    0
                  ],
                  "uv_size": [
                    64,
                    64
                  ]
                },
                "up": {
                  "uv": [
                    64,
                    64
                  ],
                  "uv_size": [
                    -64,
                    -64
                  ]
                },
                "down": {
                  "uv": [
                    64,
                    64
                  ],
                  "uv_size": [
                    -64,
                    -64
                  ]
                }
              },
              "inflate": 0.5
            },
            {
              "origin": [
                2.16,
                29.99,
                -0.89
              ],
              "size": [
                -0.22,
                1.02,
                -0.22
              ],
              "pivot": [
                -1.0,
                31.0,
                -1.0
              ],
              "rotation": [
                0.0,
                0.0,
                90.0
              ],
              "uv": {
                "north": {
                  "uv": [
                    0,
                    0
                  ],
                  "uv_size": [
                    64,
                    64
                  ]
                },
                "east": {
                  "uv": [
                    0,
                    0
                  ],
                  "uv_size": [
                    64,
                    64
                  ]
                },
                "south": {
                  "uv": [
                    0,
                    0
                  ],
                  "uv_size": [
                    64,
                    64
                  ]
                },
                "west": {
                  "uv": [
                    0,
                    0
                  ],
                  "uv_size": [
                    64,
                    64
                  ]
                },
                "up": {
                  "uv": [
                    64,
                    64
                  ],
                  "uv_size": [
                    -64,
                    -64
                  ]
                },
                "down": {
                  "uv": [
                    64,
                    64
                  ],
                  "uv_size": [
                    -64,
                    -64
                  ]
                }
              },
              "inflate": 0.5
            },
            {
              "origin": [
                2.16,
                32.99,
                -0.89
              ],
              "size": [
                -0.22,
                1.02,
                -0.22
              ],
              "pivot": [
                -1.0,
                31.0,
                -1.0
              ],
              "rotation": [
                0.0,
                0.0,
                90.0
              ],
              "uv": {
                "north": {
                  "uv": [
                    0,
                    0
                  ],
                  "uv_size": [
                    64,
                    64
                  ]
                },
                "east": {
                  "uv": [
                    0,
                    0
                  ],
                  "uv_size": [
                    64,
                    64
                  ]
                },
                "south": {
                  "uv": [
                    0,
                    0
                  ],
                  "uv_size": [
                    64,
                    64
                  ]
                },
                "west": {
                  "uv": [
                    0,
                    0
                  ],
                  "uv_size": [
                    64,
                    64
                  ]
                },
                "up": {
                  "uv": [
                    64,
                    64
                  ],
                  "uv_size": [
                    -64,
                    -64
                  ]
                },
                "down": {
                  "uv": [
                    64,
                    64
                  ],
                  "uv_size": [
                    -64,
                    -64
                  ]
                }
              },
              "inflate": 0.5
            },
            {
              "origin": [
                -2.0,
                28.0,
                -1.0
              ],
              "size": [
                0.0,
                5.0,
                0.0
              ],
              "uv": {
                "north": {
                  "uv": [
                    0,
                    0
                  ],
                  "uv_size": [
                    64,
                    64
                  ]
                },
                "east": {
                  "uv": [
                    0,
                    0
                  ],
                  "uv_size": [
                    64,
                    64
                  ]
                },
                "south": {
                  "uv": [
                    0,
                    0
                  ],
                  "uv_size": [
                    64,
                    64
                  ]
                },
                "west": {
                  "uv": [
                    0,
                    0
                  ],
                  "uv_size": [
                    64,
                    64
                  ]
                },
                "up": {
                  "uv": [
                    64,
                    64
                  ],
                  "uv_size": [
                    -64,
                    -64
                  ]
                },
                "down": {
                  "uv": [
                    64,
                    64
                  ],
                  "uv_size": [
                    -64,
                    -64
                  ]
                }
              },
              "inflate": 0.5
            },
            {
              "origin": [
                -1.5762,
                31.5642,
                -0.7262
              ],
              "size": [
                -0.5476,
                3.2716,
                -0.5476
              ],
              "uv": {
                "north": {
                  "uv": [
                    0,
                    0
                  ],
                  "uv_size": [
                    64,
                    64
                  ]
                },
                "east": {
                  "uv": [
                    0,
                    0
                  ],
                  "uv_size": [
                    64,
                    64
                  ]
                },
                "south": {
                  "uv": [
                    0,
                    0
                  ],
                  "uv_size": [
                    64,
                    64
                  ]
                },
                "west": {
                  "uv": [
                    0,
                    0
                  ],
                  "uv_size": [
                    64,
                    64
                  ]
                },
                "up": {
                  "uv": [
                    64,
                    64
                  ],
                  "uv_size": [
                    -64,
                    -64
                  ]
                },
                "down": {
                  "uv": [
                    64,
                    64
                  ],
                  "uv_size": [
                    -64,
                    -64
                  ]
                }
              },
              "inflate": 0.5
            }
          ]
        }
      ]
    }
  ]
}