{
  "format_version": "1.12.0",
  "minecraft:geometry": [
    {
      "description": {
        "identifier": "geometry.mn_katanaman",
        "texture_width": 80,
        "texture_height": 80,
        "visible_bounds_width": 3,
        "visible_bounds_height": 3.5,
        "visible_bounds_offset": [
          0,
          1.25,
          0
        ]
      },
      "bones": [
        {
          "name": "Head",
          "pivot": [
            0,
            24,
            0
          ],
          "cubes": [
            {
              "origin": [
                -4.0,
                24.0,
                -4.0
              ],
              "size": [
                8.0,
                8.0,
                8.0
              ],
              "uv": {
                "north": {
                  "uv": [
                    8,
                    8
                  ],
                  "uv_size": [
                    8,
                    8
                  ]
                },
                "east": {
                  "uv": [
                    0,
                    8
                  ],
                  "uv_size": [
                    8,
                    8
                  ]
                },
                "south": {
                  "uv": [
                    24,
                    8
                  ],
                  "uv_size": [
                    8,
                    8
                  ]
                },
                "west": {
                  "uv": [
                    16,
                    8
                  ],
                  "uv_size": [
                    8,
                    8
                  ]
                },
                "up": {
                  "uv": [
                    8,
                    0
                  ],
                  "uv_size": [
                    8,
                    8
                  ]
                },
                "down": {
                  "uv": [
                    16,
                    8
                  ],
                  "uv_size": [
                    8,
                    -8
                  ]
                }
              },
              "inflate": 0
            },
            {
              "origin": [
                -4.56,
                23.44,
                -4.56
              ],
              "size": [
                9.12,
                9.12,
                9.12
              ],
              "uv": {
                "north": {
                  "uv": [
                    40,
                    8
                  ],
                  "uv_size": [
                    8,
                    8
                  ]
                },
                "east": {
                  "uv": [
                    32,
                    8
                  ],
                  "uv_size": [
                    8,
                    8
                  ]
                },
                "south": {
                  "uv": [
                    56,
                    8
                  ],
                  "uv_size": [
                    8,
                    8
                  ]
                },
                "west": {
                  "uv": [
                    48,
                    8
                  ],
                  "uv_size": [
                    8,
                    8
                  ]
                },
                "up": {
                  "uv": [
                    40,
                    0
                  ],
                  "uv_size": [
                    8,
                    8
                  ]
                },
                "down": {
                  "uv": [
                    48,
                    8
                  ],
                  "uv_size": [
                    8,
                    -8
                  ]
                }
              },
              "inflate": 0
            },
            {
              "origin": [
                -0.7,
                29.5,
                3.8
              ],
              "size": [
                1.4,
                0.8,
                4.9
              ],
              "uv": {
                "north": {
                  "uv": [
                    4,
                    21
                  ],
                  "uv_size": [
                    1,
                    0
                  ]
                },
                "east": {
                  "uv": [
                    0,
                    21
                  ],
                  "uv_size": [
                    4,
                    0
                  ]
                },
                "south": {
                  "uv": [
                    9,
                    21
                  ],
                  "uv_size": [
                    1,
                    0
                  ]
                },
                "west": {
                  "uv": [
                    5,
                    21
                  ],
                  "uv_size": [
                    4,
                    0
                  ]
                },
                "up": {
                  "uv": [
                    4,
                    17
                  ],
                  "uv_size": [
                    1,
                    4
                  ]
                },
                "down": {
                  "uv": [
                    5,
                    21
                  ],
                  "uv_size": [
                    1,
                    -4
                  ]
                }
              },
              "inflate": 0
            },
            {
              "origin": [
                -0.7,
                29.5,
                7.8
              ],
              "size": [
                1.4,
                0.8,
                1.2
              ],
              "uv": {
                "north": {
                  "uv": [
                    4,
                    1
                  ],
                  "uv_size": [
                    1,
                    0
                  ]
                },
                "east": {
                  "uv": [
                    3,
                    1
                  ],
                  "uv_size": [
                    1,
                    0
                  ]
                },
                "south": {
                  "uv": [
                    6,
                    1
                  ],
                  "uv_size": [
                    1,
                    0
                  ]
                },
                "west": {
                  "uv": [
                    5,
                    1
                  ],
                  "uv_size": [
                    1,
                    0
                  ]
                },
                "up": {
                  "uv": [
                    4,
                    0
                  ],
                  "uv_size": [
                    1,
                    1
                  ]
                },
                "down": {
                  "uv": [
                    5,
                    1
                  ],
                  "uv_size": [
                    1,
                    -1
                  ]
                }
              },
              "inflate": 0
            },
            {
              "origin": [
                -0.882,
                29.305,
                7.179
              ],
              "size": [
                1.764,
                1.19,
                1.542
              ],
              "uv": {
                "north": {
                  "uv": [
                    31,
                    40
                  ],
                  "uv_size": [
                    1,
                    1
                  ]
                },
                "east": {
                  "uv": [
                    30,
                    40
                  ],
                  "uv_size": [
                    1,
                    1
                  ]
                },
                "south": {
                  "uv": [
                    33,
                    40
                  ],
                  "uv_size": [
                    1,
                    1
                  ]
                },
                "west": {
                  "uv": [
                    32,
                    40
                  ],
                  "uv_size": [
                    1,
                    1
                  ]
                },
                "up": {
                  "uv": [
                    31,
                    39
                  ],
                  "uv_size": [
                    1,
                    1
                  ]
                },
                "down": {
                  "uv": [
                    32,
                    40
                  ],
                  "uv_size": [
                    1,
                    -1
                  ]
                }
              },
              "inflate": 0
            },
            {
              "origin": [
                -0.882,
                29.305,
                2.879
              ],
              "size": [
                1.764,
                1.19,
                1.542
              ],
              "uv": {
                "north": {
                  "uv": [
                    20,
                    28
                  ],
                  "uv_size": [
                    1,
                    1
                  ]
                },
                "east": {
                  "uv": [
                    19,
                    28
                  ],
                  "uv_size": [
                    1,
                    1
                  ]
                },
                "south": {
                  "uv": [
                    22,
                    28
                  ],
                  "uv_size": [
                    1,
                    1
                  ]
                },
                "west": {
                  "uv": [
                    21,
                    28
                  ],
                  "uv_size": [
                    1,
                    1
                  ]
                },
                "up": {
                  "uv": [
                    20,
                    27
                  ],
                  "uv_size": [
                    1,
                    1
                  ]
                },
                "down": {
                  "uv": [
                    21,
                    28
                  ],
                  "uv_size": [
                    1,
                    -1
                  ]
                }
              },
              "inflate": 0
            },
            {
              "origin": [
                -4.0,
                24.0,
                -4.0
              ],
              "size": [
                8.0,
                8.0,
                8.0
              ],
              "uv": {
                "north": {
                  "uv": [
                    40,
                    8
                  ],
                  "uv_size": [
                    8,
                    8
                  ]
                },
                "east": {
                  "uv": [
                    32,
                    8
                  ],
                  "uv_size": [
                    8,
                    8
                  ]
                },
                "south": {
                  "uv": [
                    56,
                    8
                  ],
                  "uv_size": [
                    8,
                    8
                  ]
                },
                "west": {
                  "uv": [
                    48,
                    8
                  ],
                  "uv_size": [
                    8,
                    8
                  ]
                },
                "up": {
                  "uv": [
                    40,
                    0
                  ],
                  "uv_size": [
                    8,
                    8
                  ]
                },
                "down": {
                  "uv": [
                    48,
                    8
                  ],
                  "uv_size": [
                    8,
                    -8
                  ]
                }
              },
              "inflate": 0.5
            }
          ]
        },
        {
          "name": "bone5",
          "pivot": [
            -8.8,
            31.95,
            -0.825
          ],
          "parent": "Head",
          "rotation": [
            0,
            0,
            90
          ]
        },
        {
          "name": "bone6",
          "pivot": [
            -6.9,
            41.45,
            -0.325
          ],
          "cubes": [
            {
              "origin": [
                -6.7,
                41.55646,
                -23.14908
              ],
              "size": [
                0.0,
                2.0,
                1.0
              ],
              "pivot": [
                -12.0,
                40.55646,
                -23.14908
              ],
              "rotation": [
                -65.0,
                0.0,
                0.0
              ],
              "uv": {
                "north": {
                  "uv": [
                    80,
                    0
                  ],
                  "uv_size": [
                    0,
                    0
                  ]
                },
                "east": {
                  "uv": [
                    80,
                    0
                  ],
                  "uv_size": [
                    0,
                    0
                  ]
                },
                "south": {
                  "uv": [
                    80,
                    0
                  ],
                  "uv_size": [
                    0,
                    0
                  ]
                },
                "west": {
                  "uv": [
                    80,
                    0
                  ],
                  "uv_size": [
                    0,
                    0
                  ]
                },
                "up": {
                  "uv": [
                    80,
                    0
                  ],
                  "uv_size": [
                    0,
                    0
                  ]
                },
                "down": {
                  "uv": [
                    80,
                    0
                  ],
                  "uv_size": [
                    0,
                    0
                  ]
                }
              },
              "inflate": 0.25
            },
            {
              "origin": [
                -6.7,
                39.99333,
                -22.19931
              ],
              "size": [
                0.0,
                1.5,
                2.0
              ],
              "pivot": [
                -12.0,
                38.99333,
                -22.19931
              ],
              "rotation": [
                -37.5,
                0.0,
                0.0
              ],
              "uv": {
                "north": {
                  "uv": [
                    80,
                    0
                  ],
                  "uv_size": [
                    0,
                    0
                  ]
                },
                "east": {
                  "uv": [
                    80,
                    0
                  ],
                  "uv_size": [
                    0,
                    0
                  ]
                },
                "south": {
                  "uv": [
                    80,
                    0
                  ],
                  "uv_size": [
                    0,
                    0
                  ]
                },
                "west": {
                  "uv": [
                    80,
                    0
                  ],
                  "uv_size": [
                    0,
                    0
                  ]
                },
                "up": {
                  "uv": [
                    80,
                    0
                  ],
                  "uv_size": [
                    0,
                    0
                  ]
                },
                "down": {
                  "uv": [
                    80,
                    0
                  ],
                  "uv_size": [
                    0,
                    0
                  ]
                }
              },
              "inflate": 0.25
            },
            {
              "origin": [
                -6.7,
                38.45,
                -17.325
              ],
              "size": [
                0.0,
                4.0,
                13.0
              ],
              "uv": {
                "north": {
                  "uv": [
                    80,
                    0
                  ],
                  "uv_size": [
                    0,
                    0
                  ]
                },
                "east": {
                  "uv": [
                    80,
                    0
                  ],
                  "uv_size": [
                    0,
                    0
                  ]
                },
                "south": {
                  "uv": [
                    80,
                    0
                  ],
                  "uv_size": [
                    0,
                    0
                  ]
                },
                "west": {
                  "uv": [
                    80,
                    0
                  ],
                  "uv_size": [
                    0,
                    0
                  ]
                },
                "up": {
                  "uv": [
                    80,
                    0
                  ],
                  "uv_size": [
                    0,
                    0
                  ]
                },
                "down": {
                  "uv": [
                    80,
                    0
                  ],
                  "uv_size": [
                    0,
                    0
                  ]
                }
              },
              "inflate": 0.25
            },
            {
              "origin": [
                -6.7,
                41.35,
                -22.325
              ],
              "size": [
                0.0,
                1.5,
                4.5
              ],
              "uv": {
                "north": {
                  "uv": [
                    80,
                    0
                  ],
                  "uv_size": [
                    0,
                    0
                  ]
                },
                "east": {
                  "uv": [
                    80,
                    0
                  ],
                  "uv_size": [
                    0,
                    0
                  ]
                },
                "south": {
                  "uv": [
                    80,
                    0
                  ],
                  "uv_size": [
                    0,
                    0
                  ]
                },
                "west": {
                  "uv": [
                    80,
                    0
                  ],
                  "uv_size": [
                    0,
                    0
                  ]
                },
                "up": {
                  "uv": [
                    80,
                    0
                  ],
                  "uv_size": [
                    0,
                    0
                  ]
                },
                "down": {
                  "uv": [
                    80,
                    0
                  ],
                  "uv_size": [
                    0,
                    0
                  ]
                }
              },
              "inflate": 0.25
            },
            {
              "origin": [
                -6.7,
                38.46863,
                -19.70769
              ],
              "size": [
                0.0,
                2.4,
                2.0
              ],
              "uv": {
                "north": {
                  "uv": [
                    80,
                    0
                  ],
                  "uv_size": [
                    0,
                    0
                  ]
                },
                "east": {
                  "uv": [
                    80,
                    0
                  ],
                  "uv_size": [
                    0,
                    0
                  ]
                },
                "south": {
                  "uv": [
                    80,
                    0
                  ],
                  "uv_size": [
                    0,
                    0
                  ]
                },
                "west": {
                  "uv": [
                    80,
                    0
                  ],
                  "uv_size": [
                    0,
                    0
                  ]
                },
                "up": {
                  "uv": [
                    80,
                    0
                  ],
                  "uv_size": [
                    0,
                    0
                  ]
                },
                "down": {
                  "uv": [
                    80,
                    0
                  ],
                  "uv_size": [
                    0,
                    0
                  ]
                }
              },
              "inflate": 0.25
            }
          ],
          "parent": "bone5"
        },
        {
          "name": "Vhhjki",
          "pivot": [
            -7.8,
            41.95,
            -0.825
          ],
          "cubes": [
            {
              "origin": [
                -6.9,
                42.05646,
                -22.64908
              ],
              "size": [
                0.3,
                2.0,
                1.0
              ],
              "pivot": [
                -12.9,
                41.05646,
                -22.64908
              ],
              "rotation": [
                -65.0,
                0.0,
                0.0
              ],
              "uv": {
                "north": {
                  "uv": [
                    26.2,
                    19.7
                  ],
                  "uv_size": [
                    4,
                    -0.6
                  ]
                },
                "east": {
                  "uv": [
                    26.2,
                    19.7
                  ],
                  "uv_size": [
                    4,
                    -0.6
                  ]
                },
                "south": {
                  "uv": [
                    26.2,
                    19.7
                  ],
                  "uv_size": [
                    4,
                    -0.6
                  ]
                },
                "west": {
                  "uv": [
                    26.2,
                    19.7
                  ],
                  "uv_size": [
                    4,
                    -0.6
                  ]
                },
                "up": {
                  "uv": [
                    30.2,
                    19.1
                  ],
                  "uv_size": [
                    -4,
                    0.6
                  ]
                },
                "down": {
                  "uv": [
                    30.2,
                    19.1
                  ],
                  "uv_size": [
                    -4,
                    0.6
                  ]
                }
              },
              "inflate": 0.25
            },
            {
              "origin": [
                -6.9,
                40.49333,
                -21.69931
              ],
              "size": [
                0.3,
                1.5,
                2.0
              ],
              "pivot": [
                -12.9,
                39.49333,
                -21.69931
              ],
              "rotation": [
                -37.5,
                0.0,
                0.0
              ],
              "uv": {
                "north": {
                  "uv": [
                    26.2,
                    19.7
                  ],
                  "uv_size": [
                    4,
                    -0.6
                  ]
                },
                "east": {
                  "uv": [
                    26.2,
                    19.7
                  ],
                  "uv_size": [
                    4,
                    -0.6
                  ]
                },
                "south": {
                  "uv": [
                    26.2,
                    19.7
                  ],
                  "uv_size": [
                    4,
                    -0.6
                  ]
                },
                "west": {
                  "uv": [
                    26.2,
                    19.7
                  ],
                  "uv_size": [
                    4,
                    -0.6
                  ]
                },
                "up": {
                  "uv": [
                    30.2,
                    19.1
                  ],
                  "uv_size": [
                    -4,
                    0.6
                  ]
                },
                "down": {
                  "uv": [
                    30.2,
                    19.1
                  ],
                  "uv_size": [
                    -4,
                    0.6
                  ]
                }
              },
              "inflate": 0.25
            },
            {
              "origin": [
                -6.9,
                38.95,
                -16.825
              ],
              "size": [
                0.3,
                4.0,
                13.0
              ],
              "uv": {
                "north": {
                  "uv": [
                    26.2,
                    19.7
                  ],
                  "uv_size": [
                    4,
                    -0.6
                  ]
                },
                "east": {
                  "uv": [
                    26.2,
                    19.7
                  ],
                  "uv_size": [
                    4,
                    -0.6
                  ]
                },
                "south": {
                  "uv": [
                    26.2,
                    19.7
                  ],
                  "uv_size": [
                    4,
                    -0.6
                  ]
                },
                "west": {
                  "uv": [
                    26.2,
                    19.7
                  ],
                  "uv_size": [
                    4,
                    -0.6
                  ]
                },
                "up": {
                  "uv": [
                    30.2,
                    19.1
                  ],
                  "uv_size": [
                    -4,
                    0.6
                  ]
                },
                "down": {
                  "uv": [
                    30.2,
                    19.1
                  ],
                  "uv_size": [
                    -4,
                    0.6
                  ]
                }
              },
              "inflate": 0.25
            },
            {
              "origin": [
                -6.9,
                38.35,
                -4.825
              ],
              "size": [
                0.3,
                0.1,
                1.0
              ],
              "uv": {
                "north": {
                  "uv": [
                    26,
                    19
                  ],
                  "uv_size": [
                    7,
                    1
                  ]
                },
                "east": {
                  "uv": [
                    25,
                    19
                  ],
                  "uv_size": [
                    8,
                    1
                  ]
                },
                "south": {
                  "uv": [
                    27,
                    19
                  ],
                  "uv_size": [
                    7,
                    1
                  ]
                },
                "west": {
                  "uv": [
                    26,
                    19
                  ],
                  "uv_size": [
                    8,
                    1
                  ]
                },
                "up": {
                  "uv": [
                    33,
                    18
                  ],
                  "uv_size": [
                    -7,
                    2
                  ]
                },
                "down": {
                  "uv": [
                    33,
                    20
                  ],
                  "uv_size": [
                    -7,
                    -2
                  ]
                }
              },
              "inflate": 0.25
            },
            {
              "origin": [
                -6.9,
                41.85,
                -21.825
              ],
              "size": [
                0.3,
                1.1,
                4.5
              ],
              "uv": {
                "north": {
                  "uv": [
                    26.2,
                    19.7
                  ],
                  "uv_size": [
                    4,
                    -0.6
                  ]
                },
                "east": {
                  "uv": [
                    26.2,
                    19.7
                  ],
                  "uv_size": [
                    4,
                    -0.6
                  ]
                },
                "south": {
                  "uv": [
                    26.2,
                    19.7
                  ],
                  "uv_size": [
                    4,
                    -0.6
                  ]
                },
                "west": {
                  "uv": [
                    26.2,
                    19.7
                  ],
                  "uv_size": [
                    4,
                    -0.6
                  ]
                },
                "up": {
                  "uv": [
                    30.2,
                    19.1
                  ],
                  "uv_size": [
                    -4,
                    0.6
                  ]
                },
                "down": {
                  "uv": [
                    30.2,
                    19.1
                  ],
                  "uv_size": [
                    -4,
                    0.6
                  ]
                }
              },
              "inflate": 0.25
            },
            {
              "origin": [
                -6.9,
                38.96863,
                -19.20769
              ],
              "size": [
                0.3,
                2.4,
                2.0
              ],
              "uv": {
                "north": {
                  "uv": [
                    26.2,
                    19.7
                  ],
                  "uv_size": [
                    4,
                    -0.6
                  ]
                },
                "east": {
                  "uv": [
                    26.2,
                    19.7
                  ],
                  "uv_size": [
                    4,
                    -0.6
                  ]
                },
                "south": {
                  "uv": [
                    26.2,
                    19.7
                  ],
                  "uv_size": [
                    4,
                    -0.6
                  ]
                },
                "west": {
                  "uv": [
                    26.2,
                    19.7
                  ],
                  "uv_size": [
                    4,
                    -0.6
                  ]
                },
                "up": {
                  "uv": [
                    30.2,
                    19.1
                  ],
                  "uv_size": [
                    -4,
                    0.6
                  ]
                },
                "down": {
                  "uv": [
                    30.2,
                    19.1
                  ],
                  "uv_size": [
                    -4,
                    0.6
                  ]
                }
              },
              "inflate": 0.25
            }
          ],
          "parent": "bone5"
        },
        {
          "name": "RightArm",
          "pivot": [
            -5,
            22,
            0
          ],
          "cubes": [
            {
              "origin": [
                -8.0,
                12.0,
                -2.0
              ],
              "size": [
                4.0,
                12.0,
                4.0
              ],
              "uv": {
                "north": {
                  "uv": [
                    21,
                    43
                  ],
                  "uv_size": [
                    4,
                    12
                  ]
                },
                "east": {
                  "uv": [
                    17,
                    43
                  ],
                  "uv_size": [
                    4,
                    12
                  ]
                },
                "south": {
                  "uv": [
                    29,
                    43
                  ],
                  "uv_size": [
                    4,
                    12
                  ]
                },
                "west": {
                  "uv": [
                    25,
                    43
                  ],
                  "uv_size": [
                    4,
                    12
                  ]
                },
                "up": {
                  "uv": [
                    21,
                    39
                  ],
                  "uv_size": [
                    4,
                    4
                  ]
                },
                "down": {
                  "uv": [
                    25,
                    43
                  ],
                  "uv_size": [
                    4,
                    -4
                  ]
                }
              },
              "inflate": 0
            }
          ]
        },
        {
          "name": "bone",
          "pivot": [
            -5,
            23,
            0
          ],
          "cubes": [
            {
              "origin": [
                -6.2,
                0.17592,
                -3.10646
              ],
              "size": [
                0.3,
                1.0,
                2.0
              ],
              "pivot": [
                0.1,
                0.17592,
                -0.10646
              ],
              "rotation": [
                -65.0,
                0.0,
                0.0
              ],
              "uv": {
                "north": {
                  "uv": [
                    32,
                    18
                  ],
                  "uv_size": [
                    6,
                    1
                  ]
                },
                "east": {
                  "uv": [
                    32,
                    18
                  ],
                  "uv_size": [
                    6,
                    1
                  ]
                },
                "south": {
                  "uv": [
                    32,
                    18
                  ],
                  "uv_size": [
                    6,
                    1
                  ]
                },
                "west": {
                  "uv": [
                    32,
                    18
                  ],
                  "uv_size": [
                    6,
                    1
                  ]
                },
                "up": {
                  "uv": [
                    38,
                    19
                  ],
                  "uv_size": [
                    -6,
                    -1
                  ]
                },
                "down": {
                  "uv": [
                    38,
                    19
                  ],
                  "uv_size": [
                    -6,
                    -1
                  ]
                }
              },
              "inflate": 0.25
            },
            {
              "origin": [
                -6.2,
                1.12569,
                -1.04333
              ],
              "size": [
                0.3,
                2.0,
                1.5
              ],
              "pivot": [
                0.1,
                1.12569,
                1.45667
              ],
              "rotation": [
                -37.5,
                0.0,
                0.0
              ],
              "uv": {
                "north": {
                  "uv": [
                    32,
                    18
                  ],
                  "uv_size": [
                    6,
                    1
                  ]
                },
                "east": {
                  "uv": [
                    32,
                    18
                  ],
                  "uv_size": [
                    6,
                    1
                  ]
                },
                "south": {
                  "uv": [
                    32,
                    18
                  ],
                  "uv_size": [
                    6,
                    1
                  ]
                },
                "west": {
                  "uv": [
                    32,
                    18
                  ],
                  "uv_size": [
                    6,
                    1
                  ]
                },
                "up": {
                  "uv": [
                    38,
                    19
                  ],
                  "uv_size": [
                    -6,
                    -1
                  ]
                },
                "down": {
                  "uv": [
                    38,
                    19
                  ],
                  "uv_size": [
                    -6,
                    -1
                  ]
                }
              },
              "inflate": 0.25
            },
            {
              "origin": [
                -6.2,
                6.0,
                -2.0
              ],
              "size": [
                0.3,
                13.0,
                4.0
              ],
              "uv": {
                "north": {
                  "uv": [
                    32,
                    18
                  ],
                  "uv_size": [
                    6,
                    1
                  ]
                },
                "east": {
                  "uv": [
                    32,
                    18
                  ],
                  "uv_size": [
                    6,
                    1
                  ]
                },
                "south": {
                  "uv": [
                    32,
                    18
                  ],
                  "uv_size": [
                    6,
                    1
                  ]
                },
                "west": {
                  "uv": [
                    32,
                    18
                  ],
                  "uv_size": [
                    6,
                    1
                  ]
                },
                "up": {
                  "uv": [
                    38,
                    19
                  ],
                  "uv_size": [
                    -6,
                    -1
                  ]
                },
                "down": {
                  "uv": [
                    38,
                    19
                  ],
                  "uv_size": [
                    -6,
                    -1
                  ]
                }
              },
              "inflate": 0.25
            },
            {
              "origin": [
                -6.2,
                18.0,
                2.5
              ],
              "size": [
                0.3,
                1.0,
                0.1
              ],
              "uv": {
                "north": {
                  "uv": [
                    30,
                    19
                  ],
                  "uv_size": [
                    8,
                    1
                  ]
                },
                "east": {
                  "uv": [
                    30,
                    19
                  ],
                  "uv_size": [
                    8,
                    1
                  ]
                },
                "south": {
                  "uv": [
                    30,
                    19
                  ],
                  "uv_size": [
                    8,
                    1
                  ]
                },
                "west": {
                  "uv": [
                    30,
                    19
                  ],
                  "uv_size": [
                    8,
                    1
                  ]
                },
                "up": {
                  "uv": [
                    37,
                    20
                  ],
                  "uv_size": [
                    -7,
                    -1
                  ]
                },
                "down": {
                  "uv": [
                    37,
                    20
                  ],
                  "uv_size": [
                    -7,
                    -1
                  ]
                }
              },
              "inflate": 0.25
            },
            {
              "origin": [
                -6.2,
                1.0,
                -2.0
              ],
              "size": [
                0.3,
                4.5,
                1.1
              ],
              "uv": {
                "north": {
                  "uv": [
                    32,
                    18
                  ],
                  "uv_size": [
                    6,
                    1
                  ]
                },
                "east": {
                  "uv": [
                    32,
                    18
                  ],
                  "uv_size": [
                    6,
                    1
                  ]
                },
                "south": {
                  "uv": [
                    32,
                    18
                  ],
                  "uv_size": [
                    6,
                    1
                  ]
                },
                "west": {
                  "uv": [
                    32,
                    18
                  ],
                  "uv_size": [
                    6,
                    1
                  ]
                },
                "up": {
                  "uv": [
                    38,
                    19
                  ],
                  "uv_size": [
                    -6,
                    -1
                  ]
                },
                "down": {
                  "uv": [
                    38,
                    19
                  ],
                  "uv_size": [
                    -6,
                    -1
                  ]
                }
              },
              "inflate": 0.25
            },
            {
              "origin": [
                -6.2,
                3.61731,
                -0.41863
              ],
              "size": [
                0.3,
                2.0,
                2.4
              ],
              "uv": {
                "north": {
                  "uv": [
                    32,
                    18
                  ],
                  "uv_size": [
                    6,
                    1
                  ]
                },
                "east": {
                  "uv": [
                    32,
                    18
                  ],
                  "uv_size": [
                    6,
                    1
                  ]
                },
                "south": {
                  "uv": [
                    32,
                    18
                  ],
                  "uv_size": [
                    6,
                    1
                  ]
                },
                "west": {
                  "uv": [
                    32,
                    18
                  ],
                  "uv_size": [
                    6,
                    1
                  ]
                },
                "up": {
                  "uv": [
                    38,
                    19
                  ],
                  "uv_size": [
                    -6,
                    -1
                  ]
                },
                "down": {
                  "uv": [
                    38,
                    19
                  ],
                  "uv_size": [
                    -6,
                    -1
                  ]
                }
              },
              "inflate": 0.25
            }
          ],
          "parent": "RightArm"
        },
        {
          "name": "bone2",
          "pivot": [
            -5.9,
            22.5,
            0.5
          ],
          "cubes": [
            {
              "origin": [
                -6.1,
                -0.32408,
                -2.60646
              ],
              "size": [
                0.0,
                1.0,
                2.0
              ],
              "pivot": [
                -0.8,
                -0.32408,
                0.39354
              ],
              "rotation": [
                -65.0,
                0.0,
                0.0
              ],
              "uv": {
                "north": {
                  "uv": [
                    72.4,
                    0
                  ],
                  "uv_size": [
                    -0.2,
                    9.5
                  ]
                },
                "east": {
                  "uv": [
                    72.4,
                    0
                  ],
                  "uv_size": [
                    -0.2,
                    9.5
                  ]
                },
                "south": {
                  "uv": [
                    72.4,
                    0
                  ],
                  "uv_size": [
                    -0.2,
                    9.5
                  ]
                },
                "west": {
                  "uv": [
                    72.4,
                    0
                  ],
                  "uv_size": [
                    -0.2,
                    9.5
                  ]
                },
                "up": {
                  "uv": [
                    72.2,
                    9.5
                  ],
                  "uv_size": [
                    0.2,
                    -9.5
                  ]
                },
                "down": {
                  "uv": [
                    72.2,
                    9.5
                  ],
                  "uv_size": [
                    0.2,
                    -9.5
                  ]
                }
              },
              "inflate": 0.25
            },
            {
              "origin": [
                -6.1,
                0.62569,
                -0.54333
              ],
              "size": [
                0.0,
                2.0,
                1.5
              ],
              "pivot": [
                -0.8,
                0.62569,
                1.95667
              ],
              "rotation": [
                -37.5,
                0.0,
                0.0
              ],
              "uv": {
                "north": {
                  "uv": [
                    72.4,
                    0
                  ],
                  "uv_size": [
                    -0.2,
                    9.5
                  ]
                },
                "east": {
                  "uv": [
                    72.4,
                    0
                  ],
                  "uv_size": [
                    -0.2,
                    9.5
                  ]
                },
                "south": {
                  "uv": [
                    72.4,
                    0
                  ],
                  "uv_size": [
                    -0.2,
                    9.5
                  ]
                },
                "west": {
                  "uv": [
                    72.4,
                    0
                  ],
                  "uv_size": [
                    -0.2,
                    9.5
                  ]
                },
                "up": {
                  "uv": [
                    72.2,
                    9.5
                  ],
                  "uv_size": [
                    0.2,
                    -9.5
                  ]
                },
                "down": {
                  "uv": [
                    72.2,
                    9.5
                  ],
                  "uv_size": [
                    0.2,
                    -9.5
                  ]
                }
              },
              "inflate": 0.25
            },
            {
              "origin": [
                -6.1,
                5.5,
                -1.5
              ],
              "size": [
                0.0,
                13.0,
                4.0
              ],
              "uv": {
                "north": {
                  "uv": [
                    72.4,
                    0
                  ],
                  "uv_size": [
                    -0.2,
                    9.5
                  ]
                },
                "east": {
                  "uv": [
                    72.4,
                    0
                  ],
                  "uv_size": [
                    -0.2,
                    9.5
                  ]
                },
                "south": {
                  "uv": [
                    72.4,
                    0
                  ],
                  "uv_size": [
                    -0.2,
                    9.5
                  ]
                },
                "west": {
                  "uv": [
                    72.4,
                    0
                  ],
                  "uv_size": [
                    -0.2,
                    9.5
                  ]
                },
                "up": {
                  "uv": [
                    72.2,
                    9.5
                  ],
                  "uv_size": [
                    0.2,
                    -9.5
                  ]
                },
                "down": {
                  "uv": [
                    72.2,
                    9.5
                  ],
                  "uv_size": [
                    0.2,
                    -9.5
                  ]
                }
              },
              "inflate": 0.25
            },
            {
              "origin": [
                -6.1,
                0.5,
                -1.9
              ],
              "size": [
                0.0,
                4.5,
                1.5
              ],
              "uv": {
                "north": {
                  "uv": [
                    72.4,
                    0
                  ],
                  "uv_size": [
                    -0.2,
                    9.5
                  ]
                },
                "east": {
                  "uv": [
                    72.4,
                    0
                  ],
                  "uv_size": [
                    -0.2,
                    9.5
                  ]
                },
                "south": {
                  "uv": [
                    72.4,
                    0
                  ],
                  "uv_size": [
                    -0.2,
                    9.5
                  ]
                },
                "west": {
                  "uv": [
                    72.4,
                    0
                  ],
                  "uv_size": [
                    -0.2,
                    9.5
                  ]
                },
                "up": {
                  "uv": [
                    72.2,
                    9.5
                  ],
                  "uv_size": [
                    0.2,
                    -9.5
                  ]
                },
                "down": {
                  "uv": [
                    72.2,
                    9.5
                  ],
                  "uv_size": [
                    0.2,
                    -9.5
                  ]
                }
              },
              "inflate": 0.25
            },
            {
              "origin": [
                -6.1,
                3.11731,
                0.08137
              ],
              "size": [
                0.0,
                2.0,
                2.4
              ],
              "uv": {
                "north": {
                  "uv": [
                    72.4,
                    0
                  ],
                  "uv_size": [
                    -0.2,
                    9.5
                  ]
                },
                "east": {
                  "uv": [
                    72.4,
                    0
                  ],
                  "uv_size": [
                    -0.2,
                    9.5
                  ]
                },
                "south": {
                  "uv": [
                    72.4,
                    0
                  ],
                  "uv_size": [
                    -0.2,
                    9.5
                  ]
                },
                "west": {
                  "uv": [
                    72.4,
                    0
                  ],
                  "uv_size": [
                    -0.2,
                    9.5
                  ]
                },
                "up": {
                  "uv": [
                    72.2,
                    9.5
                  ],
                  "uv_size": [
                    0.2,
                    -9.5
                  ]
                },
                "down": {
                  "uv": [
                    72.2,
                    9.5
                  ],
                  "uv_size": [
                    0.2,
                    -9.5
                  ]
                }
              },
              "inflate": 0.25
            }
          ],
          "parent": "RightArm"
        },
        {
          "name": "LeftArm",
          "pivot": [
            5,
            22,
            0
          ],
          "cubes": [
            {
              "origin": [
                4.0,
                12.0,
                -2.0
              ],
              "size": [
                4.0,
                12.0,
                4.0
              ],
              "uv": {
                "north": {
                  "uv": [
                    38,
                    43
                  ],
                  "uv_size": [
                    4,
                    12
                  ]
                },
                "east": {
                  "uv": [
                    34,
                    43
                  ],
                  "uv_size": [
                    4,
                    12
                  ]
                },
                "south": {
                  "uv": [
                    46,
                    43
                  ],
                  "uv_size": [
                    4,
                    12
                  ]
                },
                "west": {
                  "uv": [
                    42,
                    43
                  ],
                  "uv_size": [
                    4,
                    12
                  ]
                },
                "up": {
                  "uv": [
                    38,
                    39
                  ],
                  "uv_size": [
                    4,
                    4
                  ]
                },
                "down": {
                  "uv": [
                    42,
                    43
                  ],
                  "uv_size": [
                    4,
                    -4
                  ]
                }
              },
              "inflate": 0
            }
          ]
        },
        {
          "name": "bone3",
          "pivot": [
            5,
            23,
            0
          ],
          "cubes": [
            {
              "origin": [
                5.9,
                0.17592,
                -3.10646
              ],
              "size": [
                0.3,
                1.0,
                2.0
              ],
              "pivot": [
                -0.1,
                0.17592,
                -0.10646
              ],
              "rotation": [
                -65.0,
                0.0,
                0.0
              ],
              "uv": {
                "north": {
                  "uv": [
                    32,
                    18
                  ],
                  "uv_size": [
                    6,
                    1
                  ]
                },
                "east": {
                  "uv": [
                    32,
                    18
                  ],
                  "uv_size": [
                    6,
                    1
                  ]
                },
                "south": {
                  "uv": [
                    32,
                    18
                  ],
                  "uv_size": [
                    6,
                    1
                  ]
                },
                "west": {
                  "uv": [
                    32,
                    18
                  ],
                  "uv_size": [
                    6,
                    1
                  ]
                },
                "up": {
                  "uv": [
                    38,
                    19
                  ],
                  "uv_size": [
                    -6,
                    -1
                  ]
                },
                "down": {
                  "uv": [
                    38,
                    19
                  ],
                  "uv_size": [
                    -6,
                    -1
                  ]
                }
              },
              "inflate": 0.25
            },
            {
              "origin": [
                5.9,
                1.12569,
                -1.04333
              ],
              "size": [
                0.3,
                2.0,
                1.5
              ],
              "pivot": [
                -0.1,
                1.12569,
                1.45667
              ],
              "rotation": [
                -37.5,
                0.0,
                0.0
              ],
              "uv": {
                "north": {
                  "uv": [
                    32,
                    18
                  ],
                  "uv_size": [
                    6,
                    1
                  ]
                },
                "east": {
                  "uv": [
                    32,
                    18
                  ],
                  "uv_size": [
                    6,
                    1
                  ]
                },
                "south": {
                  "uv": [
                    32,
                    18
                  ],
                  "uv_size": [
                    6,
                    1
                  ]
                },
                "west": {
                  "uv": [
                    32,
                    18
                  ],
                  "uv_size": [
                    6,
                    1
                  ]
                },
                "up": {
                  "uv": [
                    38,
                    19
                  ],
                  "uv_size": [
                    -6,
                    -1
                  ]
                },
                "down": {
                  "uv": [
                    38,
                    19
                  ],
                  "uv_size": [
                    -6,
                    -1
                  ]
                }
              },
              "inflate": 0.25
            },
            {
              "origin": [
                5.9,
                6.0,
                -2.0
              ],
              "size": [
                0.3,
                13.0,
                4.0
              ],
              "uv": {
                "north": {
                  "uv": [
                    32,
                    18
                  ],
                  "uv_size": [
                    6,
                    1
                  ]
                },
                "east": {
                  "uv": [
                    32,
                    18
                  ],
                  "uv_size": [
                    6,
                    1
                  ]
                },
                "south": {
                  "uv": [
                    32,
                    18
                  ],
                  "uv_size": [
                    6,
                    1
                  ]
                },
                "west": {
                  "uv": [
                    32,
                    18
                  ],
                  "uv_size": [
                    6,
                    1
                  ]
                },
                "up": {
                  "uv": [
                    38,
                    19
                  ],
                  "uv_size": [
                    -6,
                    -1
                  ]
                },
                "down": {
                  "uv": [
                    38,
                    19
                  ],
                  "uv_size": [
                    -6,
                    -1
                  ]
                }
              },
              "inflate": 0.25
            },
            {
              "origin": [
                5.9,
                18.0,
                2.5
              ],
              "size": [
                0.3,
                1.0,
                0.1
              ],
              "uv": {
                "north": {
                  "uv": [
                    29,
                    19
                  ],
                  "uv_size": [
                    8,
                    1
                  ]
                },
                "east": {
                  "uv": [
                    29,
                    19
                  ],
                  "uv_size": [
                    8,
                    1
                  ]
                },
                "south": {
                  "uv": [
                    29,
                    19
                  ],
                  "uv_size": [
                    8,
                    1
                  ]
                },
                "west": {
                  "uv": [
                    29,
                    19
                  ],
                  "uv_size": [
                    8,
                    1
                  ]
                },
                "up": {
                  "uv": [
                    36,
                    20
                  ],
                  "uv_size": [
                    -7,
                    -1
                  ]
                },
                "down": {
                  "uv": [
                    36,
                    20
                  ],
                  "uv_size": [
                    -7,
                    -1
                  ]
                }
              },
              "inflate": 0.25
            },
            {
              "origin": [
                5.9,
                1.0,
                -2.0
              ],
              "size": [
                0.3,
                4.5,
                1.1
              ],
              "uv": {
                "north": {
                  "uv": [
                    32,
                    18
                  ],
                  "uv_size": [
                    6,
                    1
                  ]
                },
                "east": {
                  "uv": [
                    32,
                    18
                  ],
                  "uv_size": [
                    6,
                    1
                  ]
                },
                "south": {
                  "uv": [
                    32,
                    18
                  ],
                  "uv_size": [
                    6,
                    1
                  ]
                },
                "west": {
                  "uv": [
                    32,
                    18
                  ],
                  "uv_size": [
                    6,
                    1
                  ]
                },
                "up": {
                  "uv": [
                    38,
                    19
                  ],
                  "uv_size": [
                    -6,
                    -1
                  ]
                },
                "down": {
                  "uv": [
                    38,
                    19
                  ],
                  "uv_size": [
                    -6,
                    -1
                  ]
                }
              },
              "inflate": 0.25
            },
            {
              "origin": [
                5.9,
                3.61731,
                -0.41863
              ],
              "size": [
                0.3,
                2.0,
                2.4
              ],
              "uv": {
                "north": {
                  "uv": [
                    32,
                    18
                  ],
                  "uv_size": [
                    6,
                    1
                  ]
                },
                "east": {
                  "uv": [
                    32,
                    18
                  ],
                  "uv_size": [
                    6,
                    1
                  ]
                },
                "south": {
                  "uv": [
                    32,
                    18
                  ],
                  "uv_size": [
                    6,
                    1
                  ]
                },
                "west": {
                  "uv": [
                    32,
                    18
                  ],
                  "uv_size": [
                    6,
                    1
                  ]
                },
                "up": {
                  "uv": [
                    38,
                    19
                  ],
                  "uv_size": [
                    -6,
                    -1
                  ]
                },
                "down": {
                  "uv": [
                    38,
                    19
                  ],
                  "uv_size": [
                    -6,
                    -1
                  ]
                }
              },
              "inflate": 0.25
            }
          ],
          "parent": "LeftArm"
        },
        {
          "name": "bone4",
          "pivot": [
            5.9,
            22.5,
            0.5
          ],
          "cubes": [
            {
              "origin": [
                6.1,
                -0.32408,
                -2.60646
              ],
              "size": [
                0.0,
                1.0,
                2.0
              ],
              "pivot": [
                0.8,
                -0.32408,
                0.39354
              ],
              "rotation": [
                -65.0,
                0.0,
                0.0
              ],
              "uv": {
                "north": {
                  "uv": [
                    72.4,
                    0
                  ],
                  "uv_size": [
                    -0.2,
                    9.5
                  ]
                },
                "east": {
                  "uv": [
                    72.4,
                    0
                  ],
                  "uv_size": [
                    -0.2,
                    9.5
                  ]
                },
                "south": {
                  "uv": [
                    72.4,
                    0
                  ],
                  "uv_size": [
                    -0.2,
                    9.5
                  ]
                },
                "west": {
                  "uv": [
                    72.4,
                    0
                  ],
                  "uv_size": [
                    -0.2,
                    9.5
                  ]
                },
                "up": {
                  "uv": [
                    72.2,
                    9.5
                  ],
                  "uv_size": [
                    0.2,
                    -9.5
                  ]
                },
                "down": {
                  "uv": [
                    72.2,
                    9.5
                  ],
                  "uv_size": [
                    0.2,
                    -9.5
                  ]
                }
              },
              "inflate": 0.25
            },
            {
              "origin": [
                6.1,
                0.62569,
                -0.54333
              ],
              "size": [
                0.0,
                2.0,
                1.5
              ],
              "pivot": [
                0.8,
                0.62569,
                1.95667
              ],
              "rotation": [
                -37.5,
                0.0,
                0.0
              ],
              "uv": {
                "north": {
                  "uv": [
                    72.4,
                    0
                  ],
                  "uv_size": [
                    -0.2,
                    9.5
                  ]
                },
                "east": {
                  "uv": [
                    72.4,
                    0
                  ],
                  "uv_size": [
                    -0.2,
                    9.5
                  ]
                },
                "south": {
                  "uv": [
                    72.4,
                    0
                  ],
                  "uv_size": [
                    -0.2,
                    9.5
                  ]
                },
                "west": {
                  "uv": [
                    72.4,
                    0
                  ],
                  "uv_size": [
                    -0.2,
                    9.5
                  ]
                },
                "up": {
                  "uv": [
                    72.2,
                    9.5
                  ],
                  "uv_size": [
                    0.2,
                    -9.5
                  ]
                },
                "down": {
                  "uv": [
                    72.2,
                    9.5
                  ],
                  "uv_size": [
                    0.2,
                    -9.5
                  ]
                }
              },
              "inflate": 0.25
            },
            {
              "origin": [
                6.1,
                5.5,
                -1.5
              ],
              "size": [
                0.0,
                13.0,
                4.0
              ],
              "uv": {
                "north": {
                  "uv": [
                    72.4,
                    0
                  ],
                  "uv_size": [
                    -0.2,
                    9.5
                  ]
                },
                "east": {
                  "uv": [
                    72.4,
                    0
                  ],
                  "uv_size": [
                    -0.2,
                    9.5
                  ]
                },
                "south": {
                  "uv": [
                    72.4,
                    0
                  ],
                  "uv_size": [
                    -0.2,
                    9.5
                  ]
                },
                "west": {
                  "uv": [
                    72.4,
                    0
                  ],
                  "uv_size": [
                    -0.2,
                    9.5
                  ]
                },
                "up": {
                  "uv": [
                    72.2,
                    9.5
                  ],
                  "uv_size": [
                    0.2,
                    -9.5
                  ]
                },
                "down": {
                  "uv": [
                    72.2,
                    9.5
                  ],
                  "uv_size": [
                    0.2,
                    -9.5
                  ]
                }
              },
              "inflate": 0.25
            },
            {
              "origin": [
                6.1,
                0.5,
                -1.9
              ],
              "size": [
                0.0,
                4.5,
                1.5
              ],
              "uv": {
                "north": {
                  "uv": [
                    72.4,
                    0
                  ],
                  "uv_size": [
                    -0.2,
                    9.5
                  ]
                },
                "east": {
                  "uv": [
                    72.4,
                    0
                  ],
                  "uv_size": [
                    -0.2,
                    9.5
                  ]
                },
                "south": {
                  "uv": [
                    72.4,
                    0
                  ],
                  "uv_size": [
                    -0.2,
                    9.5
                  ]
                },
                "west": {
                  "uv": [
                    72.4,
                    0
                  ],
                  "uv_size": [
                    -0.2,
                    9.5
                  ]
                },
                "up": {
                  "uv": [
                    72.2,
                    9.5
                  ],
                  "uv_size": [
                    0.2,
                    -9.5
                  ]
                },
                "down": {
                  "uv": [
                    72.2,
                    9.5
                  ],
                  "uv_size": [
                    0.2,
                    -9.5
                  ]
                }
              },
              "inflate": 0.25
            },
            {
              "origin": [
                6.1,
                3.11731,
                0.08137
              ],
              "size": [
                0.0,
                2.0,
                2.4
              ],
              "uv": {
                "north": {
                  "uv": [
                    72.4,
                    0
                  ],
                  "uv_size": [
                    -0.2,
                    9.5
                  ]
                },
                "east": {
                  "uv": [
                    72.4,
                    0
                  ],
                  "uv_size": [
                    -0.2,
                    9.5
                  ]
                },
                "south": {
                  "uv": [
                    72.4,
                    0
                  ],
                  "uv_size": [
                    -0.2,
                    9.5
                  ]
                },
                "west": {
                  "uv": [
                    72.4,
                    0
                  ],
                  "uv_size": [
                    -0.2,
                    9.5
                  ]
                },
                "up": {
                  "uv": [
                    72.2,
                    9.5
                  ],
                  "uv_size": [
                    0.2,
                    -9.5
                  ]
                },
                "down": {
                  "uv": [
                    72.2,
                    9.5
                  ],
                  "uv_size": [
                    0.2,
                    -9.5
                  ]
                }
              },
              "inflate": 0.25
            }
          ],
          "parent": "LeftArm"
        },
        {
          "name": "Leftleg",
          "pivot": [
            2,
            12,
            0
          ],
          "cubes": [
            {
              "origin": [
                0.0,
                0.0,
                -2.0
              ],
              "size": [
                4.0,
                12.0,
                4.0
              ],
              "uv": {
                "north": {
                  "uv": [
                    4,
                    39
                  ],
                  "uv_size": [
                    4,
                    12
                  ]
                },
                "east": {
                  "uv": [
                    0,
                    39
                  ],
                  "uv_size": [
                    4,
                    12
                  ]
                },
                "south": {
                  "uv": [
                    12,
                    39
                  ],
                  "uv_size": [
                    4,
                    12
                  ]
                },
                "west": {
                  "uv": [
                    8,
                    39
                  ],
                  "uv_size": [
                    4,
                    12
                  ]
                },
                "up": {
                  "uv": [
                    4,
                    35
                  ],
                  "uv_size": [
                    4,
                    4
                  ]
                },
                "down": {
                  "uv": [
                    8,
                    39
                  ],
                  "uv_size": [
                    4,
                    -4
                  ]
                }
              },
              "inflate": 0
            }
          ]
        },
        {
          "name": "Rightleg",
          "pivot": [
            -2,
            12,
            0
          ],
          "cubes": [
            {
              "origin": [
                -4.0,
                0.0,
                -2.0
              ],
              "size": [
                4.0,
                12.0,
                4.0
              ],
              "uv": {
                "north": {
                  "uv": [
                    38,
                    4
                  ],
                  "uv_size": [
                    4,
                    12
                  ]
                },
                "east": {
                  "uv": [
                    34,
                    4
                  ],
                  "uv_size": [
                    4,
                    12
                  ]
                },
                "south": {
                  "uv": [
                    46,
                    4
                  ],
                  "uv_size": [
                    4,
                    12
                  ]
                },
                "west": {
                  "uv": [
                    42,
                    4
                  ],
                  "uv_size": [
                    4,
                    12
                  ]
                },
                "up": {
                  "uv": [
                    38,
                    0
                  ],
                  "uv_size": [
                    4,
                    4
                  ]
                },
                "down": {
                  "uv": [
                    42,
                    4
                  ],
                  "uv_size": [
                    4,
                    -4
                  ]
                }
              },
              "inflate": 0
            }
          ]
        },
        {
          "name": "body",
          "pivot": [
            0,
            24,
            0
          ],
          "cubes": [
            {
              "origin": [
                -4.0,
                12.0,
                -2.0
              ],
              "size": [
                8.0,
                12.0,
                4.0
              ],
              "uv": {
                "north": {
                  "uv": [
                    31,
                    26
                  ],
                  "uv_size": [
                    8,
                    12
                  ]
                },
                "east": {
                  "uv": [
                    27,
                    26
                  ],
                  "uv_size": [
                    4,
                    12
                  ]
                },
                "south": {
                  "uv": [
                    43,
                    26
                  ],
                  "uv_size": [
                    8,
                    12
                  ]
                },
                "west": {
                  "uv": [
                    39,
                    26
                  ],
                  "uv_size": [
                    4,
                    12
                  ]
                },
                "up": {
                  "uv": [
                    31,
                    22
                  ],
                  "uv_size": [
                    8,
                    4
                  ]
                },
                "down": {
                  "uv": [
                    39,
                    26
                  ],
                  "uv_size": [
                    8,
                    -4
                  ]
                }
              },
              "inflate": 0
            }
          ]
        }
      ]
    }
  ]
}