{
  "format_version": "1.12.0",
  "minecraft:geometry": [
    {
      "description": {
        "identifier": "geometry.mn_motoserra_sangue",
        "texture_width": 80,
        "texture_height": 80,
        "visible_bounds_width": 3,
        "visible_bounds_height": 3.5,
        "visible_bounds_offset": [
          0,
          1.25,
          0
        ]
      },
      "bones": [
        {
          "name": "RightArm",
          "pivot": [
            -5,
            22,
            0
          ]
        },
        {
          "name": "bone9",
          "pivot": [
            -5.9,
            8.51362,
            -3.8131
          ],
          "cubes": [
            {
              "origin": [
                -6.22,
                1.8809,
                -9.21271
              ],
              "size": [
                0.64,
                2.688,
                10.88
              ],
              "pivot": [
                -5.9,
                3.2249,
                -3.29271
              ],
              "rotation": [
                90.0,
                0.0,
                0.0
              ],
              "uv": {
                "north": {
                  "uv": [
                    18,
                    41
                  ],
                  "uv_size": [
                    -1,
                    4
                  ]
                },
                "east": {
                  "uv": [
                    35,
                    41
                  ],
                  "uv_size": [
                    -17,
                    4
                  ]
                },
                "south": {
                  "uv": [
                    36,
                    41
                  ],
                  "uv_size": [
                    -1,
                    4
                  ]
                },
                "west": {
                  "uv": [
                    17,
                    41
                  ],
                  "uv_size": [
                    -17,
                    4
                  ]
                },
                "up": {
                  "uv": [
                    18,
                    24
                  ],
                  "uv_size": [
                    -1,
                    17
                  ]
                },
                "down": {
                  "uv": [
                    19,
                    41
                  ],
                  "uv_size": [
                    -1,
                    -17
                  ]
                }
              },
              "inflate": 0
            },
            {
              "origin": [
                -8.14,
                1.2409,
                2.30729
              ],
              "size": [
                4.48,
                4.608,
                6.4
              ],
              "pivot": [
                -5.9,
                3.2249,
                -3.29271
              ],
              "rotation": [
                90.0,
                0.0,
                0.0
              ],
              "uv": {
                "north": {
                  "uv": [
                    45.25,
                    17.025
                  ],
                  "uv_size": [
                    6.75,
                    2.975
                  ]
                },
                "east": {
                  "uv": [
                    45.25,
                    17.025
                  ],
                  "uv_size": [
                    6.75,
                    2.975
                  ]
                },
                "south": {
                  "uv": [
                    45.25,
                    17.025
                  ],
                  "uv_size": [
                    6.75,
                    2.975
                  ]
                },
                "west": {
                  "uv": [
                    45.25,
                    17.025
                  ],
                  "uv_size": [
                    6.75,
                    2.975
                  ]
                },
                "up": {
                  "uv": [
                    52,
                    20
                  ],
                  "uv_size": [
                    -6.75,
                    -2.975
                  ]
                },
                "down": {
                  "uv": [
                    52,
                    20
                  ],
                  "uv_size": [
                    -6.75,
                    -2.975
                  ]
                }
              },
              "inflate": 0
            },
            {
              "origin": [
                -8.14,
                5.8489,
                2.30729
              ],
              "size": [
                4.48,
                0.64,
                5.76
              ],
              "pivot": [
                -5.9,
                3.2249,
                -3.29271
              ],
              "rotation": [
                90.0,
                0.0,
                0.0
              ],
              "uv": {
                "north": {
                  "uv": [
                    45.25,
                    17.025
                  ],
                  "uv_size": [
                    6.75,
                    2.975
                  ]
                },
                "east": {
                  "uv": [
                    45.25,
                    17.025
                  ],
                  "uv_size": [
                    6.75,
                    2.975
                  ]
                },
                "south": {
                  "uv": [
                    45.25,
                    17.025
                  ],
                  "uv_size": [
                    6.75,
                    2.975
                  ]
                },
                "west": {
                  "uv": [
                    45.25,
                    17.025
                  ],
                  "uv_size": [
                    6.75,
                    2.975
                  ]
                },
                "up": {
                  "uv": [
                    52,
                    20
                  ],
                  "uv_size": [
                    -6.75,
                    -2.975
                  ]
                },
                "down": {
                  "uv": [
                    52,
                    20
                  ],
                  "uv_size": [
                    -6.75,
                    -2.975
                  ]
                }
              },
              "inflate": 0
            },
            {
              "origin": [
                -8.1848,
                14.3815,
                -6.48269
              ],
              "size": [
                4.5696,
                0.6528,
                0.9792
              ],
              "pivot": [
                -5.9,
                14.7079,
                -5.99309
              ],
              "rotation": [
                46.0,
                0.0,
                0.0
              ],
              "uv": {
                "north": {
                  "uv": [
                    45.25,
                    17.025
                  ],
                  "uv_size": [
                    6.75,
                    2.975
                  ]
                },
                "east": {
                  "uv": [
                    45.25,
                    17.025
                  ],
                  "uv_size": [
                    6.75,
                    2.975
                  ]
                },
                "south": {
                  "uv": [
                    45.25,
                    17.025
                  ],
                  "uv_size": [
                    6.75,
                    2.975
                  ]
                },
                "west": {
                  "uv": [
                    45.25,
                    17.025
                  ],
                  "uv_size": [
                    6.75,
                    2.975
                  ]
                },
                "up": {
                  "uv": [
                    52,
                    20
                  ],
                  "uv_size": [
                    -6.75,
                    -2.975
                  ]
                },
                "down": {
                  "uv": [
                    52,
                    20
                  ],
                  "uv_size": [
                    -6.75,
                    -2.975
                  ]
                }
              },
              "inflate": 0
            },
            {
              "origin": [
                -8.14,
                1.2409,
                1.66729
              ],
              "size": [
                4.48,
                4.608,
                0.64
              ],
              "pivot": [
                -5.9,
                3.2249,
                -3.29271
              ],
              "rotation": [
                90.0,
                0.0,
                0.0
              ],
              "uv": {
                "north": {
                  "uv": [
                    45.25,
                    17.025
                  ],
                  "uv_size": [
                    6.75,
                    2.975
                  ]
                },
                "east": {
                  "uv": [
                    45.25,
                    17.025
                  ],
                  "uv_size": [
                    6.75,
                    2.975
                  ]
                },
                "south": {
                  "uv": [
                    45.25,
                    17.025
                  ],
                  "uv_size": [
                    6.75,
                    2.975
                  ]
                },
                "west": {
                  "uv": [
                    45.25,
                    17.025
                  ],
                  "uv_size": [
                    6.75,
                    2.975
                  ]
                },
                "up": {
                  "uv": [
                    52,
                    20
                  ],
                  "uv_size": [
                    -6.75,
                    -2.975
                  ]
                },
                "down": {
                  "uv": [
                    52,
                    20
                  ],
                  "uv_size": [
                    -6.75,
                    -2.975
                  ]
                }
              },
              "inflate": 0
            },
            {
              "origin": [
                -8.62,
                3.4809,
                3.90729
              ],
              "size": [
                5.44,
                1.408,
                1.44
              ],
              "pivot": [
                -5.9,
                3.2249,
                -3.29271
              ],
              "rotation": [
                90.0,
                0.0,
                0.0
              ],
              "uv": {
                "north": {
                  "uv": [
                    18,
                    41
                  ],
                  "uv_size": [
                    -1,
                    4
                  ]
                },
                "east": {
                  "uv": [
                    35,
                    41
                  ],
                  "uv_size": [
                    -17,
                    4
                  ]
                },
                "south": {
                  "uv": [
                    36,
                    41
                  ],
                  "uv_size": [
                    -1,
                    4
                  ]
                },
                "west": {
                  "uv": [
                    17,
                    41
                  ],
                  "uv_size": [
                    -17,
                    4
                  ]
                },
                "up": {
                  "uv": [
                    18,
                    24
                  ],
                  "uv_size": [
                    -1,
                    17
                  ]
                },
                "down": {
                  "uv": [
                    19,
                    41
                  ],
                  "uv_size": [
                    -1,
                    -17
                  ]
                }
              },
              "inflate": 0
            },
            {
              "origin": [
                -8.46,
                3.1609,
                3.58729
              ],
              "size": [
                5.12,
                2.048,
                2.08
              ],
              "pivot": [
                -5.9,
                3.2249,
                -3.29271
              ],
              "rotation": [
                90.0,
                0.0,
                0.0
              ],
              "uv": {
                "north": {
                  "uv": [
                    18,
                    41
                  ],
                  "uv_size": [
                    -1,
                    4
                  ]
                },
                "east": {
                  "uv": [
                    35,
                    41
                  ],
                  "uv_size": [
                    -17,
                    4
                  ]
                },
                "south": {
                  "uv": [
                    36,
                    41
                  ],
                  "uv_size": [
                    -1,
                    4
                  ]
                },
                "west": {
                  "uv": [
                    17,
                    41
                  ],
                  "uv_size": [
                    -17,
                    4
                  ]
                },
                "up": {
                  "uv": [
                    18,
                    24
                  ],
                  "uv_size": [
                    -1,
                    17
                  ]
                },
                "down": {
                  "uv": [
                    19,
                    41
                  ],
                  "uv_size": [
                    -1,
                    -17
                  ]
                }
              },
              "inflate": 0
            },
            {
              "origin": [
                -8.62,
                2.2009,
                6.46729
              ],
              "size": [
                5.44,
                3.328,
                1.44
              ],
              "pivot": [
                -5.9,
                3.2249,
                -3.29271
              ],
              "rotation": [
                90.0,
                0.0,
                0.0
              ],
              "uv": {
                "north": {
                  "uv": [
                    18,
                    41
                  ],
                  "uv_size": [
                    -1,
                    4
                  ]
                },
                "east": {
                  "uv": [
                    35,
                    41
                  ],
                  "uv_size": [
                    -17,
                    4
                  ]
                },
                "south": {
                  "uv": [
                    36,
                    41
                  ],
                  "uv_size": [
                    -1,
                    4
                  ]
                },
                "west": {
                  "uv": [
                    17,
                    41
                  ],
                  "uv_size": [
                    -17,
                    4
                  ]
                },
                "up": {
                  "uv": [
                    18,
                    24
                  ],
                  "uv_size": [
                    -1,
                    17
                  ]
                },
                "down": {
                  "uv": [
                    19,
                    41
                  ],
                  "uv_size": [
                    -1,
                    -17
                  ]
                }
              },
              "inflate": 0
            },
            {
              "origin": [
                -8.46,
                1.8809,
                6.14729
              ],
              "size": [
                5.12,
                3.968,
                2.08
              ],
              "pivot": [
                -5.9,
                3.2249,
                -3.29271
              ],
              "rotation": [
                90.0,
                0.0,
                0.0
              ],
              "uv": {
                "north": {
                  "uv": [
                    18,
                    41
                  ],
                  "uv_size": [
                    -1,
                    4
                  ]
                },
                "east": {
                  "uv": [
                    35,
                    41
                  ],
                  "uv_size": [
                    -17,
                    4
                  ]
                },
                "south": {
                  "uv": [
                    36,
                    41
                  ],
                  "uv_size": [
                    -1,
                    4
                  ]
                },
                "west": {
                  "uv": [
                    17,
                    41
                  ],
                  "uv_size": [
                    -17,
                    4
                  ]
                },
                "up": {
                  "uv": [
                    18,
                    24
                  ],
                  "uv_size": [
                    -1,
                    17
                  ]
                },
                "down": {
                  "uv": [
                    19,
                    41
                  ],
                  "uv_size": [
                    -1,
                    -17
                  ]
                }
              },
              "inflate": 0
            },
            {
              "origin": [
                -8.3,
                5.8489,
                1.85929
              ],
              "size": [
                4.8,
                0.448,
                0.384
              ],
              "pivot": [
                -5.9,
                3.2249,
                -3.29271
              ],
              "rotation": [
                90.0,
                0.0,
                0.0
              ],
              "uv": {
                "north": {
                  "uv": [
                    18,
                    41
                  ],
                  "uv_size": [
                    -1,
                    4
                  ]
                },
                "east": {
                  "uv": [
                    35,
                    41
                  ],
                  "uv_size": [
                    -17,
                    4
                  ]
                },
                "south": {
                  "uv": [
                    36,
                    41
                  ],
                  "uv_size": [
                    -1,
                    4
                  ]
                },
                "west": {
                  "uv": [
                    17,
                    41
                  ],
                  "uv_size": [
                    -17,
                    4
                  ]
                },
                "up": {
                  "uv": [
                    18,
                    24
                  ],
                  "uv_size": [
                    -1,
                    17
                  ]
                },
                "down": {
                  "uv": [
                    19,
                    41
                  ],
                  "uv_size": [
                    -1,
                    -17
                  ]
                }
              },
              "inflate": 0
            },
            {
              "origin": [
                -8.268,
                5.7849,
                1.79529
              ],
              "size": [
                4.736,
                0.576,
                0.544
              ],
              "pivot": [
                -5.9,
                3.2249,
                -3.29271
              ],
              "rotation": [
                90.0,
                0.0,
                0.0
              ],
              "uv": {
                "north": {
                  "uv": [
                    18,
                    41
                  ],
                  "uv_size": [
                    -1,
                    4
                  ]
                },
                "east": {
                  "uv": [
                    35,
                    41
                  ],
                  "uv_size": [
                    -17,
                    4
                  ]
                },
                "south": {
                  "uv": [
                    36,
                    41
                  ],
                  "uv_size": [
                    -1,
                    4
                  ]
                },
                "west": {
                  "uv": [
                    17,
                    41
                  ],
                  "uv_size": [
                    -17,
                    4
                  ]
                },
                "up": {
                  "uv": [
                    18,
                    24
                  ],
                  "uv_size": [
                    -1,
                    17
                  ]
                },
                "down": {
                  "uv": [
                    19,
                    41
                  ],
                  "uv_size": [
                    -1,
                    -17
                  ]
                }
              },
              "inflate": 0
            },
            {
              "origin": [
                -6.22,
                5.0809,
                8.70729
              ],
              "size": [
                0.64,
                0.768,
                1.28
              ],
              "pivot": [
                -5.9,
                3.2249,
                -3.29271
              ],
              "rotation": [
                90.0,
                0.0,
                0.0
              ],
              "uv": {
                "north": {
                  "uv": [
                    18,
                    41
                  ],
                  "uv_size": [
                    -1,
                    4
                  ]
                },
                "east": {
                  "uv": [
                    35,
                    41
                  ],
                  "uv_size": [
                    -17,
                    4
                  ]
                },
                "south": {
                  "uv": [
                    36,
                    41
                  ],
                  "uv_size": [
                    -1,
                    4
                  ]
                },
                "west": {
                  "uv": [
                    17,
                    41
                  ],
                  "uv_size": [
                    -17,
                    4
                  ]
                },
                "up": {
                  "uv": [
                    18,
                    24
                  ],
                  "uv_size": [
                    -1,
                    17
                  ]
                },
                "down": {
                  "uv": [
                    19,
                    41
                  ],
                  "uv_size": [
                    -1,
                    -17
                  ]
                }
              },
              "inflate": 0
            },
            {
              "origin": [
                -6.22,
                1.8809,
                8.70729
              ],
              "size": [
                0.64,
                0.768,
                1.28
              ],
              "pivot": [
                -5.9,
                3.2249,
                -3.29271
              ],
              "rotation": [
                90.0,
                0.0,
                0.0
              ],
              "uv": {
                "north": {
                  "uv": [
                    18,
                    41
                  ],
                  "uv_size": [
                    -1,
                    4
                  ]
                },
                "east": {
                  "uv": [
                    35,
                    41
                  ],
                  "uv_size": [
                    -17,
                    4
                  ]
                },
                "south": {
                  "uv": [
                    36,
                    41
                  ],
                  "uv_size": [
                    -1,
                    4
                  ]
                },
                "west": {
                  "uv": [
                    17,
                    41
                  ],
                  "uv_size": [
                    -17,
                    4
                  ]
                },
                "up": {
                  "uv": [
                    18,
                    24
                  ],
                  "uv_size": [
                    -1,
                    17
                  ]
                },
                "down": {
                  "uv": [
                    19,
                    41
                  ],
                  "uv_size": [
                    -1,
                    -17
                  ]
                }
              },
              "inflate": 0
            },
            {
              "origin": [
                -6.22,
                1.8809,
                9.98729
              ],
              "size": [
                0.64,
                3.968,
                0.64
              ],
              "pivot": [
                -5.9,
                3.2249,
                -3.29271
              ],
              "rotation": [
                90.0,
                0.0,
                0.0
              ],
              "uv": {
                "north": {
                  "uv": [
                    18,
                    41
                  ],
                  "uv_size": [
                    -1,
                    4
                  ]
                },
                "east": {
                  "uv": [
                    35,
                    41
                  ],
                  "uv_size": [
                    -17,
                    4
                  ]
                },
                "south": {
                  "uv": [
                    36,
                    41
                  ],
                  "uv_size": [
                    -1,
                    4
                  ]
                },
                "west": {
                  "uv": [
                    17,
                    41
                  ],
                  "uv_size": [
                    -17,
                    4
                  ]
                },
                "up": {
                  "uv": [
                    18,
                    24
                  ],
                  "uv_size": [
                    -1,
                    17
                  ]
                },
                "down": {
                  "uv": [
                    19,
                    41
                  ],
                  "uv_size": [
                    -1,
                    -17
                  ]
                }
              },
              "inflate": 0
            },
            {
              "origin": [
                -8.78,
                -3.6231,
                1.34729
              ],
              "size": [
                0.64,
                0.768,
                4.48
              ],
              "pivot": [
                -5.9,
                3.2249,
                -3.29271
              ],
              "rotation": [
                150.0,
                0.0,
                0.0
              ],
              "uv": {
                "north": {
                  "uv": [
                    18,
                    41
                  ],
                  "uv_size": [
                    -1,
                    4
                  ]
                },
                "east": {
                  "uv": [
                    35,
                    41
                  ],
                  "uv_size": [
                    -17,
                    4
                  ]
                },
                "south": {
                  "uv": [
                    36,
                    41
                  ],
                  "uv_size": [
                    -1,
                    4
                  ]
                },
                "west": {
                  "uv": [
                    17,
                    41
                  ],
                  "uv_size": [
                    -17,
                    4
                  ]
                },
                "up": {
                  "uv": [
                    18,
                    24
                  ],
                  "uv_size": [
                    -1,
                    17
                  ]
                },
                "down": {
                  "uv": [
                    19,
                    41
                  ],
                  "uv_size": [
                    -1,
                    -17
                  ]
                }
              },
              "inflate": 0
            },
            {
              "origin": [
                -3.66,
                -3.6231,
                1.34729
              ],
              "size": [
                0.64,
                0.768,
                4.48
              ],
              "pivot": [
                -5.9,
                3.2249,
                -3.29271
              ],
              "rotation": [
                150.0,
                0.0,
                0.0
              ],
              "uv": {
                "north": {
                  "uv": [
                    18,
                    41
                  ],
                  "uv_size": [
                    -1,
                    4
                  ]
                },
                "east": {
                  "uv": [
                    35,
                    41
                  ],
                  "uv_size": [
                    -17,
                    4
                  ]
                },
                "south": {
                  "uv": [
                    36,
                    41
                  ],
                  "uv_size": [
                    -1,
                    4
                  ]
                },
                "west": {
                  "uv": [
                    17,
                    41
                  ],
                  "uv_size": [
                    -17,
                    4
                  ]
                },
                "up": {
                  "uv": [
                    18,
                    24
                  ],
                  "uv_size": [
                    -1,
                    17
                  ]
                },
                "down": {
                  "uv": [
                    19,
                    41
                  ],
                  "uv_size": [
                    -1,
                    -17
                  ]
                }
              },
              "inflate": 0
            },
            {
              "origin": [
                -8.14,
                -3.6231,
                5.18729
              ],
              "size": [
                4.48,
                0.768,
                0.64
              ],
              "pivot": [
                -5.9,
                3.2249,
                -3.29271
              ],
              "rotation": [
                150.0,
                0.0,
                0.0
              ],
              "uv": {
                "north": {
                  "uv": [
                    18,
                    41
                  ],
                  "uv_size": [
                    -1,
                    4
                  ]
                },
                "east": {
                  "uv": [
                    35,
                    41
                  ],
                  "uv_size": [
                    -17,
                    4
                  ]
                },
                "south": {
                  "uv": [
                    36,
                    41
                  ],
                  "uv_size": [
                    -1,
                    4
                  ]
                },
                "west": {
                  "uv": [
                    17,
                    41
                  ],
                  "uv_size": [
                    -17,
                    4
                  ]
                },
                "up": {
                  "uv": [
                    18,
                    24
                  ],
                  "uv_size": [
                    -1,
                    17
                  ]
                },
                "down": {
                  "uv": [
                    19,
                    41
                  ],
                  "uv_size": [
                    -1,
                    -17
                  ]
                }
              },
              "inflate": 0
            },
            {
              "origin": [
                -6.1496,
                1.4457,
                -7.86231
              ],
              "size": [
                0.4992,
                1.0624,
                0.4992
              ],
              "pivot": [
                -5.9,
                3.2249,
                -3.29271
              ],
              "rotation": [
                90.0,
                0.0,
                0.0
              ],
              "uv": {
                "north": {
                  "uv": [
                    2,
                    0
                  ],
                  "uv_size": [
                    0,
                    1
                  ]
                },
                "east": {
                  "uv": [
                    2,
                    0
                  ],
                  "uv_size": [
                    0,
                    1
                  ]
                },
                "south": {
                  "uv": [
                    2,
                    0
                  ],
                  "uv_size": [
                    0,
                    1
                  ]
                },
                "west": {
                  "uv": [
                    2,
                    0
                  ],
                  "uv_size": [
                    0,
                    1
                  ]
                },
                "up": {
                  "uv": [
                    2,
                    0
                  ],
                  "uv_size": [
                    0,
                    0
                  ]
                },
                "down": {
                  "uv": [
                    2,
                    0
                  ],
                  "uv_size": [
                    0,
                    0
                  ]
                }
              },
              "inflate": 0
            },
            {
              "origin": [
                -6.1496,
                1.4457,
                -6.58231
              ],
              "size": [
                0.4992,
                1.0624,
                0.4992
              ],
              "pivot": [
                -5.9,
                3.2249,
                -3.29271
              ],
              "rotation": [
                90.0,
                0.0,
                0.0
              ],
              "uv": {
                "north": {
                  "uv": [
                    1,
                    2
                  ],
                  "uv_size": [
                    0,
                    1
                  ]
                },
                "east": {
                  "uv": [
                    1,
                    2
                  ],
                  "uv_size": [
                    0,
                    1
                  ]
                },
                "south": {
                  "uv": [
                    1,
                    2
                  ],
                  "uv_size": [
                    0,
                    1
                  ]
                },
                "west": {
                  "uv": [
                    1,
                    2
                  ],
                  "uv_size": [
                    0,
                    1
                  ]
                },
                "up": {
                  "uv": [
                    1,
                    2
                  ],
                  "uv_size": [
                    0,
                    0
                  ]
                },
                "down": {
                  "uv": [
                    1,
                    2
                  ],
                  "uv_size": [
                    0,
                    0
                  ]
                }
              },
              "inflate": 0
            },
            {
              "origin": [
                -6.1496,
                1.4457,
                -9.14231
              ],
              "size": [
                0.4992,
                1.0624,
                0.4992
              ],
              "pivot": [
                -5.9,
                3.2249,
                -3.29271
              ],
              "rotation": [
                90.0,
                0.0,
                0.0
              ],
              "uv": {
                "north": {
                  "uv": [
                    2,
                    2
                  ],
                  "uv_size": [
                    0,
                    1
                  ]
                },
                "east": {
                  "uv": [
                    2,
                    2
                  ],
                  "uv_size": [
                    0,
                    1
                  ]
                },
                "south": {
                  "uv": [
                    2,
                    2
                  ],
                  "uv_size": [
                    0,
                    1
                  ]
                },
                "west": {
                  "uv": [
                    2,
                    2
                  ],
                  "uv_size": [
                    0,
                    1
                  ]
                },
                "up": {
                  "uv": [
                    2,
                    2
                  ],
                  "uv_size": [
                    0,
                    0
                  ]
                },
                "down": {
                  "uv": [
                    2,
                    2
                  ],
                  "uv_size": [
                    0,
                    0
                  ]
                }
              },
              "inflate": 0
            },
            {
              "origin": [
                -6.1496,
                1.4457,
                -5.30231
              ],
              "size": [
                0.4992,
                1.0624,
                0.4992
              ],
              "pivot": [
                -5.9,
                3.2249,
                -3.29271
              ],
              "rotation": [
                90.0,
                0.0,
                0.0
              ],
              "uv": {
                "north": {
                  "uv": [
                    3,
                    0
                  ],
                  "uv_size": [
                    0,
                    1
                  ]
                },
                "east": {
                  "uv": [
                    3,
                    0
                  ],
                  "uv_size": [
                    0,
                    1
                  ]
                },
                "south": {
                  "uv": [
                    3,
                    0
                  ],
                  "uv_size": [
                    0,
                    1
                  ]
                },
                "west": {
                  "uv": [
                    3,
                    0
                  ],
                  "uv_size": [
                    0,
                    1
                  ]
                },
                "up": {
                  "uv": [
                    3,
                    0
                  ],
                  "uv_size": [
                    0,
                    0
                  ]
                },
                "down": {
                  "uv": [
                    3,
                    0
                  ],
                  "uv_size": [
                    0,
                    0
                  ]
                }
              },
              "inflate": 0
            },
            {
              "origin": [
                -6.1496,
                1.4457,
                -2.74231
              ],
              "size": [
                0.4992,
                1.0624,
                0.4992
              ],
              "pivot": [
                -5.9,
                3.2249,
                -3.29271
              ],
              "rotation": [
                90.0,
                0.0,
                0.0
              ],
              "uv": {
                "north": {
                  "uv": [
                    3,
                    2
                  ],
                  "uv_size": [
                    0,
                    1
                  ]
                },
                "east": {
                  "uv": [
                    3,
                    2
                  ],
                  "uv_size": [
                    0,
                    1
                  ]
                },
                "south": {
                  "uv": [
                    3,
                    2
                  ],
                  "uv_size": [
                    0,
                    1
                  ]
                },
                "west": {
                  "uv": [
                    3,
                    2
                  ],
                  "uv_size": [
                    0,
                    1
                  ]
                },
                "up": {
                  "uv": [
                    3,
                    2
                  ],
                  "uv_size": [
                    0,
                    0
                  ]
                },
                "down": {
                  "uv": [
                    3,
                    2
                  ],
                  "uv_size": [
                    0,
                    0
                  ]
                }
              },
              "inflate": 0
            },
            {
              "origin": [
                -6.1496,
                1.4457,
                -4.02231
              ],
              "size": [
                0.4992,
                1.0624,
                0.4992
              ],
              "pivot": [
                -5.9,
                3.2249,
                -3.29271
              ],
              "rotation": [
                90.0,
                0.0,
                0.0
              ],
              "uv": {
                "north": {
                  "uv": [
                    13,
                    0
                  ],
                  "uv_size": [
                    0,
                    1
                  ]
                },
                "east": {
                  "uv": [
                    13,
                    0
                  ],
                  "uv_size": [
                    0,
                    1
                  ]
                },
                "south": {
                  "uv": [
                    13,
                    0
                  ],
                  "uv_size": [
                    0,
                    1
                  ]
                },
                "west": {
                  "uv": [
                    13,
                    0
                  ],
                  "uv_size": [
                    0,
                    1
                  ]
                },
                "up": {
                  "uv": [
                    13,
                    0
                  ],
                  "uv_size": [
                    0,
                    0
                  ]
                },
                "down": {
                  "uv": [
                    13,
                    0
                  ],
                  "uv_size": [
                    0,
                    0
                  ]
                }
              },
              "inflate": 0
            },
            {
              "origin": [
                -6.1496,
                1.4457,
                1.09769
              ],
              "size": [
                0.4992,
                1.0624,
                0.4992
              ],
              "pivot": [
                -5.9,
                3.2249,
                -3.29271
              ],
              "rotation": [
                90.0,
                0.0,
                0.0
              ],
              "uv": {
                "north": {
                  "uv": [
                    0,
                    0
                  ],
                  "uv_size": [
                    0,
                    1
                  ]
                },
                "east": {
                  "uv": [
                    0,
                    0
                  ],
                  "uv_size": [
                    0,
                    1
                  ]
                },
                "south": {
                  "uv": [
                    0,
                    0
                  ],
                  "uv_size": [
                    0,
                    1
                  ]
                },
                "west": {
                  "uv": [
                    0,
                    0
                  ],
                  "uv_size": [
                    0,
                    1
                  ]
                },
                "up": {
                  "uv": [
                    0,
                    0
                  ],
                  "uv_size": [
                    0,
                    0
                  ]
                },
                "down": {
                  "uv": [
                    0,
                    0
                  ],
                  "uv_size": [
                    0,
                    0
                  ]
                }
              },
              "inflate": 0
            },
            {
              "origin": [
                -6.1496,
                1.4457,
                -0.18231
              ],
              "size": [
                0.4992,
                1.0624,
                0.4992
              ],
              "pivot": [
                -5.9,
                3.2249,
                -3.29271
              ],
              "rotation": [
                90.0,
                0.0,
                0.0
              ],
              "uv": {
                "north": {
                  "uv": [
                    1,
                    0
                  ],
                  "uv_size": [
                    0,
                    1
                  ]
                },
                "east": {
                  "uv": [
                    1,
                    0
                  ],
                  "uv_size": [
                    0,
                    1
                  ]
                },
                "south": {
                  "uv": [
                    1,
                    0
                  ],
                  "uv_size": [
                    0,
                    1
                  ]
                },
                "west": {
                  "uv": [
                    1,
                    0
                  ],
                  "uv_size": [
                    0,
                    1
                  ]
                },
                "up": {
                  "uv": [
                    1,
                    0
                  ],
                  "uv_size": [
                    0,
                    0
                  ]
                },
                "down": {
                  "uv": [
                    1,
                    0
                  ],
                  "uv_size": [
                    0,
                    0
                  ]
                }
              },
              "inflate": 0
            },
            {
              "origin": [
                -6.1496,
                1.4457,
                -1.46231
              ],
              "size": [
                0.4992,
                1.0624,
                0.4992
              ],
              "pivot": [
                -5.9,
                3.2249,
                -3.29271
              ],
              "rotation": [
                90.0,
                0.0,
                0.0
              ],
              "uv": {
                "north": {
                  "uv": [
                    0,
                    2
                  ],
                  "uv_size": [
                    0,
                    1
                  ]
                },
                "east": {
                  "uv": [
                    0,
                    2
                  ],
                  "uv_size": [
                    0,
                    1
                  ]
                },
                "south": {
                  "uv": [
                    0,
                    2
                  ],
                  "uv_size": [
                    0,
                    1
                  ]
                },
                "west": {
                  "uv": [
                    0,
                    2
                  ],
                  "uv_size": [
                    0,
                    1
                  ]
                },
                "up": {
                  "uv": [
                    0,
                    2
                  ],
                  "uv_size": [
                    0,
                    0
                  ]
                },
                "down": {
                  "uv": [
                    0,
                    2
                  ],
                  "uv_size": [
                    0,
                    0
                  ]
                }
              },
              "inflate": 0
            }
          ],
          "parent": "RightArm",
          "rotation": [
            -77.5,
            0,
            0
          ]
        },
        {
          "name": "bone10",
          "pivot": [
            -3.776,
            -4.16,
            0.6
          ],
          "cubes": [
            {
              "origin": [
                -6.1496,
                8.6457,
                -4.50231
              ],
              "size": [
                0.4992,
                1.0624,
                0.4992
              ],
              "pivot": [
                -5.9,
                3.2249,
                -3.29271
              ],
              "rotation": [
                -180.0,
                0.0,
                0.0
              ],
              "uv": {
                "north": {
                  "uv": [
                    14,
                    2
                  ],
                  "uv_size": [
                    0,
                    1
                  ]
                },
                "east": {
                  "uv": [
                    14,
                    2
                  ],
                  "uv_size": [
                    0,
                    1
                  ]
                },
                "south": {
                  "uv": [
                    14,
                    2
                  ],
                  "uv_size": [
                    0,
                    1
                  ]
                },
                "west": {
                  "uv": [
                    14,
                    2
                  ],
                  "uv_size": [
                    0,
                    1
                  ]
                },
                "up": {
                  "uv": [
                    14,
                    2
                  ],
                  "uv_size": [
                    0,
                    0
                  ]
                },
                "down": {
                  "uv": [
                    14,
                    2
                  ],
                  "uv_size": [
                    0,
                    0
                  ]
                }
              },
              "inflate": 0
            },
            {
              "origin": [
                -6.1496,
                8.6457,
                -2.58231
              ],
              "size": [
                0.4992,
                1.0624,
                0.4992
              ],
              "pivot": [
                -5.9,
                3.2249,
                -3.29271
              ],
              "rotation": [
                -180.0,
                0.0,
                0.0
              ],
              "uv": {
                "north": {
                  "uv": [
                    14,
                    0
                  ],
                  "uv_size": [
                    0,
                    1
                  ]
                },
                "east": {
                  "uv": [
                    14,
                    0
                  ],
                  "uv_size": [
                    0,
                    1
                  ]
                },
                "south": {
                  "uv": [
                    14,
                    0
                  ],
                  "uv_size": [
                    0,
                    1
                  ]
                },
                "west": {
                  "uv": [
                    14,
                    0
                  ],
                  "uv_size": [
                    0,
                    1
                  ]
                },
                "up": {
                  "uv": [
                    14,
                    0
                  ],
                  "uv_size": [
                    0,
                    0
                  ]
                },
                "down": {
                  "uv": [
                    14,
                    0
                  ],
                  "uv_size": [
                    0,
                    0
                  ]
                }
              },
              "inflate": 0
            },
            {
              "origin": [
                -6.1496,
                8.6457,
                -3.54231
              ],
              "size": [
                0.4992,
                1.0624,
                0.4992
              ],
              "pivot": [
                -5.9,
                3.2249,
                -3.29271
              ],
              "rotation": [
                -180.0,
                0.0,
                0.0
              ],
              "uv": {
                "north": {
                  "uv": [
                    15,
                    0
                  ],
                  "uv_size": [
                    0,
                    1
                  ]
                },
                "east": {
                  "uv": [
                    15,
                    0
                  ],
                  "uv_size": [
                    0,
                    1
                  ]
                },
                "south": {
                  "uv": [
                    15,
                    0
                  ],
                  "uv_size": [
                    0,
                    1
                  ]
                },
                "west": {
                  "uv": [
                    15,
                    0
                  ],
                  "uv_size": [
                    0,
                    1
                  ]
                },
                "up": {
                  "uv": [
                    15,
                    0
                  ],
                  "uv_size": [
                    0,
                    0
                  ]
                },
                "down": {
                  "uv": [
                    15,
                    0
                  ],
                  "uv_size": [
                    0,
                    0
                  ]
                }
              },
              "inflate": 0
            },
            {
              "origin": [
                -6.1496,
                4.0057,
                -9.14231
              ],
              "size": [
                0.4992,
                1.0624,
                0.4992
              ],
              "pivot": [
                -5.9,
                3.2249,
                -3.29271
              ],
              "rotation": [
                90.0,
                0.0,
                0.0
              ],
              "uv": {
                "north": {
                  "uv": [
                    13,
                    2
                  ],
                  "uv_size": [
                    0,
                    1
                  ]
                },
                "east": {
                  "uv": [
                    13,
                    2
                  ],
                  "uv_size": [
                    0,
                    1
                  ]
                },
                "south": {
                  "uv": [
                    13,
                    2
                  ],
                  "uv_size": [
                    0,
                    1
                  ]
                },
                "west": {
                  "uv": [
                    13,
                    2
                  ],
                  "uv_size": [
                    0,
                    1
                  ]
                },
                "up": {
                  "uv": [
                    13,
                    2
                  ],
                  "uv_size": [
                    0,
                    0
                  ]
                },
                "down": {
                  "uv": [
                    13,
                    2
                  ],
                  "uv_size": [
                    0,
                    0
                  ]
                }
              },
              "inflate": 0
            },
            {
              "origin": [
                -6.1496,
                4.0057,
                -7.86231
              ],
              "size": [
                0.4992,
                1.0624,
                0.4992
              ],
              "pivot": [
                -5.9,
                3.2249,
                -3.29271
              ],
              "rotation": [
                90.0,
                0.0,
                0.0
              ],
              "uv": {
                "north": {
                  "uv": [
                    15,
                    2
                  ],
                  "uv_size": [
                    0,
                    1
                  ]
                },
                "east": {
                  "uv": [
                    15,
                    2
                  ],
                  "uv_size": [
                    0,
                    1
                  ]
                },
                "south": {
                  "uv": [
                    15,
                    2
                  ],
                  "uv_size": [
                    0,
                    1
                  ]
                },
                "west": {
                  "uv": [
                    15,
                    2
                  ],
                  "uv_size": [
                    0,
                    1
                  ]
                },
                "up": {
                  "uv": [
                    15,
                    2
                  ],
                  "uv_size": [
                    0,
                    0
                  ]
                },
                "down": {
                  "uv": [
                    15,
                    2
                  ],
                  "uv_size": [
                    0,
                    0
                  ]
                }
              },
              "inflate": 0
            },
            {
              "origin": [
                -6.1496,
                4.0057,
                -6.58231
              ],
              "size": [
                0.4992,
                1.0624,
                0.4992
              ],
              "pivot": [
                -5.9,
                3.2249,
                -3.29271
              ],
              "rotation": [
                90.0,
                0.0,
                0.0
              ],
              "uv": {
                "north": {
                  "uv": [
                    16,
                    2
                  ],
                  "uv_size": [
                    0,
                    1
                  ]
                },
                "east": {
                  "uv": [
                    16,
                    2
                  ],
                  "uv_size": [
                    0,
                    1
                  ]
                },
                "south": {
                  "uv": [
                    16,
                    2
                  ],
                  "uv_size": [
                    0,
                    1
                  ]
                },
                "west": {
                  "uv": [
                    16,
                    2
                  ],
                  "uv_size": [
                    0,
                    1
                  ]
                },
                "up": {
                  "uv": [
                    16,
                    2
                  ],
                  "uv_size": [
                    0,
                    0
                  ]
                },
                "down": {
                  "uv": [
                    16,
                    2
                  ],
                  "uv_size": [
                    0,
                    0
                  ]
                }
              },
              "inflate": 0
            },
            {
              "origin": [
                -6.1496,
                4.0057,
                -5.30231
              ],
              "size": [
                0.4992,
                1.0624,
                0.4992
              ],
              "pivot": [
                -5.9,
                3.2249,
                -3.29271
              ],
              "rotation": [
                90.0,
                0.0,
                0.0
              ],
              "uv": {
                "north": {
                  "uv": [
                    16,
                    0
                  ],
                  "uv_size": [
                    0,
                    1
                  ]
                },
                "east": {
                  "uv": [
                    16,
                    0
                  ],
                  "uv_size": [
                    0,
                    1
                  ]
                },
                "south": {
                  "uv": [
                    16,
                    0
                  ],
                  "uv_size": [
                    0,
                    1
                  ]
                },
                "west": {
                  "uv": [
                    16,
                    0
                  ],
                  "uv_size": [
                    0,
                    1
                  ]
                },
                "up": {
                  "uv": [
                    16,
                    0
                  ],
                  "uv_size": [
                    0,
                    0
                  ]
                },
                "down": {
                  "uv": [
                    16,
                    0
                  ],
                  "uv_size": [
                    0,
                    0
                  ]
                }
              },
              "inflate": 0
            },
            {
              "origin": [
                -6.1496,
                4.0057,
                -4.02231
              ],
              "size": [
                0.4992,
                1.0624,
                0.4992
              ],
              "pivot": [
                -5.9,
                3.2249,
                -3.29271
              ],
              "rotation": [
                90.0,
                0.0,
                0.0
              ],
              "uv": {
                "north": {
                  "uv": [
                    17,
                    12
                  ],
                  "uv_size": [
                    0,
                    1
                  ]
                },
                "east": {
                  "uv": [
                    17,
                    12
                  ],
                  "uv_size": [
                    0,
                    1
                  ]
                },
                "south": {
                  "uv": [
                    17,
                    12
                  ],
                  "uv_size": [
                    0,
                    1
                  ]
                },
                "west": {
                  "uv": [
                    17,
                    12
                  ],
                  "uv_size": [
                    0,
                    1
                  ]
                },
                "up": {
                  "uv": [
                    17,
                    12
                  ],
                  "uv_size": [
                    0,
                    0
                  ]
                },
                "down": {
                  "uv": [
                    17,
                    12
                  ],
                  "uv_size": [
                    0,
                    0
                  ]
                }
              },
              "inflate": 0
            },
            {
              "origin": [
                -6.1496,
                4.0057,
                -2.74231
              ],
              "size": [
                0.4992,
                1.0624,
                0.4992
              ],
              "pivot": [
                -5.9,
                3.2249,
                -3.29271
              ],
              "rotation": [
                90.0,
                0.0,
                0.0
              ],
              "uv": {
                "north": {
                  "uv": [
                    17,
                    10
                  ],
                  "uv_size": [
                    0,
                    1
                  ]
                },
                "east": {
                  "uv": [
                    17,
                    10
                  ],
                  "uv_size": [
                    0,
                    1
                  ]
                },
                "south": {
                  "uv": [
                    17,
                    10
                  ],
                  "uv_size": [
                    0,
                    1
                  ]
                },
                "west": {
                  "uv": [
                    17,
                    10
                  ],
                  "uv_size": [
                    0,
                    1
                  ]
                },
                "up": {
                  "uv": [
                    17,
                    10
                  ],
                  "uv_size": [
                    0,
                    0
                  ]
                },
                "down": {
                  "uv": [
                    17,
                    10
                  ],
                  "uv_size": [
                    0,
                    0
                  ]
                }
              },
              "inflate": 0
            },
            {
              "origin": [
                -6.1496,
                4.0057,
                -1.46231
              ],
              "size": [
                0.4992,
                1.0624,
                0.4992
              ],
              "pivot": [
                -5.9,
                3.2249,
                -3.29271
              ],
              "rotation": [
                90.0,
                0.0,
                0.0
              ],
              "uv": {
                "north": {
                  "uv": [
                    17,
                    14
                  ],
                  "uv_size": [
                    0,
                    1
                  ]
                },
                "east": {
                  "uv": [
                    17,
                    14
                  ],
                  "uv_size": [
                    0,
                    1
                  ]
                },
                "south": {
                  "uv": [
                    17,
                    14
                  ],
                  "uv_size": [
                    0,
                    1
                  ]
                },
                "west": {
                  "uv": [
                    17,
                    14
                  ],
                  "uv_size": [
                    0,
                    1
                  ]
                },
                "up": {
                  "uv": [
                    17,
                    14
                  ],
                  "uv_size": [
                    0,
                    0
                  ]
                },
                "down": {
                  "uv": [
                    17,
                    14
                  ],
                  "uv_size": [
                    0,
                    0
                  ]
                }
              },
              "inflate": 0
            },
            {
              "origin": [
                -6.1496,
                4.0057,
                -0.18231
              ],
              "size": [
                0.4992,
                1.0624,
                0.4992
              ],
              "pivot": [
                -5.9,
                3.2249,
                -3.29271
              ],
              "rotation": [
                90.0,
                0.0,
                0.0
              ],
              "uv": {
                "north": {
                  "uv": [
                    18,
                    0
                  ],
                  "uv_size": [
                    0,
                    1
                  ]
                },
                "east": {
                  "uv": [
                    18,
                    0
                  ],
                  "uv_size": [
                    0,
                    1
                  ]
                },
                "south": {
                  "uv": [
                    18,
                    0
                  ],
                  "uv_size": [
                    0,
                    1
                  ]
                },
                "west": {
                  "uv": [
                    18,
                    0
                  ],
                  "uv_size": [
                    0,
                    1
                  ]
                },
                "up": {
                  "uv": [
                    18,
                    0
                  ],
                  "uv_size": [
                    0,
                    0
                  ]
                },
                "down": {
                  "uv": [
                    18,
                    0
                  ],
                  "uv_size": [
                    0,
                    0
                  ]
                }
              },
              "inflate": 0
            },
            {
              "origin": [
                -6.1496,
                4.0057,
                1.09769
              ],
              "size": [
                0.4992,
                1.0624,
                0.4992
              ],
              "pivot": [
                -5.9,
                3.2249,
                -3.29271
              ],
              "rotation": [
                90.0,
                0.0,
                0.0
              ],
              "uv": {
                "north": {
                  "uv": [
                    18,
                    2
                  ],
                  "uv_size": [
                    0,
                    1
                  ]
                },
                "east": {
                  "uv": [
                    18,
                    2
                  ],
                  "uv_size": [
                    0,
                    1
                  ]
                },
                "south": {
                  "uv": [
                    18,
                    2
                  ],
                  "uv_size": [
                    0,
                    1
                  ]
                },
                "west": {
                  "uv": [
                    18,
                    2
                  ],
                  "uv_size": [
                    0,
                    1
                  ]
                },
                "up": {
                  "uv": [
                    18,
                    2
                  ],
                  "uv_size": [
                    0,
                    0
                  ]
                },
                "down": {
                  "uv": [
                    18,
                    2
                  ],
                  "uv_size": [
                    0,
                    0
                  ]
                }
              },
              "inflate": 0
            }
          ],
          "parent": "bone9"
        }
      ]
    }
  ]
}