{
  "format_version": "1.12.0",
  "minecraft:geometry": [
    {
      "description": {
        "identifier": "geometry.mn_pochita",
        "texture_width": 64,
        "texture_height": 64,
        "visible_bounds_width": 3,
        "visible_bounds_height": 2.5,
        "visible_bounds_offset": [
          0,
          0.75,
          0
        ]
      },
      "bones": [
        {
          "name": "bone6",
          "pivot": [
            2.9,
            -15,
            0
          ]
        },
        {
          "name": "bone5",
          "pivot": [
            -0.06,
            4.98,
            0.37
          ],
          "cubes": [
            {
              "origin": [
                2.16,
                4.61,
                4.07
              ],
              "size": [
                0.74,
                0.74,
                2.22
              ],
              "uv": {
                "north": {
                  "uv": [
                    15.2,
                    51.1
                  ],
                  "uv_size": [
                    -1.9,
                    2.2
                  ]
                },
                "east": {
                  "uv": [
                    15.2,
                    51.1
                  ],
                  "uv_size": [
                    -1.9,
                    2.2
                  ]
                },
                "south": {
                  "uv": [
                    15.2,
                    51.1
                  ],
                  "uv_size": [
                    -1.9,
                    2.2
                  ]
                },
                "west": {
                  "uv": [
                    15.2,
                    51.1
                  ],
                  "uv_size": [
                    -1.9,
                    2.2
                  ]
                },
                "up": {
                  "uv": [
                    13.3,
                    53.3
                  ],
                  "uv_size": [
                    1.9,
                    -2.2
                  ]
                },
                "down": {
                  "uv": [
                    13.3,
                    53.3
                  ],
                  "uv_size": [
                    1.9,
                    -2.2
                  ]
                }
              },
              "inflate": 0
            },
            {
              "origin": [
                -0.84,
                4.61,
                5.57
              ],
              "size": [
                3.74,
                0.74,
                0.74
              ],
              "uv": {
                "north": {
                  "uv": [
                    15.2,
                    51.1
                  ],
                  "uv_size": [
                    -1.9,
                    2.2
                  ]
                },
                "east": {
                  "uv": [
                    15.2,
                    51.1
                  ],
                  "uv_size": [
                    -1.9,
                    2.2
                  ]
                },
                "south": {
                  "uv": [
                    15.2,
                    51.1
                  ],
                  "uv_size": [
                    -1.9,
                    2.2
                  ]
                },
                "west": {
                  "uv": [
                    15.2,
                    51.1
                  ],
                  "uv_size": [
                    -1.9,
                    2.2
                  ]
                },
                "up": {
                  "uv": [
                    13.3,
                    53.3
                  ],
                  "uv_size": [
                    1.9,
                    -2.2
                  ]
                },
                "down": {
                  "uv": [
                    13.3,
                    53.3
                  ],
                  "uv_size": [
                    1.9,
                    -2.2
                  ]
                }
              },
              "inflate": 0
            },
            {
              "origin": [
                -0.84,
                4.61,
                4.07
              ],
              "size": [
                0.74,
                0.74,
                2.22
              ],
              "uv": {
                "north": {
                  "uv": [
                    15.2,
                    51.1
                  ],
                  "uv_size": [
                    -1.9,
                    2.2
                  ]
                },
                "east": {
                  "uv": [
                    15.2,
                    51.1
                  ],
                  "uv_size": [
                    -1.9,
                    2.2
                  ]
                },
                "south": {
                  "uv": [
                    15.2,
                    51.1
                  ],
                  "uv_size": [
                    -1.9,
                    2.2
                  ]
                },
                "west": {
                  "uv": [
                    15.2,
                    51.1
                  ],
                  "uv_size": [
                    -1.9,
                    2.2
                  ]
                },
                "up": {
                  "uv": [
                    13.3,
                    53.3
                  ],
                  "uv_size": [
                    1.9,
                    -2.2
                  ]
                },
                "down": {
                  "uv": [
                    13.3,
                    53.3
                  ],
                  "uv_size": [
                    1.9,
                    -2.2
                  ]
                }
              },
              "inflate": 0
            },
            {
              "origin": [
                -1.10022,
                4.58,
                2.65448
              ],
              "size": [
                0.74,
                0.74,
                1.22
              ],
              "pivot": [
                -2.47527,
                4.95,
                3.62396
              ],
              "rotation": [
                0.0,
                -80.5,
                0.0
              ],
              "uv": {
                "north": {
                  "uv": [
                    15.2,
                    51.1
                  ],
                  "uv_size": [
                    -1.9,
                    2.2
                  ]
                },
                "east": {
                  "uv": [
                    15.2,
                    51.1
                  ],
                  "uv_size": [
                    -1.9,
                    2.2
                  ]
                },
                "south": {
                  "uv": [
                    15.2,
                    51.1
                  ],
                  "uv_size": [
                    -1.9,
                    2.2
                  ]
                },
                "west": {
                  "uv": [
                    15.2,
                    51.1
                  ],
                  "uv_size": [
                    -1.9,
                    2.2
                  ]
                },
                "up": {
                  "uv": [
                    13.3,
                    53.3
                  ],
                  "uv_size": [
                    1.9,
                    -2.2
                  ]
                },
                "down": {
                  "uv": [
                    13.3,
                    53.3
                  ],
                  "uv_size": [
                    1.9,
                    -2.2
                  ]
                }
              },
              "inflate": 0
            },
            {
              "origin": [
                -1.94645,
                4.58,
                3.50812
              ],
              "size": [
                0.74,
                0.74,
                1.22
              ],
              "pivot": [
                -2.76487,
                4.95,
                4.12259
              ],
              "rotation": [
                -180.0,
                -82.0,
                180.0
              ],
              "uv": {
                "north": {
                  "uv": [
                    15.2,
                    51.1
                  ],
                  "uv_size": [
                    -1.9,
                    2.2
                  ]
                },
                "east": {
                  "uv": [
                    15.2,
                    51.1
                  ],
                  "uv_size": [
                    -1.9,
                    2.2
                  ]
                },
                "south": {
                  "uv": [
                    15.2,
                    51.1
                  ],
                  "uv_size": [
                    -1.9,
                    2.2
                  ]
                },
                "west": {
                  "uv": [
                    15.2,
                    51.1
                  ],
                  "uv_size": [
                    -1.9,
                    2.2
                  ]
                },
                "up": {
                  "uv": [
                    13.3,
                    53.3
                  ],
                  "uv_size": [
                    1.9,
                    -2.2
                  ]
                },
                "down": {
                  "uv": [
                    13.3,
                    53.3
                  ],
                  "uv_size": [
                    1.9,
                    -2.2
                  ]
                }
              },
              "inflate": 0
            },
            {
              "origin": [
                -4.75601,
                3.54842,
                5.38069
              ],
              "size": [
                0.74,
                2.738,
                0.74
              ],
              "pivot": [
                -4.38601,
                4.91829,
                5.2051
              ],
              "rotation": [
                -89.8255,
                2.49391,
                89.0038
              ],
              "uv": {
                "north": {
                  "uv": [
                    15.2,
                    51.1
                  ],
                  "uv_size": [
                    -1.9,
                    2.2
                  ]
                },
                "east": {
                  "uv": [
                    15.2,
                    51.1
                  ],
                  "uv_size": [
                    -1.9,
                    2.2
                  ]
                },
                "south": {
                  "uv": [
                    15.2,
                    51.1
                  ],
                  "uv_size": [
                    -1.9,
                    2.2
                  ]
                },
                "west": {
                  "uv": [
                    15.2,
                    51.1
                  ],
                  "uv_size": [
                    -1.9,
                    2.2
                  ]
                },
                "up": {
                  "uv": [
                    13.3,
                    53.3
                  ],
                  "uv_size": [
                    1.9,
                    -2.2
                  ]
                },
                "down": {
                  "uv": [
                    13.3,
                    53.3
                  ],
                  "uv_size": [
                    1.9,
                    -2.2
                  ]
                }
              },
              "inflate": 0
            },
            {
              "origin": [
                -4.75601,
                4.49322,
                5.35646
              ],
              "size": [
                0.74,
                1.48,
                0.74
              ],
              "pivot": [
                -4.38601,
                4.91829,
                5.2051
              ],
              "rotation": [
                137.6745,
                2.49391,
                89.0038
              ],
              "uv": {
                "north": {
                  "uv": [
                    15.2,
                    51.1
                  ],
                  "uv_size": [
                    -1.9,
                    2.2
                  ]
                },
                "east": {
                  "uv": [
                    15.2,
                    51.1
                  ],
                  "uv_size": [
                    -1.9,
                    2.2
                  ]
                },
                "south": {
                  "uv": [
                    15.2,
                    51.1
                  ],
                  "uv_size": [
                    -1.9,
                    2.2
                  ]
                },
                "west": {
                  "uv": [
                    15.2,
                    51.1
                  ],
                  "uv_size": [
                    -1.9,
                    2.2
                  ]
                },
                "up": {
                  "uv": [
                    13.3,
                    53.3
                  ],
                  "uv_size": [
                    1.9,
                    -2.2
                  ]
                },
                "down": {
                  "uv": [
                    13.3,
                    53.3
                  ],
                  "uv_size": [
                    1.9,
                    -2.2
                  ]
                }
              },
              "inflate": 0
            },
            {
              "origin": [
                -4.75601,
                3.86336,
                5.35646
              ],
              "size": [
                0.74,
                1.48,
                0.74
              ],
              "pivot": [
                -4.38601,
                4.91829,
                5.2051
              ],
              "rotation": [
                42.6745,
                2.49391,
                89.0038
              ],
              "uv": {
                "north": {
                  "uv": [
                    15.2,
                    51.1
                  ],
                  "uv_size": [
                    -1.9,
                    2.2
                  ]
                },
                "east": {
                  "uv": [
                    15.2,
                    51.1
                  ],
                  "uv_size": [
                    -1.9,
                    2.2
                  ]
                },
                "south": {
                  "uv": [
                    15.2,
                    51.1
                  ],
                  "uv_size": [
                    -1.9,
                    2.2
                  ]
                },
                "west": {
                  "uv": [
                    15.2,
                    51.1
                  ],
                  "uv_size": [
                    -1.9,
                    2.2
                  ]
                },
                "up": {
                  "uv": [
                    13.3,
                    53.3
                  ],
                  "uv_size": [
                    1.9,
                    -2.2
                  ]
                },
                "down": {
                  "uv": [
                    13.3,
                    53.3
                  ],
                  "uv_size": [
                    1.9,
                    -2.2
                  ]
                }
              },
              "inflate": 0
            },
            {
              "origin": [
                -4.75601,
                4.54829,
                4.28952
              ],
              "size": [
                0.74,
                0.74,
                0.74
              ],
              "pivot": [
                -4.38601,
                4.91829,
                5.2051
              ],
              "rotation": [
                -89.8255,
                2.49391,
                89.0038
              ],
              "uv": {
                "north": {
                  "uv": [
                    15.2,
                    51.1
                  ],
                  "uv_size": [
                    -1.9,
                    2.2
                  ]
                },
                "east": {
                  "uv": [
                    15.2,
                    51.1
                  ],
                  "uv_size": [
                    -1.9,
                    2.2
                  ]
                },
                "south": {
                  "uv": [
                    15.2,
                    51.1
                  ],
                  "uv_size": [
                    -1.9,
                    2.2
                  ]
                },
                "west": {
                  "uv": [
                    15.2,
                    51.1
                  ],
                  "uv_size": [
                    -1.9,
                    2.2
                  ]
                },
                "up": {
                  "uv": [
                    13.3,
                    53.3
                  ],
                  "uv_size": [
                    1.9,
                    -2.2
                  ]
                },
                "down": {
                  "uv": [
                    13.3,
                    53.3
                  ],
                  "uv_size": [
                    1.9,
                    -2.2
                  ]
                }
              },
              "inflate": 0
            },
            {
              "origin": [
                -3.168,
                4.388,
                -4.81
              ],
              "size": [
                5.18,
                5.106,
                9.62
              ],
              "pivot": [
                0.68,
                6.238,
                1.11
              ],
              "rotation": [
                0.0,
                0.0,
                -90.0
              ],
              "uv": {
                "north": {
                  "uv": [
                    0,
                    40
                  ],
                  "uv_size": [
                    28,
                    24
                  ]
                },
                "east": {
                  "uv": [
                    30,
                    40
                  ],
                  "uv_size": [
                    24,
                    24
                  ]
                },
                "south": {
                  "uv": [
                    30,
                    40
                  ],
                  "uv_size": [
                    24,
                    24
                  ]
                },
                "west": {
                  "uv": [
                    30,
                    40
                  ],
                  "uv_size": [
                    24,
                    24
                  ]
                },
                "up": {
                  "uv": [
                    54,
                    64
                  ],
                  "uv_size": [
                    -24,
                    -24
                  ]
                },
                "down": {
                  "uv": [
                    54,
                    64
                  ],
                  "uv_size": [
                    -24,
                    -24
                  ]
                }
              },
              "inflate": 0
            },
            {
              "origin": [
                -1.91,
                4.24,
                4.81
              ],
              "size": [
                0.74,
                1.48,
                0.74
              ],
              "uv": {
                "north": {
                  "uv": [
                    30,
                    40
                  ],
                  "uv_size": [
                    24,
                    24
                  ]
                },
                "east": {
                  "uv": [
                    30,
                    40
                  ],
                  "uv_size": [
                    24,
                    24
                  ]
                },
                "south": {
                  "uv": [
                    30,
                    40
                  ],
                  "uv_size": [
                    24,
                    24
                  ]
                },
                "west": {
                  "uv": [
                    30,
                    40
                  ],
                  "uv_size": [
                    24,
                    24
                  ]
                },
                "up": {
                  "uv": [
                    54,
                    64
                  ],
                  "uv_size": [
                    -24,
                    -24
                  ]
                },
                "down": {
                  "uv": [
                    54,
                    64
                  ],
                  "uv_size": [
                    -24,
                    -24
                  ]
                }
              },
              "inflate": 0
            }
          ],
          "parent": "bone6",
          "rotation": [
            0,
            0,
            90
          ]
        },
        {
          "name": "bone4",
          "pivot": [
            -0.06,
            4.98,
            0
          ],
          "cubes": [
            {
              "origin": [
                -3.39,
                2.76,
                -3.7
              ],
              "size": [
                6.66,
                4.44,
                7.4
              ],
              "uv": {
                "north": {
                  "uv": [
                    30,
                    40
                  ],
                  "uv_size": [
                    24,
                    24
                  ]
                },
                "east": {
                  "uv": [
                    30,
                    40
                  ],
                  "uv_size": [
                    24,
                    24
                  ]
                },
                "south": {
                  "uv": [
                    30,
                    40
                  ],
                  "uv_size": [
                    24,
                    24
                  ]
                },
                "west": {
                  "uv": [
                    30,
                    40
                  ],
                  "uv_size": [
                    24,
                    24
                  ]
                },
                "up": {
                  "uv": [
                    54,
                    64
                  ],
                  "uv_size": [
                    -24,
                    -24
                  ]
                },
                "down": {
                  "uv": [
                    54,
                    64
                  ],
                  "uv_size": [
                    -24,
                    -24
                  ]
                }
              },
              "inflate": 0
            }
          ],
          "parent": "bone6",
          "rotation": [
            0,
            0,
            90
          ]
        },
        {
          "name": "bone3",
          "pivot": [
            -0.06,
            2.02,
            0
          ],
          "cubes": [
            {
              "origin": [
                -3.5528,
                9.04673,
                -3.30198
              ],
              "size": [
                0.74,
                0.9176,
                4.736
              ],
              "pivot": [
                -0.06,
                8.76553,
                -0.00898
              ],
              "rotation": [
                70.0,
                0.0,
                0.0
              ],
              "uv": {
                "north": {
                  "uv": [
                    14.6,
                    50.5
                  ],
                  "uv_size": [
                    0.3,
                    3.7
                  ]
                },
                "east": {
                  "uv": [
                    14.6,
                    50.5
                  ],
                  "uv_size": [
                    0.3,
                    3.7
                  ]
                },
                "south": {
                  "uv": [
                    14.6,
                    50.5
                  ],
                  "uv_size": [
                    0.3,
                    3.7
                  ]
                },
                "west": {
                  "uv": [
                    14.6,
                    50.5
                  ],
                  "uv_size": [
                    0.3,
                    3.7
                  ]
                },
                "up": {
                  "uv": [
                    14.9,
                    54.2
                  ],
                  "uv_size": [
                    -0.3,
                    -3.7
                  ]
                },
                "down": {
                  "uv": [
                    14.9,
                    54.2
                  ],
                  "uv_size": [
                    -0.3,
                    -3.7
                  ]
                }
              },
              "inflate": 0
            },
            {
              "origin": [
                -2.8572,
                9.04673,
                0.39802
              ],
              "size": [
                5.55,
                0.9176,
                1.036
              ],
              "pivot": [
                -0.06,
                8.76553,
                -0.00898
              ],
              "rotation": [
                70.0,
                0.0,
                0.0
              ],
              "uv": {
                "north": {
                  "uv": [
                    14.6,
                    50.5
                  ],
                  "uv_size": [
                    0.3,
                    3.7
                  ]
                },
                "east": {
                  "uv": [
                    14.6,
                    50.5
                  ],
                  "uv_size": [
                    0.3,
                    3.7
                  ]
                },
                "south": {
                  "uv": [
                    14.6,
                    50.5
                  ],
                  "uv_size": [
                    0.3,
                    3.7
                  ]
                },
                "west": {
                  "uv": [
                    14.6,
                    50.5
                  ],
                  "uv_size": [
                    0.3,
                    3.7
                  ]
                },
                "up": {
                  "uv": [
                    14.9,
                    54.2
                  ],
                  "uv_size": [
                    -0.3,
                    -3.7
                  ]
                },
                "down": {
                  "uv": [
                    14.9,
                    54.2
                  ],
                  "uv_size": [
                    -0.3,
                    -3.7
                  ]
                }
              },
              "inflate": 0
            },
            {
              "origin": [
                2.6928,
                9.04673,
                -3.30198
              ],
              "size": [
                0.74,
                0.9176,
                4.736
              ],
              "pivot": [
                -0.06,
                8.76553,
                -0.00898
              ],
              "rotation": [
                70.0,
                0.0,
                0.0
              ],
              "uv": {
                "north": {
                  "uv": [
                    14.6,
                    50.5
                  ],
                  "uv_size": [
                    0.3,
                    3.7
                  ]
                },
                "east": {
                  "uv": [
                    14.6,
                    50.5
                  ],
                  "uv_size": [
                    0.3,
                    3.7
                  ]
                },
                "south": {
                  "uv": [
                    14.6,
                    50.5
                  ],
                  "uv_size": [
                    0.3,
                    3.7
                  ]
                },
                "west": {
                  "uv": [
                    14.6,
                    50.5
                  ],
                  "uv_size": [
                    0.3,
                    3.7
                  ]
                },
                "up": {
                  "uv": [
                    14.9,
                    54.2
                  ],
                  "uv_size": [
                    -0.3,
                    -3.7
                  ]
                },
                "down": {
                  "uv": [
                    14.9,
                    54.2
                  ],
                  "uv_size": [
                    -0.3,
                    -3.7
                  ]
                }
              },
              "inflate": 0
            },
            {
              "origin": [
                -3.39,
                2.76,
                -3.7
              ],
              "size": [
                6.66,
                4.44,
                7.4
              ],
              "uv": {
                "north": {
                  "uv": [
                    30,
                    40
                  ],
                  "uv_size": [
                    24,
                    24
                  ]
                },
                "east": {
                  "uv": [
                    30,
                    40
                  ],
                  "uv_size": [
                    24,
                    24
                  ]
                },
                "south": {
                  "uv": [
                    30,
                    40
                  ],
                  "uv_size": [
                    24,
                    24
                  ]
                },
                "west": {
                  "uv": [
                    30,
                    40
                  ],
                  "uv_size": [
                    24,
                    24
                  ]
                },
                "up": {
                  "uv": [
                    54,
                    64
                  ],
                  "uv_size": [
                    -24,
                    -24
                  ]
                },
                "down": {
                  "uv": [
                    54,
                    64
                  ],
                  "uv_size": [
                    -24,
                    -24
                  ]
                }
              },
              "inflate": 0
            }
          ],
          "parent": "bone6"
        },
        {
          "name": "bone2",
          "pivot": [
            -0.06,
            2.02,
            0
          ],
          "cubes": [
            {
              "origin": [
                -3.02,
                2.02,
                -4.44
              ],
              "size": [
                5.92,
                5.92,
                8.88
              ],
              "uv": {
                "north": {
                  "uv": [
                    30,
                    40
                  ],
                  "uv_size": [
                    24,
                    24
                  ]
                },
                "east": {
                  "uv": [
                    30,
                    40
                  ],
                  "uv_size": [
                    24,
                    24
                  ]
                },
                "south": {
                  "uv": [
                    30,
                    40
                  ],
                  "uv_size": [
                    24,
                    24
                  ]
                },
                "west": {
                  "uv": [
                    30,
                    40
                  ],
                  "uv_size": [
                    24,
                    24
                  ]
                },
                "up": {
                  "uv": [
                    54,
                    64
                  ],
                  "uv_size": [
                    -24,
                    -24
                  ]
                },
                "down": {
                  "uv": [
                    54,
                    64
                  ],
                  "uv_size": [
                    -24,
                    -24
                  ]
                }
              },
              "inflate": 0
            },
            {
              "origin": [
                -0.43,
                4.98,
                -9.62
              ],
              "size": [
                0.74,
                3.7,
                8.14
              ],
              "uv": {
                "north": {
                  "uv": [
                    11,
                    10
                  ],
                  "uv_size": [
                    1,
                    6
                  ]
                },
                "east": {
                  "uv": [
                    0,
                    10
                  ],
                  "uv_size": [
                    11,
                    7
                  ]
                },
                "south": {
                  "uv": [
                    23,
                    10
                  ],
                  "uv_size": [
                    1,
                    6
                  ]
                },
                "west": {
                  "uv": [
                    12,
                    10
                  ],
                  "uv_size": [
                    11,
                    7
                  ]
                },
                "up": {
                  "uv": [
                    10,
                    0
                  ],
                  "uv_size": [
                    2,
                    10
                  ]
                },
                "down": {
                  "uv": [
                    12,
                    10
                  ],
                  "uv_size": [
                    2,
                    -10
                  ]
                }
              },
              "inflate": 0
            },
            {
              "origin": [
                -0.4448,
                8.2952,
                -9.5608
              ],
              "size": [
                0.7696,
                0.3996,
                8.2436
              ],
              "uv": {
                "north": {
                  "uv": [
                    0,
                    19.6
                  ],
                  "uv_size": [
                    13.9,
                    -0.8
                  ]
                },
                "east": {
                  "uv": [
                    0,
                    19.6
                  ],
                  "uv_size": [
                    13.9,
                    -0.8
                  ]
                },
                "south": {
                  "uv": [
                    0,
                    19.6
                  ],
                  "uv_size": [
                    13.9,
                    -0.8
                  ]
                },
                "west": {
                  "uv": [
                    0,
                    19.6
                  ],
                  "uv_size": [
                    13.9,
                    -0.8
                  ]
                },
                "up": {
                  "uv": [
                    13.9,
                    18.8
                  ],
                  "uv_size": [
                    -13.9,
                    0.8
                  ]
                },
                "down": {
                  "uv": [
                    13.9,
                    18.8
                  ],
                  "uv_size": [
                    -13.9,
                    0.8
                  ]
                }
              },
              "inflate": 0
            },
            {
              "origin": [
                -0.4448,
                4.9652,
                -9.3608
              ],
              "size": [
                0.7696,
                0.3996,
                8.0436
              ],
              "uv": {
                "north": {
                  "uv": [
                    0,
                    19.6
                  ],
                  "uv_size": [
                    13.9,
                    -0.8
                  ]
                },
                "east": {
                  "uv": [
                    0,
                    19.6
                  ],
                  "uv_size": [
                    13.9,
                    -0.8
                  ]
                },
                "south": {
                  "uv": [
                    0,
                    19.6
                  ],
                  "uv_size": [
                    13.9,
                    -0.8
                  ]
                },
                "west": {
                  "uv": [
                    0,
                    19.6
                  ],
                  "uv_size": [
                    13.9,
                    -0.8
                  ]
                },
                "up": {
                  "uv": [
                    13.9,
                    18.8
                  ],
                  "uv_size": [
                    -13.9,
                    0.8
                  ]
                },
                "down": {
                  "uv": [
                    13.9,
                    18.8
                  ],
                  "uv_size": [
                    -13.9,
                    0.8
                  ]
                }
              },
              "inflate": 0
            },
            {
              "origin": [
                -0.4448,
                5.9272,
                -5.9348
              ],
              "size": [
                0.7696,
                0.3996,
                3.7296
              ],
              "pivot": [
                -0.06,
                9.198,
                -6.438
              ],
              "rotation": [
                -90.0,
                0.0,
                0.0
              ],
              "uv": {
                "north": {
                  "uv": [
                    0,
                    19.6
                  ],
                  "uv_size": [
                    13.9,
                    -0.8
                  ]
                },
                "east": {
                  "uv": [
                    0,
                    19.6
                  ],
                  "uv_size": [
                    13.9,
                    -0.8
                  ]
                },
                "south": {
                  "uv": [
                    0,
                    19.6
                  ],
                  "uv_size": [
                    13.9,
                    -0.8
                  ]
                },
                "west": {
                  "uv": [
                    0,
                    19.6
                  ],
                  "uv_size": [
                    13.9,
                    -0.8
                  ]
                },
                "up": {
                  "uv": [
                    13.9,
                    18.8
                  ],
                  "uv_size": [
                    -13.9,
                    0.8
                  ]
                },
                "down": {
                  "uv": [
                    13.9,
                    18.8
                  ],
                  "uv_size": [
                    -13.9,
                    0.8
                  ]
                }
              },
              "inflate": 0
            },
            {
              "origin": [
                -0.3338,
                8.1324,
                -9.5238
              ],
              "size": [
                0.5476,
                1.0952,
                0.5476
              ],
              "uv": {
                "north": {
                  "uv": [
                    63,
                    0
                  ],
                  "uv_size": [
                    1,
                    2.5
                  ]
                },
                "east": {
                  "uv": [
                    63,
                    0
                  ],
                  "uv_size": [
                    1,
                    2.5
                  ]
                },
                "south": {
                  "uv": [
                    63,
                    0
                  ],
                  "uv_size": [
                    1,
                    2.5
                  ]
                },
                "west": {
                  "uv": [
                    63,
                    0
                  ],
                  "uv_size": [
                    1,
                    2.5
                  ]
                },
                "up": {
                  "uv": [
                    64,
                    2.5
                  ],
                  "uv_size": [
                    -1,
                    -2.5
                  ]
                },
                "down": {
                  "uv": [
                    64,
                    2.5
                  ],
                  "uv_size": [
                    -1,
                    -2.5
                  ]
                }
              },
              "inflate": 0
            },
            {
              "origin": [
                -0.3338,
                8.1324,
                -2.1238
              ],
              "size": [
                0.5476,
                1.0952,
                0.5476
              ],
              "uv": {
                "north": {
                  "uv": [
                    63,
                    0
                  ],
                  "uv_size": [
                    1,
                    2.5
                  ]
                },
                "east": {
                  "uv": [
                    63,
                    0
                  ],
                  "uv_size": [
                    1,
                    2.5
                  ]
                },
                "south": {
                  "uv": [
                    63,
                    0
                  ],
                  "uv_size": [
                    1,
                    2.5
                  ]
                },
                "west": {
                  "uv": [
                    63,
                    0
                  ],
                  "uv_size": [
                    1,
                    2.5
                  ]
                },
                "up": {
                  "uv": [
                    64,
                    2.5
                  ],
                  "uv_size": [
                    -1,
                    -2.5
                  ]
                },
                "down": {
                  "uv": [
                    64,
                    2.5
                  ],
                  "uv_size": [
                    -1,
                    -2.5
                  ]
                }
              },
              "inflate": 0
            },
            {
              "origin": [
                -0.3338,
                8.1324,
                -8.0438
              ],
              "size": [
                0.5476,
                1.0952,
                0.5476
              ],
              "uv": {
                "north": {
                  "uv": [
                    63,
                    0
                  ],
                  "uv_size": [
                    1,
                    2.5
                  ]
                },
                "east": {
                  "uv": [
                    63,
                    0
                  ],
                  "uv_size": [
                    1,
                    2.5
                  ]
                },
                "south": {
                  "uv": [
                    63,
                    0
                  ],
                  "uv_size": [
                    1,
                    2.5
                  ]
                },
                "west": {
                  "uv": [
                    63,
                    0
                  ],
                  "uv_size": [
                    1,
                    2.5
                  ]
                },
                "up": {
                  "uv": [
                    64,
                    2.5
                  ],
                  "uv_size": [
                    -1,
                    -2.5
                  ]
                },
                "down": {
                  "uv": [
                    64,
                    2.5
                  ],
                  "uv_size": [
                    -1,
                    -2.5
                  ]
                }
              },
              "inflate": 0
            },
            {
              "origin": [
                -0.3338,
                8.1324,
                -6.5638
              ],
              "size": [
                0.5476,
                1.0952,
                0.5476
              ],
              "uv": {
                "north": {
                  "uv": [
                    63,
                    0
                  ],
                  "uv_size": [
                    1,
                    2.5
                  ]
                },
                "east": {
                  "uv": [
                    63,
                    0
                  ],
                  "uv_size": [
                    1,
                    2.5
                  ]
                },
                "south": {
                  "uv": [
                    63,
                    0
                  ],
                  "uv_size": [
                    1,
                    2.5
                  ]
                },
                "west": {
                  "uv": [
                    63,
                    0
                  ],
                  "uv_size": [
                    1,
                    2.5
                  ]
                },
                "up": {
                  "uv": [
                    64,
                    2.5
                  ],
                  "uv_size": [
                    -1,
                    -2.5
                  ]
                },
                "down": {
                  "uv": [
                    64,
                    2.5
                  ],
                  "uv_size": [
                    -1,
                    -2.5
                  ]
                }
              },
              "inflate": 0
            },
            {
              "origin": [
                -0.3338,
                8.1324,
                -5.0838
              ],
              "size": [
                0.5476,
                1.0952,
                0.5476
              ],
              "uv": {
                "north": {
                  "uv": [
                    63,
                    0
                  ],
                  "uv_size": [
                    1,
                    2.5
                  ]
                },
                "east": {
                  "uv": [
                    63,
                    0
                  ],
                  "uv_size": [
                    1,
                    2.5
                  ]
                },
                "south": {
                  "uv": [
                    63,
                    0
                  ],
                  "uv_size": [
                    1,
                    2.5
                  ]
                },
                "west": {
                  "uv": [
                    63,
                    0
                  ],
                  "uv_size": [
                    1,
                    2.5
                  ]
                },
                "up": {
                  "uv": [
                    64,
                    2.5
                  ],
                  "uv_size": [
                    -1,
                    -2.5
                  ]
                },
                "down": {
                  "uv": [
                    64,
                    2.5
                  ],
                  "uv_size": [
                    -1,
                    -2.5
                  ]
                }
              },
              "inflate": 0
            },
            {
              "origin": [
                -0.3338,
                8.1324,
                -3.6038
              ],
              "size": [
                0.5476,
                1.0952,
                0.5476
              ],
              "uv": {
                "north": {
                  "uv": [
                    63,
                    0
                  ],
                  "uv_size": [
                    1,
                    2.5
                  ]
                },
                "east": {
                  "uv": [
                    63,
                    0
                  ],
                  "uv_size": [
                    1,
                    2.5
                  ]
                },
                "south": {
                  "uv": [
                    63,
                    0
                  ],
                  "uv_size": [
                    1,
                    2.5
                  ]
                },
                "west": {
                  "uv": [
                    63,
                    0
                  ],
                  "uv_size": [
                    1,
                    2.5
                  ]
                },
                "up": {
                  "uv": [
                    64,
                    2.5
                  ],
                  "uv_size": [
                    -1,
                    -2.5
                  ]
                },
                "down": {
                  "uv": [
                    64,
                    2.5
                  ],
                  "uv_size": [
                    -1,
                    -2.5
                  ]
                }
              },
              "inflate": 0
            },
            {
              "origin": [
                -0.3338,
                4.4324,
                -2.1238
              ],
              "size": [
                0.5476,
                1.0952,
                0.5476
              ],
              "uv": {
                "north": {
                  "uv": [
                    0,
                    0
                  ],
                  "uv_size": [
                    0,
                    1
                  ]
                },
                "east": {
                  "uv": [
                    0,
                    0
                  ],
                  "uv_size": [
                    0,
                    1
                  ]
                },
                "south": {
                  "uv": [
                    0,
                    0
                  ],
                  "uv_size": [
                    0,
                    1
                  ]
                },
                "west": {
                  "uv": [
                    0,
                    0
                  ],
                  "uv_size": [
                    0,
                    1
                  ]
                },
                "up": {
                  "uv": [
                    0,
                    0
                  ],
                  "uv_size": [
                    0,
                    0
                  ]
                },
                "down": {
                  "uv": [
                    0,
                    0
                  ],
                  "uv_size": [
                    0,
                    0
                  ]
                }
              },
              "inflate": 0
            },
            {
              "origin": [
                -0.3338,
                4.4324,
                -3.6038
              ],
              "size": [
                0.5476,
                1.0952,
                0.5476
              ],
              "uv": {
                "north": {
                  "uv": [
                    0,
                    0
                  ],
                  "uv_size": [
                    0,
                    1
                  ]
                },
                "east": {
                  "uv": [
                    0,
                    0
                  ],
                  "uv_size": [
                    0,
                    1
                  ]
                },
                "south": {
                  "uv": [
                    0,
                    0
                  ],
                  "uv_size": [
                    0,
                    1
                  ]
                },
                "west": {
                  "uv": [
                    0,
                    0
                  ],
                  "uv_size": [
                    0,
                    1
                  ]
                },
                "up": {
                  "uv": [
                    0,
                    0
                  ],
                  "uv_size": [
                    0,
                    0
                  ]
                },
                "down": {
                  "uv": [
                    0,
                    0
                  ],
                  "uv_size": [
                    0,
                    0
                  ]
                }
              },
              "inflate": 0
            },
            {
              "origin": [
                -0.3338,
                4.4324,
                -6.5638
              ],
              "size": [
                0.5476,
                1.0952,
                0.5476
              ],
              "uv": {
                "north": {
                  "uv": [
                    63,
                    0
                  ],
                  "uv_size": [
                    1,
                    2.5
                  ]
                },
                "east": {
                  "uv": [
                    63,
                    0
                  ],
                  "uv_size": [
                    1,
                    2.5
                  ]
                },
                "south": {
                  "uv": [
                    63,
                    0
                  ],
                  "uv_size": [
                    1,
                    2.5
                  ]
                },
                "west": {
                  "uv": [
                    63,
                    0
                  ],
                  "uv_size": [
                    1,
                    2.5
                  ]
                },
                "up": {
                  "uv": [
                    64,
                    2.5
                  ],
                  "uv_size": [
                    -1,
                    -2.5
                  ]
                },
                "down": {
                  "uv": [
                    64,
                    2.5
                  ],
                  "uv_size": [
                    -1,
                    -2.5
                  ]
                }
              },
              "inflate": 0
            },
            {
              "origin": [
                -0.3338,
                4.4324,
                -5.0838
              ],
              "size": [
                0.5476,
                1.0952,
                0.5476
              ],
              "uv": {
                "north": {
                  "uv": [
                    63,
                    0
                  ],
                  "uv_size": [
                    1,
                    2.5
                  ]
                },
                "east": {
                  "uv": [
                    63,
                    0
                  ],
                  "uv_size": [
                    1,
                    2.5
                  ]
                },
                "south": {
                  "uv": [
                    63,
                    0
                  ],
                  "uv_size": [
                    1,
                    2.5
                  ]
                },
                "west": {
                  "uv": [
                    63,
                    0
                  ],
                  "uv_size": [
                    1,
                    2.5
                  ]
                },
                "up": {
                  "uv": [
                    64,
                    2.5
                  ],
                  "uv_size": [
                    -1,
                    -2.5
                  ]
                },
                "down": {
                  "uv": [
                    64,
                    2.5
                  ],
                  "uv_size": [
                    -1,
                    -2.5
                  ]
                }
              },
              "inflate": 0
            },
            {
              "origin": [
                -0.3338,
                4.4324,
                -8.0438
              ],
              "size": [
                0.5476,
                1.0952,
                0.5476
              ],
              "uv": {
                "north": {
                  "uv": [
                    63,
                    0
                  ],
                  "uv_size": [
                    1,
                    2.5
                  ]
                },
                "east": {
                  "uv": [
                    63,
                    0
                  ],
                  "uv_size": [
                    1,
                    2.5
                  ]
                },
                "south": {
                  "uv": [
                    63,
                    0
                  ],
                  "uv_size": [
                    1,
                    2.5
                  ]
                },
                "west": {
                  "uv": [
                    63,
                    0
                  ],
                  "uv_size": [
                    1,
                    2.5
                  ]
                },
                "up": {
                  "uv": [
                    64,
                    2.5
                  ],
                  "uv_size": [
                    -1,
                    -2.5
                  ]
                },
                "down": {
                  "uv": [
                    64,
                    2.5
                  ],
                  "uv_size": [
                    -1,
                    -2.5
                  ]
                }
              },
              "inflate": 0
            },
            {
              "origin": [
                -0.3338,
                4.4324,
                -9.5238
              ],
              "size": [
                0.5476,
                1.0952,
                0.5476
              ],
              "uv": {
                "north": {
                  "uv": [
                    63,
                    0
                  ],
                  "uv_size": [
                    1,
                    2.5
                  ]
                },
                "east": {
                  "uv": [
                    63,
                    0
                  ],
                  "uv_size": [
                    1,
                    2.5
                  ]
                },
                "south": {
                  "uv": [
                    63,
                    0
                  ],
                  "uv_size": [
                    1,
                    2.5
                  ]
                },
                "west": {
                  "uv": [
                    63,
                    0
                  ],
                  "uv_size": [
                    1,
                    2.5
                  ]
                },
                "up": {
                  "uv": [
                    64,
                    2.5
                  ],
                  "uv_size": [
                    -1,
                    -2.5
                  ]
                },
                "down": {
                  "uv": [
                    64,
                    2.5
                  ],
                  "uv_size": [
                    -1,
                    -2.5
                  ]
                }
              },
              "inflate": 0
            },
            {
              "origin": [
                -0.3338,
                4.1364,
                -9.8938
              ],
              "size": [
                0.5476,
                1.0952,
                0.5476
              ],
              "pivot": [
                -0.06,
                4.98,
                -9.25
              ],
              "rotation": [
                -90.0,
                0.0,
                0.0
              ],
              "uv": {
                "north": {
                  "uv": [
                    63,
                    0
                  ],
                  "uv_size": [
                    1,
                    2.5
                  ]
                },
                "east": {
                  "uv": [
                    63,
                    0
                  ],
                  "uv_size": [
                    1,
                    2.5
                  ]
                },
                "south": {
                  "uv": [
                    63,
                    0
                  ],
                  "uv_size": [
                    1,
                    2.5
                  ]
                },
                "west": {
                  "uv": [
                    63,
                    0
                  ],
                  "uv_size": [
                    1,
                    2.5
                  ]
                },
                "up": {
                  "uv": [
                    64,
                    2.5
                  ],
                  "uv_size": [
                    -1,
                    -2.5
                  ]
                },
                "down": {
                  "uv": [
                    64,
                    2.5
                  ],
                  "uv_size": [
                    -1,
                    -2.5
                  ]
                }
              },
              "inflate": 0
            },
            {
              "origin": [
                -0.3338,
                4.1364,
                -11.3738
              ],
              "size": [
                0.5476,
                1.0952,
                0.5476
              ],
              "pivot": [
                -0.06,
                4.98,
                -9.25
              ],
              "rotation": [
                -90.0,
                0.0,
                0.0
              ],
              "uv": {
                "north": {
                  "uv": [
                    63,
                    0
                  ],
                  "uv_size": [
                    1,
                    2.5
                  ]
                },
                "east": {
                  "uv": [
                    63,
                    0
                  ],
                  "uv_size": [
                    1,
                    2.5
                  ]
                },
                "south": {
                  "uv": [
                    63,
                    0
                  ],
                  "uv_size": [
                    1,
                    2.5
                  ]
                },
                "west": {
                  "uv": [
                    63,
                    0
                  ],
                  "uv_size": [
                    1,
                    2.5
                  ]
                },
                "up": {
                  "uv": [
                    64,
                    2.5
                  ],
                  "uv_size": [
                    -1,
                    -2.5
                  ]
                },
                "down": {
                  "uv": [
                    64,
                    2.5
                  ],
                  "uv_size": [
                    -1,
                    -2.5
                  ]
                }
              },
              "inflate": 0
            },
            {
              "origin": [
                -0.3338,
                4.1364,
                -12.8538
              ],
              "size": [
                0.5476,
                1.0952,
                0.5476
              ],
              "pivot": [
                -0.06,
                4.98,
                -9.25
              ],
              "rotation": [
                -90.0,
                0.0,
                0.0
              ],
              "uv": {
                "north": {
                  "uv": [
                    63,
                    0
                  ],
                  "uv_size": [
                    1,
                    2.5
                  ]
                },
                "east": {
                  "uv": [
                    63,
                    0
                  ],
                  "uv_size": [
                    1,
                    2.5
                  ]
                },
                "south": {
                  "uv": [
                    63,
                    0
                  ],
                  "uv_size": [
                    1,
                    2.5
                  ]
                },
                "west": {
                  "uv": [
                    63,
                    0
                  ],
                  "uv_size": [
                    1,
                    2.5
                  ]
                },
                "up": {
                  "uv": [
                    64,
                    2.5
                  ],
                  "uv_size": [
                    -1,
                    -2.5
                  ]
                },
                "down": {
                  "uv": [
                    64,
                    2.5
                  ],
                  "uv_size": [
                    -1,
                    -2.5
                  ]
                }
              },
              "inflate": 0
            }
          ],
          "parent": "bone6"
        },
        {
          "name": "bone",
          "pivot": [
            -2.42399,
            2.07182,
            -2.70913
          ],
          "cubes": [
            {
              "origin": [
                -3.39,
                -0.94,
                -3.7
              ],
              "size": [
                2.22,
                2.96,
                2.22
              ],
              "pivot": [
                -0.06,
                2.02,
                0.0
              ],
              "rotation": [
                -5.0,
                0.0,
                7.5
              ],
              "uv": {
                "north": {
                  "uv": [
                    30,
                    40
                  ],
                  "uv_size": [
                    24,
                    24
                  ]
                },
                "east": {
                  "uv": [
                    30,
                    40
                  ],
                  "uv_size": [
                    24,
                    24
                  ]
                },
                "south": {
                  "uv": [
                    30,
                    40
                  ],
                  "uv_size": [
                    24,
                    24
                  ]
                },
                "west": {
                  "uv": [
                    30,
                    40
                  ],
                  "uv_size": [
                    24,
                    24
                  ]
                },
                "up": {
                  "uv": [
                    54,
                    64
                  ],
                  "uv_size": [
                    -24,
                    -24
                  ]
                },
                "down": {
                  "uv": [
                    54,
                    64
                  ],
                  "uv_size": [
                    -24,
                    -24
                  ]
                }
              },
              "inflate": 0
            }
          ]
        },
        {
          "name": "bone8",
          "pivot": [
            2.30399,
            2.07182,
            -2.70913
          ],
          "cubes": [
            {
              "origin": [
                1.05,
                -0.94,
                -3.7
              ],
              "size": [
                2.22,
                2.96,
                2.22
              ],
              "pivot": [
                -0.06,
                2.02,
                0.0
              ],
              "rotation": [
                -5.0,
                0.0,
                -7.5
              ],
              "uv": {
                "north": {
                  "uv": [
                    30,
                    40
                  ],
                  "uv_size": [
                    24,
                    24
                  ]
                },
                "east": {
                  "uv": [
                    30,
                    40
                  ],
                  "uv_size": [
                    24,
                    24
                  ]
                },
                "south": {
                  "uv": [
                    30,
                    40
                  ],
                  "uv_size": [
                    24,
                    24
                  ]
                },
                "west": {
                  "uv": [
                    30,
                    40
                  ],
                  "uv_size": [
                    24,
                    24
                  ]
                },
                "up": {
                  "uv": [
                    54,
                    64
                  ],
                  "uv_size": [
                    -24,
                    -24
                  ]
                },
                "down": {
                  "uv": [
                    54,
                    64
                  ],
                  "uv_size": [
                    -24,
                    -24
                  ]
                }
              },
              "inflate": 0
            }
          ]
        },
        {
          "name": "bone7",
          "pivot": [
            2.30399,
            2.07182,
            2.70913
          ],
          "cubes": [
            {
              "origin": [
                1.05,
                -0.94,
                1.48
              ],
              "size": [
                2.22,
                2.96,
                2.22
              ],
              "pivot": [
                -0.06,
                2.02,
                0.0
              ],
              "rotation": [
                5.0,
                0.0,
                -7.5
              ],
              "uv": {
                "north": {
                  "uv": [
                    30,
                    40
                  ],
                  "uv_size": [
                    24,
                    24
                  ]
                },
                "east": {
                  "uv": [
                    30,
                    40
                  ],
                  "uv_size": [
                    24,
                    24
                  ]
                },
                "south": {
                  "uv": [
                    30,
                    40
                  ],
                  "uv_size": [
                    24,
                    24
                  ]
                },
                "west": {
                  "uv": [
                    30,
                    40
                  ],
                  "uv_size": [
                    24,
                    24
                  ]
                },
                "up": {
                  "uv": [
                    54,
                    64
                  ],
                  "uv_size": [
                    -24,
                    -24
                  ]
                },
                "down": {
                  "uv": [
                    54,
                    64
                  ],
                  "uv_size": [
                    -24,
                    -24
                  ]
                }
              },
              "inflate": 0
            }
          ]
        },
        {
          "name": "bone9",
          "pivot": [
            -2.42399,
            2.07182,
            2.70913
          ],
          "cubes": [
            {
              "origin": [
                -3.39,
                -0.94,
                1.48
              ],
              "size": [
                2.22,
                2.96,
                2.22
              ],
              "pivot": [
                -0.06,
                2.02,
                0.0
              ],
              "rotation": [
                5.0,
                0.0,
                7.5
              ],
              "uv": {
                "north": {
                  "uv": [
                    30,
                    40
                  ],
                  "uv_size": [
                    24,
                    24
                  ]
                },
                "east": {
                  "uv": [
                    30,
                    40
                  ],
                  "uv_size": [
                    24,
                    24
                  ]
                },
                "south": {
                  "uv": [
                    30,
                    40
                  ],
                  "uv_size": [
                    24,
                    24
                  ]
                },
                "west": {
                  "uv": [
                    30,
                    40
                  ],
                  "uv_size": [
                    24,
                    24
                  ]
                },
                "up": {
                  "uv": [
                    54,
                    64
                  ],
                  "uv_size": [
                    -24,
                    -24
                  ]
                },
                "down": {
                  "uv": [
                    54,
                    64
                  ],
                  "uv_size": [
                    -24,
                    -24
                  ]
                }
              },
              "inflate": 0
            }
          ]
        }
      ]
    }
  ]
}