{
  "format_version": "1.12.0",
  "minecraft:geometry": [
    {
      "description": {
        "identifier": "geometry.mn_pochita_w",
        "texture_width": 64,
        "texture_height": 64,
        "visible_bounds_width": 3,
        "visible_bounds_height": 2.5,
        "visible_bounds_offset": [
          0,
          0.75,
          0
        ]
      },
      "bones": [
        {
          "name": "bone"
        },
        {
          "name": "RightArm",
          "pivot": [
            -5,
            22,
            0
          ],
          "parent": "bone"
        },
        {
          "name": "bone6",
          "pivot": [
            -3,
            -12,
            0
          ],
          "parent": "RightArm"
        },
        {
          "name": "bone5",
          "pivot": [
            -5.96,
            7.98,
            0.37
          ],
          "cubes": [
            {
              "origin": [
                -3.74,
                7.61,
                4.07
              ],
              "size": [
                0.74,
                0.74,
                2.22
              ],
              "uv": {
                "north": {
                  "uv": [
                    24,
                    50
                  ],
                  "uv_size": [
                    -2,
                    -5
                  ]
                },
                "east": {
                  "uv": [
                    24,
                    50
                  ],
                  "uv_size": [
                    -2,
                    -5
                  ]
                },
                "south": {
                  "uv": [
                    24,
                    50
                  ],
                  "uv_size": [
                    -2,
                    -5
                  ]
                },
                "west": {
                  "uv": [
                    24,
                    50
                  ],
                  "uv_size": [
                    -2,
                    -5
                  ]
                },
                "up": {
                  "uv": [
                    22,
                    45
                  ],
                  "uv_size": [
                    2,
                    5
                  ]
                },
                "down": {
                  "uv": [
                    22,
                    45
                  ],
                  "uv_size": [
                    2,
                    5
                  ]
                }
              },
              "inflate": 0
            },
            {
              "origin": [
                -6.74,
                7.61,
                5.57
              ],
              "size": [
                3.74,
                0.74,
                0.74
              ],
              "uv": {
                "north": {
                  "uv": [
                    24,
                    50
                  ],
                  "uv_size": [
                    -2,
                    -5
                  ]
                },
                "east": {
                  "uv": [
                    24,
                    50
                  ],
                  "uv_size": [
                    -2,
                    -5
                  ]
                },
                "south": {
                  "uv": [
                    24,
                    50
                  ],
                  "uv_size": [
                    -2,
                    -5
                  ]
                },
                "west": {
                  "uv": [
                    24,
                    50
                  ],
                  "uv_size": [
                    -2,
                    -5
                  ]
                },
                "up": {
                  "uv": [
                    22,
                    45
                  ],
                  "uv_size": [
                    2,
                    5
                  ]
                },
                "down": {
                  "uv": [
                    22,
                    45
                  ],
                  "uv_size": [
                    2,
                    5
                  ]
                }
              },
              "inflate": 0
            },
            {
              "origin": [
                -6.74,
                7.61,
                4.07
              ],
              "size": [
                0.74,
                0.74,
                2.22
              ],
              "uv": {
                "north": {
                  "uv": [
                    24,
                    50
                  ],
                  "uv_size": [
                    -2,
                    -5
                  ]
                },
                "east": {
                  "uv": [
                    24,
                    50
                  ],
                  "uv_size": [
                    -2,
                    -5
                  ]
                },
                "south": {
                  "uv": [
                    24,
                    50
                  ],
                  "uv_size": [
                    -2,
                    -5
                  ]
                },
                "west": {
                  "uv": [
                    24,
                    50
                  ],
                  "uv_size": [
                    -2,
                    -5
                  ]
                },
                "up": {
                  "uv": [
                    22,
                    45
                  ],
                  "uv_size": [
                    2,
                    5
                  ]
                },
                "down": {
                  "uv": [
                    22,
                    45
                  ],
                  "uv_size": [
                    2,
                    5
                  ]
                }
              },
              "inflate": 0
            },
            {
              "origin": [
                -7.00022,
                7.58,
                2.65448
              ],
              "size": [
                0.74,
                0.74,
                1.22
              ],
              "pivot": [
                -8.37527,
                7.95,
                3.62396
              ],
              "rotation": [
                0.0,
                -80.5,
                0.0
              ],
              "uv": {
                "north": {
                  "uv": [
                    24,
                    50
                  ],
                  "uv_size": [
                    -2,
                    -5
                  ]
                },
                "east": {
                  "uv": [
                    24,
                    50
                  ],
                  "uv_size": [
                    -2,
                    -5
                  ]
                },
                "south": {
                  "uv": [
                    24,
                    50
                  ],
                  "uv_size": [
                    -2,
                    -5
                  ]
                },
                "west": {
                  "uv": [
                    24,
                    50
                  ],
                  "uv_size": [
                    -2,
                    -5
                  ]
                },
                "up": {
                  "uv": [
                    22,
                    45
                  ],
                  "uv_size": [
                    2,
                    5
                  ]
                },
                "down": {
                  "uv": [
                    22,
                    45
                  ],
                  "uv_size": [
                    2,
                    5
                  ]
                }
              },
              "inflate": 0
            },
            {
              "origin": [
                -7.84645,
                7.58,
                3.50812
              ],
              "size": [
                0.74,
                0.74,
                1.22
              ],
              "pivot": [
                -8.66487,
                7.95,
                4.12259
              ],
              "rotation": [
                -180.0,
                -82.0,
                180.0
              ],
              "uv": {
                "north": {
                  "uv": [
                    24,
                    50
                  ],
                  "uv_size": [
                    -2,
                    -5
                  ]
                },
                "east": {
                  "uv": [
                    24,
                    50
                  ],
                  "uv_size": [
                    -2,
                    -5
                  ]
                },
                "south": {
                  "uv": [
                    24,
                    50
                  ],
                  "uv_size": [
                    -2,
                    -5
                  ]
                },
                "west": {
                  "uv": [
                    24,
                    50
                  ],
                  "uv_size": [
                    -2,
                    -5
                  ]
                },
                "up": {
                  "uv": [
                    22,
                    45
                  ],
                  "uv_size": [
                    2,
                    5
                  ]
                },
                "down": {
                  "uv": [
                    22,
                    45
                  ],
                  "uv_size": [
                    2,
                    5
                  ]
                }
              },
              "inflate": 0
            },
            {
              "origin": [
                -10.65601,
                6.54842,
                5.38069
              ],
              "size": [
                0.74,
                2.738,
                0.74
              ],
              "pivot": [
                -10.28601,
                7.91829,
                5.2051
              ],
              "rotation": [
                -89.8255,
                2.49391,
                89.0038
              ],
              "uv": {
                "north": {
                  "uv": [
                    24,
                    50
                  ],
                  "uv_size": [
                    -2,
                    -5
                  ]
                },
                "east": {
                  "uv": [
                    24,
                    50
                  ],
                  "uv_size": [
                    -2,
                    -5
                  ]
                },
                "south": {
                  "uv": [
                    24,
                    50
                  ],
                  "uv_size": [
                    -2,
                    -5
                  ]
                },
                "west": {
                  "uv": [
                    24,
                    50
                  ],
                  "uv_size": [
                    -2,
                    -5
                  ]
                },
                "up": {
                  "uv": [
                    22,
                    45
                  ],
                  "uv_size": [
                    2,
                    5
                  ]
                },
                "down": {
                  "uv": [
                    22,
                    45
                  ],
                  "uv_size": [
                    2,
                    5
                  ]
                }
              },
              "inflate": 0
            },
            {
              "origin": [
                -10.65601,
                7.49322,
                5.35646
              ],
              "size": [
                0.74,
                1.48,
                0.74
              ],
              "pivot": [
                -10.28601,
                7.91829,
                5.2051
              ],
              "rotation": [
                137.6745,
                2.49391,
                89.0038
              ],
              "uv": {
                "north": {
                  "uv": [
                    24,
                    50
                  ],
                  "uv_size": [
                    -2,
                    -5
                  ]
                },
                "east": {
                  "uv": [
                    24,
                    50
                  ],
                  "uv_size": [
                    -2,
                    -5
                  ]
                },
                "south": {
                  "uv": [
                    24,
                    50
                  ],
                  "uv_size": [
                    -2,
                    -5
                  ]
                },
                "west": {
                  "uv": [
                    24,
                    50
                  ],
                  "uv_size": [
                    -2,
                    -5
                  ]
                },
                "up": {
                  "uv": [
                    22,
                    45
                  ],
                  "uv_size": [
                    2,
                    5
                  ]
                },
                "down": {
                  "uv": [
                    22,
                    45
                  ],
                  "uv_size": [
                    2,
                    5
                  ]
                }
              },
              "inflate": 0
            },
            {
              "origin": [
                -10.65601,
                6.86336,
                5.35646
              ],
              "size": [
                0.74,
                1.48,
                0.74
              ],
              "pivot": [
                -10.28601,
                7.91829,
                5.2051
              ],
              "rotation": [
                42.6745,
                2.49391,
                89.0038
              ],
              "uv": {
                "north": {
                  "uv": [
                    24,
                    50
                  ],
                  "uv_size": [
                    -2,
                    -5
                  ]
                },
                "east": {
                  "uv": [
                    24,
                    50
                  ],
                  "uv_size": [
                    -2,
                    -5
                  ]
                },
                "south": {
                  "uv": [
                    24,
                    50
                  ],
                  "uv_size": [
                    -2,
                    -5
                  ]
                },
                "west": {
                  "uv": [
                    24,
                    50
                  ],
                  "uv_size": [
                    -2,
                    -5
                  ]
                },
                "up": {
                  "uv": [
                    22,
                    45
                  ],
                  "uv_size": [
                    2,
                    5
                  ]
                },
                "down": {
                  "uv": [
                    22,
                    45
                  ],
                  "uv_size": [
                    2,
                    5
                  ]
                }
              },
              "inflate": 0
            },
            {
              "origin": [
                -10.65601,
                7.54829,
                4.28952
              ],
              "size": [
                0.74,
                0.74,
                0.74
              ],
              "pivot": [
                -10.28601,
                7.91829,
                5.2051
              ],
              "rotation": [
                -89.8255,
                2.49391,
                89.0038
              ],
              "uv": {
                "north": {
                  "uv": [
                    15.2,
                    51.1
                  ],
                  "uv_size": [
                    -1.9,
                    2.2
                  ]
                },
                "east": {
                  "uv": [
                    15.2,
                    51.1
                  ],
                  "uv_size": [
                    -1.9,
                    2.2
                  ]
                },
                "south": {
                  "uv": [
                    15.2,
                    51.1
                  ],
                  "uv_size": [
                    -1.9,
                    2.2
                  ]
                },
                "west": {
                  "uv": [
                    15.2,
                    51.1
                  ],
                  "uv_size": [
                    -1.9,
                    2.2
                  ]
                },
                "up": {
                  "uv": [
                    13.3,
                    53.3
                  ],
                  "uv_size": [
                    1.9,
                    -2.2
                  ]
                },
                "down": {
                  "uv": [
                    13.3,
                    53.3
                  ],
                  "uv_size": [
                    1.9,
                    -2.2
                  ]
                }
              },
              "inflate": 0
            },
            {
              "origin": [
                -9.068,
                7.388,
                -4.81
              ],
              "size": [
                5.18,
                5.106,
                9.62
              ],
              "pivot": [
                -5.22,
                9.238,
                1.11
              ],
              "rotation": [
                0.0,
                0.0,
                -90.0
              ],
              "uv": {
                "north": {
                  "uv": [
                    0,
                    40
                  ],
                  "uv_size": [
                    28,
                    24
                  ]
                },
                "east": {
                  "uv": [
                    30,
                    40
                  ],
                  "uv_size": [
                    24,
                    24
                  ]
                },
                "south": {
                  "uv": [
                    30,
                    40
                  ],
                  "uv_size": [
                    24,
                    24
                  ]
                },
                "west": {
                  "uv": [
                    30,
                    40
                  ],
                  "uv_size": [
                    24,
                    24
                  ]
                },
                "up": {
                  "uv": [
                    54,
                    64
                  ],
                  "uv_size": [
                    -24,
                    -24
                  ]
                },
                "down": {
                  "uv": [
                    54,
                    64
                  ],
                  "uv_size": [
                    -24,
                    -24
                  ]
                }
              },
              "inflate": 0
            },
            {
              "origin": [
                -7.81,
                7.24,
                4.81
              ],
              "size": [
                0.74,
                1.48,
                0.74
              ],
              "uv": {
                "north": {
                  "uv": [
                    30,
                    40
                  ],
                  "uv_size": [
                    24,
                    24
                  ]
                },
                "east": {
                  "uv": [
                    30,
                    40
                  ],
                  "uv_size": [
                    24,
                    24
                  ]
                },
                "south": {
                  "uv": [
                    30,
                    40
                  ],
                  "uv_size": [
                    24,
                    24
                  ]
                },
                "west": {
                  "uv": [
                    30,
                    40
                  ],
                  "uv_size": [
                    24,
                    24
                  ]
                },
                "up": {
                  "uv": [
                    54,
                    64
                  ],
                  "uv_size": [
                    -24,
                    -24
                  ]
                },
                "down": {
                  "uv": [
                    54,
                    64
                  ],
                  "uv_size": [
                    -24,
                    -24
                  ]
                }
              },
              "inflate": 0
            }
          ],
          "parent": "bone6",
          "rotation": [
            0,
            0,
            90
          ]
        },
        {
          "name": "bone4",
          "pivot": [
            -5.96,
            7.98,
            0
          ],
          "cubes": [
            {
              "origin": [
                -9.29,
                5.76,
                -3.7
              ],
              "size": [
                6.66,
                4.44,
                7.4
              ],
              "uv": {
                "north": {
                  "uv": [
                    30,
                    40
                  ],
                  "uv_size": [
                    24,
                    24
                  ]
                },
                "east": {
                  "uv": [
                    30,
                    40
                  ],
                  "uv_size": [
                    24,
                    24
                  ]
                },
                "south": {
                  "uv": [
                    30,
                    40
                  ],
                  "uv_size": [
                    24,
                    24
                  ]
                },
                "west": {
                  "uv": [
                    30,
                    40
                  ],
                  "uv_size": [
                    24,
                    24
                  ]
                },
                "up": {
                  "uv": [
                    54,
                    64
                  ],
                  "uv_size": [
                    -24,
                    -24
                  ]
                },
                "down": {
                  "uv": [
                    54,
                    64
                  ],
                  "uv_size": [
                    -24,
                    -24
                  ]
                }
              },
              "inflate": 0
            }
          ],
          "parent": "bone6",
          "rotation": [
            0,
            0,
            90
          ]
        },
        {
          "name": "bone3",
          "pivot": [
            -5.96,
            5.02,
            0
          ],
          "cubes": [
            {
              "origin": [
                -9.4528,
                12.04673,
                -3.30198
              ],
              "size": [
                0.74,
                0.9176,
                4.736
              ],
              "pivot": [
                -5.96,
                11.76553,
                -0.00898
              ],
              "rotation": [
                70.0,
                0.0,
                0.0
              ],
              "uv": {
                "north": {
                  "uv": [
                    24,
                    50
                  ],
                  "uv_size": [
                    -2,
                    -5
                  ]
                },
                "east": {
                  "uv": [
                    24,
                    50
                  ],
                  "uv_size": [
                    -2,
                    -5
                  ]
                },
                "south": {
                  "uv": [
                    24,
                    50
                  ],
                  "uv_size": [
                    -2,
                    -5
                  ]
                },
                "west": {
                  "uv": [
                    24,
                    50
                  ],
                  "uv_size": [
                    -2,
                    -5
                  ]
                },
                "up": {
                  "uv": [
                    22,
                    45
                  ],
                  "uv_size": [
                    2,
                    5
                  ]
                },
                "down": {
                  "uv": [
                    22,
                    45
                  ],
                  "uv_size": [
                    2,
                    5
                  ]
                }
              },
              "inflate": 0
            },
            {
              "origin": [
                -8.7572,
                12.04673,
                0.39802
              ],
              "size": [
                5.55,
                0.9176,
                1.036
              ],
              "pivot": [
                -5.96,
                11.76553,
                -0.00898
              ],
              "rotation": [
                70.0,
                0.0,
                0.0
              ],
              "uv": {
                "north": {
                  "uv": [
                    24,
                    50
                  ],
                  "uv_size": [
                    -2,
                    -5
                  ]
                },
                "east": {
                  "uv": [
                    24,
                    50
                  ],
                  "uv_size": [
                    -2,
                    -5
                  ]
                },
                "south": {
                  "uv": [
                    24,
                    50
                  ],
                  "uv_size": [
                    -2,
                    -5
                  ]
                },
                "west": {
                  "uv": [
                    24,
                    50
                  ],
                  "uv_size": [
                    -2,
                    -5
                  ]
                },
                "up": {
                  "uv": [
                    22,
                    45
                  ],
                  "uv_size": [
                    2,
                    5
                  ]
                },
                "down": {
                  "uv": [
                    22,
                    45
                  ],
                  "uv_size": [
                    2,
                    5
                  ]
                }
              },
              "inflate": 0
            },
            {
              "origin": [
                -3.2072,
                12.04673,
                -3.30198
              ],
              "size": [
                0.74,
                0.9176,
                4.736
              ],
              "pivot": [
                -5.96,
                11.76553,
                -0.00898
              ],
              "rotation": [
                70.0,
                0.0,
                0.0
              ],
              "uv": {
                "north": {
                  "uv": [
                    24,
                    50
                  ],
                  "uv_size": [
                    -2,
                    -5
                  ]
                },
                "east": {
                  "uv": [
                    24,
                    50
                  ],
                  "uv_size": [
                    -2,
                    -5
                  ]
                },
                "south": {
                  "uv": [
                    24,
                    50
                  ],
                  "uv_size": [
                    -2,
                    -5
                  ]
                },
                "west": {
                  "uv": [
                    24,
                    50
                  ],
                  "uv_size": [
                    -2,
                    -5
                  ]
                },
                "up": {
                  "uv": [
                    22,
                    45
                  ],
                  "uv_size": [
                    2,
                    5
                  ]
                },
                "down": {
                  "uv": [
                    22,
                    45
                  ],
                  "uv_size": [
                    2,
                    5
                  ]
                }
              },
              "inflate": 0
            },
            {
              "origin": [
                -9.29,
                5.76,
                -3.7
              ],
              "size": [
                6.66,
                4.44,
                7.4
              ],
              "uv": {
                "north": {
                  "uv": [
                    30,
                    40
                  ],
                  "uv_size": [
                    24,
                    24
                  ]
                },
                "east": {
                  "uv": [
                    30,
                    40
                  ],
                  "uv_size": [
                    24,
                    24
                  ]
                },
                "south": {
                  "uv": [
                    30,
                    40
                  ],
                  "uv_size": [
                    24,
                    24
                  ]
                },
                "west": {
                  "uv": [
                    30,
                    40
                  ],
                  "uv_size": [
                    24,
                    24
                  ]
                },
                "up": {
                  "uv": [
                    54,
                    64
                  ],
                  "uv_size": [
                    -24,
                    -24
                  ]
                },
                "down": {
                  "uv": [
                    54,
                    64
                  ],
                  "uv_size": [
                    -24,
                    -24
                  ]
                }
              },
              "inflate": 0
            },
            {
              "origin": [
                -4.85,
                2.06,
                -3.7
              ],
              "size": [
                2.22,
                2.96,
                2.22
              ],
              "pivot": [
                -5.96,
                5.02,
                0.0
              ],
              "rotation": [
                -5.0,
                0.0,
                -7.5
              ],
              "uv": {
                "north": {
                  "uv": [
                    30,
                    40
                  ],
                  "uv_size": [
                    24,
                    24
                  ]
                },
                "east": {
                  "uv": [
                    30,
                    40
                  ],
                  "uv_size": [
                    24,
                    24
                  ]
                },
                "south": {
                  "uv": [
                    30,
                    40
                  ],
                  "uv_size": [
                    24,
                    24
                  ]
                },
                "west": {
                  "uv": [
                    30,
                    40
                  ],
                  "uv_size": [
                    24,
                    24
                  ]
                },
                "up": {
                  "uv": [
                    54,
                    64
                  ],
                  "uv_size": [
                    -24,
                    -24
                  ]
                },
                "down": {
                  "uv": [
                    54,
                    64
                  ],
                  "uv_size": [
                    -24,
                    -24
                  ]
                }
              },
              "inflate": 0
            },
            {
              "origin": [
                -9.29,
                2.06,
                -3.7
              ],
              "size": [
                2.22,
                2.96,
                2.22
              ],
              "pivot": [
                -5.96,
                5.02,
                0.0
              ],
              "rotation": [
                -5.0,
                0.0,
                7.5
              ],
              "uv": {
                "north": {
                  "uv": [
                    30,
                    40
                  ],
                  "uv_size": [
                    24,
                    24
                  ]
                },
                "east": {
                  "uv": [
                    30,
                    40
                  ],
                  "uv_size": [
                    24,
                    24
                  ]
                },
                "south": {
                  "uv": [
                    30,
                    40
                  ],
                  "uv_size": [
                    24,
                    24
                  ]
                },
                "west": {
                  "uv": [
                    30,
                    40
                  ],
                  "uv_size": [
                    24,
                    24
                  ]
                },
                "up": {
                  "uv": [
                    54,
                    64
                  ],
                  "uv_size": [
                    -24,
                    -24
                  ]
                },
                "down": {
                  "uv": [
                    54,
                    64
                  ],
                  "uv_size": [
                    -24,
                    -24
                  ]
                }
              },
              "inflate": 0
            },
            {
              "origin": [
                -9.29,
                2.06,
                1.48
              ],
              "size": [
                2.22,
                2.96,
                2.22
              ],
              "pivot": [
                -5.96,
                5.02,
                0.0
              ],
              "rotation": [
                5.0,
                0.0,
                7.5
              ],
              "uv": {
                "north": {
                  "uv": [
                    30,
                    40
                  ],
                  "uv_size": [
                    24,
                    24
                  ]
                },
                "east": {
                  "uv": [
                    30,
                    40
                  ],
                  "uv_size": [
                    24,
                    24
                  ]
                },
                "south": {
                  "uv": [
                    30,
                    40
                  ],
                  "uv_size": [
                    24,
                    24
                  ]
                },
                "west": {
                  "uv": [
                    30,
                    40
                  ],
                  "uv_size": [
                    24,
                    24
                  ]
                },
                "up": {
                  "uv": [
                    54,
                    64
                  ],
                  "uv_size": [
                    -24,
                    -24
                  ]
                },
                "down": {
                  "uv": [
                    54,
                    64
                  ],
                  "uv_size": [
                    -24,
                    -24
                  ]
                }
              },
              "inflate": 0
            },
            {
              "origin": [
                -4.85,
                2.06,
                1.48
              ],
              "size": [
                2.22,
                2.96,
                2.22
              ],
              "pivot": [
                -5.96,
                5.02,
                0.0
              ],
              "rotation": [
                5.0,
                0.0,
                -7.5
              ],
              "uv": {
                "north": {
                  "uv": [
                    30,
                    40
                  ],
                  "uv_size": [
                    24,
                    24
                  ]
                },
                "east": {
                  "uv": [
                    30,
                    40
                  ],
                  "uv_size": [
                    24,
                    24
                  ]
                },
                "south": {
                  "uv": [
                    30,
                    40
                  ],
                  "uv_size": [
                    24,
                    24
                  ]
                },
                "west": {
                  "uv": [
                    30,
                    40
                  ],
                  "uv_size": [
                    24,
                    24
                  ]
                },
                "up": {
                  "uv": [
                    54,
                    64
                  ],
                  "uv_size": [
                    -24,
                    -24
                  ]
                },
                "down": {
                  "uv": [
                    54,
                    64
                  ],
                  "uv_size": [
                    -24,
                    -24
                  ]
                }
              },
              "inflate": 0
            }
          ],
          "parent": "bone6"
        },
        {
          "name": "bone2",
          "pivot": [
            -5.96,
            5.02,
            0
          ],
          "cubes": [
            {
              "origin": [
                -8.92,
                5.02,
                -4.44
              ],
              "size": [
                5.92,
                5.92,
                8.88
              ],
              "uv": {
                "north": {
                  "uv": [
                    30,
                    40
                  ],
                  "uv_size": [
                    24,
                    24
                  ]
                },
                "east": {
                  "uv": [
                    30,
                    40
                  ],
                  "uv_size": [
                    24,
                    24
                  ]
                },
                "south": {
                  "uv": [
                    30,
                    40
                  ],
                  "uv_size": [
                    24,
                    24
                  ]
                },
                "west": {
                  "uv": [
                    30,
                    40
                  ],
                  "uv_size": [
                    24,
                    24
                  ]
                },
                "up": {
                  "uv": [
                    54,
                    64
                  ],
                  "uv_size": [
                    -24,
                    -24
                  ]
                },
                "down": {
                  "uv": [
                    54,
                    64
                  ],
                  "uv_size": [
                    -24,
                    -24
                  ]
                }
              },
              "inflate": 0
            },
            {
              "origin": [
                -6.33,
                7.98,
                -9.62
              ],
              "size": [
                0.74,
                3.7,
                8.14
              ],
              "uv": {
                "north": {
                  "uv": [
                    11,
                    10
                  ],
                  "uv_size": [
                    1,
                    6
                  ]
                },
                "east": {
                  "uv": [
                    0,
                    10
                  ],
                  "uv_size": [
                    11,
                    7
                  ]
                },
                "south": {
                  "uv": [
                    23,
                    10
                  ],
                  "uv_size": [
                    1,
                    6
                  ]
                },
                "west": {
                  "uv": [
                    12,
                    10
                  ],
                  "uv_size": [
                    11,
                    7
                  ]
                },
                "up": {
                  "uv": [
                    10,
                    0
                  ],
                  "uv_size": [
                    2,
                    10
                  ]
                },
                "down": {
                  "uv": [
                    12,
                    10
                  ],
                  "uv_size": [
                    2,
                    -10
                  ]
                }
              },
              "inflate": 0
            },
            {
              "origin": [
                -6.3448,
                11.2952,
                -9.5608
              ],
              "size": [
                0.7696,
                0.3996,
                8.2436
              ],
              "uv": {
                "north": {
                  "uv": [
                    0,
                    19.6
                  ],
                  "uv_size": [
                    13.9,
                    -0.8
                  ]
                },
                "east": {
                  "uv": [
                    0,
                    19.6
                  ],
                  "uv_size": [
                    13.9,
                    -0.8
                  ]
                },
                "south": {
                  "uv": [
                    0,
                    19.6
                  ],
                  "uv_size": [
                    13.9,
                    -0.8
                  ]
                },
                "west": {
                  "uv": [
                    0,
                    19.6
                  ],
                  "uv_size": [
                    13.9,
                    -0.8
                  ]
                },
                "up": {
                  "uv": [
                    13.9,
                    18.8
                  ],
                  "uv_size": [
                    -13.9,
                    0.8
                  ]
                },
                "down": {
                  "uv": [
                    13.9,
                    18.8
                  ],
                  "uv_size": [
                    -13.9,
                    0.8
                  ]
                }
              },
              "inflate": 0
            },
            {
              "origin": [
                -6.3448,
                7.9652,
                -9.3608
              ],
              "size": [
                0.7696,
                0.3996,
                8.0436
              ],
              "uv": {
                "north": {
                  "uv": [
                    0,
                    19.6
                  ],
                  "uv_size": [
                    13.9,
                    -0.8
                  ]
                },
                "east": {
                  "uv": [
                    0,
                    19.6
                  ],
                  "uv_size": [
                    13.9,
                    -0.8
                  ]
                },
                "south": {
                  "uv": [
                    0,
                    19.6
                  ],
                  "uv_size": [
                    13.9,
                    -0.8
                  ]
                },
                "west": {
                  "uv": [
                    0,
                    19.6
                  ],
                  "uv_size": [
                    13.9,
                    -0.8
                  ]
                },
                "up": {
                  "uv": [
                    13.9,
                    18.8
                  ],
                  "uv_size": [
                    -13.9,
                    0.8
                  ]
                },
                "down": {
                  "uv": [
                    13.9,
                    18.8
                  ],
                  "uv_size": [
                    -13.9,
                    0.8
                  ]
                }
              },
              "inflate": 0
            },
            {
              "origin": [
                -6.3448,
                8.9272,
                -5.9348
              ],
              "size": [
                0.7696,
                0.3996,
                3.7296
              ],
              "pivot": [
                -5.96,
                12.198,
                -6.438
              ],
              "rotation": [
                -90.0,
                0.0,
                0.0
              ],
              "uv": {
                "north": {
                  "uv": [
                    0,
                    19.6
                  ],
                  "uv_size": [
                    13.9,
                    -0.8
                  ]
                },
                "east": {
                  "uv": [
                    0,
                    19.6
                  ],
                  "uv_size": [
                    13.9,
                    -0.8
                  ]
                },
                "south": {
                  "uv": [
                    0,
                    19.6
                  ],
                  "uv_size": [
                    13.9,
                    -0.8
                  ]
                },
                "west": {
                  "uv": [
                    0,
                    19.6
                  ],
                  "uv_size": [
                    13.9,
                    -0.8
                  ]
                },
                "up": {
                  "uv": [
                    13.9,
                    18.8
                  ],
                  "uv_size": [
                    -13.9,
                    0.8
                  ]
                },
                "down": {
                  "uv": [
                    13.9,
                    18.8
                  ],
                  "uv_size": [
                    -13.9,
                    0.8
                  ]
                }
              },
              "inflate": 0
            },
            {
              "origin": [
                -6.2338,
                11.1324,
                -9.5238
              ],
              "size": [
                0.5476,
                1.0952,
                0.5476
              ],
              "uv": {
                "north": {
                  "uv": [
                    63,
                    0
                  ],
                  "uv_size": [
                    1,
                    2.5
                  ]
                },
                "east": {
                  "uv": [
                    63,
                    0
                  ],
                  "uv_size": [
                    1,
                    2.5
                  ]
                },
                "south": {
                  "uv": [
                    63,
                    0
                  ],
                  "uv_size": [
                    1,
                    2.5
                  ]
                },
                "west": {
                  "uv": [
                    63,
                    0
                  ],
                  "uv_size": [
                    1,
                    2.5
                  ]
                },
                "up": {
                  "uv": [
                    64,
                    2.5
                  ],
                  "uv_size": [
                    -1,
                    -2.5
                  ]
                },
                "down": {
                  "uv": [
                    64,
                    2.5
                  ],
                  "uv_size": [
                    -1,
                    -2.5
                  ]
                }
              },
              "inflate": 0
            },
            {
              "origin": [
                -6.2338,
                11.1324,
                -2.1238
              ],
              "size": [
                0.5476,
                1.0952,
                0.5476
              ],
              "uv": {
                "north": {
                  "uv": [
                    63,
                    0
                  ],
                  "uv_size": [
                    1,
                    2.5
                  ]
                },
                "east": {
                  "uv": [
                    63,
                    0
                  ],
                  "uv_size": [
                    1,
                    2.5
                  ]
                },
                "south": {
                  "uv": [
                    63,
                    0
                  ],
                  "uv_size": [
                    1,
                    2.5
                  ]
                },
                "west": {
                  "uv": [
                    63,
                    0
                  ],
                  "uv_size": [
                    1,
                    2.5
                  ]
                },
                "up": {
                  "uv": [
                    64,
                    2.5
                  ],
                  "uv_size": [
                    -1,
                    -2.5
                  ]
                },
                "down": {
                  "uv": [
                    64,
                    2.5
                  ],
                  "uv_size": [
                    -1,
                    -2.5
                  ]
                }
              },
              "inflate": 0
            },
            {
              "origin": [
                -6.2338,
                11.1324,
                -8.0438
              ],
              "size": [
                0.5476,
                1.0952,
                0.5476
              ],
              "uv": {
                "north": {
                  "uv": [
                    63,
                    0
                  ],
                  "uv_size": [
                    1,
                    2.5
                  ]
                },
                "east": {
                  "uv": [
                    63,
                    0
                  ],
                  "uv_size": [
                    1,
                    2.5
                  ]
                },
                "south": {
                  "uv": [
                    63,
                    0
                  ],
                  "uv_size": [
                    1,
                    2.5
                  ]
                },
                "west": {
                  "uv": [
                    63,
                    0
                  ],
                  "uv_size": [
                    1,
                    2.5
                  ]
                },
                "up": {
                  "uv": [
                    64,
                    2.5
                  ],
                  "uv_size": [
                    -1,
                    -2.5
                  ]
                },
                "down": {
                  "uv": [
                    64,
                    2.5
                  ],
                  "uv_size": [
                    -1,
                    -2.5
                  ]
                }
              },
              "inflate": 0
            },
            {
              "origin": [
                -6.2338,
                11.1324,
                -6.5638
              ],
              "size": [
                0.5476,
                1.0952,
                0.5476
              ],
              "uv": {
                "north": {
                  "uv": [
                    63,
                    0
                  ],
                  "uv_size": [
                    1,
                    2.5
                  ]
                },
                "east": {
                  "uv": [
                    63,
                    0
                  ],
                  "uv_size": [
                    1,
                    2.5
                  ]
                },
                "south": {
                  "uv": [
                    63,
                    0
                  ],
                  "uv_size": [
                    1,
                    2.5
                  ]
                },
                "west": {
                  "uv": [
                    63,
                    0
                  ],
                  "uv_size": [
                    1,
                    2.5
                  ]
                },
                "up": {
                  "uv": [
                    64,
                    2.5
                  ],
                  "uv_size": [
                    -1,
                    -2.5
                  ]
                },
                "down": {
                  "uv": [
                    64,
                    2.5
                  ],
                  "uv_size": [
                    -1,
                    -2.5
                  ]
                }
              },
              "inflate": 0
            },
            {
              "origin": [
                -6.2338,
                11.1324,
                -5.0838
              ],
              "size": [
                0.5476,
                1.0952,
                0.5476
              ],
              "uv": {
                "north": {
                  "uv": [
                    63,
                    0
                  ],
                  "uv_size": [
                    1,
                    2.5
                  ]
                },
                "east": {
                  "uv": [
                    63,
                    0
                  ],
                  "uv_size": [
                    1,
                    2.5
                  ]
                },
                "south": {
                  "uv": [
                    63,
                    0
                  ],
                  "uv_size": [
                    1,
                    2.5
                  ]
                },
                "west": {
                  "uv": [
                    63,
                    0
                  ],
                  "uv_size": [
                    1,
                    2.5
                  ]
                },
                "up": {
                  "uv": [
                    64,
                    2.5
                  ],
                  "uv_size": [
                    -1,
                    -2.5
                  ]
                },
                "down": {
                  "uv": [
                    64,
                    2.5
                  ],
                  "uv_size": [
                    -1,
                    -2.5
                  ]
                }
              },
              "inflate": 0
            },
            {
              "origin": [
                -6.2338,
                11.1324,
                -3.6038
              ],
              "size": [
                0.5476,
                1.0952,
                0.5476
              ],
              "uv": {
                "north": {
                  "uv": [
                    63,
                    0
                  ],
                  "uv_size": [
                    1,
                    2.5
                  ]
                },
                "east": {
                  "uv": [
                    63,
                    0
                  ],
                  "uv_size": [
                    1,
                    2.5
                  ]
                },
                "south": {
                  "uv": [
                    63,
                    0
                  ],
                  "uv_size": [
                    1,
                    2.5
                  ]
                },
                "west": {
                  "uv": [
                    63,
                    0
                  ],
                  "uv_size": [
                    1,
                    2.5
                  ]
                },
                "up": {
                  "uv": [
                    64,
                    2.5
                  ],
                  "uv_size": [
                    -1,
                    -2.5
                  ]
                },
                "down": {
                  "uv": [
                    64,
                    2.5
                  ],
                  "uv_size": [
                    -1,
                    -2.5
                  ]
                }
              },
              "inflate": 0
            },
            {
              "origin": [
                -6.2338,
                7.4324,
                -2.1238
              ],
              "size": [
                0.5476,
                1.0952,
                0.5476
              ],
              "uv": {
                "north": {
                  "uv": [
                    0,
                    0
                  ],
                  "uv_size": [
                    0,
                    1
                  ]
                },
                "east": {
                  "uv": [
                    0,
                    0
                  ],
                  "uv_size": [
                    0,
                    1
                  ]
                },
                "south": {
                  "uv": [
                    0,
                    0
                  ],
                  "uv_size": [
                    0,
                    1
                  ]
                },
                "west": {
                  "uv": [
                    0,
                    0
                  ],
                  "uv_size": [
                    0,
                    1
                  ]
                },
                "up": {
                  "uv": [
                    0,
                    0
                  ],
                  "uv_size": [
                    0,
                    0
                  ]
                },
                "down": {
                  "uv": [
                    0,
                    0
                  ],
                  "uv_size": [
                    0,
                    0
                  ]
                }
              },
              "inflate": 0
            },
            {
              "origin": [
                -6.2338,
                7.4324,
                -3.6038
              ],
              "size": [
                0.5476,
                1.0952,
                0.5476
              ],
              "uv": {
                "north": {
                  "uv": [
                    0,
                    0
                  ],
                  "uv_size": [
                    0,
                    1
                  ]
                },
                "east": {
                  "uv": [
                    0,
                    0
                  ],
                  "uv_size": [
                    0,
                    1
                  ]
                },
                "south": {
                  "uv": [
                    0,
                    0
                  ],
                  "uv_size": [
                    0,
                    1
                  ]
                },
                "west": {
                  "uv": [
                    0,
                    0
                  ],
                  "uv_size": [
                    0,
                    1
                  ]
                },
                "up": {
                  "uv": [
                    0,
                    0
                  ],
                  "uv_size": [
                    0,
                    0
                  ]
                },
                "down": {
                  "uv": [
                    0,
                    0
                  ],
                  "uv_size": [
                    0,
                    0
                  ]
                }
              },
              "inflate": 0
            },
            {
              "origin": [
                -6.2338,
                7.4324,
                -6.5638
              ],
              "size": [
                0.5476,
                1.0952,
                0.5476
              ],
              "uv": {
                "north": {
                  "uv": [
                    63,
                    0
                  ],
                  "uv_size": [
                    1,
                    2.5
                  ]
                },
                "east": {
                  "uv": [
                    63,
                    0
                  ],
                  "uv_size": [
                    1,
                    2.5
                  ]
                },
                "south": {
                  "uv": [
                    63,
                    0
                  ],
                  "uv_size": [
                    1,
                    2.5
                  ]
                },
                "west": {
                  "uv": [
                    63,
                    0
                  ],
                  "uv_size": [
                    1,
                    2.5
                  ]
                },
                "up": {
                  "uv": [
                    64,
                    2.5
                  ],
                  "uv_size": [
                    -1,
                    -2.5
                  ]
                },
                "down": {
                  "uv": [
                    64,
                    2.5
                  ],
                  "uv_size": [
                    -1,
                    -2.5
                  ]
                }
              },
              "inflate": 0
            },
            {
              "origin": [
                -6.2338,
                7.4324,
                -5.0838
              ],
              "size": [
                0.5476,
                1.0952,
                0.5476
              ],
              "uv": {
                "north": {
                  "uv": [
                    63,
                    0
                  ],
                  "uv_size": [
                    1,
                    2.5
                  ]
                },
                "east": {
                  "uv": [
                    63,
                    0
                  ],
                  "uv_size": [
                    1,
                    2.5
                  ]
                },
                "south": {
                  "uv": [
                    63,
                    0
                  ],
                  "uv_size": [
                    1,
                    2.5
                  ]
                },
                "west": {
                  "uv": [
                    63,
                    0
                  ],
                  "uv_size": [
                    1,
                    2.5
                  ]
                },
                "up": {
                  "uv": [
                    64,
                    2.5
                  ],
                  "uv_size": [
                    -1,
                    -2.5
                  ]
                },
                "down": {
                  "uv": [
                    64,
                    2.5
                  ],
                  "uv_size": [
                    -1,
                    -2.5
                  ]
                }
              },
              "inflate": 0
            },
            {
              "origin": [
                -6.2338,
                7.4324,
                -8.0438
              ],
              "size": [
                0.5476,
                1.0952,
                0.5476
              ],
              "uv": {
                "north": {
                  "uv": [
                    63,
                    0
                  ],
                  "uv_size": [
                    1,
                    2.5
                  ]
                },
                "east": {
                  "uv": [
                    63,
                    0
                  ],
                  "uv_size": [
                    1,
                    2.5
                  ]
                },
                "south": {
                  "uv": [
                    63,
                    0
                  ],
                  "uv_size": [
                    1,
                    2.5
                  ]
                },
                "west": {
                  "uv": [
                    63,
                    0
                  ],
                  "uv_size": [
                    1,
                    2.5
                  ]
                },
                "up": {
                  "uv": [
                    64,
                    2.5
                  ],
                  "uv_size": [
                    -1,
                    -2.5
                  ]
                },
                "down": {
                  "uv": [
                    64,
                    2.5
                  ],
                  "uv_size": [
                    -1,
                    -2.5
                  ]
                }
              },
              "inflate": 0
            },
            {
              "origin": [
                -6.2338,
                7.4324,
                -9.5238
              ],
              "size": [
                0.5476,
                1.0952,
                0.5476
              ],
              "uv": {
                "north": {
                  "uv": [
                    63,
                    0
                  ],
                  "uv_size": [
                    1,
                    2.5
                  ]
                },
                "east": {
                  "uv": [
                    63,
                    0
                  ],
                  "uv_size": [
                    1,
                    2.5
                  ]
                },
                "south": {
                  "uv": [
                    63,
                    0
                  ],
                  "uv_size": [
                    1,
                    2.5
                  ]
                },
                "west": {
                  "uv": [
                    63,
                    0
                  ],
                  "uv_size": [
                    1,
                    2.5
                  ]
                },
                "up": {
                  "uv": [
                    64,
                    2.5
                  ],
                  "uv_size": [
                    -1,
                    -2.5
                  ]
                },
                "down": {
                  "uv": [
                    64,
                    2.5
                  ],
                  "uv_size": [
                    -1,
                    -2.5
                  ]
                }
              },
              "inflate": 0
            },
            {
              "origin": [
                -6.2338,
                7.1364,
                -9.8938
              ],
              "size": [
                0.5476,
                1.0952,
                0.5476
              ],
              "pivot": [
                -5.96,
                7.98,
                -9.25
              ],
              "rotation": [
                -90.0,
                0.0,
                0.0
              ],
              "uv": {
                "north": {
                  "uv": [
                    63,
                    0
                  ],
                  "uv_size": [
                    1,
                    2.5
                  ]
                },
                "east": {
                  "uv": [
                    63,
                    0
                  ],
                  "uv_size": [
                    1,
                    2.5
                  ]
                },
                "south": {
                  "uv": [
                    63,
                    0
                  ],
                  "uv_size": [
                    1,
                    2.5
                  ]
                },
                "west": {
                  "uv": [
                    63,
                    0
                  ],
                  "uv_size": [
                    1,
                    2.5
                  ]
                },
                "up": {
                  "uv": [
                    64,
                    2.5
                  ],
                  "uv_size": [
                    -1,
                    -2.5
                  ]
                },
                "down": {
                  "uv": [
                    64,
                    2.5
                  ],
                  "uv_size": [
                    -1,
                    -2.5
                  ]
                }
              },
              "inflate": 0
            },
            {
              "origin": [
                -6.2338,
                7.1364,
                -11.3738
              ],
              "size": [
                0.5476,
                1.0952,
                0.5476
              ],
              "pivot": [
                -5.96,
                7.98,
                -9.25
              ],
              "rotation": [
                -90.0,
                0.0,
                0.0
              ],
              "uv": {
                "north": {
                  "uv": [
                    63,
                    0
                  ],
                  "uv_size": [
                    1,
                    2.5
                  ]
                },
                "east": {
                  "uv": [
                    63,
                    0
                  ],
                  "uv_size": [
                    1,
                    2.5
                  ]
                },
                "south": {
                  "uv": [
                    63,
                    0
                  ],
                  "uv_size": [
                    1,
                    2.5
                  ]
                },
                "west": {
                  "uv": [
                    63,
                    0
                  ],
                  "uv_size": [
                    1,
                    2.5
                  ]
                },
                "up": {
                  "uv": [
                    64,
                    2.5
                  ],
                  "uv_size": [
                    -1,
                    -2.5
                  ]
                },
                "down": {
                  "uv": [
                    64,
                    2.5
                  ],
                  "uv_size": [
                    -1,
                    -2.5
                  ]
                }
              },
              "inflate": 0
            },
            {
              "origin": [
                -6.2338,
                7.1364,
                -12.8538
              ],
              "size": [
                0.5476,
                1.0952,
                0.5476
              ],
              "pivot": [
                -5.96,
                7.98,
                -9.25
              ],
              "rotation": [
                -90.0,
                0.0,
                0.0
              ],
              "uv": {
                "north": {
                  "uv": [
                    63,
                    0
                  ],
                  "uv_size": [
                    1,
                    2.5
                  ]
                },
                "east": {
                  "uv": [
                    63,
                    0
                  ],
                  "uv_size": [
                    1,
                    2.5
                  ]
                },
                "south": {
                  "uv": [
                    63,
                    0
                  ],
                  "uv_size": [
                    1,
                    2.5
                  ]
                },
                "west": {
                  "uv": [
                    63,
                    0
                  ],
                  "uv_size": [
                    1,
                    2.5
                  ]
                },
                "up": {
                  "uv": [
                    64,
                    2.5
                  ],
                  "uv_size": [
                    -1,
                    -2.5
                  ]
                },
                "down": {
                  "uv": [
                    64,
                    2.5
                  ],
                  "uv_size": [
                    -1,
                    -2.5
                  ]
                }
              },
              "inflate": 0
            }
          ],
          "parent": "bone6"
        }
      ]
    }
  ]
}