{
  "format_version": "1.12.0",
  "minecraft:geometry": [
    {
      "description": {
        "identifier": "geometry.mn_shark_devill",
        "texture_width": 64,
        "texture_height": 64,
        "visible_bounds_width": 2,
        "visible_bounds_height": 3.5,
        "visible_bounds_offset": [
          0,
          1.25,
          0
        ]
      },
      "bones": [
        {
          "name": "Head",
          "pivot": [
            0,
            24,
            0
          ],
          "cubes": [
            {
              "origin": [
                -4.045,
                26.97,
                -4.03
              ],
              "size": [
                8.09,
                5.06,
                5.06
              ],
              "uv": {
                "north": {
                  "uv": [
                    5,
                    21
                  ],
                  "uv_size": [
                    8,
                    5
                  ]
                },
                "east": {
                  "uv": [
                    0,
                    21
                  ],
                  "uv_size": [
                    5,
                    5
                  ]
                },
                "south": {
                  "uv": [
                    18,
                    21
                  ],
                  "uv_size": [
                    8,
                    5
                  ]
                },
                "west": {
                  "uv": [
                    13,
                    21
                  ],
                  "uv_size": [
                    5,
                    5
                  ]
                },
                "up": {
                  "uv": [
                    5,
                    16
                  ],
                  "uv_size": [
                    8,
                    5
                  ]
                },
                "down": {
                  "uv": [
                    13,
                    21
                  ],
                  "uv_size": [
                    8,
                    -5
                  ]
                }
              },
              "inflate": 0.5
            },
            {
              "origin": [
                -0.02,
                28.44685,
                -4.50246
              ],
              "size": [
                0.04,
                5.24,
                4.2
              ],
              "pivot": [
                0.0,
                31.06685,
                -2.40246
              ],
              "rotation": [
                -18.0,
                0.0,
                0.0
              ],
              "uv": {
                "north": {
                  "uv": [
                    20,
                    52
                  ],
                  "uv_size": [
                    0,
                    5
                  ]
                },
                "east": {
                  "uv": [
                    16,
                    52
                  ],
                  "uv_size": [
                    4,
                    5
                  ]
                },
                "south": {
                  "uv": [
                    24,
                    52
                  ],
                  "uv_size": [
                    0,
                    5
                  ]
                },
                "west": {
                  "uv": [
                    20,
                    52
                  ],
                  "uv_size": [
                    4,
                    5
                  ]
                },
                "up": {
                  "uv": [
                    20,
                    48
                  ],
                  "uv_size": [
                    0,
                    4
                  ]
                },
                "down": {
                  "uv": [
                    20,
                    52
                  ],
                  "uv_size": [
                    0,
                    -4
                  ]
                }
              },
              "inflate": 0.5
            },
            {
              "origin": [
                -0.01,
                33.59104,
                -2.42575
              ],
              "size": [
                0.02,
                2.06,
                3.08
              ],
              "pivot": [
                0.0,
                34.62104,
                -0.88575
              ],
              "rotation": [
                -34.0,
                0.0,
                0.0
              ],
              "uv": {
                "north": {
                  "uv": [
                    27,
                    51
                  ],
                  "uv_size": [
                    0,
                    2
                  ]
                },
                "east": {
                  "uv": [
                    24,
                    51
                  ],
                  "uv_size": [
                    3,
                    2
                  ]
                },
                "south": {
                  "uv": [
                    30,
                    51
                  ],
                  "uv_size": [
                    0,
                    2
                  ]
                },
                "west": {
                  "uv": [
                    27,
                    51
                  ],
                  "uv_size": [
                    3,
                    2
                  ]
                },
                "up": {
                  "uv": [
                    27,
                    48
                  ],
                  "uv_size": [
                    0,
                    3
                  ]
                },
                "down": {
                  "uv": [
                    27,
                    51
                  ],
                  "uv_size": [
                    0,
                    -3
                  ]
                }
              },
              "inflate": 0.5
            },
            {
              "origin": [
                0.0,
                41.15047,
                -6.31494
              ],
              "size": [
                0.0,
                1.0,
                2.0
              ],
              "pivot": [
                0.0,
                32.10047,
                -9.96494
              ],
              "rotation": [
                -44.0,
                0.0,
                0.0
              ],
              "uv": {
                "north": {
                  "uv": [
                    26,
                    55
                  ],
                  "uv_size": [
                    0,
                    1
                  ]
                },
                "east": {
                  "uv": [
                    24,
                    55
                  ],
                  "uv_size": [
                    2,
                    1
                  ]
                },
                "south": {
                  "uv": [
                    28,
                    55
                  ],
                  "uv_size": [
                    0,
                    1
                  ]
                },
                "west": {
                  "uv": [
                    26,
                    55
                  ],
                  "uv_size": [
                    2,
                    1
                  ]
                },
                "up": {
                  "uv": [
                    26,
                    53
                  ],
                  "uv_size": [
                    0,
                    2
                  ]
                },
                "down": {
                  "uv": [
                    26,
                    55
                  ],
                  "uv_size": [
                    0,
                    -2
                  ]
                }
              },
              "inflate": 0.5
            },
            {
              "origin": [
                0.01,
                36.05147,
                0.32365
              ],
              "size": [
                -0.02,
                0.96,
                0.96
              ],
              "pivot": [
                0.0,
                36.53147,
                0.80365
              ],
              "rotation": [
                -71.5,
                0.0,
                0.0
              ],
              "uv": {
                "north": {
                  "uv": [
                    24,
                    56
                  ],
                  "uv_size": [
                    -1,
                    0
                  ]
                },
                "east": {
                  "uv": [
                    24,
                    56
                  ],
                  "uv_size": [
                    0,
                    0
                  ]
                },
                "south": {
                  "uv": [
                    23,
                    56
                  ],
                  "uv_size": [
                    -1,
                    0
                  ]
                },
                "west": {
                  "uv": [
                    23,
                    56
                  ],
                  "uv_size": [
                    0,
                    0
                  ]
                },
                "up": {
                  "uv": [
                    24,
                    56
                  ],
                  "uv_size": [
                    -1,
                    0
                  ]
                },
                "down": {
                  "uv": [
                    23,
                    56
                  ],
                  "uv_size": [
                    -1,
                    0
                  ]
                }
              },
              "inflate": 0.5
            },
            {
              "origin": [
                -2.51983,
                27.0,
                -6.3234
              ],
              "size": [
                4.0,
                5.0,
                4.0
              ],
              "pivot": [
                1.48017,
                0.0,
                -2.3234
              ],
              "rotation": [
                0.0,
                25.0,
                0.0
              ],
              "uv": {
                "north": {
                  "uv": [
                    4,
                    52
                  ],
                  "uv_size": [
                    4,
                    5
                  ]
                },
                "east": {
                  "uv": [
                    0,
                    52
                  ],
                  "uv_size": [
                    4,
                    5
                  ]
                },
                "south": {
                  "uv": [
                    12,
                    52
                  ],
                  "uv_size": [
                    4,
                    5
                  ]
                },
                "west": {
                  "uv": [
                    8,
                    52
                  ],
                  "uv_size": [
                    4,
                    5
                  ]
                },
                "up": {
                  "uv": [
                    4,
                    48
                  ],
                  "uv_size": [
                    4,
                    4
                  ]
                },
                "down": {
                  "uv": [
                    8,
                    52
                  ],
                  "uv_size": [
                    4,
                    -4
                  ]
                }
              },
              "inflate": 0.5
            },
            {
              "origin": [
                -3.71855,
                30.8,
                -5.5369
              ],
              "size": [
                2.2,
                0.0,
                1.0
              ],
              "pivot": [
                -1.41855,
                29.0,
                -5.9369
              ],
              "rotation": [
                7.76356,
                23.83799,
                18.64113
              ],
              "uv": {
                "north": {
                  "uv": [
                    22,
                    9.5
                  ],
                  "uv_size": [
                    2,
                    0
                  ]
                },
                "east": {
                  "uv": [
                    21,
                    9.5
                  ],
                  "uv_size": [
                    1,
                    0
                  ]
                },
                "south": {
                  "uv": [
                    25,
                    9.5
                  ],
                  "uv_size": [
                    2,
                    0
                  ]
                },
                "west": {
                  "uv": [
                    24,
                    9.5
                  ],
                  "uv_size": [
                    1,
                    0
                  ]
                },
                "up": {
                  "uv": [
                    22,
                    8.5
                  ],
                  "uv_size": [
                    2,
                    1
                  ]
                },
                "down": {
                  "uv": [
                    24,
                    9.5
                  ],
                  "uv_size": [
                    2,
                    -1
                  ]
                }
              },
              "inflate": 0.5
            },
            {
              "origin": [
                -3.41855,
                29.3,
                -5.5369
              ],
              "size": [
                2.2,
                0.0,
                1.0
              ],
              "pivot": [
                -1.41855,
                29.0,
                -5.9369
              ],
              "rotation": [
                7.76356,
                23.83799,
                18.64113
              ],
              "uv": {
                "north": {
                  "uv": [
                    22,
                    9.5
                  ],
                  "uv_size": [
                    2,
                    0
                  ]
                },
                "east": {
                  "uv": [
                    21,
                    9.5
                  ],
                  "uv_size": [
                    1,
                    0
                  ]
                },
                "south": {
                  "uv": [
                    25,
                    9.5
                  ],
                  "uv_size": [
                    2,
                    0
                  ]
                },
                "west": {
                  "uv": [
                    24,
                    9.5
                  ],
                  "uv_size": [
                    1,
                    0
                  ]
                },
                "up": {
                  "uv": [
                    22,
                    8.5
                  ],
                  "uv_size": [
                    2,
                    1
                  ]
                },
                "down": {
                  "uv": [
                    24,
                    9.5
                  ],
                  "uv_size": [
                    2,
                    -1
                  ]
                }
              },
              "inflate": 0.5
            },
            {
              "origin": [
                -3.11855,
                27.9,
                -5.5369
              ],
              "size": [
                2.2,
                0.0,
                1.0
              ],
              "pivot": [
                -1.41855,
                29.0,
                -5.9369
              ],
              "rotation": [
                7.76356,
                23.83799,
                18.64113
              ],
              "uv": {
                "north": {
                  "uv": [
                    22,
                    9.5
                  ],
                  "uv_size": [
                    2,
                    0
                  ]
                },
                "east": {
                  "uv": [
                    21,
                    9.5
                  ],
                  "uv_size": [
                    1,
                    0
                  ]
                },
                "south": {
                  "uv": [
                    25,
                    9.5
                  ],
                  "uv_size": [
                    2,
                    0
                  ]
                },
                "west": {
                  "uv": [
                    24,
                    9.5
                  ],
                  "uv_size": [
                    1,
                    0
                  ]
                },
                "up": {
                  "uv": [
                    22,
                    8.5
                  ],
                  "uv_size": [
                    2,
                    1
                  ]
                },
                "down": {
                  "uv": [
                    24,
                    9.5
                  ],
                  "uv_size": [
                    2,
                    -1
                  ]
                }
              },
              "inflate": 0.5
            },
            {
              "origin": [
                0.91855,
                27.9,
                -5.5369
              ],
              "size": [
                2.2,
                0.0,
                1.0
              ],
              "pivot": [
                1.41855,
                29.0,
                -5.9369
              ],
              "rotation": [
                7.76356,
                -23.83799,
                -18.64113
              ],
              "uv": {
                "north": {
                  "uv": [
                    24,
                    9.5
                  ],
                  "uv_size": [
                    -2,
                    0
                  ]
                },
                "east": {
                  "uv": [
                    25,
                    9.5
                  ],
                  "uv_size": [
                    -1,
                    0
                  ]
                },
                "south": {
                  "uv": [
                    27,
                    9.5
                  ],
                  "uv_size": [
                    -2,
                    0
                  ]
                },
                "west": {
                  "uv": [
                    22,
                    9.5
                  ],
                  "uv_size": [
                    -1,
                    0
                  ]
                },
                "up": {
                  "uv": [
                    24,
                    8.5
                  ],
                  "uv_size": [
                    -2,
                    1
                  ]
                },
                "down": {
                  "uv": [
                    26,
                    9.5
                  ],
                  "uv_size": [
                    -2,
                    -1
                  ]
                }
              },
              "inflate": 0.5
            },
            {
              "origin": [
                1.21855,
                29.3,
                -5.5369
              ],
              "size": [
                2.2,
                0.0,
                1.0
              ],
              "pivot": [
                1.41855,
                29.0,
                -5.9369
              ],
              "rotation": [
                7.76356,
                -23.83799,
                -18.64113
              ],
              "uv": {
                "north": {
                  "uv": [
                    24,
                    9.5
                  ],
                  "uv_size": [
                    -2,
                    0
                  ]
                },
                "east": {
                  "uv": [
                    25,
                    9.5
                  ],
                  "uv_size": [
                    -1,
                    0
                  ]
                },
                "south": {
                  "uv": [
                    27,
                    9.5
                  ],
                  "uv_size": [
                    -2,
                    0
                  ]
                },
                "west": {
                  "uv": [
                    22,
                    9.5
                  ],
                  "uv_size": [
                    -1,
                    0
                  ]
                },
                "up": {
                  "uv": [
                    24,
                    8.5
                  ],
                  "uv_size": [
                    -2,
                    1
                  ]
                },
                "down": {
                  "uv": [
                    26,
                    9.5
                  ],
                  "uv_size": [
                    -2,
                    -1
                  ]
                }
              },
              "inflate": 0.5
            },
            {
              "origin": [
                1.51855,
                30.8,
                -5.5369
              ],
              "size": [
                2.2,
                0.0,
                1.0
              ],
              "pivot": [
                1.41855,
                29.0,
                -5.9369
              ],
              "rotation": [
                7.76356,
                -23.83799,
                -18.64113
              ],
              "uv": {
                "north": {
                  "uv": [
                    24,
                    9.5
                  ],
                  "uv_size": [
                    -2,
                    0
                  ]
                },
                "east": {
                  "uv": [
                    25,
                    9.5
                  ],
                  "uv_size": [
                    -1,
                    0
                  ]
                },
                "south": {
                  "uv": [
                    27,
                    9.5
                  ],
                  "uv_size": [
                    -2,
                    0
                  ]
                },
                "west": {
                  "uv": [
                    22,
                    9.5
                  ],
                  "uv_size": [
                    -1,
                    0
                  ]
                },
                "up": {
                  "uv": [
                    24,
                    8.5
                  ],
                  "uv_size": [
                    -2,
                    1
                  ]
                },
                "down": {
                  "uv": [
                    26,
                    9.5
                  ],
                  "uv_size": [
                    -2,
                    -1
                  ]
                }
              },
              "inflate": 0.5
            },
            {
              "origin": [
                -1.48017,
                27.0,
                -6.3234
              ],
              "size": [
                4.0,
                5.0,
                4.0
              ],
              "pivot": [
                -1.48017,
                0.0,
                -2.3234
              ],
              "rotation": [
                0.0,
                -25.0,
                0.0
              ],
              "uv": {
                "north": {
                  "uv": [
                    8,
                    52
                  ],
                  "uv_size": [
                    -4,
                    5
                  ]
                },
                "east": {
                  "uv": [
                    12,
                    52
                  ],
                  "uv_size": [
                    -4,
                    5
                  ]
                },
                "south": {
                  "uv": [
                    16,
                    52
                  ],
                  "uv_size": [
                    -4,
                    5
                  ]
                },
                "west": {
                  "uv": [
                    4,
                    52
                  ],
                  "uv_size": [
                    -4,
                    5
                  ]
                },
                "up": {
                  "uv": [
                    8,
                    48
                  ],
                  "uv_size": [
                    -4,
                    4
                  ]
                },
                "down": {
                  "uv": [
                    12,
                    52
                  ],
                  "uv_size": [
                    -4,
                    -4
                  ]
                }
              },
              "inflate": 0.5
            }
          ]
        }
      ]
    }
  ]
}