{
  "format_version": "1.12.0",
  "minecraft:geometry": [
    {
      "description": {
        "identifier": "geometry.mn_sharkdevil",
        "texture_width": 64,
        "texture_height": 64,
        "visible_bounds_width": 2,
        "visible_bounds_height": 3.5,
        "visible_bounds_offset": [
          0,
          1.25,
          0
        ]
      },
      "bones": [
        {
          "name": "Head",
          "pivot": [
            0,
            24,
            0
          ],
          "cubes": [
            {
              "origin": [
                -4.0,
                24.0,
                -4.0
              ],
              "size": [
                8.0,
                8.0,
                8.0
              ],
              "uv": [
                0,
                0
              ],
              "inflate": 0
            },
            {
              "origin": [
                -4.045,
                26.97,
                -4.03
              ],
              "size": [
                8.09,
                5.06,
                5.06
              ],
              "uv": [
                0,
                16
              ],
              "inflate": 0.5
            },
            {
              "origin": [
                -0.02,
                28.44685,
                -4.50246
              ],
              "size": [
                0.04,
                5.24,
                4.2
              ],
              "pivot": [
                0.0,
                31.06685,
                -2.40246
              ],
              "rotation": [
                -18.0,
                0.0,
                0.0
              ],
              "uv": [
                16,
                48
              ],
              "inflate": 0.5
            },
            {
              "origin": [
                -0.01,
                33.59104,
                -2.42575
              ],
              "size": [
                0.02,
                2.06,
                3.08
              ],
              "pivot": [
                0.0,
                34.62104,
                -0.88575
              ],
              "rotation": [
                -34.0,
                0.0,
                0.0
              ],
              "uv": [
                24,
                48
              ],
              "inflate": 0.5
            },
            {
              "origin": [
                0.0,
                41.15047,
                -6.31494
              ],
              "size": [
                0.0,
                1.0,
                2.0
              ],
              "pivot": [
                0.0,
                32.10047,
                -9.96494
              ],
              "rotation": [
                -44.0,
                0.0,
                0.0
              ],
              "uv": [
                24,
                53
              ],
              "inflate": 0.5
            },
            {
              "origin": [
                0.01,
                36.05147,
                0.32365
              ],
              "size": [
                -0.02,
                0.96,
                0.96
              ],
              "pivot": [
                0.0,
                36.53147,
                0.80365
              ],
              "rotation": [
                -71.5,
                0.0,
                0.0
              ],
              "uv": [
                24,
                56
              ],
              "inflate": 0.5
            },
            {
              "origin": [
                -2.51983,
                27.0,
                -6.3234
              ],
              "size": [
                4.0,
                5.0,
                4.0
              ],
              "pivot": [
                1.48017,
                0.0,
                -2.3234
              ],
              "rotation": [
                0.0,
                25.0,
                0.0
              ],
              "uv": [
                0,
                48
              ],
              "inflate": 0.5
            },
            {
              "origin": [
                -3.71855,
                30.8,
                -5.5369
              ],
              "size": [
                2.2,
                0.0,
                1.0
              ],
              "pivot": [
                -1.41855,
                29.0,
                -5.9369
              ],
              "rotation": [
                7.76356,
                23.83799,
                18.64113
              ],
              "uv": [
                21,
                8.5
              ],
              "inflate": 0.5
            },
            {
              "origin": [
                -3.41855,
                29.3,
                -5.5369
              ],
              "size": [
                2.2,
                0.0,
                1.0
              ],
              "pivot": [
                -1.41855,
                29.0,
                -5.9369
              ],
              "rotation": [
                7.76356,
                23.83799,
                18.64113
              ],
              "uv": [
                21,
                8.5
              ],
              "inflate": 0.5
            },
            {
              "origin": [
                -3.11855,
                27.9,
                -5.5369
              ],
              "size": [
                2.2,
                0.0,
                1.0
              ],
              "pivot": [
                -1.41855,
                29.0,
                -5.9369
              ],
              "rotation": [
                7.76356,
                23.83799,
                18.64113
              ],
              "uv": [
                21,
                8.5
              ],
              "inflate": 0.5
            },
            {
              "origin": [
                0.91855,
                27.9,
                -5.5369
              ],
              "size": [
                2.2,
                0.0,
                1.0
              ],
              "pivot": [
                1.41855,
                29.0,
                -5.9369
              ],
              "rotation": [
                7.76356,
                -23.83799,
                -18.64113
              ],
              "uv": [
                21,
                8.5
              ],
              "inflate": 0.5,
              "mirror": true
            },
            {
              "origin": [
                1.21855,
                29.3,
                -5.5369
              ],
              "size": [
                2.2,
                0.0,
                1.0
              ],
              "pivot": [
                1.41855,
                29.0,
                -5.9369
              ],
              "rotation": [
                7.76356,
                -23.83799,
                -18.64113
              ],
              "uv": [
                21,
                8.5
              ],
              "inflate": 0.5,
              "mirror": true
            },
            {
              "origin": [
                1.51855,
                30.8,
                -5.5369
              ],
              "size": [
                2.2,
                0.0,
                1.0
              ],
              "pivot": [
                1.41855,
                29.0,
                -5.9369
              ],
              "rotation": [
                7.76356,
                -23.83799,
                -18.64113
              ],
              "uv": [
                21,
                8.5
              ],
              "inflate": 0.5,
              "mirror": true
            },
            {
              "origin": [
                -1.48017,
                27.0,
                -6.3234
              ],
              "size": [
                4.0,
                5.0,
                4.0
              ],
              "pivot": [
                -1.48017,
                0.0,
                -2.3234
              ],
              "rotation": [
                0.0,
                -25.0,
                0.0
              ],
              "uv": [
                0,
                48
              ],
              "inflate": 0.5,
              "mirror": true
            }
          ]
        },
        {
          "name": "Body",
          "pivot": [
            0,
            24,
            0
          ],
          "cubes": [
            {
              "origin": [
                -4.0,
                12.0,
                -2.0
              ],
              "size": [
                8.0,
                12.0,
                4.0
              ],
              "uv": [
                32,
                0
              ],
              "inflate": 0
            }
          ]
        },
        {
          "name": "RightArm",
          "pivot": [
            -5,
            22,
            0
          ],
          "cubes": [
            {
              "origin": [
                -8.0,
                12.0,
                -2.0
              ],
              "size": [
                4.0,
                12.0,
                4.0
              ],
              "uv": [
                16,
                32
              ],
              "inflate": 0
            }
          ]
        },
        {
          "name": "LeftArm",
          "pivot": [
            5,
            22,
            0
          ],
          "cubes": [
            {
              "origin": [
                4.0,
                12.0,
                -2.0
              ],
              "size": [
                4.0,
                12.0,
                4.0
              ],
              "uv": [
                0,
                32
              ],
              "inflate": 0
            }
          ]
        },
        {
          "name": "RightLeg",
          "pivot": [
            -1.9,
            12,
            0
          ],
          "cubes": [
            {
              "origin": [
                -3.9,
                0.0,
                -2.0
              ],
              "size": [
                4.0,
                12.0,
                4.0
              ],
              "uv": [
                42,
                16
              ],
              "inflate": 0
            }
          ]
        },
        {
          "name": "LeftLeg",
          "pivot": [
            1.9,
            12,
            0
          ],
          "cubes": [
            {
              "origin": [
                -0.1,
                0.0,
                -2.0
              ],
              "size": [
                4.0,
                12.0,
                4.0
              ],
              "uv": [
                26,
                16
              ],
              "inflate": 0
            }
          ]
        }
      ]
    }
  ]
}