{
  "format_version":"1.16.100",
  "animation_controllers":{
    "controller.animation.malco":{
      "states":{
        "default":{
          "transitions":[
            {"k":"query.variant == 27000"},
            {"kurouzu":"query.variant == 270"},
            {"fly":"query.has_target && !query.is_in_water"}
          ],
          "on_entry":[
            "/tag @s remove fly"
          ]
        },
        "fly":{
          "transitions":[
            {"k":"query.variant == 27000"},
            {"kurouzu":"query.variant == 270"},
            {"default":"!query.has_target"},
            {"attack":"variable.attack_time"}
          ],
          "on_entry":[
            "/tag @s add fly"
          ]
        },
        "attack":{
          "transitions":[
            {"fly":"!variable.attack_time"}
          ],
          "on_entry":[
            "/particle onepiece_addon:toritori_particle1 ^^^1",
            "/particle onepiece_addon:toritori_particle1 ^^^",
            "/particle onepiece_addon:toritori_particle2 ^^^1",
            "/particle onepiece_addon:toritori_particle2 ^^^"
          ]
        },
        "kurouzu":{
          "transitions":[
            {"default":"query.variant == 0"}
          ],
          "on_entry":[
            "/tag @s remove fly"
          ]
        },
        "k":{
          "on_entry":[
            "/tag @s remove fly"
          ]
        }
      }
    }
  }
}