{
  "format_version":"1.16.100",
  "animation_controllers":{
    "controller.animation.malco2":{
      "states":{
        "default":{
          "transitions":[
            {"k":"query.variant == 27000"},
            {"kurouzu":"query.variant == 270"},
            {"malco2":"!query.is_in_water"}
          ]
        },
        "malco2":{
          "transitions":[
            {"default":"variable.time = (variable.time ?? 0);variable.time = variable.time < 20 ? variable.time + 1:0;return variable.time == 0;"}
          ],
          "on_entry":[
            "/effect @s regeneration 2 2 true"
          ]
        },
        "kurouzu":{
          "transitions":[
            {"default":"query.variant == 0"}
          ]
        },
        "k":{}
      }
    }
  }
}