{
  "format_version": "1.12.0",
  "minecraft:geometry": [
    {
      "description": {
        "identifier": "geometry.yg_shadow",
        "texture_width": 64,
        "texture_height": 64,
        "visible_bounds_width": 5,
        "visible_bounds_height": 5.5,
        "visible_bounds_offset": [
          0,
          2.25,
          0
        ]
      },
      "bones": [
        {
          "name": "Root"
        },
        {
          "name": "Body",
          "pivot": [
            0,
            30,
            0
          ],
          "cubes": [
            {
              "origin": [
                -1.0,
                47.0,
                -1.0
              ],
              "size": [
                2.0,
                4.0,
                2.0
              ],
              "uv": [
                0,
                0
              ],
              "inflate": 0
            },
            {
              "origin": [
                -3.0,
                30.0,
                -2.0
              ],
              "size": [
                6.0,
                18.0,
                4.0
              ],
              "uv": [
                0,
                18
              ],
              "inflate": 0
            }
          ],
          "parent": "Root"
        },
        {
          "name": "Head",
          "pivot": [
            0,
            50,
            0
          ],
          "cubes": [
            {
              "origin": [
                -4.0,
                50.0,
                -4.0
              ],
              "size": [
                8.0,
                10.0,
                8.0
              ],
              "uv": [
                0,
                0
              ],
              "inflate": 0
            }
          ],
          "parent": "Body"
        },
        {
          "name": "Rightarm",
          "pivot": [
            -3,
            46,
            0
          ],
          "cubes": [
            {
              "origin": [
                -17.0,
                45.0,
                -1.0
              ],
              "size": [
                14.0,
                2.0,
                2.0
              ],
              "uv": [
                24,
                4
              ],
              "inflate": 0
            }
          ],
          "parent": "Body"
        },
        {
          "name": "bone",
          "pivot": [
            -17,
            46,
            0
          ],
          "cubes": [
            {
              "origin": [
                -31.0,
                45.0,
                -1.0
              ],
              "size": [
                14.0,
                2.0,
                2.0
              ],
              "uv": [
                24,
                0
              ],
              "inflate": 0
            }
          ],
          "parent": "Rightarm"
        },
        {
          "name": "Leftarm",
          "pivot": [
            3,
            46,
            0
          ],
          "cubes": [
            {
              "origin": [
                3.0,
                45.0,
                -1.0
              ],
              "size": [
                14.0,
                2.0,
                2.0
              ],
              "uv": [
                20,
                22
              ],
              "inflate": 0
            }
          ],
          "parent": "Body"
        },
        {
          "name": "bone2",
          "pivot": [
            17,
            46,
            0
          ],
          "cubes": [
            {
              "origin": [
                17.0,
                45.0,
                -1.0
              ],
              "size": [
                14.0,
                2.0,
                2.0
              ],
              "uv": [
                16,
                18
              ],
              "inflate": 0
            }
          ],
          "parent": "Leftarm"
        },
        {
          "name": "Rightleg",
          "pivot": [
            -1.7,
            30,
            0
          ],
          "cubes": [
            {
              "origin": [
                -2.7,
                16.0,
                -1.0
              ],
              "size": [
                2.0,
                14.0,
                2.0
              ],
              "uv": [
                0,
                40
              ],
              "inflate": 0
            }
          ],
          "parent": "Root"
        },
        {
          "name": "bone3",
          "pivot": [
            -1.7,
            16,
            0
          ],
          "cubes": [
            {
              "origin": [
                -2.7,
                2.0,
                -1.0
              ],
              "size": [
                2.0,
                14.0,
                2.0
              ],
              "uv": [
                36,
                26
              ],
              "inflate": 0
            }
          ],
          "parent": "Rightleg"
        },
        {
          "name": "Leftleg",
          "pivot": [
            1.7,
            30,
            0
          ],
          "cubes": [
            {
              "origin": [
                0.7,
                16.0,
                -1.0
              ],
              "size": [
                2.0,
                14.0,
                2.0
              ],
              "uv": [
                28,
                26
              ],
              "inflate": 0
            }
          ],
          "parent": "Root"
        },
        {
          "name": "bone4",
          "pivot": [
            1.7,
            16,
            0
          ],
          "cubes": [
            {
              "origin": [
                0.7,
                2.0,
                -1.0
              ],
              "size": [
                2.0,
                14.0,
                2.0
              ],
              "uv": [
                20,
                26
              ],
              "inflate": 0
            }
          ],
          "parent": "Leftleg"
        }
      ]
    }
  ]
}