{
  "format_version": "1.16.100",
  "minecraft:item": {
    "description": {
      "identifier": "wesl3y:mera_skill2",
      "category": "commands"
    },
    "components": {
      "tag:arm": {},
      "minecraft:icon": {
        "texture": "mera_skill2"
      },
      "minecraft:display_name": {
        "value":"Skill 2\n§e(Mera Mera)\n§7(Crouch to change/Agache para Mudar)"
      },
      "tag:skill": {},
      "minecraft:use_duration": 99999,
      "minecraft:max_stack_size": 1,
      "minecraft:hand_equipped": true,
      "minecraft:food": {
        "can_always_eat": true
      },
      "minecraft:on_use": {
        "on_use": {
          "event": "using",
          "target": "self"
        }
      },
      "minecraft:render_offsets": {
	    "main_hand": {
		  "first_person": { 
		    "scale": [0.0,0.0,0.0]
		  },
		  "third_person": { 
			"scale": [0.0,0.0,0.0]
		  }
		},
		"off_hand": {
		  "first_person": { 
			"scale": [0.0,0.0,0.0]
		  },
		  "third_person": { 
			"scale": [0.0,0.0,0.0]
	      }
	    }
	  }
    },
    "events": {
      "using": {
        "sequence": [
          {
            "randomize": [
              {
                "condition": "query.scoreboard('cooldown_skill2') == 0 && query.scoreboard('skill2') <= 1 && !query.is_sneaking",
                "run_command": {
                  "command": [
                    "playanimation @s animation.mera4.attack2 wesl3y",
                    "tag @s add mera4",
                    "tag @s[scores={fruit=..10}] add dano22",
                    "tag @s[scores={fruit=11..20}] add dano25",
                    "tag @s[scores={fruit=21..30}] add dano27",
                    "tag @s[scores={fruit=31..40}] add dano30",
                    "tag @s[scores={fruit=41..50}] add dano32",
                    "tag @s[scores={fruit=51..60}] add dano35",
                    "tag @s[scores={fruit=61..70}] add dano37",
                    "tag @s[scores={fruit=71..80}] add dano40",
                    "tag @s[scores={fruit=81..}] add dano42",
                    "event entity @s wesl3y:mera2",
                    "scoreboard players set @s cooldown_skill2 80"
                  ]
                }
              },
              {
                "condition": "query.scoreboard('cooldown_skill2') == 0 && query.scoreboard('skill2') == 2 && !query.is_sneaking",
                "run_command": {
                  "command": [
                    "playanimation @s animation.mera5.attack2 wesl3y",
                    "fill ~-4~~-4 ~4~5~4 fire 0 replace air",
                    "fill ~-5~~-3 ~5~5~3 fire 0 replace air",
                    "fill ~-3~~-5 ~3~5~5 fire 0 replace air",
                    "tag @s add mera5",
                    "tag @s[scores={fruit=..10}] add dano25",
                    "tag @s[scores={fruit=11..20}] add dano27",
                    "tag @s[scores={fruit=21..30}] add dano30",
                    "tag @s[scores={fruit=31..40}] add dano32",
                    "tag @s[scores={fruit=41..50}] add dano35",
                    "tag @s[scores={fruit=51..60}] add dano37",
                    "tag @s[scores={fruit=61..70}] add dano40",
                    "tag @s[scores={fruit=71..80}] add dano42",
                    "tag @s[scores={fruit=81..}] add dano45",
                    "event entity @s wesl3y:mera",
                    "scoreboard players set @s cooldown_skill2 120"
                  ]
                }
              },
              {
                "condition": "query.scoreboard('cooldown_skill2') == 0 && query.scoreboard('skill2') >= 3 && !query.is_sneaking",
                "run_command": {
                  "command": [
                    "playanimation @s animation.mera5.attack2 wesl3y",
                    "tag @s add mera6",
                    "tag @s[scores={fruit=..10}] add dano30",
                    "tag @s[scores={fruit=11..20}] add dano32",
                    "tag @s[scores={fruit=21..30}] add dano35",
                    "tag @s[scores={fruit=31..40}] add dano37",
                    "tag @s[scores={fruit=41..50}] add dano40",
                    "tag @s[scores={fruit=51..60}] add dano42",
                    "tag @s[scores={fruit=61..70}] add dano45",
                    "tag @s[scores={fruit=71..80}] add dano47",
                    "tag @s[scores={fruit=81..}] add dano50",
                    "event entity @s wesl3y:mera",
                    "scoreboard players set @s cooldown_skill2 150"
                  ]
                }
              }
            ]
          }
        ]
      }
    }
  }
}