{
	"format_version": "1.12.0",
	"minecraft:block": {
		"description": {
			"identifier": "random:br_wall",
			"is_experimental": false,
			"register_to_creative_menu": true
		},
		"components": {
			"minecraft:loot": "loot_tables/blocks/br_wall.json",
			"minecraft:destroy_time": 3,
			"minecraft:explosion_resistance": 3,
			"minecraft:friction": 0.6,
			"minecraft:flammable": {
				"flame_odds": 0,
				"burn_odds": 0
			},
			"minecraft:map_color": "#FFFFFF",
			"minecraft:block_light_absorption": 15,
			"minecraft:block_light_emission": 0
		}
	}
}
