{
  "format_version": "1.13.0",
  "minecraft:entity": {
    "description": {
      "identifier": "onepiece_addon:kaizoku1spawn",
      "is_spawnable": true,
      "is_summonable": true,
      "is_experimental": false,
      "scripts":{
        "animate":["kaizoku1spawn"]
      },
      "animations":{
        "kaizoku1spawn":"controller.animation.kaizoku1spawn"
      }
    },
    "components": {
      "minecraft:type_family": {
        "family": [ "inanimate" ]
      },
      "minecraft:collision_box": {
        "width": 0.5,
        "height": 1.975
      },
      "minecraft:health": {
        "value": 300,
        "max": 300
      },
      "minecraft:damage_sensor": {
        "triggers": {
            "on_damage": {"filters": {}},
            "deals_damage": false
        }
      },
      "minecraft:persistent": {
      },
      "minecraft:physics": {
      },
      "minecraft:pushable": {
        "is_pushable": false,
        "is_pushable_by_piston": true
      },
      "minecraft:conditional_bandwidth_optimization": {
      }
    },

    "events": {
    }
  }
}