{
  "format_version": "1.16.100",
  "minecraft:item": {
    "description": {
      "identifier": "wesl3y:uo_dragon_skill2",
      "category": "commands"
    },
    "components": {
      "tag:arm": {},
      "minecraft:icon": {
        "texture": "uo_dragon_skill2"
      },
      "minecraft:display_name": {
        "value":"Skill 2\n§1(Uo Dragon)"
      },
      "tag:skill": {},
      "minecraft:use_duration": 99999,
      "minecraft:max_stack_size": 1,
      "minecraft:hand_equipped": true,
      "minecraft:food": {
        "can_always_eat": true
      },
      "minecraft:on_use": {
        "on_use": {
          "event": "using",
          "target": "self"
        }
      },
      "minecraft:render_offsets": {
	    "main_hand": {
		  "first_person": { 
		    "scale": [0.0,0.0,0.0]
		  },
		  "third_person": { 
			"scale": [0.0,0.0,0.0]
		  }
		},
		"off_hand": {
		  "first_person": { 
			"scale": [0.0,0.0,0.0]
		  },
		  "third_person": { 
			"scale": [0.0,0.0,0.0]
	      }
	    }
	  }
    },
    "events": {
      "using": {
        "sequence": [
          {
            "randomize": [
              {
                "condition": "query.mark_variant == 50 && query.scoreboard('cooldown_skill2') == 0 && !query.is_sneaking",
                "run_command": {
                  "command": [
                    "playanimation @s animation.uo_dragon1.attack2 wesl3y",
                    "ride @e[family=player,rm=1,r=10] stop_riding",
                    "tag @s add uo_dragon_skill2",
                    "tag @s[scores={fruit=..10}] add dano15",
                    "tag @s[scores={fruit=11..20}] add dano17",
                    "tag @s[scores={fruit=21..30}] add dano20",
                    "tag @s[scores={fruit=31..40}] add dano22",
                    "tag @s[scores={fruit=41..50}] add dano25",
                    "tag @s[scores={fruit=51..60}] add dano27",
                    "tag @s[scores={fruit=61..70}] add dano30",
                    "tag @s[scores={fruit=71..80}] add dano32",
                    "tag @s[scores={fruit=81..}] add dano35",
                    "event entity @s wesl3y:uo_dragon_skill",
                    "scoreboard players set @s cooldown_skill2 40",
                    "scoreboard players add @s xp_fruit 1"
                  ]
                }
              }
            ]
          }
        ]
      }
    }
  }
}