{
  "format_version": "1.16.100",
  "minecraft:item": {
    "description": {
      "identifier": "wesl3y:uo_dragon",
      "category": "commands"
    },

    "components": {
      "tag:mode_arm": {},
      "tag:uo_dragon": {},
	  "tag:modo_invisible": {},
      "minecraft:icon": {
        "texture": "uo_dragon"
      },
      "minecraft:use_duration": 99999,
      "minecraft:max_stack_size": 1,
      "minecraft:hand_equipped": true,
      "minecraft:food": {
        "can_always_eat": true
      },
      "minecraft:display_name": {
        "value": "Dragon Form\n§1(Uo Uo)\n§7(Head+Jump+Look Up)"
      },
      "minecraft:render_offsets": {
	    "main_hand": {
		  "first_person": { 
		    "scale": [0.0,0.0,0.0]
		  },
		  "third_person": { 
			"scale": [0.0,0.0,0.0]
		  }
		}
	  }
    }
  }
}