{
  "format_version": "1.16.100",
  "minecraft:item": {
    "description": {
      "identifier": "wesl3y:uo_dragon_fly",
      "category": "commands"
    },

    "components": {
      "tag:arm": {},
      "minecraft:icon": {
        "texture": "uo_dragon_fly"
      },
      "minecraft:max_stack_size": 1,
      "minecraft:hand_equipped": true,
      "minecraft:display_name": {
        "value": "Fly\n§1Uo Dragon\n§7(Hand)"
      },
      "minecraft:render_offsets": {
	    "main_hand": {
		  "first_person": { 
		    "scale": [0.0,0.0,0.0]
		  },
		  "third_person": { 
			"scale": [0.0,0.0,0.0]
		  }
		}
	  }
    }
  }
}