{
	"format_version": "1.8.0",
	"animations": {
		"animation.bacteria.idle": {
			"loop": true,
			"animation_length": 6.76,
			"bones": {
				"head": {
					"rotation": {
						"0.0": [32.5, 0, 0],
						"0.4": [85, 0, 0],
						"1.56": [32.5, 0, 0],
						"1.88": [85, 0, 0],
						"3.04": [64, 0, 0],
						"3.16": [85, 0, 0],
						"3.28": [74.5, 0, 0],
						"3.48": [85, 0, 0],
						"6.76": [32.5, 0, 0]
					},
					"position": {
						"0.0": [0, -3, -13.25],
						"0.4": [0, -6.5, -18.25],
						"1.56": [0, -3, -13.25],
						"1.88": [0, -6.5, -18.25],
						"3.04": [0, -5.1, -16.25],
						"3.16": [0, -6.5, -18.25],
						"3.28": [0, -5.8, -17.25],
						"3.48": [0, -6.5, -18.25],
						"6.76": [0, -3, -13.25]
					}
				},
				"body": {
					"rotation": {
						"0.0": [27.5, 0, 0],
						"0.4": [42.5, 0, 0],
						"1.56": [27.5, 0, 0],
						"1.88": [42.5, 0, 0],
						"3.04": [36.5, 0, 0],
						"3.16": [42.5, 0, 0],
						"3.28": [39.5, 0, 0],
						"3.48": [42.5, 0, 0],
						"6.76": [27.5, 0, 0]
					},
					"position": {
						"0.0": [0, 0, -1],
						"1.56": [0, 0, -1],
						"3.04": [0, 0, -1],
						"3.28": [0, 0, -1],
						"6.76": [0, 0, -1]
					}
				},
				"rightArm": {
					"position": {
						"0.0": [0, -1.5, -11.5],
						"0.4": [0, -5.5, -16],
						"1.56": [0, -1.5, -11.5],
						"1.88": [0, -5.5, -16],
						"3.04": [0, -3.9, -14.2],
						"3.16": [0, -5.5, -16],
						"3.28": [0, -4.7, -15.1],
						"3.48": [0, -5.5, -16],
						"6.76": [0, -1.5, -11.5]
					}
				},
				"leftArm": {
					"position": {
						"0.0": [-0.5, -1.75, -11.25],
						"0.4": [-0.5, -5.75, -16],
						"1.56": [-0.5, -1.75, -11.25],
						"1.88": [-0.5, -5.75, -16],
						"3.04": [-0.5, -4.15, -14.1],
						"3.16": [-0.5, -5.75, -16],
						"3.28": [-0.5, -4.95, -15.05],
						"3.48": [-0.5, -5.75, -16],
						"6.76": [-0.5, -1.75, -11.25]
					}
				}
			}
		},
		"animation.bacteria.walk": {
			"loop": true,
			"animation_length": 1.28,
			"bones": {
				"head": {
					"rotation": {
						"0.0": [20, 0, 0],
						"0.32": [0, 0, 0],
						"0.64": [27.5, 0, 0],
						"0.96": [0, 0, 0],
						"1.28": [20, 0, 0]
					},
					"position": {
						"0.0": [0, -1.5, -8.5],
						"0.32": [0, -0.25, 0],
						"0.48": [0, -0.56, -5.27],
						"0.64": [0, -2.25, -9.25],
						"0.8": [0, -0.52, -5.31],
						"0.96": [0, 0, 0],
						"1.28": [0, -1.5, -8.5]
					}
				},
				"body": {
					"rotation": {
						"0.0": [20, 0, 0],
						"0.32": [0, 0, 0],
						"0.64": [22.5, 0, 0],
						"0.96": [0, 0, 0],
						"1.28": [20, 0, 0]
					}
				},
				"rightArm": {
					"rotation": {
						"0.0": [-55, 0, 0],
						"0.32": [-45, 0, 0],
						"0.64": [-40, 0, 0],
						"0.96": [-47.5, 0, 0],
						"1.28": [-55, 0, 0]
					},
					"position": {
						"0.0": [0, -1.5, -7.75],
						"0.32": [0, 0, 0],
						"0.64": [0, -2.5, -10.25],
						"0.96": [0, 0, 0],
						"1.28": [0, -1.5, -7.75]
					}
				},
				"leftArm": {
					"rotation": {
						"0.0": [-57.5, 0, 0],
						"0.32": [-52.5, 0, 0],
						"0.64": [-47.5, 0, 0],
						"0.96": [-57.5, 0, 0],
						"1.28": [-57.5, 0, 0]
					},
					"position": {
						"0.0": [0, -1, -7.75],
						"0.32": [0, 0, 0.25],
						"0.64": [0, -2.5, -8.25],
						"0.96": [0, 0, 0.25],
						"1.28": [0, -1, -7.75]
					}
				},
				"rightLeg": {
					"rotation": {
						"0.0": [15, 0, 0],
						"0.32": [5, 0, 0],
						"0.64": [-35, 0, 0],
						"0.96": [5, 0, 0],
						"1.28": [15, 0, 0]
					}
				},
				"leftLeg": {
					"rotation": {
						"0.0": [-35.45196, -2.77602, 0.86495],
						"0.32": [-5.45196, -2.77602, 0.86495],
						"0.64": [17.04804, -2.77602, 0.86495],
						"0.96": [-5.45196, -2.77602, 0.86495],
						"1.28": [-35.45196, -2.77602, 0.86495]
					}
				}
			}
		},
		"animation.bacteria.attack": {
			"animation_length": 1,
			"bones": {
				"head": {
					"rotation": {
						"0.0": [0, 0, 0],
						"0.25": [60, 0, 0],
						"0.5": [-75, 0, 0],
						"0.75": [60, 0, 0],
						"1.0": [0, 0, 0]
					},
					"position": {
						"0.0": [0, 0, 0],
						"0.1667": [0, -1.25, -8.25],
						"0.25": [0, -2.87, -10.37],
						"0.3333": [0, 0, 0],
						"0.5": [0, -6, 15],
						"0.75": [0, -7.5, -18],
						"1.0": [0, 0, 0]
					}
				},
				"body": {
					"rotation": {
						"0.0": [0, 0, 0],
						"0.25": [25, 0, 0],
						"0.5": [-40, 0, 0],
						"0.75": [47.5, 0, 0],
						"1.0": [0, 0, 0]
					},
					"position": [0, 0, 0]
				},
				"leftArm": {
					"rotation": {
						"0.0": [0, 0, 0],
						"0.25": [-12.5, 0, 0],
						"0.5": [-222.5, 0, 0],
						"0.75": [-51.83416, 9.88744, 7.68615],
						"1.0": [0, 0, 0]
					},
					"position": {
						"0.0": [0, 0, 0],
						"0.25": [0, -2, -9.5],
						"0.5": [0, -6, 15],
						"0.75": [0, -8.25, -17.5],
						"1.0": [0, 0, 0]
					}
				},
				"rightArm": {
					"rotation": {
						"0.0": [0, 0, 0],
						"0.25": [-25, 0, 0],
						"0.5": [-224.17, 0, 0],
						"0.75": [-44.58, 0, 0],
						"1.0": [0, 0, 0]
					},
					"position": {
						"0.0": [0, 0, 0],
						"0.25": [0, -2, -10],
						"0.5": [0, -5.33, 15.33],
						"0.75": [0, -7.66, -17.34],
						"1.0": [0, 0, 0]
					}
				},
				"leftLeg": {
					"rotation": {
						"0.0": [0, 0, 0],
						"0.3333": [17.5, 0, 0],
						"0.5833": [15, 0, 0],
						"0.75": [9, 0, 0],
						"1.0": [0, 0, 0]
					}
				},
				"rightLeg": {
					"rotation": {
						"0.0": [0, 0, 0],
						"0.3333": [-17.5, 0, 0],
						"0.5": [-5, 0, 0],
						"0.75": [-5, 0, 0],
						"1.0": [0, 0, 0]
					}
				}
			}
		}
	}
}