{
	"format_version": "1.8.0",
	"animations": {
		"animation.bone_thief.idle": {
			"loop": true,
			"animation_length": 5.72,
			"bones": {
				"BottomJaw": {
					"rotation": {
						"0.0": [0, 0, 0],
						"3.12": [-17.5, 0, 0],
						"5.72": [0, 0, 0]
					}
				},
				"TopJaw": {
					"rotation": {
						"0.0": [0, 0, 0],
						"3.12": [30, 0, 0],
						"5.72": [0, 0, 0]
					}
				}
			}
		},
		"animation.bone_thief.attack": {
			"animation_length": 1.04,
			"bones": {
				"head": {
					"position": {
						"0.0": [0, 0, 0],
						"0.52": [0, 0, -116],
						"1.04": [0, 0, 0]
					}
				},
				"BottomJaw": {
					"rotation": {
						"0.36": [0, 0, 0],
						"0.52": [-17.5, 0, 0],
						"1.04": [0, 0, 0]
					}
				},
				"TopJaw": {
					"rotation": {
						"0.36": [0, 0, 0],
						"0.52": [30, 0, 0],
						"1.04": [0, 0, 0]
					}
				},
				"neck": {
					"position": {
						"0.0": [0, 0, 0],
						"0.52": [0, 0, -52],
						"1.04": [0, 0, 0]
					},
					"scale": {
						"0.0": [1, 1, 1],
						"0.52": [1, 1, 6.8],
						"1.04": [1, 1, 1]
					}
				}
			}
		}
	}
}