{
	"format_version": "1.8.0",
	"animations": {
		"animation.game_master.idle": {
			"loop": true,
			"animation_length": 2,
			"bones": {
				"Main": {
					"position": {
						"0.0": [0, 8, 0],
						"1.0": [0, 6, 0],
						"2.0": [0, 8, 0]
					}
				},
				"head": {
					"rotation": [0, 0, -17.5]
				},
				"leftArm": {
					"rotation": [0, -90, -45]
				},
				"mid": {
					"rotation": [-85, 0, 0]
				},
				"foot": {
					"rotation": [50, 0, 0],
					"position": [0, 0.5, -1.5]
				},
				"foot2": {
					"rotation": [50, 0, 0],
					"position": [0, 0.5, -1.5]
				},
				"rightArm": {
					"rotation": [-42.5, 85, 0]
				},
				"mid2": {
					"rotation": [-90, 0, 0]
				}
			}
		}
	}
}