{
	"format_version": "1.8.0",
	"animations": {
		"animation.memoryworm.walk": {
			"loop": true,
			"animation_length": 1,
			"bones": {
				"head": {
					"rotation": {
						"0.0": [0, 0, 0],
						"0.2083": [0, 27.5, 0],
						"0.4583": [0, -2.5, 0],
						"0.6667": [0, -35, 0],
						"1.0": [0, 0, 0]
					}
				},
				"body1": {
					"rotation": {
						"0.0": [0, 0, 0],
						"0.2083": [0, 22.5, 0],
						"0.4583": [0, 0, 0],
						"0.6667": [0, -25, 0],
						"1.0": [0, 0, 0]
					},
					"position": {
						"0.0": [0, 0, 0],
						"0.2083": [7, 0, -3],
						"0.4583": [0, 0, 0],
						"0.6667": [-8, 0, -2],
						"1.0": [0, 0, 0]
					}
				},
				"body2": {
					"rotation": {
						"0.0": [0, 0, 0],
						"0.6667": [0, 5, 0],
						"1.0": [0, 0, 0]
					},
					"position": {
						"0.0": [0, 0, 0],
						"0.2083": [12, 0, -5],
						"0.4583": [0, 0, 0],
						"0.6667": [-13, 0, -5],
						"1.0": [0, 0, 0]
					}
				},
				"body3": {
					"rotation": {
						"0.0": [0, 0, 0],
						"0.2083": [0, -17.5, 0],
						"0.4583": [0, 0, 0],
						"0.6667": [0, 20, 0],
						"1.0": [0, 0, 0]
					},
					"position": {
						"0.0": [0, 0, 0],
						"0.2083": [10.25, 0, -6.75],
						"0.4583": [0, 0, 0],
						"0.6667": [-10, 0, -7],
						"1.0": [0, 0, 0]
					}
				},
				"body4": {
					"rotation": {
						"0.0": [0, 0, 0],
						"0.2083": [0, -17.5, 0],
						"0.4583": [0, 0, 0],
						"0.6667": [0, 35, 0],
						"1.0": [0, 0, 0]
					},
					"position": {
						"0.0": [0, 0, 0],
						"0.2083": [5.25, 0, -7.75],
						"0.4583": [0, 0, 0],
						"0.6667": [-3.5, 0, -10],
						"1.0": [0, 0, 0]
					}
				},
				"body5": {
					"rotation": {
						"0.0": [0, 0, 0],
						"0.2083": [0, 5, 0],
						"0.4583": [0, 0, 0],
						"0.6667": [0, 0, 0],
						"1.0": [0, 0, 0]
					},
					"position": {
						"0.0": [0, 0, 0],
						"0.2083": [4, 0, -11],
						"0.4583": [0, 0, 0],
						"0.6667": [1, 0, -14.75],
						"1.0": [0, 0, 0]
					}
				},
				"stinger": {
					"rotation": {
						"0.0": [0, 0, 0],
						"0.2083": [0, 20, 0],
						"0.4583": [0, 0, 0],
						"0.6667": [0, -27.5, 0],
						"1.0": [0, 0, 0]
					},
					"position": {
						"0.0": [0, 0, 0],
						"0.2083": [-0.75, 0, -2.25],
						"0.4583": [0, 0, 0],
						"0.6667": [0.75, 0, -2],
						"1.0": [0, 0, 0]
					}
				}
			}
		},
		"animation.memoryworm.idle": {
			"loop": true,
			"animation_length": 2,
			"bones": {
				"Main": {
					"rotation": [-35, 0, 0],
					"position": [0, -1, 0]
				},
				"head": {
					"rotation": {
						"0.0": [42.5, 0, 0],
						"1.0417": [57.5, 0, 0],
						"2.0": [42.5, 0, 0]
					},
					"position": [0, 1.25, 3]
				},
				"body1": {
					"rotation": {
						"0.0": [15, 0, 0],
						"1.0": [22.5, 0, 0],
						"2.0": [15, 0, 0]
					},
					"position": {
						"0.0": [0, 3.25, -9],
						"2.0": [0, 3.25, -9]
					}
				},
				"body2": {
					"rotation": {
						"0.0": [-25, 0, 0],
						"1.0417": [-17.5, 0, 0],
						"1.9583": [-25, 0, 0]
					},
					"position": {
						"0.0": [0, 2, -20],
						"1.0417": [0, 3.6, -20.9],
						"1.9583": [0, 2, -20]
					}
				},
				"body3": {
					"rotation": {
						"0.0": [0, 0, 0],
						"1.0417": [-10, 0, 0],
						"1.9583": [0, 0, 0]
					},
					"position": {
						"0.0": [0, -1, -21.25],
						"1.0417": [0, -0.5, -21.25]
					},
					"scale": 1
				},
				"body4": {
					"rotation": {
						"0.0": [12.5, 0, 0],
						"1.0417": [17.5, 0, 0],
						"1.9583": [12.5, 0, 0]
					},
					"position": {
						"0.0": [0, 1, -23],
						"1.0417": [0, -0.25, -22],
						"1.9583": [0, 1, -23]
					}
				},
				"body5": {
					"rotation": {
						"0.0": [15, 0, 0],
						"1.0417": [22.5, 0, 0],
						"2.0": [15, 0, 0]
					},
					"position": {
						"0.0": [0, 3.5, -26],
						"2.0": [0, 3.5, -26]
					}
				},
				"stinger": {
					"rotation": {
						"0.0": [20, 0, 0],
						"1.9583": [20, 0, 0]
					},
					"position": [0, 0, -1.25]
				}
			}
		},
		"animation.memoryworm.attack": {
			"loop": true,
			"animation_length": 0.54167,
			"bones": {
				"Main": {
					"rotation": [-35, 0, 0],
					"position": [0, -1, 0]
				},
				"head": {
					"rotation": {
						"0.0": [42.5, 0, 0],
						"0.2917": [87.5, 0, 0],
						"0.5417": [42.5, 0, 0]
					},
					"position": {
						"0.0": [0, 0, 0],
						"0.2917": [0, -13.75, 3],
						"0.5417": [0, 0, 0]
					}
				},
				"body1": {
					"rotation": {
						"0.0": [15, 0, 0],
						"0.2917": [67.5, 0, 0],
						"0.5417": [15, 0, 0]
					},
					"position": {
						"0.0": [0, 3.25, -9],
						"0.2917": [0, -3.5, -10.25],
						"0.5417": [0, 3.25, -9]
					}
				},
				"body2": {
					"rotation": {
						"0.0": [-25, 0, 0],
						"0.2917": [45, 0, 0],
						"0.5": [-25, 0, 0]
					},
					"position": {
						"0.0": [0, 2, -20],
						"0.2917": [0, 3.6, -20.9],
						"0.5": [0, 2, -20]
					}
				},
				"body3": {
					"rotation": {
						"0.0": [0, 0, 0],
						"0.2917": [10, 0, 0],
						"0.5": [0, 0, 0]
					},
					"position": {
						"0.0": [0, -1, -21.25],
						"0.2917": [0, 5.5, -32.25],
						"0.5": [0, -1, -21.25]
					},
					"scale": 1
				},
				"body4": {
					"rotation": {
						"0.0": [12.5, 0, 0],
						"0.2917": [-12.5, 0, 0],
						"0.5": [12.5, 0, 0]
					},
					"position": {
						"0.0": [0, 1, -23],
						"0.2917": [0, 5.75, -39],
						"0.5": [0, 1, -23]
					}
				},
				"body5": {
					"rotation": {
						"0.0": [15, 0, 0],
						"0.2917": [-2.5, 0, 0],
						"0.5417": [15, 0, 0]
					},
					"position": {
						"0.0": [0, 3.5, -26],
						"0.2917": [0, 3.5, -39],
						"0.5417": [0, 3.5, -26]
					}
				},
				"stinger": {
					"rotation": {
						"0.0": [20, 0, 0],
						"0.2917": [37.5, 0, 0],
						"0.5": [20, 0, 0]
					},
					"position": {
						"0.0": [0, 0, 0],
						"0.2917": [0, -1.5, -1.25],
						"0.5": [0, 0, 0]
					}
				}
			}
		}
	}
}