{
	"format_version": "1.8.0",
	"animations": {
		"animation.party_host.idle": {
			"loop": true,
			"animation_length": 5.41667,
			"bones": {
				"eyelid": {
					"position": {
						"0.0": [0, 0, -1],
						"4.9583": [0, 0, -1],
						"5.1667": [0, 0, 5.75],
						"5.4167": [0, 0, -1]
					},
					"scale": {
						"0.0": [1, 1, 0.2],
						"4.9583": [1, 1, 0.2],
						"5.1667": [1, 1, 2.675],
						"5.4167": [1, 1, 0.2]
					}
				},
				"eyelid2": {
					"position": {
						"0.0": [0, 0, 1],
						"4.9583": [0, 0, 1],
						"5.1667": [0, 0, -5.5],
						"5.4167": [0, 0, 1]
					},
					"scale": {
						"0.0": [1, 1, 0.2],
						"4.9583": [1, 1, 0.2],
						"5.1667": [1, 1, 2.4],
						"5.4167": [1, 1, 0.2]
					}
				},
				"eyeball": {
					"position": {
						"0.0": [0, 0, 0],
						"0.2917": [6, 0, 0],
						"1.375": [6, 0, 0],
						"1.5": [0, 0, 0],
						"1.9583": [0, 0, 0],
						"2.0833": [0, 0, 4],
						"2.625": [0, 0, 4],
						"3.4167": [0, 0, 4],
						"3.5833": [-5, 0, 0],
						"4.5": [-5, 0, 0],
						"4.625": [0, 0, 0],
						"4.7917": [0, 0, 0],
						"5.0": [0, 0, 0]
					}
				}
			}
		},
		"animation.party_host.attack": {
			"loop": true,
			"animation_length": 1.91667,
			"bones": {
				"attack": {
					"rotation": {
						"0.0": [0, 0, 0],
						"0.4167": [0, -320, 0],
						"0.9167": [0, 0, 0],
						"1.4167": [0, -320, 0],
						"1.9167": [0, 0, 0]
					},
					"scale": {
						"0.0": [1, 1, 1],
						"0.4167": [-3.2, 1, 2.4],
						"0.9167": [-3.2, 1, -2.7],
						"1.4167": [3, 1, 2.4],
						"1.9167": [2.4, 1, -2.4]
					}
				}
			}
		}
	}
}