{
	"format_version": "1.8.0",
	"animations": {
		"animation.sniffer.walk": {
			"loop": true,
			"animation_length": 1.04167,
			"bones": {
				"Main": {
					"position": {
						"0.0": [0, 0, 0],
						"0.4583": [0, -0.25, 0],
						"1.0": [0, 0, 0]
					}
				},
				"head": {
					"rotation": {
						"0.0": [10, 0, 0],
						"0.4583": [-2.5, 0, 0],
						"1.0": [10, 0, 0]
					}
				},
				"leg1": {
					"rotation": {
						"0.0": [-20, 0, 0],
						"0.2083": [0, 0, 0],
						"0.5": [35, 0, 0],
						"0.75": [-2.5, 0, 0],
						"1.0": [-22.5, 0, 0]
					}
				},
				"leg4": {
					"rotation": {
						"0.0": [25, 0, 0],
						"0.2083": [0, 0, 0],
						"0.5": [-32.5, 0, 0],
						"0.75": [0, 0, 0],
						"1.0": [22.5, 0, 0]
					}
				},
				"leg3": {
					"rotation": {
						"0.0": [30, 0, 0],
						"0.2083": [-2.5, 0, 0],
						"0.5": [-23.03, 0, 0],
						"0.75": [-2.5, 0, 0],
						"1.0": [30, 0, 0]
					}
				},
				"leg2": {
					"rotation": {
						"0.0": [0, 0, 0],
						"0.2083": [-22.5, 0, 0],
						"0.5": [-2.5, 0, 0],
						"0.75": [22.5, 0, 0],
						"1.0": [-2.5, 0, 0]
					}
				},
				"leg5": {
					"rotation": {
						"0.0": [0, 0, 0],
						"0.2083": [17.5, 0, 0],
						"0.5": [-5.39, 0, 0],
						"0.75": [-27.69, 0, 0],
						"1.0": [0, 0, 0]
					}
				},
				"leg6": {
					"rotation": {
						"0.0": [-27.5, 0, 0],
						"0.2083": [0, 0, 0],
						"0.5": [39.87, 0, 0],
						"0.75": [1.19, 0, 0],
						"1.0": [-27.5, 0, 0]
					}
				}
			}
		},
		"animation.sniffer.idle": {
			"loop": "hold_on_last_frame",
			"animation_length": 7.125,
			"bones": {
				"Main": {
					"position": {
						"0.0": [0, 0, 0],
						"0.3333": [0, -2, 0],
						"7.125": [0, -2, 0]
					}
				},
				"head": {
					"rotation": {
						"0.3333": [0, 0, 0],
						"1.5": [25, 0, 0],
						"3.0": [0, 0, 0],
						"4.5": [25, 0, 0],
						"5.6667": [0, 0, 0],
						"7.125": [25, 0, 0]
					}
				},
				"leg1": {
					"rotation": {
						"0.0": [0, 0, 0],
						"0.3333": [0, 0, -67.5],
						"7.125": [0, 0, -67.5]
					}
				},
				"leg4": {
					"rotation": {
						"0.0": [0, 0, 0],
						"0.3333": [0, 0, 72.5],
						"7.125": [0, 0, 72.5]
					}
				},
				"leg3": {
					"rotation": {
						"0.0": [0, 0, 0],
						"0.3333": [0, 0, -67.5],
						"7.125": [0, 0, -67.5]
					}
				},
				"leg2": {
					"rotation": {
						"0.0": [0, 0, 0],
						"0.3333": [0, 0, -65],
						"7.125": [0, 0, -65]
					}
				},
				"leg5": {
					"rotation": {
						"0.0": [0, 0, 0],
						"0.3333": [0, 0, 67.5],
						"7.125": [0, 0, 67.5]
					}
				},
				"leg6": {
					"rotation": {
						"0.0": [0, 0, 0],
						"0.3333": [0, 0, 70],
						"7.125": [0, 0, 70]
					}
				}
			}
		}
	}
}