{
	"format_version": "1.8.0",
	"animations": {
		"animation.spider_legs.idle": {
			"loop": true,
			"animation_length": 3.12,
			"bones": {
				"head": {
					"rotation": {
						"0.0": [0, 0, 0],
						"1.56": [20, 0, 0],
						"3.12": [0, 0, 0]
					},
					"position": {
						"0.0": [0, 0, 0],
						"1.56": [0, -3, 0],
						"3.12": [0, 0, 0]
					}
				},
				"body": {
					"rotation": {
						"0.0": [0, 0, 0],
						"3.12": [0, 0, 0]
					},
					"position": {
						"0.0": [0, 0, 0],
						"1.56": [0, -4, 0],
						"3.12": [0, 0, 0]
					}
				},
				"leftLeg2": {
					"rotation": {
						"0.0": [0, 0, 0],
						"1.56": [0, 0, -12.5],
						"3.12": [0, 0, 0]
					},
					"position": {
						"0.0": [0, 0, 0],
						"1.56": [0, -4, 0],
						"3.12": [0, 0, 0]
					}
				},
				"leftLeg1": {
					"rotation": {
						"0.0": [0, 0, 0],
						"1.56": [-1.77881, -2.4387, -3.94889],
						"3.12": [0, 0, 0]
					},
					"position": {
						"0.0": [0, 0, 0],
						"1.56": [0, -4, 0],
						"3.12": [0, 0, 0]
					}
				},
				"rightLeg1": {
					"rotation": {
						"0.0": [0, 0, 0],
						"1.56": [0, 0, 12.5],
						"3.12": [0, 0, 0]
					},
					"position": {
						"0.0": [0, 0, 0],
						"1.56": [0, -4, 0],
						"3.12": [0, 0, 0]
					}
				},
				"rightLeg2": {
					"rotation": {
						"0.0": [0, 0, 0],
						"1.56": [0, 0, 15],
						"3.12": [0, 0, 0]
					},
					"position": {
						"0.0": [0, 0, 0],
						"1.56": [0, -5, 0],
						"3.12": [0, 0, 0]
					}
				},
				"jaw": {
					"rotation": {
						"0.0": [-15, 0, 0],
						"1.56": [0, 0, 0],
						"3.12": [-17.5, 0, 0]
					},
					"position": {
						"0.0": [0, 0, 0],
						"3.12": [0, 0, 0]
					}
				}
			}
		},
		"animation.spider_legs.walk": {
			"loop": true,
			"animation_length": 0.5,
			"bones": {
				"head": {
					"rotation": {
						"0.0": [0, 0, 0],
						"0.25": [25, 0, 0],
						"0.5": [0, 0, 0]
					}
				},
				"leftLeg1": {
					"rotation": {
						"0.0": [0, 0, 0],
						"0.125": [-30, 0, 0],
						"0.25": [-12.5, 0, 0],
						"0.375": [15, 0, 0],
						"0.5": [0, 0, 0]
					}
				},
				"top2": {
					"rotation": [0, 0, 0]
				},
				"bottom2": {
					"rotation": {
						"0.0": [0, 0, 0],
						"0.125": [-22.5, 0, 0],
						"0.25": [2.5, 0, 0],
						"0.375": [25, 0, 0],
						"0.5": [0, 0, 0]
					}
				},
				"leftLeg2": {
					"rotation": {
						"0.0": [0, 0, 0],
						"0.125": [-32.5, 0, 0],
						"0.25": [-17.5, 0, 0],
						"0.375": [17.5, 0, 0],
						"0.5": [10, 0, 0]
					}
				},
				"rightLeg1": {
					"rotation": {
						"0.0": [0, 0, 0],
						"0.125": [22.5, 0, 0],
						"0.25": [10, 0, 0],
						"0.375": [-7.5, 0, 0],
						"0.5": [-2.5, 0, 0]
					}
				},
				"bottom3": {
					"rotation": {
						"0.0": [0, 0, 0],
						"0.125": [20, 0, 0],
						"0.25": [-7.5, 0, 0],
						"0.375": [-20, 0, 0],
						"0.5": [5, 0, 0]
					}
				},
				"rightLeg2": {
					"rotation": {
						"0.0": [0, 0, 0],
						"0.125": [50, 0, 0],
						"0.25": [22.5, 0, 0],
						"0.375": [-35, 0, 0],
						"0.5": [10, 0, 0]
					}
				},
				"jaw": {
					"rotation": {
						"0.0": [0, 0, 0],
						"0.25": [-15, 0, 0],
						"0.5": [0, 0, 0]
					}
				}
			}
		},
		"animation.spider_legs.attack": {
			"animation_length": 0.33333,
			"bones": {
				"Main": {
					"position": {
						"0.0": [0, 0, 0],
						"0.1667": [0, -10, -20],
						"0.3333": [0, 0, 0]
					}
				},
				"head": {
					"rotation": {
						"0.0": [0, 0, 0],
						"0.1667": [15, 0, 0],
						"0.3333": [0, 0, 0]
					}
				},
				"leftLeg1": {
					"rotation": {
						"0.0": [0, 0, 0],
						"0.1667": [-42.5, 0, 0],
						"0.3333": [0, 0, 0]
					}
				},
				"bottom4": {
					"rotation": {
						"0.0": [0, 0, 0],
						"0.1667": [32.5, 0, 0],
						"0.3333": [0, 0, 0]
					}
				},
				"bottom3": {
					"rotation": {
						"0.0": [0, 0, 0],
						"0.1667": [22.5, 0, 0],
						"0.3333": [0, 0, 0]
					}
				},
				"bottom5": {
					"rotation": {
						"0.0": [0, 0, 0],
						"0.1667": [35, 0, 0],
						"0.3333": [0, 0, 0]
					}
				},
				"jaw": {
					"rotation": {
						"0.0": [-15, 0, 0],
						"0.1667": [57.5, 0, 0],
						"0.3333": [-15, 0, 0]
					}
				},
				"bottom2": {
					"rotation": {
						"0.0": [0, 0, 0],
						"0.1667": [27.5, 0, 0],
						"0.3333": [0, 0, 0]
					}
				},
				"rightLeg1": {
					"rotation": {
						"0.0": [0, 0, 0],
						"0.1667": [-40, 0, 0],
						"0.3333": [0, 0, 0]
					}
				}
			}
		},
		"animation.spider_legs.stomp": {
			"animation_length": 0.58333,
			"bones": {
				"Main": {
					"rotation": {
						"0.0": [0, 0, 0],
						"0.375": [-60, 0, 0],
						"0.5": [0, 0, 0]
					},
					"position": {
						"0.0": [0, 0, 0],
						"0.375": [0, 26, 0],
						"0.5": [0, 0, 0]
					}
				},
				"leftLeg1": {
					"rotation": {
						"0.0": [0, 0, 0],
						"0.4167": [-62.5, 0, 0],
						"0.5833": [0, 0, 0]
					}
				},
				"bottom4": {
					"rotation": {
						"0.0": [0, 0, 0],
						"0.4167": [45, 0, 0],
						"0.5833": [0, 0, 0]
					}
				},
				"rightLeg1": {
					"rotation": {
						"0.0": [0, 0, 0],
						"0.4167": [-72.5, 0, 0],
						"0.5833": [0, 0, 0]
					}
				},
				"bottom5": {
					"rotation": {
						"0.0": [0, 0, 0],
						"0.4167": [42.5, 0, 0],
						"0.5833": [0, 0, 0]
					}
				},
				"jaw": {
					"rotation": {
						"0.0": [-15, 0, 0],
						"0.3333": [42.5, 0, 0],
						"0.5": [-15, 0, 0]
					}
				}
			},
			"sound_effects": {
				"0.5": {
					"effect": "stomp"
				}
			}
		}
	}
}