{
  "format_version": "1.8.0",
  "animations": {
    "animation.br_bone_thives.walk": {
      "loop": true,
      "animation_length": 0.84,
      "bones": {
        "Head": {
          "rotation": {
            "0.0": [
              0,
              27.5,
              0
            ],
            "0.2": [
              0,
              -22.5,
              0
            ],
            "0.44": [
              0,
              25,
              0
            ],
            "0.64": [
              0,
              -25,
              0
            ],
            "0.8": [
              0,
              30,
              0
            ]
          }
        },
        "Arm": {
          "scale": {
            "0.0": [
              1,
              1,
              1.9
            ],
            "0.2": [
              1,
              1,
              0.8
            ],
            "0.44": [
              1,
              1,
              1.9
            ],
            "0.64": [
              1,
              1,
              0.7
            ],
            "0.8": [
              1,
              1,
              1.8
            ]
          }
        },
        "Arm2": {
          "rotation": [
            0,
            35,
            0
          ]
        },
        "Arm3": {
          "scale": {
            "0.0": [
              1,
              1,
              0.7
            ],
            "0.2": [
              1,
              1,
              1.7
            ],
            "0.44": [
              1,
              1,
              0.7
            ],
            "0.64": [
              1,
              1,
              1.8
            ],
            "0.8": [
              1,
              1,
              0.9
            ]
          }
        },
        "Arm4": {
          "rotation": [
            0,
            35,
            0
          ]
        }
      }
    }
  }
}