{
  "format_version": "1.8.0",
  "animations": {
    "animation.br_clumps.idle": {
      "loop": true,
      "animation_length": 0.8,
      "bones": {
        "Arm": {
          "rotation": {
            "0.0": [
              0,
              0,
              -7.5
            ],
            "0.24": [
              0,
              0,
              2.5
            ],
            "0.52": [
              0,
              0,
              -10
            ],
            "0.8": [
              0,
              0,
              2.5
            ]
          }
        },
        "Joint": {
          "rotation": [
            0,
            0,
            17.5
          ]
        },
        "Arm2": {
          "rotation": {
            "0.0": [
              0,
              0,
              12.5
            ],
            "0.24": [
              0,
              0,
              -2.5
            ],
            "0.52": [
              0,
              0,
              15
            ],
            "0.8": [
              0,
              0,
              0
            ]
          }
        },
        "Joint2": {
          "rotation": [
            0,
            0,
            22.5
          ]
        },
        "Arm3": {
          "rotation": {
            "0.0": [
              0,
              0,
              -10
            ],
            "0.2": [
              0,
              0,
              5
            ],
            "0.52": [
              0,
              0,
              -10
            ],
            "0.8": [
              0,
              0,
              20
            ]
          }
        },
        "Joint3": {
          "rotation": {
            "0.0": [
              0,
              0,
              25
            ],
            "0.24": [
              0,
              0,
              -50
            ],
            "0.52": [
              0,
              0,
              2.5
            ],
            "0.8": [
              0,
              0,
              -40
            ]
          }
        },
        "Arm4": {
          "rotation": {
            "0.0": [
              0,
              0,
              -17.5
            ],
            "0.24": [
              0,
              0,
              5
            ],
            "0.52": [
              0,
              0,
              -17.5
            ],
            "0.8": [
              0,
              0,
              7.5
            ]
          }
        },
        "Joint4": {
          "rotation": {
            "0.0": [
              0,
              0,
              -20
            ],
            "0.24": [
              0,
              0,
              30
            ],
            "0.52": [
              0,
              0,
              -32.5
            ],
            "0.8": [
              0,
              0,
              5
            ]
          }
        },
        "Arm5": {
          "rotation": {
            "0.0": [
              -10.31299,
              8.31194,
              13.90815
            ],
            "0.24": [
              31.88344,
              -8.19558,
              -38.01255
            ],
            "0.52": [
              -11.86591,
              10.14933,
              16.2072
            ],
            "0.8": [
              19.46441,
              -6.81496,
              -23.57767
            ]
          }
        },
        "Joint5": {
          "rotation": {
            "0.0": [
              0,
              0,
              -20
            ],
            "0.24": [
              0,
              0,
              32.5
            ],
            "0.52": [
              0,
              0,
              -30
            ],
            "0.8": [
              0,
              0,
              40
            ]
          }
        },
        "Arm6": {
          "rotation": {
            "0.0": [
              -12.71394,
              -3.07802,
              15.86884
            ],
            "0.24": [
              14.15215,
              7.86352,
              -19.04922
            ],
            "0.52": [
              -9.32502,
              -2.51072,
              11.69615
            ],
            "0.8": [
              7.83147,
              3.53822,
              -10.24738
            ]
          }
        },
        "Joint6": {
          "rotation": {
            "0.0": [
              0,
              0,
              25
            ],
            "0.24": [
              0,
              0,
              -70
            ],
            "0.52": [
              0,
              0,
              30
            ],
            "0.8": [
              0,
              0,
              -37.5
            ]
          }
        },
        "Arm7": {
          "rotation": {
            "0.0": [
              5.11076,
              -3.81885,
              8.2325
            ],
            "0.24": [
              -8.33537,
              4.05743,
              -12.3654
            ],
            "0.52": [
              6.60291,
              -5.21135,
              10.78933
            ],
            "0.8": [
              -6.09131,
              3.17055,
              -9.12523
            ]
          }
        },
        "Joint7": {
          "rotation": {
            "0.0": [
              0,
              0,
              -40
            ],
            "0.24": [
              0,
              0,
              22.5
            ],
            "0.52": [
              0,
              0,
              -30
            ],
            "0.8": [
              0,
              0,
              15
            ]
          }
        },
        "Arm8": {
          "rotation": {
            "0.0": [
              16.15993,
              11.73612,
              20.71534
            ],
            "0.24": [
              0,
              0,
              0
            ],
            "0.52": [
              23.02947,
              14.23202,
              28.83578
            ],
            "0.8": [
              0,
              0,
              0
            ]
          }
        },
        "Joint8": {
          "rotation": {
            "0.0": [
              0,
              0,
              35
            ],
            "0.24": [
              0,
              0,
              -22.5
            ],
            "0.52": [
              0,
              0,
              15
            ],
            "0.8": [
              0,
              0,
              -20
            ]
          }
        }
      }
    }
  }
}