{
  "format_version": "1.8.0",
  "animations": {
    "animation.br_deathmoths.walk": {
      "loop": true,
      "animation_length": 0.88,
      "bones": {
        "Body": {
          "position": [
            0,
            20,
            0
          ]
        },
        "Wings": {
          "rotation": {
            "0.0": [
              0,
              0,
              -25
            ],
            "0.28": [
              0,
              0,
              35
            ],
            "0.6": [
              0,
              0,
              -20
            ],
            "0.88": [
              0,
              0,
              32.5
            ]
          }
        },
        "Wing": {
          "rotation": {
            "0.0": [
              0,
              0,
              -27.5
            ],
            "0.28": [
              0,
              0,
              25
            ],
            "0.6": [
              0,
              0,
              -30
            ],
            "0.88": [
              0,
              0,
              32.5
            ]
          }
        },
        "Wing2": {
          "rotation": {
            "0.0": [
              0,
              0,
              -35
            ],
            "0.28": [
              0,
              0,
              37.5
            ],
            "0.6": [
              0,
              0,
              -42.5
            ],
            "0.88": [
              0,
              0,
              45
            ]
          }
        },
        "Wings2": {
          "rotation": {
            "0.0": [
              0,
              0,
              25
            ],
            "0.28": [
              0,
              0,
              -50
            ],
            "0.6": [
              0,
              0,
              12.5
            ],
            "0.88": [
              0,
              0,
              -42.5
            ]
          }
        },
        "Wing3": {
          "rotation": {
            "0.0": [
              0,
              0,
              -22.5
            ],
            "0.28": [
              0,
              0,
              12.5
            ],
            "0.6": [
              0,
              0,
              -35
            ],
            "0.88": [
              0,
              0,
              12.5
            ]
          }
        },
        "Wing4": {
          "rotation": {
            "0.0": [
              0,
              0,
              -42.5
            ],
            "0.28": [
              0,
              0,
              42.5
            ],
            "0.6": [
              0,
              0,
              -32.5
            ],
            "0.88": [
              0,
              0,
              60
            ]
          }
        }
      }
    }
  }
}