{
  "format_version": "1.8.0",
  "animations": {
    "animation.br_entity.walk": {
      "loop": true,
      "animation_length": 1.16,
      "bones": {
        "Leg": {
          "rotation": {
            "0.0": [
              12.5,
              0,
              0
            ],
            "0.12": [
              -12.5,
              0,
              0
            ],
            "0.24": [
              10,
              0,
              0
            ],
            "0.36": [
              -12.5,
              0,
              0
            ],
            "0.48": [
              10,
              0,
              0
            ],
            "0.6": [
              -12.5,
              0,
              0
            ],
            "0.72": [
              12.5,
              0,
              0
            ],
            "0.84": [
              -15,
              0,
              0
            ],
            "0.96": [
              12.5,
              0,
              0
            ],
            "1.08": [
              -15,
              0,
              0
            ]
          }
        },
        "Leg2": {
          "rotation": {
            "0.0": [
              12.5,
              0,
              0
            ],
            "0.12": [
              -12.5,
              0,
              0
            ],
            "0.24": [
              12.5,
              0,
              0
            ],
            "0.36": [
              -12.5,
              0,
              0
            ],
            "0.48": [
              12.5,
              0,
              0
            ],
            "0.6": [
              -15,
              0,
              0
            ],
            "0.72": [
              15,
              0,
              0
            ],
            "0.84": [
              -12.5,
              0,
              0
            ],
            "0.96": [
              15,
              0,
              0
            ],
            "1.08": [
              -15,
              0,
              0
            ]
          }
        },
        "Arm": {
          "rotation": {
            "0.0": [
              0,
              0,
              -17.5
            ],
            "0.12": [
              0,
              0,
              -10
            ],
            "0.24": [
              0,
              0,
              -22.5
            ],
            "0.36": [
              0,
              0,
              -10
            ],
            "0.48": [
              0,
              0,
              -25
            ],
            "0.6": [
              0,
              0,
              -10
            ],
            "0.72": [
              0,
              0,
              -27.5
            ],
            "0.84": [
              0,
              0,
              -20
            ],
            "0.96": [
              0,
              0,
              -27.5
            ],
            "1.08": [
              0,
              0,
              -22.5
            ]
          }
        },
        "Arm2": {
          "rotation": {
            "0.0": [
              0,
              0,
              17.5
            ],
            "0.12": [
              0,
              0,
              7.5
            ],
            "0.24": [
              0,
              0,
              20
            ],
            "0.36": [
              0,
              0,
              7.5
            ],
            "0.48": [
              0,
              0,
              17.5
            ],
            "0.6": [
              0,
              0,
              5
            ],
            "0.72": [
              0,
              0,
              15
            ],
            "0.84": [
              0,
              0,
              20
            ],
            "0.96": [
              0,
              0,
              7.5
            ],
            "1.08": [
              0,
              0,
              20
            ]
          }
        }
      }
    }
  }
}