{
  "format_version": "1.8.0",
  "animations": {
    "animation.br_facelings.walk": {
      "loop": true,
      "animation_length": 0.64,
      "bones": {
        "Leg": {
          "rotation": {
            "0.0": [
              12.5,
              0,
              0
            ],
            "0.2": [
              -15,
              0,
              0
            ],
            "0.44": [
              17.5,
              0,
              0
            ],
            "0.6": [
              -12.5,
              0,
              0
            ]
          }
        },
        "Leg2": {
          "rotation": {
            "0.0": [
              -15,
              0,
              0
            ],
            "0.2": [
              20,
              0,
              0
            ],
            "0.44": [
              -12.5,
              0,
              0
            ],
            "0.6": [
              20,
              0,
              0
            ]
          }
        },
        "Arm": {
          "rotation": {
            "0.0": [
              -22.5,
              0,
              0
            ],
            "0.2": [
              22.5,
              0,
              0
            ],
            "0.44": [
              -22.5,
              0,
              0
            ],
            "0.6": [
              23,
              0,
              0
            ],
            "0.64": [
              25,
              0,
              0
            ]
          }
        },
        "Arm2": {
          "rotation": {
            "0.0": [
              22.5,
              0,
              0
            ],
            "0.2": [
              -25,
              0,
              0
            ],
            "0.44": [
              27.5,
              0,
              0
            ],
            "0.6": [
              -27.5,
              0,
              0
            ]
          }
        }
      }
    }
  }
}