{
  "format_version": "1.8.0",
  "animations": {
    "animation.br_game_master.walk": {
      "loop": true,
      "animation_length": 0.76,
      "bones": {
        "Leg": {
          "rotation": {
            "0.0": [
              -25,
              0,
              0
            ],
            "0.24": [
              17.5,
              0,
              0
            ],
            "0.52": [
              -25,
              0,
              0
            ],
            "0.76": [
              12.5,
              0,
              0
            ]
          }
        },
        "Leg2": {
          "rotation": {
            "0.0": [
              17.5,
              0,
              0
            ],
            "0.24": [
              -25,
              0,
              0
            ],
            "0.52": [
              17.5,
              0,
              0
            ],
            "0.76": [
              -30,
              0,
              0
            ]
          }
        }
      }
    }
  }
}