{
  "format_version": "1.8.0",
  "animations": {
    "animation.br_hound.walk": {
      "loop": true,
      "animation_length": 0.72,
      "bones": {
        "Leg": {
          "rotation": {
            "0.0": [
              -25,
              0,
              0
            ],
            "0.24": [
              25,
              0,
              0
            ],
            "0.48": [
              -30,
              0,
              0
            ],
            "0.72": [
              27.5,
              0,
              0
            ]
          }
        },
        "Leg2": {
          "rotation": {
            "0.0": [
              -25,
              0,
              0
            ],
            "0.24": [
              30,
              0,
              0
            ],
            "0.48": [
              -30,
              0,
              0
            ],
            "0.72": [
              27.5,
              0,
              0
            ]
          }
        },
        "Leg3": {
          "rotation": {
            "0.0": [
              -42.5,
              0,
              0
            ],
            "0.24": [
              27.5,
              0,
              0
            ],
            "0.48": [
              -32.5,
              0,
              0
            ],
            "0.72": [
              27.5,
              0,
              0
            ]
          }
        },
        "Leg4": {
          "rotation": {
            "0.0": [
              -45,
              0,
              0
            ],
            "0.24": [
              27.5,
              0,
              0
            ],
            "0.48": [
              -35,
              0,
              0
            ],
            "0.72": [
              27.5,
              0,
              0
            ]
          }
        },
        "Head": {
          "rotation": {
            "0.0": [
              -15,
              0,
              0
            ],
            "0.24": [
              -45,
              0,
              0
            ],
            "0.48": [
              -12.5,
              0,
              0
            ],
            "0.72": [
              -42.45591,
              -1.57485,
              -0.21307
            ]
          }
        },
        "Mouth": {
          "rotation": [
            37.5,
            0,
            0
          ]
        }
      }
    }
  }
}