{
  "format_version": "1.8.0",
  "animations": {
    "animation.br_red_kins.walk": {
      "loop": true,
      "animation_length": 0.6,
      "bones": {
        "Arm": {
          "rotation": {
            "0.0": [
              -40,
              0,
              17.5
            ],
            "0.2": [
              -52.5,
              0,
              17.5
            ],
            "0.4": [
              -40,
              0,
              17.5
            ],
            "0.6": [
              -52.5,
              0,
              17.5
            ]
          }
        },
        "Arm2": {
          "rotation": {
            "0.0": [
              47.5,
              0,
              -17.5
            ],
            "0.2": [
              57.5,
              0,
              -17.5
            ],
            "0.4": [
              45,
              0,
              -17.5
            ],
            "0.6": [
              32.5,
              0,
              -17.5
            ]
          }
        },
        "Head": {
          "rotation": [
            15,
            0,
            12.5
          ]
        }
      }
    }
  }
}