{
  "format_version": "1.8.0",
  "animations": {
    "animation.br_skin_stealer.walk": {
      "loop": true,
      "animation_length": 0.88,
      "bones": {
        "Leg": {
          "rotation": {
            "0.0": [
              -37.5,
              0,
              0
            ],
            "0.2": [
              30,
              0,
              0
            ],
            "0.44": [
              -35,
              0,
              0
            ],
            "0.68": [
              32.5,
              0,
              0
            ],
            "0.88": [
              -35,
              0,
              0
            ]
          }
        },
        "Leg2": {
          "rotation": {
            "0.0": [
              42.5,
              0,
              0
            ],
            "0.2": [
              -30,
              0,
              0
            ],
            "0.44": [
              40,
              0,
              0
            ],
            "0.68": [
              -27.5,
              0,
              0
            ],
            "0.88": [
              35,
              0,
              0
            ]
          }
        },
        "Arm": {
          "rotation": {
            "0.0": [
              -47.5,
              0,
              0
            ],
            "0.2": [
              -32.5,
              0,
              0
            ],
            "0.44": [
              -45,
              0,
              0
            ],
            "0.68": [
              -27.5,
              0,
              0
            ],
            "0.88": [
              -42.5,
              0,
              0
            ]
          }
        },
        "Arm2": {
          "rotation": {
            "0.0": [
              -32.5,
              0,
              0
            ],
            "0.2": [
              -47.5,
              0,
              0
            ],
            "0.44": [
              -27.5,
              0,
              0
            ],
            "0.68": [
              -42.5,
              0,
              0
            ],
            "0.88": [
              -30,
              0,
              0
            ]
          }
        },
        "Head": {
          "rotation": [
            0,
            0,
            15
          ]
        }
      }
    }
  }
}