{
  "format_version": "1.8.0",
  "animations": {
    "animation.br_spider_legs.walk": {
      "loop": true,
      "animation_length": 0.88,
      "bones": {
        "Leg": {
          "rotation": {
            "0.0": [
              0,
              0,
              50
            ],
            "0.28": [
              0,
              0,
              10
            ],
            "0.6": [
              0,
              0,
              57.5
            ],
            "0.88": [
              0,
              0,
              10
            ]
          }
        },
        "Leg2": {
          "rotation": {
            "0.0": [
              11.88242,
              -0.52066,
              12.87759
            ],
            "0.28": [
              58.48697,
              -24.566,
              67.33333
            ],
            "0.6": [
              17.49058,
              -1.15534,
              18.98448
            ],
            "0.88": [
              59.63881,
              -26.71053,
              69.05898
            ]
          }
        },
        "Leg3": {
          "rotation": {
            "0.0": [
              -10.86531,
              -3.69808,
              -38.81893
            ],
            "0.28": [
              -3.13388,
              -0.27425,
              -10.47479
            ],
            "0.6": [
              -12.56853,
              -5.22341,
              -46.35707
            ],
            "0.88": [
              -2.35666,
              -0.15449,
              -7.85952
            ]
          }
        },
        "Leg4": {
          "rotation": {
            "0.0": [
              6.99472,
              0.61625,
              -8.57415
            ],
            "0.28": [
              41.71625,
              19.52593,
              -55.80944
            ],
            "0.6": [
              10.36346,
              1.14673,
              -12.73531
            ],
            "0.88": [
              47.47879,
              30.74399,
              -67.32449
            ]
          }
        }
      }
    }
  }
}