{
  "format_version": "1.8.0",
  "animations": {
    "animation.br_smiler.walk": {
      "loop": true,
      "animation_length": 1.32,
      "bones": {
        "Smile": {
          "position": {
            "0.0": [
              0,
              -1,
              0
            ],
            "0.16": [
              0,
              1,
              0
            ],
            "0.32": [
              0,
              -1,
              0
            ],
            "0.48": [
              0,
              1,
              0
            ],
            "0.64": [
              0,
              -1,
              0
            ],
            "0.8": [
              0,
              1,
              0
            ],
            "0.96": [
              0,
              -1,
              0
            ],
            "1.12": [
              0,
              1,
              0
            ],
            "1.28": [
              0,
              0,
              0
            ]
          }
        },
        "Eye": {
          "rotation": [
            0,
            0,
            -35
          ]
        },
        "Eye2": {
          "rotation": [
            0,
            0,
            32.5
          ]
        }
      }
    }
  }
}