{
  "format_version": "1.8.0",
  "animations": {
    "animation.br_the_drowned_one.idle": {
      "loop": true,
      "animation_length": 0.72,
      "bones": {
        "Arm2": {
          "rotation": {
            "0.0": [
              14.00703,
              10.54529,
              -10.72858
            ],
            "0.24": [
              -18.85707,
              -12.27659,
              12.56853
            ],
            "0.48": [
              12.39078,
              3.53329,
              -3.54002
            ],
            "0.72": [
              -17.26579,
              -15.69986,
              16.32495
            ]
          }
        }
      }
    }
  }
}