{
  "format_version": "1.8.0",
  "animations": {
    "animation.br_wretch.walk": {
      "loop": true,
      "animation_length": 0.8,
      "bones": {
        "Leg": {
          "rotation": {
            "0.0": [
              20,
              0,
              0
            ],
            "0.24": [
              -15,
              0,
              0
            ],
            "0.52": [
              25,
              0,
              0
            ],
            "0.8": [
              -22.5,
              0,
              0
            ]
          }
        },
        "Body": {
          "rotation": {
            "0.0": [
              0.17254,
              2.69487,
              -12.20839
            ],
            "0.16": [
              -0.70117,
              0.09456,
              -2.57949
            ],
            "0.24": [
              -13.06393,
              3.14885,
              -17.26762
            ],
            "0.52": [
              -5.56393,
              3.14885,
              -17.26762
            ],
            "0.8": [
              -0.56393,
              3.14885,
              -17.26762
            ]
          }
        },
        "Arm": {
          "rotation": {
            "0.0": [
              17.5,
              0,
              0
            ],
            "0.24": [
              16.77627,
              -2.89757,
              9.56301
            ],
            "0.6": [
              17.00296,
              -0.71575,
              2.38337
            ],
            "0.8": [
              16.77627,
              -2.89757,
              9.56301
            ]
          }
        },
        "Arm2": {
          "rotation": {
            "0.0": [
              36.56134,
              12.2403,
              -8.73739
            ],
            "0.36": [
              41.63758,
              -4.00048,
              1.61351
            ],
            "0.64": [
              52.86821,
              -1.45472,
              0.58673
            ],
            "0.8": [
              47.5,
              0,
              0
            ]
          }
        },
        "Head": {
          "rotation": {
            "0.52": [
              5,
              0,
              0
            ],
            "0.8": [
              20,
              0,
              0
            ]
          }
        },
        "Leg2": {
          "rotation": {
            "0.0": [
              17.5,
              0,
              0
            ],
            "0.24": [
              -20,
              0,
              0
            ],
            "0.52": [
              17.5,
              0,
              0
            ],
            "0.8": [
              -17.5,
              0,
              0
            ]
          }
        }
      }
    }
  }
}