{
	"format_version": "1.12.0",
	"minecraft:geometry": [
		{
			"description": {
				"identifier": "geometry.bow_kuja",
				"texture_width": 16,
				"texture_height": 16,
				"visible_bounds_width": 3,
				"visible_bounds_height": 4.5,
				"visible_bounds_offset": [0, 0.75, 0]
			},
			"bones": [
				{
					"name": "root",
					"pivot": [0, 0, 0]
				},
				{
					"name": "tudo",
					"parent": "root",
					"pivot": [0, 12, 0]
				},
				{
					"name": "waist",
					"parent": "tudo",
					"pivot": [0, 12, 0]
				},
				{
					"name": "body",
					"parent": "waist",
					"pivot": [0, 24, 0]
				},
				{
					"name": "rightA",
					"parent": "body",
					"pivot": [-6, 24, 0]
				},
				{
					"name": "rightArm",
					"parent": "rightA",
					"pivot": [-5, 22, 0]
				},
				{
					"name": "rightArm2",
					"parent": "rightArm",
					"pivot": [-5, 18, 2]
				},
				{
					"name": "bow_kuja",
					"parent": "rightArm2",
					"pivot": [-4, 18, 2],
					"cubes": [
						{
							"origin": [-4.5, 11, -3],
							"size": [1, 2, 6],
							"uv": {
								"north": {"uv": [8, 0], "uv_size": [4, 4]},
								"east": {"uv": [8, 0], "uv_size": [4, 4]},
								"south": {"uv": [8, 0], "uv_size": [4, 4]},
								"west": {"uv": [8, 0], "uv_size": [4, 4]},
								"up": {"uv": [8, 0], "uv_size": [4, 4]},
								"down": {"uv": [8, 4], "uv_size": [4, -4]}
							}
						}
					]
				},
				{
					"name": "snake_part1",
					"parent": "bow_kuja",
					"pivot": [-4, 13, -3],
					"cubes": [
						{
							"origin": [-4.5, 12, -7],
							"size": [1, 2, 4],
							"uv": {
								"north": {"uv": [4, 0], "uv_size": [4, 4]},
								"east": {"uv": [4, 0], "uv_size": [4, 4]},
								"south": {"uv": [4, 0], "uv_size": [4, 4]},
								"west": {"uv": [4, 0], "uv_size": [4, 4]},
								"up": {"uv": [4, 0], "uv_size": [4, 4]},
								"down": {"uv": [4, 4], "uv_size": [4, -4]}
							}
						}
					]
				},
				{
					"name": "snake_part2",
					"parent": "snake_part1",
					"pivot": [-4, 14, -7],
					"cubes": [
						{
							"origin": [-4.5, 13, -10],
							"size": [1, 2, 3],
							"uv": {
								"north": {"uv": [4, 0], "uv_size": [4, 4]},
								"east": {"uv": [4, 0], "uv_size": [4, 4]},
								"south": {"uv": [4, 0], "uv_size": [4, 4]},
								"west": {"uv": [4, 0], "uv_size": [4, 4]},
								"up": {"uv": [4, 0], "uv_size": [4, 4]},
								"down": {"uv": [4, 4], "uv_size": [4, -4]}
							}
						},
						{
							"origin": [-4.5, 14, -12],
							"size": [1, 2, 2],
							"uv": {
								"north": {"uv": [4, 0], "uv_size": [4, 4]},
								"east": {"uv": [4, 0], "uv_size": [4, 4]},
								"south": {"uv": [4, 0], "uv_size": [4, 4]},
								"west": {"uv": [4, 0], "uv_size": [4, 4]},
								"up": {"uv": [4, 0], "uv_size": [4, 4]},
								"down": {"uv": [4, 4], "uv_size": [4, -4]}
							}
						},
						{
							"origin": [-4.5, 15, -14],
							"size": [1, 2, 2],
							"uv": {
								"north": {"uv": [4, 0], "uv_size": [4, 4]},
								"east": {"uv": [4, 0], "uv_size": [4, 4]},
								"south": {"uv": [4, 0], "uv_size": [4, 4]},
								"west": {"uv": [4, 0], "uv_size": [4, 4]},
								"up": {"uv": [4, 0], "uv_size": [4, 4]},
								"down": {"uv": [4, 4], "uv_size": [4, -4]}
							}
						},
						{
							"origin": [-4.5, 14, -15],
							"size": [1, 2, 1],
							"uv": {
								"north": {"uv": [4, 0], "uv_size": [4, 4]},
								"east": {"uv": [4, 0], "uv_size": [4, 4]},
								"south": {"uv": [4, 0], "uv_size": [4, 4]},
								"west": {"uv": [4, 0], "uv_size": [4, 4]},
								"up": {"uv": [4, 0], "uv_size": [4, 4]},
								"down": {"uv": [4, 4], "uv_size": [4, -4]}
							}
						}
					]
				},
				{
					"name": "snake2_part1",
					"parent": "bow_kuja",
					"pivot": [-4, 13, 3],
					"cubes": [
						{
							"origin": [-4.5, 12, 3],
							"size": [1, 2, 4],
							"uv": {
								"north": {"uv": [8, 0], "uv_size": [-4, 4]},
								"east": {"uv": [8, 0], "uv_size": [-4, 4]},
								"south": {"uv": [8, 0], "uv_size": [-4, 4]},
								"west": {"uv": [8, 0], "uv_size": [-4, 4]},
								"up": {"uv": [4, 4], "uv_size": [4, -4]},
								"down": {"uv": [4, 0], "uv_size": [4, 4]}
							}
						}
					]
				},
				{
					"name": "snake2_part2",
					"parent": "snake2_part1",
					"pivot": [-4, 14, 7],
					"cubes": [
						{
							"origin": [-4.5, 13, 7],
							"size": [1, 2, 3],
							"uv": {
								"north": {"uv": [8, 0], "uv_size": [-4, 4]},
								"east": {"uv": [8, 0], "uv_size": [-4, 4]},
								"south": {"uv": [8, 0], "uv_size": [-4, 4]},
								"west": {"uv": [8, 0], "uv_size": [-4, 4]},
								"up": {"uv": [4, 4], "uv_size": [4, -4]},
								"down": {"uv": [4, 0], "uv_size": [4, 4]}
							}
						},
						{
							"origin": [-4.5, 14, 10],
							"size": [1, 2, 2],
							"uv": {
								"north": {"uv": [8, 0], "uv_size": [-4, 4]},
								"east": {"uv": [8, 0], "uv_size": [-4, 4]},
								"south": {"uv": [8, 0], "uv_size": [-4, 4]},
								"west": {"uv": [8, 0], "uv_size": [-4, 4]},
								"up": {"uv": [4, 4], "uv_size": [4, -4]},
								"down": {"uv": [4, 0], "uv_size": [4, 4]}
							}
						},
						{
							"origin": [-4.5, 15, 12],
							"size": [1, 2, 2],
							"uv": {
								"north": {"uv": [8, 0], "uv_size": [-4, 4]},
								"east": {"uv": [8, 0], "uv_size": [-4, 4]},
								"south": {"uv": [8, 0], "uv_size": [-4, 4]},
								"west": {"uv": [8, 0], "uv_size": [-4, 4]},
								"up": {"uv": [4, 4], "uv_size": [4, -4]},
								"down": {"uv": [4, 0], "uv_size": [4, 4]}
							}
						},
						{
							"origin": [-4.5, 14, 14],
							"size": [1, 2, 1],
							"uv": {
								"north": {"uv": [8, 0], "uv_size": [-4, 4]},
								"east": {"uv": [8, 0], "uv_size": [-4, 4]},
								"south": {"uv": [8, 0], "uv_size": [-4, 4]},
								"west": {"uv": [8, 0], "uv_size": [-4, 4]},
								"up": {"uv": [4, 4], "uv_size": [4, -4]},
								"down": {"uv": [4, 0], "uv_size": [4, 4]}
							}
						}
					]
				},
				{
					"name": "rope",
					"parent": "bow_kuja",
					"pivot": [-4, 16.75, 0]
				},
				{
					"name": "rope1",
					"parent": "rope",
					"pivot": [-4, 16.75, 0],
					"cubes": [
						{
							"origin": [-4.25, 16.5, -12],
							"size": [0.5, 0.5, 12],
							"uv": {
								"north": {"uv": [0, 0], "uv_size": [4, 4]},
								"east": {"uv": [0, 0], "uv_size": [4, 4]},
								"south": {"uv": [0, 0], "uv_size": [4, 4]},
								"west": {"uv": [0, 0], "uv_size": [4, 4]},
								"up": {"uv": [0, 0], "uv_size": [4, 4]},
								"down": {"uv": [0, 4], "uv_size": [4, -4]}
							}
						}
					]
				},
				{
					"name": "rope2",
					"parent": "rope",
					"pivot": [-4, 16.75, 0],
					"cubes": [
						{
							"origin": [-4.25, 16.5, 0],
							"size": [0.5, 0.5, 12],
							"uv": {
								"north": {"uv": [4, 0], "uv_size": [-4, 4]},
								"east": {"uv": [4, 0], "uv_size": [-4, 4]},
								"south": {"uv": [4, 0], "uv_size": [-4, 4]},
								"west": {"uv": [4, 0], "uv_size": [-4, 4]},
								"up": {"uv": [0, 4], "uv_size": [4, -4]},
								"down": {"uv": [0, 0], "uv_size": [4, 4]}
							}
						}
					]
				},
				{
					"name": "arrow",
					"parent": "bow_kuja",
					"pivot": [-5.5, 17.98214, 0],
					"cubes": [
						{
							"origin": [-5.75, 14, -0.25],
							"size": [0.5, 7.5, 0.5],
							"uv": {
								"north": {"uv": [4, 4], "uv_size": [4, 4]},
								"east": {"uv": [4, 4], "uv_size": [4, 4]},
								"south": {"uv": [4, 4], "uv_size": [4, 4]},
								"west": {"uv": [4, 4], "uv_size": [4, 4]},
								"up": {"uv": [8, 8], "uv_size": [-4, -4]},
								"down": {"uv": [8, 8], "uv_size": [-4, -4]}
							}
						},
						{
							"origin": [-5.75, 21.5, -0.25],
							"size": [0.5, 2, 0.5],
							"uv": {
								"north": {"uv": [0, 0], "uv_size": [4, 4]},
								"east": {"uv": [0, 0], "uv_size": [4, 4]},
								"south": {"uv": [0, 0], "uv_size": [4, 4]},
								"west": {"uv": [0, 0], "uv_size": [4, 4]},
								"up": {"uv": [4, 4], "uv_size": [-4, -4]},
								"down": {"uv": [4, 4], "uv_size": [-4, -4]}
							}
						},
						{
							"origin": [-5.75, 12.25, -0.25],
							"size": [0.5, 1.75, 0.5],
							"uv": {
								"north": {"uv": [0, 0], "uv_size": [4, 4]},
								"east": {"uv": [0, 0], "uv_size": [4, 4]},
								"south": {"uv": [0, 0], "uv_size": [4, 4]},
								"west": {"uv": [0, 0], "uv_size": [4, 4]},
								"up": {"uv": [4, 4], "uv_size": [-4, -4]},
								"down": {"uv": [4, 4], "uv_size": [-4, -4]}
							}
						},
						{
							"origin": [-5.75, 12.75, 0.25],
							"size": [0.5, 1.25, 0.5],
							"uv": {
								"north": {"uv": [0, 0], "uv_size": [4, 4]},
								"east": {"uv": [0, 0], "uv_size": [4, 4]},
								"south": {"uv": [0, 0], "uv_size": [4, 4]},
								"west": {"uv": [0, 0], "uv_size": [4, 4]},
								"up": {"uv": [4, 4], "uv_size": [-4, -4]},
								"down": {"uv": [4, 4], "uv_size": [-4, -4]}
							}
						},
						{
							"origin": [-5.75, 12.75, -0.75],
							"size": [0.5, 1.25, 0.5],
							"uv": {
								"north": {"uv": [0, 0], "uv_size": [4, 4]},
								"east": {"uv": [0, 0], "uv_size": [4, 4]},
								"south": {"uv": [0, 0], "uv_size": [4, 4]},
								"west": {"uv": [0, 0], "uv_size": [4, 4]},
								"up": {"uv": [4, 4], "uv_size": [-4, -4]},
								"down": {"uv": [4, 4], "uv_size": [-4, -4]}
							}
						},
						{
							"origin": [-5.75, 22, -0.75],
							"size": [0.5, 1.75, 0.5],
							"uv": {
								"north": {"uv": [0, 0], "uv_size": [4, 4]},
								"east": {"uv": [0, 0], "uv_size": [4, 4]},
								"south": {"uv": [0, 0], "uv_size": [4, 4]},
								"west": {"uv": [0, 0], "uv_size": [4, 4]},
								"up": {"uv": [4, 4], "uv_size": [-4, -4]},
								"down": {"uv": [4, 4], "uv_size": [-4, -4]}
							}
						},
						{
							"origin": [-5.75, 22, 0.25],
							"size": [0.5, 1.75, 0.5],
							"uv": {
								"north": {"uv": [4, 0], "uv_size": [-4, 4]},
								"east": {"uv": [4, 0], "uv_size": [-4, 4]},
								"south": {"uv": [4, 0], "uv_size": [-4, 4]},
								"west": {"uv": [4, 0], "uv_size": [-4, 4]},
								"up": {"uv": [4, 0], "uv_size": [-4, 4]},
								"down": {"uv": [4, 0], "uv_size": [-4, 4]}
							}
						}
					]
				}
			]
		}
	]
}