{
	"format_version": "1.12.0",
	"minecraft:geometry": [
		{
			"description": {
				"identifier": "geometry.clava_off_hand",
				"texture_width": 16,
				"texture_height": 16,
				"visible_bounds_width": 4,
				"visible_bounds_height": 3.5,
				"visible_bounds_offset": [0, 1.25, 0]
			},
			"bones": [
				{
					"name": "root",
					"pivot": [0, 0, 0]
				},
				{
					"name": "tudo",
					"parent": "root",
					"pivot": [0, 12, 0]
				},
				{
					"name": "waist",
					"parent": "tudo",
					"pivot": [0, 12, 0]
				},
				{
					"name": "body",
					"parent": "waist",
					"pivot": [0, 24, 0]
				},
				{
					"name": "leftA",
					"parent": "body",
					"pivot": [6, 24, 0]
				},
				{
					"name": "leftArm",
					"parent": "leftA",
					"pivot": [5, 22, 0]
				},
				{
					"name": "leftArm2",
					"parent": "leftArm",
					"pivot": [5, 18, 2]
				},
				{
					"name": "clava2",
					"parent": "leftArm2",
					"pivot": [5.5, 13.5, -2],
					"cubes": [
						{
							"origin": [5, 12.75, -3.5],
							"size": [1, 1.5, 6],
							"uv": {
								"north": {"uv": [8, 0], "uv_size": [-8, 8]},
								"east": {"uv": [8, 0], "uv_size": [-8, 8]},
								"south": {"uv": [8, 0], "uv_size": [-8, 8]},
								"west": {"uv": [8, 0], "uv_size": [-8, 8]},
								"up": {"uv": [0, 8], "uv_size": [8, -8]},
								"down": {"uv": [0, 8], "uv_size": [8, -8]}
							}
						},
						{
							"origin": [4.5, 12.5, -7],
							"size": [2, 2, 3.5],
							"uv": {
								"north": {"uv": [8, 0], "uv_size": [-8, 8]},
								"east": {"uv": [8, 0], "uv_size": [-8, 8]},
								"south": {"uv": [8, 0], "uv_size": [-8, 8]},
								"west": {"uv": [8, 0], "uv_size": [-8, 8]},
								"up": {"uv": [0, 8], "uv_size": [8, -8]},
								"down": {"uv": [0, 8], "uv_size": [8, -8]}
							}
						},
						{
							"origin": [4, 12, -10],
							"size": [3, 3, 3.5],
							"uv": {
								"north": {"uv": [8, 0], "uv_size": [-8, 8]},
								"east": {"uv": [8, 0], "uv_size": [-8, 8]},
								"south": {"uv": [8, 0], "uv_size": [-8, 8]},
								"west": {"uv": [8, 0], "uv_size": [-8, 8]},
								"up": {"uv": [0, 8], "uv_size": [8, -8]},
								"down": {"uv": [0, 8], "uv_size": [8, -8]}
							}
						},
						{
							"origin": [3.5, 11.5, -23.5],
							"size": [4, 4, 13.5],
							"uv": {
								"north": {"uv": [8, 0], "uv_size": [-8, 8]},
								"east": {"uv": [8, 0], "uv_size": [-8, 8]},
								"south": {"uv": [8, 0], "uv_size": [-8, 8]},
								"west": {"uv": [8, 0], "uv_size": [-8, 8]},
								"up": {"uv": [0, 8], "uv_size": [8, -8]},
								"down": {"uv": [0, 8], "uv_size": [8, -8]}
							}
						},
						{
							"origin": [3, 11, -23],
							"size": [5, 5, 9.5],
							"uv": {
								"north": {"uv": [8, 0], "uv_size": [-8, 8]},
								"east": {"uv": [8, 0], "uv_size": [-8, 8]},
								"south": {"uv": [8, 0], "uv_size": [-8, 8]},
								"west": {"uv": [8, 0], "uv_size": [-8, 8]},
								"up": {"uv": [0, 8], "uv_size": [8, -8]},
								"down": {"uv": [0, 8], "uv_size": [8, -8]}
							}
						},
						{
							"origin": [2.5, 10.5, -22.5],
							"size": [6, 6, 5.5],
							"uv": {
								"north": {"uv": [8, 0], "uv_size": [-8, 8]},
								"east": {"uv": [8, 0], "uv_size": [-8, 8]},
								"south": {"uv": [8, 0], "uv_size": [-8, 8]},
								"west": {"uv": [8, 0], "uv_size": [-8, 8]},
								"up": {"uv": [0, 8], "uv_size": [8, -8]},
								"down": {"uv": [0, 8], "uv_size": [8, -8]}
							}
						},
						{
							"origin": [5, 12.5, 4.5],
							"size": [1, 2, 0.5],
							"uv": {
								"north": {"uv": [8, 0], "uv_size": [-8, 8]},
								"east": {"uv": [8, 0], "uv_size": [-8, 8]},
								"south": {"uv": [8, 0], "uv_size": [-8, 8]},
								"west": {"uv": [8, 0], "uv_size": [-8, 8]},
								"up": {"uv": [0, 8], "uv_size": [8, -8]},
								"down": {"uv": [0, 8], "uv_size": [8, -8]}
							}
						},
						{
							"origin": [5, 14.5, 2.5],
							"size": [1, 0.5, 2],
							"uv": {
								"north": {"uv": [8, 0], "uv_size": [-8, 8]},
								"east": {"uv": [8, 0], "uv_size": [-8, 8]},
								"south": {"uv": [8, 0], "uv_size": [-8, 8]},
								"west": {"uv": [8, 0], "uv_size": [-8, 8]},
								"up": {"uv": [0, 8], "uv_size": [8, -8]},
								"down": {"uv": [0, 8], "uv_size": [8, -8]}
							}
						},
						{
							"origin": [5, 14.25, 4.25],
							"size": [1, 0.5, 0.5],
							"uv": {
								"north": {"uv": [8, 0], "uv_size": [-8, 8]},
								"east": {"uv": [8, 0], "uv_size": [-8, 8]},
								"south": {"uv": [8, 0], "uv_size": [-8, 8]},
								"west": {"uv": [8, 0], "uv_size": [-8, 8]},
								"up": {"uv": [0, 8], "uv_size": [8, -8]},
								"down": {"uv": [0, 8], "uv_size": [8, -8]}
							}
						},
						{
							"origin": [5, 12.25, 4.25],
							"size": [1, 0.5, 0.5],
							"uv": {
								"north": {"uv": [8, 0], "uv_size": [-8, 8]},
								"east": {"uv": [8, 0], "uv_size": [-8, 8]},
								"south": {"uv": [8, 0], "uv_size": [-8, 8]},
								"west": {"uv": [8, 0], "uv_size": [-8, 8]},
								"up": {"uv": [0, 8], "uv_size": [8, -8]},
								"down": {"uv": [0, 8], "uv_size": [8, -8]}
							}
						},
						{
							"origin": [5, 12.25, 2.25],
							"size": [1, 0.5, 0.5],
							"uv": {
								"north": {"uv": [8, 0], "uv_size": [-8, 8]},
								"east": {"uv": [8, 0], "uv_size": [-8, 8]},
								"south": {"uv": [8, 0], "uv_size": [-8, 8]},
								"west": {"uv": [8, 0], "uv_size": [-8, 8]},
								"up": {"uv": [0, 8], "uv_size": [8, -8]},
								"down": {"uv": [0, 8], "uv_size": [8, -8]}
							}
						},
						{
							"origin": [5, 14.25, 2.25],
							"size": [1, 0.5, 0.5],
							"uv": {
								"north": {"uv": [8, 0], "uv_size": [-8, 8]},
								"east": {"uv": [8, 0], "uv_size": [-8, 8]},
								"south": {"uv": [8, 0], "uv_size": [-8, 8]},
								"west": {"uv": [8, 0], "uv_size": [-8, 8]},
								"up": {"uv": [0, 8], "uv_size": [8, -8]},
								"down": {"uv": [0, 8], "uv_size": [8, -8]}
							}
						},
						{
							"origin": [5, 12, 2.5],
							"size": [1, 0.5, 2],
							"uv": {
								"north": {"uv": [8, 0], "uv_size": [-8, 8]},
								"east": {"uv": [8, 0], "uv_size": [-8, 8]},
								"south": {"uv": [8, 0], "uv_size": [-8, 8]},
								"west": {"uv": [8, 0], "uv_size": [-8, 8]},
								"up": {"uv": [0, 8], "uv_size": [8, -8]},
								"down": {"uv": [0, 8], "uv_size": [8, -8]}
							}
						}
					]
				},
				{
					"name": "cima5",
					"parent": "clava2",
					"pivot": [5.5, 13.5, -19]
				},
				{
					"name": "espinho33",
					"parent": "cima5",
					"pivot": [5.5, 17.83333, -19.25],
					"cubes": [
						{
							"origin": [5, 16, -19.75],
							"size": [1, 1.5, 1],
							"uv": {
								"north": {"uv": [16, 0], "uv_size": [-8, 8]},
								"east": {"uv": [16, 0], "uv_size": [-8, 8]},
								"south": {"uv": [16, 0], "uv_size": [-8, 8]},
								"west": {"uv": [16, 0], "uv_size": [-8, 8]},
								"up": {"uv": [8, 8], "uv_size": [8, -8]},
								"down": {"uv": [8, 8], "uv_size": [8, -8]}
							}
						},
						{
							"origin": [5.25, 18.5, -19.5],
							"size": [0.5, 1, 0.5],
							"uv": {
								"north": {"uv": [16, 0], "uv_size": [-8, 8]},
								"east": {"uv": [16, 0], "uv_size": [-8, 8]},
								"south": {"uv": [16, 0], "uv_size": [-8, 8]},
								"west": {"uv": [16, 0], "uv_size": [-8, 8]},
								"up": {"uv": [8, 8], "uv_size": [8, -8]},
								"down": {"uv": [8, 8], "uv_size": [8, -8]}
							}
						},
						{
							"origin": [5.125, 17, -19.625],
							"size": [0.75, 1.5, 0.75],
							"uv": {
								"north": {"uv": [16, 0], "uv_size": [-8, 8]},
								"east": {"uv": [16, 0], "uv_size": [-8, 8]},
								"south": {"uv": [16, 0], "uv_size": [-8, 8]},
								"west": {"uv": [16, 0], "uv_size": [-8, 8]},
								"up": {"uv": [8, 8], "uv_size": [8, -8]},
								"down": {"uv": [8, 8], "uv_size": [8, -8]}
							}
						}
					]
				},
				{
					"name": "espinho34",
					"parent": "cima5",
					"pivot": [5.5, 16.83333, -23.25],
					"rotation": [45, 0, 0],
					"cubes": [
						{
							"origin": [5, 15, -23.75],
							"size": [1, 1.5, 1],
							"uv": {
								"north": {"uv": [16, 0], "uv_size": [-8, 8]},
								"east": {"uv": [16, 0], "uv_size": [-8, 8]},
								"south": {"uv": [16, 0], "uv_size": [-8, 8]},
								"west": {"uv": [16, 0], "uv_size": [-8, 8]},
								"up": {"uv": [8, 8], "uv_size": [8, -8]},
								"down": {"uv": [8, 8], "uv_size": [8, -8]}
							}
						},
						{
							"origin": [5.25, 17.5, -23.5],
							"size": [0.5, 1, 0.5],
							"uv": {
								"north": {"uv": [16, 0], "uv_size": [-8, 8]},
								"east": {"uv": [16, 0], "uv_size": [-8, 8]},
								"south": {"uv": [16, 0], "uv_size": [-8, 8]},
								"west": {"uv": [16, 0], "uv_size": [-8, 8]},
								"up": {"uv": [8, 8], "uv_size": [8, -8]},
								"down": {"uv": [8, 8], "uv_size": [8, -8]}
							}
						},
						{
							"origin": [5.125, 16, -23.625],
							"size": [0.75, 1.5, 0.75],
							"uv": {
								"north": {"uv": [16, 0], "uv_size": [-8, 8]},
								"east": {"uv": [16, 0], "uv_size": [-8, 8]},
								"south": {"uv": [16, 0], "uv_size": [-8, 8]},
								"west": {"uv": [16, 0], "uv_size": [-8, 8]},
								"up": {"uv": [8, 8], "uv_size": [8, -8]},
								"down": {"uv": [8, 8], "uv_size": [8, -8]}
							}
						}
					]
				},
				{
					"name": "espinho35",
					"parent": "cima5",
					"pivot": [5.5, 9.83333, -23.25],
					"rotation": [135, 0, 0],
					"cubes": [
						{
							"origin": [5, 8, -23.75],
							"size": [1, 1.5, 1],
							"uv": {
								"north": {"uv": [16, 0], "uv_size": [-8, 8]},
								"east": {"uv": [16, 0], "uv_size": [-8, 8]},
								"south": {"uv": [16, 0], "uv_size": [-8, 8]},
								"west": {"uv": [16, 0], "uv_size": [-8, 8]},
								"up": {"uv": [8, 8], "uv_size": [8, -8]},
								"down": {"uv": [8, 8], "uv_size": [8, -8]}
							}
						},
						{
							"origin": [5.25, 10.5, -23.5],
							"size": [0.5, 1, 0.5],
							"uv": {
								"north": {"uv": [16, 0], "uv_size": [-8, 8]},
								"east": {"uv": [16, 0], "uv_size": [-8, 8]},
								"south": {"uv": [16, 0], "uv_size": [-8, 8]},
								"west": {"uv": [16, 0], "uv_size": [-8, 8]},
								"up": {"uv": [8, 8], "uv_size": [8, -8]},
								"down": {"uv": [8, 8], "uv_size": [8, -8]}
							}
						},
						{
							"origin": [5.125, 9, -23.625],
							"size": [0.75, 1.5, 0.75],
							"uv": {
								"north": {"uv": [16, 0], "uv_size": [-8, 8]},
								"east": {"uv": [16, 0], "uv_size": [-8, 8]},
								"south": {"uv": [16, 0], "uv_size": [-8, 8]},
								"west": {"uv": [16, 0], "uv_size": [-8, 8]},
								"up": {"uv": [8, 8], "uv_size": [8, -8]},
								"down": {"uv": [8, 8], "uv_size": [8, -8]}
							}
						}
					]
				},
				{
					"name": "espinho36",
					"parent": "cima5",
					"pivot": [5.5, 9.16667, -19.25],
					"cubes": [
						{
							"origin": [5, 9.5, -19.75],
							"size": [1, 1.5, 1],
							"uv": {
								"north": {"uv": [16, 0], "uv_size": [-8, 8]},
								"east": {"uv": [16, 0], "uv_size": [-8, 8]},
								"south": {"uv": [16, 0], "uv_size": [-8, 8]},
								"west": {"uv": [16, 0], "uv_size": [-8, 8]},
								"up": {"uv": [8, 8], "uv_size": [8, -8]},
								"down": {"uv": [8, 8], "uv_size": [8, -8]}
							}
						},
						{
							"origin": [5.25, 7.5, -19.5],
							"size": [0.5, 1, 0.5],
							"uv": {
								"north": {"uv": [16, 0], "uv_size": [-8, 8]},
								"east": {"uv": [16, 0], "uv_size": [-8, 8]},
								"south": {"uv": [16, 0], "uv_size": [-8, 8]},
								"west": {"uv": [16, 0], "uv_size": [-8, 8]},
								"up": {"uv": [8, 8], "uv_size": [8, -8]},
								"down": {"uv": [8, 8], "uv_size": [8, -8]}
							}
						},
						{
							"origin": [5.125, 8.5, -19.625],
							"size": [0.75, 1.5, 0.75],
							"uv": {
								"north": {"uv": [16, 0], "uv_size": [-8, 8]},
								"east": {"uv": [16, 0], "uv_size": [-8, 8]},
								"south": {"uv": [16, 0], "uv_size": [-8, 8]},
								"west": {"uv": [16, 0], "uv_size": [-8, 8]},
								"up": {"uv": [8, 8], "uv_size": [8, -8]},
								"down": {"uv": [8, 8], "uv_size": [8, -8]}
							}
						}
					]
				},
				{
					"name": "espinho37",
					"parent": "cima5",
					"pivot": [5.5, 10.16667, -15.25],
					"cubes": [
						{
							"origin": [5, 10.5, -15.75],
							"size": [1, 1.5, 1],
							"uv": {
								"north": {"uv": [16, 0], "uv_size": [-8, 8]},
								"east": {"uv": [16, 0], "uv_size": [-8, 8]},
								"south": {"uv": [16, 0], "uv_size": [-8, 8]},
								"west": {"uv": [16, 0], "uv_size": [-8, 8]},
								"up": {"uv": [8, 8], "uv_size": [8, -8]},
								"down": {"uv": [8, 8], "uv_size": [8, -8]}
							}
						},
						{
							"origin": [5.25, 8.5, -15.5],
							"size": [0.5, 1, 0.5],
							"uv": {
								"north": {"uv": [16, 0], "uv_size": [-8, 8]},
								"east": {"uv": [16, 0], "uv_size": [-8, 8]},
								"south": {"uv": [16, 0], "uv_size": [-8, 8]},
								"west": {"uv": [16, 0], "uv_size": [-8, 8]},
								"up": {"uv": [8, 8], "uv_size": [8, -8]},
								"down": {"uv": [8, 8], "uv_size": [8, -8]}
							}
						},
						{
							"origin": [5.125, 9.5, -15.625],
							"size": [0.75, 1.5, 0.75],
							"uv": {
								"north": {"uv": [16, 0], "uv_size": [-8, 8]},
								"east": {"uv": [16, 0], "uv_size": [-8, 8]},
								"south": {"uv": [16, 0], "uv_size": [-8, 8]},
								"west": {"uv": [16, 0], "uv_size": [-8, 8]},
								"up": {"uv": [8, 8], "uv_size": [8, -8]},
								"down": {"uv": [8, 8], "uv_size": [8, -8]}
							}
						}
					]
				},
				{
					"name": "espinho38",
					"parent": "cima5",
					"pivot": [5.5, 16.83333, -15.25],
					"cubes": [
						{
							"origin": [5, 15, -15.75],
							"size": [1, 1.5, 1],
							"uv": {
								"north": {"uv": [16, 0], "uv_size": [-8, 8]},
								"east": {"uv": [16, 0], "uv_size": [-8, 8]},
								"south": {"uv": [16, 0], "uv_size": [-8, 8]},
								"west": {"uv": [16, 0], "uv_size": [-8, 8]},
								"up": {"uv": [8, 8], "uv_size": [8, -8]},
								"down": {"uv": [8, 8], "uv_size": [8, -8]}
							}
						},
						{
							"origin": [5.25, 17.5, -15.5],
							"size": [0.5, 1, 0.5],
							"uv": {
								"north": {"uv": [16, 0], "uv_size": [-8, 8]},
								"east": {"uv": [16, 0], "uv_size": [-8, 8]},
								"south": {"uv": [16, 0], "uv_size": [-8, 8]},
								"west": {"uv": [16, 0], "uv_size": [-8, 8]},
								"up": {"uv": [8, 8], "uv_size": [8, -8]},
								"down": {"uv": [8, 8], "uv_size": [8, -8]}
							}
						},
						{
							"origin": [5.125, 16, -15.625],
							"size": [0.75, 1.5, 0.75],
							"uv": {
								"north": {"uv": [16, 0], "uv_size": [-8, 8]},
								"east": {"uv": [16, 0], "uv_size": [-8, 8]},
								"south": {"uv": [16, 0], "uv_size": [-8, 8]},
								"west": {"uv": [16, 0], "uv_size": [-8, 8]},
								"up": {"uv": [8, 8], "uv_size": [8, -8]},
								"down": {"uv": [8, 8], "uv_size": [8, -8]}
							}
						}
					]
				},
				{
					"name": "espinho39",
					"parent": "cima5",
					"pivot": [5.5, 15.83333, -11.25],
					"cubes": [
						{
							"origin": [5, 14, -11.75],
							"size": [1, 1.5, 1],
							"uv": {
								"north": {"uv": [16, 0], "uv_size": [-8, 8]},
								"east": {"uv": [16, 0], "uv_size": [-8, 8]},
								"south": {"uv": [16, 0], "uv_size": [-8, 8]},
								"west": {"uv": [16, 0], "uv_size": [-8, 8]},
								"up": {"uv": [8, 8], "uv_size": [8, -8]},
								"down": {"uv": [8, 8], "uv_size": [8, -8]}
							}
						},
						{
							"origin": [5.25, 16.5, -11.5],
							"size": [0.5, 1, 0.5],
							"uv": {
								"north": {"uv": [16, 0], "uv_size": [-8, 8]},
								"east": {"uv": [16, 0], "uv_size": [-8, 8]},
								"south": {"uv": [16, 0], "uv_size": [-8, 8]},
								"west": {"uv": [16, 0], "uv_size": [-8, 8]},
								"up": {"uv": [8, 8], "uv_size": [8, -8]},
								"down": {"uv": [8, 8], "uv_size": [8, -8]}
							}
						},
						{
							"origin": [5.125, 15, -11.625],
							"size": [0.75, 1.5, 0.75],
							"uv": {
								"north": {"uv": [16, 0], "uv_size": [-8, 8]},
								"east": {"uv": [16, 0], "uv_size": [-8, 8]},
								"south": {"uv": [16, 0], "uv_size": [-8, 8]},
								"west": {"uv": [16, 0], "uv_size": [-8, 8]},
								"up": {"uv": [8, 8], "uv_size": [8, -8]},
								"down": {"uv": [8, 8], "uv_size": [8, -8]}
							}
						}
					]
				},
				{
					"name": "espinho40",
					"parent": "cima5",
					"pivot": [5.5, 11.16667, -11.25],
					"cubes": [
						{
							"origin": [5, 11.5, -11.75],
							"size": [1, 1.5, 1],
							"uv": {
								"north": {"uv": [16, 0], "uv_size": [-8, 8]},
								"east": {"uv": [16, 0], "uv_size": [-8, 8]},
								"south": {"uv": [16, 0], "uv_size": [-8, 8]},
								"west": {"uv": [16, 0], "uv_size": [-8, 8]},
								"up": {"uv": [8, 8], "uv_size": [8, -8]},
								"down": {"uv": [8, 8], "uv_size": [8, -8]}
							}
						},
						{
							"origin": [5.25, 9.5, -11.5],
							"size": [0.5, 1, 0.5],
							"uv": {
								"north": {"uv": [16, 0], "uv_size": [-8, 8]},
								"east": {"uv": [16, 0], "uv_size": [-8, 8]},
								"south": {"uv": [16, 0], "uv_size": [-8, 8]},
								"west": {"uv": [16, 0], "uv_size": [-8, 8]},
								"up": {"uv": [8, 8], "uv_size": [8, -8]},
								"down": {"uv": [8, 8], "uv_size": [8, -8]}
							}
						},
						{
							"origin": [5.125, 10.5, -11.625],
							"size": [0.75, 1.5, 0.75],
							"uv": {
								"north": {"uv": [16, 0], "uv_size": [-8, 8]},
								"east": {"uv": [16, 0], "uv_size": [-8, 8]},
								"south": {"uv": [16, 0], "uv_size": [-8, 8]},
								"west": {"uv": [16, 0], "uv_size": [-8, 8]},
								"up": {"uv": [8, 8], "uv_size": [8, -8]},
								"down": {"uv": [8, 8], "uv_size": [8, -8]}
							}
						}
					]
				},
				{
					"name": "cima6",
					"parent": "clava2",
					"pivot": [5.5, 13.5, -19],
					"rotation": [0, 0, -45]
				},
				{
					"name": "espinho41",
					"parent": "cima6",
					"pivot": [5.5, 17.83333, -19.25],
					"cubes": [
						{
							"origin": [5, 16, -19.75],
							"size": [1, 1.5, 1],
							"uv": {
								"north": {"uv": [16, 0], "uv_size": [-8, 8]},
								"east": {"uv": [16, 0], "uv_size": [-8, 8]},
								"south": {"uv": [16, 0], "uv_size": [-8, 8]},
								"west": {"uv": [16, 0], "uv_size": [-8, 8]},
								"up": {"uv": [8, 8], "uv_size": [8, -8]},
								"down": {"uv": [8, 8], "uv_size": [8, -8]}
							}
						},
						{
							"origin": [5.25, 18.5, -19.5],
							"size": [0.5, 1, 0.5],
							"uv": {
								"north": {"uv": [16, 0], "uv_size": [-8, 8]},
								"east": {"uv": [16, 0], "uv_size": [-8, 8]},
								"south": {"uv": [16, 0], "uv_size": [-8, 8]},
								"west": {"uv": [16, 0], "uv_size": [-8, 8]},
								"up": {"uv": [8, 8], "uv_size": [8, -8]},
								"down": {"uv": [8, 8], "uv_size": [8, -8]}
							}
						},
						{
							"origin": [5.125, 17, -19.625],
							"size": [0.75, 1.5, 0.75],
							"uv": {
								"north": {"uv": [16, 0], "uv_size": [-8, 8]},
								"east": {"uv": [16, 0], "uv_size": [-8, 8]},
								"south": {"uv": [16, 0], "uv_size": [-8, 8]},
								"west": {"uv": [16, 0], "uv_size": [-8, 8]},
								"up": {"uv": [8, 8], "uv_size": [8, -8]},
								"down": {"uv": [8, 8], "uv_size": [8, -8]}
							}
						}
					]
				},
				{
					"name": "espinho42",
					"parent": "cima6",
					"pivot": [5.5, 16.83333, -23.25],
					"rotation": [45, 0, 0],
					"cubes": [
						{
							"origin": [5, 15, -23.75],
							"size": [1, 1.5, 1],
							"uv": {
								"north": {"uv": [16, 0], "uv_size": [-8, 8]},
								"east": {"uv": [16, 0], "uv_size": [-8, 8]},
								"south": {"uv": [16, 0], "uv_size": [-8, 8]},
								"west": {"uv": [16, 0], "uv_size": [-8, 8]},
								"up": {"uv": [8, 8], "uv_size": [8, -8]},
								"down": {"uv": [8, 8], "uv_size": [8, -8]}
							}
						},
						{
							"origin": [5.25, 17.5, -23.5],
							"size": [0.5, 1, 0.5],
							"uv": {
								"north": {"uv": [16, 0], "uv_size": [-8, 8]},
								"east": {"uv": [16, 0], "uv_size": [-8, 8]},
								"south": {"uv": [16, 0], "uv_size": [-8, 8]},
								"west": {"uv": [16, 0], "uv_size": [-8, 8]},
								"up": {"uv": [8, 8], "uv_size": [8, -8]},
								"down": {"uv": [8, 8], "uv_size": [8, -8]}
							}
						},
						{
							"origin": [5.125, 16, -23.625],
							"size": [0.75, 1.5, 0.75],
							"uv": {
								"north": {"uv": [16, 0], "uv_size": [-8, 8]},
								"east": {"uv": [16, 0], "uv_size": [-8, 8]},
								"south": {"uv": [16, 0], "uv_size": [-8, 8]},
								"west": {"uv": [16, 0], "uv_size": [-8, 8]},
								"up": {"uv": [8, 8], "uv_size": [8, -8]},
								"down": {"uv": [8, 8], "uv_size": [8, -8]}
							}
						}
					]
				},
				{
					"name": "espinho43",
					"parent": "cima6",
					"pivot": [5.5, 9.83333, -23.25],
					"rotation": [135, 0, 0],
					"cubes": [
						{
							"origin": [5, 8, -23.75],
							"size": [1, 1.5, 1],
							"uv": {
								"north": {"uv": [16, 0], "uv_size": [-8, 8]},
								"east": {"uv": [16, 0], "uv_size": [-8, 8]},
								"south": {"uv": [16, 0], "uv_size": [-8, 8]},
								"west": {"uv": [16, 0], "uv_size": [-8, 8]},
								"up": {"uv": [8, 8], "uv_size": [8, -8]},
								"down": {"uv": [8, 8], "uv_size": [8, -8]}
							}
						},
						{
							"origin": [5.25, 10.5, -23.5],
							"size": [0.5, 1, 0.5],
							"uv": {
								"north": {"uv": [16, 0], "uv_size": [-8, 8]},
								"east": {"uv": [16, 0], "uv_size": [-8, 8]},
								"south": {"uv": [16, 0], "uv_size": [-8, 8]},
								"west": {"uv": [16, 0], "uv_size": [-8, 8]},
								"up": {"uv": [8, 8], "uv_size": [8, -8]},
								"down": {"uv": [8, 8], "uv_size": [8, -8]}
							}
						},
						{
							"origin": [5.125, 9, -23.625],
							"size": [0.75, 1.5, 0.75],
							"uv": {
								"north": {"uv": [16, 0], "uv_size": [-8, 8]},
								"east": {"uv": [16, 0], "uv_size": [-8, 8]},
								"south": {"uv": [16, 0], "uv_size": [-8, 8]},
								"west": {"uv": [16, 0], "uv_size": [-8, 8]},
								"up": {"uv": [8, 8], "uv_size": [8, -8]},
								"down": {"uv": [8, 8], "uv_size": [8, -8]}
							}
						}
					]
				},
				{
					"name": "espinho44",
					"parent": "cima6",
					"pivot": [5.5, 9.16667, -19.25],
					"cubes": [
						{
							"origin": [5, 9.5, -19.75],
							"size": [1, 1.5, 1],
							"uv": {
								"north": {"uv": [16, 0], "uv_size": [-8, 8]},
								"east": {"uv": [16, 0], "uv_size": [-8, 8]},
								"south": {"uv": [16, 0], "uv_size": [-8, 8]},
								"west": {"uv": [16, 0], "uv_size": [-8, 8]},
								"up": {"uv": [8, 8], "uv_size": [8, -8]},
								"down": {"uv": [8, 8], "uv_size": [8, -8]}
							}
						},
						{
							"origin": [5.25, 7.5, -19.5],
							"size": [0.5, 1, 0.5],
							"uv": {
								"north": {"uv": [16, 0], "uv_size": [-8, 8]},
								"east": {"uv": [16, 0], "uv_size": [-8, 8]},
								"south": {"uv": [16, 0], "uv_size": [-8, 8]},
								"west": {"uv": [16, 0], "uv_size": [-8, 8]},
								"up": {"uv": [8, 8], "uv_size": [8, -8]},
								"down": {"uv": [8, 8], "uv_size": [8, -8]}
							}
						},
						{
							"origin": [5.125, 8.5, -19.625],
							"size": [0.75, 1.5, 0.75],
							"uv": {
								"north": {"uv": [16, 0], "uv_size": [-8, 8]},
								"east": {"uv": [16, 0], "uv_size": [-8, 8]},
								"south": {"uv": [16, 0], "uv_size": [-8, 8]},
								"west": {"uv": [16, 0], "uv_size": [-8, 8]},
								"up": {"uv": [8, 8], "uv_size": [8, -8]},
								"down": {"uv": [8, 8], "uv_size": [8, -8]}
							}
						}
					]
				},
				{
					"name": "espinho45",
					"parent": "cima6",
					"pivot": [5.5, 10.16667, -15.25],
					"cubes": [
						{
							"origin": [5, 10.5, -15.75],
							"size": [1, 1.5, 1],
							"uv": {
								"north": {"uv": [16, 0], "uv_size": [-8, 8]},
								"east": {"uv": [16, 0], "uv_size": [-8, 8]},
								"south": {"uv": [16, 0], "uv_size": [-8, 8]},
								"west": {"uv": [16, 0], "uv_size": [-8, 8]},
								"up": {"uv": [8, 8], "uv_size": [8, -8]},
								"down": {"uv": [8, 8], "uv_size": [8, -8]}
							}
						},
						{
							"origin": [5.25, 8.5, -15.5],
							"size": [0.5, 1, 0.5],
							"uv": {
								"north": {"uv": [16, 0], "uv_size": [-8, 8]},
								"east": {"uv": [16, 0], "uv_size": [-8, 8]},
								"south": {"uv": [16, 0], "uv_size": [-8, 8]},
								"west": {"uv": [16, 0], "uv_size": [-8, 8]},
								"up": {"uv": [8, 8], "uv_size": [8, -8]},
								"down": {"uv": [8, 8], "uv_size": [8, -8]}
							}
						},
						{
							"origin": [5.125, 9.5, -15.625],
							"size": [0.75, 1.5, 0.75],
							"uv": {
								"north": {"uv": [16, 0], "uv_size": [-8, 8]},
								"east": {"uv": [16, 0], "uv_size": [-8, 8]},
								"south": {"uv": [16, 0], "uv_size": [-8, 8]},
								"west": {"uv": [16, 0], "uv_size": [-8, 8]},
								"up": {"uv": [8, 8], "uv_size": [8, -8]},
								"down": {"uv": [8, 8], "uv_size": [8, -8]}
							}
						}
					]
				},
				{
					"name": "espinho46",
					"parent": "cima6",
					"pivot": [5.5, 16.83333, -15.25],
					"cubes": [
						{
							"origin": [5, 15, -15.75],
							"size": [1, 1.5, 1],
							"uv": {
								"north": {"uv": [16, 0], "uv_size": [-8, 8]},
								"east": {"uv": [16, 0], "uv_size": [-8, 8]},
								"south": {"uv": [16, 0], "uv_size": [-8, 8]},
								"west": {"uv": [16, 0], "uv_size": [-8, 8]},
								"up": {"uv": [8, 8], "uv_size": [8, -8]},
								"down": {"uv": [8, 8], "uv_size": [8, -8]}
							}
						},
						{
							"origin": [5.25, 17.5, -15.5],
							"size": [0.5, 1, 0.5],
							"uv": {
								"north": {"uv": [16, 0], "uv_size": [-8, 8]},
								"east": {"uv": [16, 0], "uv_size": [-8, 8]},
								"south": {"uv": [16, 0], "uv_size": [-8, 8]},
								"west": {"uv": [16, 0], "uv_size": [-8, 8]},
								"up": {"uv": [8, 8], "uv_size": [8, -8]},
								"down": {"uv": [8, 8], "uv_size": [8, -8]}
							}
						},
						{
							"origin": [5.125, 16, -15.625],
							"size": [0.75, 1.5, 0.75],
							"uv": {
								"north": {"uv": [16, 0], "uv_size": [-8, 8]},
								"east": {"uv": [16, 0], "uv_size": [-8, 8]},
								"south": {"uv": [16, 0], "uv_size": [-8, 8]},
								"west": {"uv": [16, 0], "uv_size": [-8, 8]},
								"up": {"uv": [8, 8], "uv_size": [8, -8]},
								"down": {"uv": [8, 8], "uv_size": [8, -8]}
							}
						}
					]
				},
				{
					"name": "espinho47",
					"parent": "cima6",
					"pivot": [5.5, 15.83333, -11.25],
					"cubes": [
						{
							"origin": [5, 14, -11.75],
							"size": [1, 1.5, 1],
							"uv": {
								"north": {"uv": [16, 0], "uv_size": [-8, 8]},
								"east": {"uv": [16, 0], "uv_size": [-8, 8]},
								"south": {"uv": [16, 0], "uv_size": [-8, 8]},
								"west": {"uv": [16, 0], "uv_size": [-8, 8]},
								"up": {"uv": [8, 8], "uv_size": [8, -8]},
								"down": {"uv": [8, 8], "uv_size": [8, -8]}
							}
						},
						{
							"origin": [5.25, 16.5, -11.5],
							"size": [0.5, 1, 0.5],
							"uv": {
								"north": {"uv": [16, 0], "uv_size": [-8, 8]},
								"east": {"uv": [16, 0], "uv_size": [-8, 8]},
								"south": {"uv": [16, 0], "uv_size": [-8, 8]},
								"west": {"uv": [16, 0], "uv_size": [-8, 8]},
								"up": {"uv": [8, 8], "uv_size": [8, -8]},
								"down": {"uv": [8, 8], "uv_size": [8, -8]}
							}
						},
						{
							"origin": [5.125, 15, -11.625],
							"size": [0.75, 1.5, 0.75],
							"uv": {
								"north": {"uv": [16, 0], "uv_size": [-8, 8]},
								"east": {"uv": [16, 0], "uv_size": [-8, 8]},
								"south": {"uv": [16, 0], "uv_size": [-8, 8]},
								"west": {"uv": [16, 0], "uv_size": [-8, 8]},
								"up": {"uv": [8, 8], "uv_size": [8, -8]},
								"down": {"uv": [8, 8], "uv_size": [8, -8]}
							}
						}
					]
				},
				{
					"name": "espinho48",
					"parent": "cima6",
					"pivot": [5.5, 11.16667, -11.25],
					"cubes": [
						{
							"origin": [5, 11.5, -11.75],
							"size": [1, 1.5, 1],
							"uv": {
								"north": {"uv": [16, 0], "uv_size": [-8, 8]},
								"east": {"uv": [16, 0], "uv_size": [-8, 8]},
								"south": {"uv": [16, 0], "uv_size": [-8, 8]},
								"west": {"uv": [16, 0], "uv_size": [-8, 8]},
								"up": {"uv": [8, 8], "uv_size": [8, -8]},
								"down": {"uv": [8, 8], "uv_size": [8, -8]}
							}
						},
						{
							"origin": [5.25, 9.5, -11.5],
							"size": [0.5, 1, 0.5],
							"uv": {
								"north": {"uv": [16, 0], "uv_size": [-8, 8]},
								"east": {"uv": [16, 0], "uv_size": [-8, 8]},
								"south": {"uv": [16, 0], "uv_size": [-8, 8]},
								"west": {"uv": [16, 0], "uv_size": [-8, 8]},
								"up": {"uv": [8, 8], "uv_size": [8, -8]},
								"down": {"uv": [8, 8], "uv_size": [8, -8]}
							}
						},
						{
							"origin": [5.125, 10.5, -11.625],
							"size": [0.75, 1.5, 0.75],
							"uv": {
								"north": {"uv": [16, 0], "uv_size": [-8, 8]},
								"east": {"uv": [16, 0], "uv_size": [-8, 8]},
								"south": {"uv": [16, 0], "uv_size": [-8, 8]},
								"west": {"uv": [16, 0], "uv_size": [-8, 8]},
								"up": {"uv": [8, 8], "uv_size": [8, -8]},
								"down": {"uv": [8, 8], "uv_size": [8, -8]}
							}
						}
					]
				},
				{
					"name": "cima7",
					"parent": "clava2",
					"pivot": [5.5, 13.5, -19],
					"rotation": [0, 0, -90]
				},
				{
					"name": "espinho49",
					"parent": "cima7",
					"pivot": [5.5, 17.83333, -19.25],
					"cubes": [
						{
							"origin": [5, 16, -19.75],
							"size": [1, 1.5, 1],
							"uv": {
								"north": {"uv": [16, 0], "uv_size": [-8, 8]},
								"east": {"uv": [16, 0], "uv_size": [-8, 8]},
								"south": {"uv": [16, 0], "uv_size": [-8, 8]},
								"west": {"uv": [16, 0], "uv_size": [-8, 8]},
								"up": {"uv": [8, 8], "uv_size": [8, -8]},
								"down": {"uv": [8, 8], "uv_size": [8, -8]}
							}
						},
						{
							"origin": [5.25, 18.5, -19.5],
							"size": [0.5, 1, 0.5],
							"uv": {
								"north": {"uv": [16, 0], "uv_size": [-8, 8]},
								"east": {"uv": [16, 0], "uv_size": [-8, 8]},
								"south": {"uv": [16, 0], "uv_size": [-8, 8]},
								"west": {"uv": [16, 0], "uv_size": [-8, 8]},
								"up": {"uv": [8, 8], "uv_size": [8, -8]},
								"down": {"uv": [8, 8], "uv_size": [8, -8]}
							}
						},
						{
							"origin": [5.125, 17, -19.625],
							"size": [0.75, 1.5, 0.75],
							"uv": {
								"north": {"uv": [16, 0], "uv_size": [-8, 8]},
								"east": {"uv": [16, 0], "uv_size": [-8, 8]},
								"south": {"uv": [16, 0], "uv_size": [-8, 8]},
								"west": {"uv": [16, 0], "uv_size": [-8, 8]},
								"up": {"uv": [8, 8], "uv_size": [8, -8]},
								"down": {"uv": [8, 8], "uv_size": [8, -8]}
							}
						}
					]
				},
				{
					"name": "espinho50",
					"parent": "cima7",
					"pivot": [5.5, 16.83333, -23.25],
					"rotation": [45, 0, 0],
					"cubes": [
						{
							"origin": [5, 15, -23.75],
							"size": [1, 1.5, 1],
							"uv": {
								"north": {"uv": [16, 0], "uv_size": [-8, 8]},
								"east": {"uv": [16, 0], "uv_size": [-8, 8]},
								"south": {"uv": [16, 0], "uv_size": [-8, 8]},
								"west": {"uv": [16, 0], "uv_size": [-8, 8]},
								"up": {"uv": [8, 8], "uv_size": [8, -8]},
								"down": {"uv": [8, 8], "uv_size": [8, -8]}
							}
						},
						{
							"origin": [5.25, 17.5, -23.5],
							"size": [0.5, 1, 0.5],
							"uv": {
								"north": {"uv": [16, 0], "uv_size": [-8, 8]},
								"east": {"uv": [16, 0], "uv_size": [-8, 8]},
								"south": {"uv": [16, 0], "uv_size": [-8, 8]},
								"west": {"uv": [16, 0], "uv_size": [-8, 8]},
								"up": {"uv": [8, 8], "uv_size": [8, -8]},
								"down": {"uv": [8, 8], "uv_size": [8, -8]}
							}
						},
						{
							"origin": [5.125, 16, -23.625],
							"size": [0.75, 1.5, 0.75],
							"uv": {
								"north": {"uv": [16, 0], "uv_size": [-8, 8]},
								"east": {"uv": [16, 0], "uv_size": [-8, 8]},
								"south": {"uv": [16, 0], "uv_size": [-8, 8]},
								"west": {"uv": [16, 0], "uv_size": [-8, 8]},
								"up": {"uv": [8, 8], "uv_size": [8, -8]},
								"down": {"uv": [8, 8], "uv_size": [8, -8]}
							}
						}
					]
				},
				{
					"name": "espinho51",
					"parent": "cima7",
					"pivot": [5.5, 9.83333, -23.25],
					"rotation": [135, 0, 0],
					"cubes": [
						{
							"origin": [5, 8, -23.75],
							"size": [1, 1.5, 1],
							"uv": {
								"north": {"uv": [16, 0], "uv_size": [-8, 8]},
								"east": {"uv": [16, 0], "uv_size": [-8, 8]},
								"south": {"uv": [16, 0], "uv_size": [-8, 8]},
								"west": {"uv": [16, 0], "uv_size": [-8, 8]},
								"up": {"uv": [8, 8], "uv_size": [8, -8]},
								"down": {"uv": [8, 8], "uv_size": [8, -8]}
							}
						},
						{
							"origin": [5.25, 10.5, -23.5],
							"size": [0.5, 1, 0.5],
							"uv": {
								"north": {"uv": [16, 0], "uv_size": [-8, 8]},
								"east": {"uv": [16, 0], "uv_size": [-8, 8]},
								"south": {"uv": [16, 0], "uv_size": [-8, 8]},
								"west": {"uv": [16, 0], "uv_size": [-8, 8]},
								"up": {"uv": [8, 8], "uv_size": [8, -8]},
								"down": {"uv": [8, 8], "uv_size": [8, -8]}
							}
						},
						{
							"origin": [5.125, 9, -23.625],
							"size": [0.75, 1.5, 0.75],
							"uv": {
								"north": {"uv": [16, 0], "uv_size": [-8, 8]},
								"east": {"uv": [16, 0], "uv_size": [-8, 8]},
								"south": {"uv": [16, 0], "uv_size": [-8, 8]},
								"west": {"uv": [16, 0], "uv_size": [-8, 8]},
								"up": {"uv": [8, 8], "uv_size": [8, -8]},
								"down": {"uv": [8, 8], "uv_size": [8, -8]}
							}
						}
					]
				},
				{
					"name": "espinho52",
					"parent": "cima7",
					"pivot": [5.5, 9.16667, -19.25],
					"cubes": [
						{
							"origin": [5, 9.5, -19.75],
							"size": [1, 1.5, 1],
							"uv": {
								"north": {"uv": [16, 0], "uv_size": [-8, 8]},
								"east": {"uv": [16, 0], "uv_size": [-8, 8]},
								"south": {"uv": [16, 0], "uv_size": [-8, 8]},
								"west": {"uv": [16, 0], "uv_size": [-8, 8]},
								"up": {"uv": [8, 8], "uv_size": [8, -8]},
								"down": {"uv": [8, 8], "uv_size": [8, -8]}
							}
						},
						{
							"origin": [5.25, 7.5, -19.5],
							"size": [0.5, 1, 0.5],
							"uv": {
								"north": {"uv": [16, 0], "uv_size": [-8, 8]},
								"east": {"uv": [16, 0], "uv_size": [-8, 8]},
								"south": {"uv": [16, 0], "uv_size": [-8, 8]},
								"west": {"uv": [16, 0], "uv_size": [-8, 8]},
								"up": {"uv": [8, 8], "uv_size": [8, -8]},
								"down": {"uv": [8, 8], "uv_size": [8, -8]}
							}
						},
						{
							"origin": [5.125, 8.5, -19.625],
							"size": [0.75, 1.5, 0.75],
							"uv": {
								"north": {"uv": [16, 0], "uv_size": [-8, 8]},
								"east": {"uv": [16, 0], "uv_size": [-8, 8]},
								"south": {"uv": [16, 0], "uv_size": [-8, 8]},
								"west": {"uv": [16, 0], "uv_size": [-8, 8]},
								"up": {"uv": [8, 8], "uv_size": [8, -8]},
								"down": {"uv": [8, 8], "uv_size": [8, -8]}
							}
						}
					]
				},
				{
					"name": "espinho53",
					"parent": "cima7",
					"pivot": [5.5, 10.16667, -15.25],
					"cubes": [
						{
							"origin": [5, 10.5, -15.75],
							"size": [1, 1.5, 1],
							"uv": {
								"north": {"uv": [16, 0], "uv_size": [-8, 8]},
								"east": {"uv": [16, 0], "uv_size": [-8, 8]},
								"south": {"uv": [16, 0], "uv_size": [-8, 8]},
								"west": {"uv": [16, 0], "uv_size": [-8, 8]},
								"up": {"uv": [8, 8], "uv_size": [8, -8]},
								"down": {"uv": [8, 8], "uv_size": [8, -8]}
							}
						},
						{
							"origin": [5.25, 8.5, -15.5],
							"size": [0.5, 1, 0.5],
							"uv": {
								"north": {"uv": [16, 0], "uv_size": [-8, 8]},
								"east": {"uv": [16, 0], "uv_size": [-8, 8]},
								"south": {"uv": [16, 0], "uv_size": [-8, 8]},
								"west": {"uv": [16, 0], "uv_size": [-8, 8]},
								"up": {"uv": [8, 8], "uv_size": [8, -8]},
								"down": {"uv": [8, 8], "uv_size": [8, -8]}
							}
						},
						{
							"origin": [5.125, 9.5, -15.625],
							"size": [0.75, 1.5, 0.75],
							"uv": {
								"north": {"uv": [16, 0], "uv_size": [-8, 8]},
								"east": {"uv": [16, 0], "uv_size": [-8, 8]},
								"south": {"uv": [16, 0], "uv_size": [-8, 8]},
								"west": {"uv": [16, 0], "uv_size": [-8, 8]},
								"up": {"uv": [8, 8], "uv_size": [8, -8]},
								"down": {"uv": [8, 8], "uv_size": [8, -8]}
							}
						}
					]
				},
				{
					"name": "espinho54",
					"parent": "cima7",
					"pivot": [5.5, 16.83333, -15.25],
					"cubes": [
						{
							"origin": [5, 15, -15.75],
							"size": [1, 1.5, 1],
							"uv": {
								"north": {"uv": [16, 0], "uv_size": [-8, 8]},
								"east": {"uv": [16, 0], "uv_size": [-8, 8]},
								"south": {"uv": [16, 0], "uv_size": [-8, 8]},
								"west": {"uv": [16, 0], "uv_size": [-8, 8]},
								"up": {"uv": [8, 8], "uv_size": [8, -8]},
								"down": {"uv": [8, 8], "uv_size": [8, -8]}
							}
						},
						{
							"origin": [5.25, 17.5, -15.5],
							"size": [0.5, 1, 0.5],
							"uv": {
								"north": {"uv": [16, 0], "uv_size": [-8, 8]},
								"east": {"uv": [16, 0], "uv_size": [-8, 8]},
								"south": {"uv": [16, 0], "uv_size": [-8, 8]},
								"west": {"uv": [16, 0], "uv_size": [-8, 8]},
								"up": {"uv": [8, 8], "uv_size": [8, -8]},
								"down": {"uv": [8, 8], "uv_size": [8, -8]}
							}
						},
						{
							"origin": [5.125, 16, -15.625],
							"size": [0.75, 1.5, 0.75],
							"uv": {
								"north": {"uv": [16, 0], "uv_size": [-8, 8]},
								"east": {"uv": [16, 0], "uv_size": [-8, 8]},
								"south": {"uv": [16, 0], "uv_size": [-8, 8]},
								"west": {"uv": [16, 0], "uv_size": [-8, 8]},
								"up": {"uv": [8, 8], "uv_size": [8, -8]},
								"down": {"uv": [8, 8], "uv_size": [8, -8]}
							}
						}
					]
				},
				{
					"name": "espinho55",
					"parent": "cima7",
					"pivot": [5.5, 15.83333, -11.25],
					"cubes": [
						{
							"origin": [5, 14, -11.75],
							"size": [1, 1.5, 1],
							"uv": {
								"north": {"uv": [16, 0], "uv_size": [-8, 8]},
								"east": {"uv": [16, 0], "uv_size": [-8, 8]},
								"south": {"uv": [16, 0], "uv_size": [-8, 8]},
								"west": {"uv": [16, 0], "uv_size": [-8, 8]},
								"up": {"uv": [8, 8], "uv_size": [8, -8]},
								"down": {"uv": [8, 8], "uv_size": [8, -8]}
							}
						},
						{
							"origin": [5.25, 16.5, -11.5],
							"size": [0.5, 1, 0.5],
							"uv": {
								"north": {"uv": [16, 0], "uv_size": [-8, 8]},
								"east": {"uv": [16, 0], "uv_size": [-8, 8]},
								"south": {"uv": [16, 0], "uv_size": [-8, 8]},
								"west": {"uv": [16, 0], "uv_size": [-8, 8]},
								"up": {"uv": [8, 8], "uv_size": [8, -8]},
								"down": {"uv": [8, 8], "uv_size": [8, -8]}
							}
						},
						{
							"origin": [5.125, 15, -11.625],
							"size": [0.75, 1.5, 0.75],
							"uv": {
								"north": {"uv": [16, 0], "uv_size": [-8, 8]},
								"east": {"uv": [16, 0], "uv_size": [-8, 8]},
								"south": {"uv": [16, 0], "uv_size": [-8, 8]},
								"west": {"uv": [16, 0], "uv_size": [-8, 8]},
								"up": {"uv": [8, 8], "uv_size": [8, -8]},
								"down": {"uv": [8, 8], "uv_size": [8, -8]}
							}
						}
					]
				},
				{
					"name": "espinho56",
					"parent": "cima7",
					"pivot": [5.5, 11.16667, -11.25],
					"cubes": [
						{
							"origin": [5, 11.5, -11.75],
							"size": [1, 1.5, 1],
							"uv": {
								"north": {"uv": [16, 0], "uv_size": [-8, 8]},
								"east": {"uv": [16, 0], "uv_size": [-8, 8]},
								"south": {"uv": [16, 0], "uv_size": [-8, 8]},
								"west": {"uv": [16, 0], "uv_size": [-8, 8]},
								"up": {"uv": [8, 8], "uv_size": [8, -8]},
								"down": {"uv": [8, 8], "uv_size": [8, -8]}
							}
						},
						{
							"origin": [5.25, 9.5, -11.5],
							"size": [0.5, 1, 0.5],
							"uv": {
								"north": {"uv": [16, 0], "uv_size": [-8, 8]},
								"east": {"uv": [16, 0], "uv_size": [-8, 8]},
								"south": {"uv": [16, 0], "uv_size": [-8, 8]},
								"west": {"uv": [16, 0], "uv_size": [-8, 8]},
								"up": {"uv": [8, 8], "uv_size": [8, -8]},
								"down": {"uv": [8, 8], "uv_size": [8, -8]}
							}
						},
						{
							"origin": [5.125, 10.5, -11.625],
							"size": [0.75, 1.5, 0.75],
							"uv": {
								"north": {"uv": [16, 0], "uv_size": [-8, 8]},
								"east": {"uv": [16, 0], "uv_size": [-8, 8]},
								"south": {"uv": [16, 0], "uv_size": [-8, 8]},
								"west": {"uv": [16, 0], "uv_size": [-8, 8]},
								"up": {"uv": [8, 8], "uv_size": [8, -8]},
								"down": {"uv": [8, 8], "uv_size": [8, -8]}
							}
						}
					]
				},
				{
					"name": "cima8",
					"parent": "clava2",
					"pivot": [5.5, 13.5, -19],
					"rotation": [0, 0, -135]
				},
				{
					"name": "espinho57",
					"parent": "cima8",
					"pivot": [5.5, 17.83333, -19.25],
					"cubes": [
						{
							"origin": [5, 16, -19.75],
							"size": [1, 1.5, 1],
							"uv": {
								"north": {"uv": [16, 0], "uv_size": [-8, 8]},
								"east": {"uv": [16, 0], "uv_size": [-8, 8]},
								"south": {"uv": [16, 0], "uv_size": [-8, 8]},
								"west": {"uv": [16, 0], "uv_size": [-8, 8]},
								"up": {"uv": [8, 8], "uv_size": [8, -8]},
								"down": {"uv": [8, 8], "uv_size": [8, -8]}
							}
						},
						{
							"origin": [5.25, 18.5, -19.5],
							"size": [0.5, 1, 0.5],
							"uv": {
								"north": {"uv": [16, 0], "uv_size": [-8, 8]},
								"east": {"uv": [16, 0], "uv_size": [-8, 8]},
								"south": {"uv": [16, 0], "uv_size": [-8, 8]},
								"west": {"uv": [16, 0], "uv_size": [-8, 8]},
								"up": {"uv": [8, 8], "uv_size": [8, -8]},
								"down": {"uv": [8, 8], "uv_size": [8, -8]}
							}
						},
						{
							"origin": [5.125, 17, -19.625],
							"size": [0.75, 1.5, 0.75],
							"uv": {
								"north": {"uv": [16, 0], "uv_size": [-8, 8]},
								"east": {"uv": [16, 0], "uv_size": [-8, 8]},
								"south": {"uv": [16, 0], "uv_size": [-8, 8]},
								"west": {"uv": [16, 0], "uv_size": [-8, 8]},
								"up": {"uv": [8, 8], "uv_size": [8, -8]},
								"down": {"uv": [8, 8], "uv_size": [8, -8]}
							}
						}
					]
				},
				{
					"name": "espinho58",
					"parent": "cima8",
					"pivot": [5.5, 16.83333, -23.25],
					"rotation": [45, 0, 0],
					"cubes": [
						{
							"origin": [5, 15, -23.75],
							"size": [1, 1.5, 1],
							"uv": {
								"north": {"uv": [16, 0], "uv_size": [-8, 8]},
								"east": {"uv": [16, 0], "uv_size": [-8, 8]},
								"south": {"uv": [16, 0], "uv_size": [-8, 8]},
								"west": {"uv": [16, 0], "uv_size": [-8, 8]},
								"up": {"uv": [8, 8], "uv_size": [8, -8]},
								"down": {"uv": [8, 8], "uv_size": [8, -8]}
							}
						},
						{
							"origin": [5.25, 17.5, -23.5],
							"size": [0.5, 1, 0.5],
							"uv": {
								"north": {"uv": [16, 0], "uv_size": [-8, 8]},
								"east": {"uv": [16, 0], "uv_size": [-8, 8]},
								"south": {"uv": [16, 0], "uv_size": [-8, 8]},
								"west": {"uv": [16, 0], "uv_size": [-8, 8]},
								"up": {"uv": [8, 8], "uv_size": [8, -8]},
								"down": {"uv": [8, 8], "uv_size": [8, -8]}
							}
						},
						{
							"origin": [5.125, 16, -23.625],
							"size": [0.75, 1.5, 0.75],
							"uv": {
								"north": {"uv": [16, 0], "uv_size": [-8, 8]},
								"east": {"uv": [16, 0], "uv_size": [-8, 8]},
								"south": {"uv": [16, 0], "uv_size": [-8, 8]},
								"west": {"uv": [16, 0], "uv_size": [-8, 8]},
								"up": {"uv": [8, 8], "uv_size": [8, -8]},
								"down": {"uv": [8, 8], "uv_size": [8, -8]}
							}
						}
					]
				},
				{
					"name": "espinho59",
					"parent": "cima8",
					"pivot": [5.5, 9.83333, -23.25],
					"rotation": [135, 0, 0],
					"cubes": [
						{
							"origin": [5, 8, -23.75],
							"size": [1, 1.5, 1],
							"uv": {
								"north": {"uv": [16, 0], "uv_size": [-8, 8]},
								"east": {"uv": [16, 0], "uv_size": [-8, 8]},
								"south": {"uv": [16, 0], "uv_size": [-8, 8]},
								"west": {"uv": [16, 0], "uv_size": [-8, 8]},
								"up": {"uv": [8, 8], "uv_size": [8, -8]},
								"down": {"uv": [8, 8], "uv_size": [8, -8]}
							}
						},
						{
							"origin": [5.25, 10.5, -23.5],
							"size": [0.5, 1, 0.5],
							"uv": {
								"north": {"uv": [16, 0], "uv_size": [-8, 8]},
								"east": {"uv": [16, 0], "uv_size": [-8, 8]},
								"south": {"uv": [16, 0], "uv_size": [-8, 8]},
								"west": {"uv": [16, 0], "uv_size": [-8, 8]},
								"up": {"uv": [8, 8], "uv_size": [8, -8]},
								"down": {"uv": [8, 8], "uv_size": [8, -8]}
							}
						},
						{
							"origin": [5.125, 9, -23.625],
							"size": [0.75, 1.5, 0.75],
							"uv": {
								"north": {"uv": [16, 0], "uv_size": [-8, 8]},
								"east": {"uv": [16, 0], "uv_size": [-8, 8]},
								"south": {"uv": [16, 0], "uv_size": [-8, 8]},
								"west": {"uv": [16, 0], "uv_size": [-8, 8]},
								"up": {"uv": [8, 8], "uv_size": [8, -8]},
								"down": {"uv": [8, 8], "uv_size": [8, -8]}
							}
						}
					]
				},
				{
					"name": "espinho60",
					"parent": "cima8",
					"pivot": [5.5, 9.16667, -19.25],
					"cubes": [
						{
							"origin": [5, 9.5, -19.75],
							"size": [1, 1.5, 1],
							"uv": {
								"north": {"uv": [16, 0], "uv_size": [-8, 8]},
								"east": {"uv": [16, 0], "uv_size": [-8, 8]},
								"south": {"uv": [16, 0], "uv_size": [-8, 8]},
								"west": {"uv": [16, 0], "uv_size": [-8, 8]},
								"up": {"uv": [8, 8], "uv_size": [8, -8]},
								"down": {"uv": [8, 8], "uv_size": [8, -8]}
							}
						},
						{
							"origin": [5.25, 7.5, -19.5],
							"size": [0.5, 1, 0.5],
							"uv": {
								"north": {"uv": [16, 0], "uv_size": [-8, 8]},
								"east": {"uv": [16, 0], "uv_size": [-8, 8]},
								"south": {"uv": [16, 0], "uv_size": [-8, 8]},
								"west": {"uv": [16, 0], "uv_size": [-8, 8]},
								"up": {"uv": [8, 8], "uv_size": [8, -8]},
								"down": {"uv": [8, 8], "uv_size": [8, -8]}
							}
						},
						{
							"origin": [5.125, 8.5, -19.625],
							"size": [0.75, 1.5, 0.75],
							"uv": {
								"north": {"uv": [16, 0], "uv_size": [-8, 8]},
								"east": {"uv": [16, 0], "uv_size": [-8, 8]},
								"south": {"uv": [16, 0], "uv_size": [-8, 8]},
								"west": {"uv": [16, 0], "uv_size": [-8, 8]},
								"up": {"uv": [8, 8], "uv_size": [8, -8]},
								"down": {"uv": [8, 8], "uv_size": [8, -8]}
							}
						}
					]
				},
				{
					"name": "espinho61",
					"parent": "cima8",
					"pivot": [5.5, 10.16667, -15.25],
					"cubes": [
						{
							"origin": [5, 10.5, -15.75],
							"size": [1, 1.5, 1],
							"uv": {
								"north": {"uv": [16, 0], "uv_size": [-8, 8]},
								"east": {"uv": [16, 0], "uv_size": [-8, 8]},
								"south": {"uv": [16, 0], "uv_size": [-8, 8]},
								"west": {"uv": [16, 0], "uv_size": [-8, 8]},
								"up": {"uv": [8, 8], "uv_size": [8, -8]},
								"down": {"uv": [8, 8], "uv_size": [8, -8]}
							}
						},
						{
							"origin": [5.25, 8.5, -15.5],
							"size": [0.5, 1, 0.5],
							"uv": {
								"north": {"uv": [16, 0], "uv_size": [-8, 8]},
								"east": {"uv": [16, 0], "uv_size": [-8, 8]},
								"south": {"uv": [16, 0], "uv_size": [-8, 8]},
								"west": {"uv": [16, 0], "uv_size": [-8, 8]},
								"up": {"uv": [8, 8], "uv_size": [8, -8]},
								"down": {"uv": [8, 8], "uv_size": [8, -8]}
							}
						},
						{
							"origin": [5.125, 9.5, -15.625],
							"size": [0.75, 1.5, 0.75],
							"uv": {
								"north": {"uv": [16, 0], "uv_size": [-8, 8]},
								"east": {"uv": [16, 0], "uv_size": [-8, 8]},
								"south": {"uv": [16, 0], "uv_size": [-8, 8]},
								"west": {"uv": [16, 0], "uv_size": [-8, 8]},
								"up": {"uv": [8, 8], "uv_size": [8, -8]},
								"down": {"uv": [8, 8], "uv_size": [8, -8]}
							}
						}
					]
				},
				{
					"name": "espinho62",
					"parent": "cima8",
					"pivot": [5.5, 16.83333, -15.25],
					"cubes": [
						{
							"origin": [5, 15, -15.75],
							"size": [1, 1.5, 1],
							"uv": {
								"north": {"uv": [16, 0], "uv_size": [-8, 8]},
								"east": {"uv": [16, 0], "uv_size": [-8, 8]},
								"south": {"uv": [16, 0], "uv_size": [-8, 8]},
								"west": {"uv": [16, 0], "uv_size": [-8, 8]},
								"up": {"uv": [8, 8], "uv_size": [8, -8]},
								"down": {"uv": [8, 8], "uv_size": [8, -8]}
							}
						},
						{
							"origin": [5.25, 17.5, -15.5],
							"size": [0.5, 1, 0.5],
							"uv": {
								"north": {"uv": [16, 0], "uv_size": [-8, 8]},
								"east": {"uv": [16, 0], "uv_size": [-8, 8]},
								"south": {"uv": [16, 0], "uv_size": [-8, 8]},
								"west": {"uv": [16, 0], "uv_size": [-8, 8]},
								"up": {"uv": [8, 8], "uv_size": [8, -8]},
								"down": {"uv": [8, 8], "uv_size": [8, -8]}
							}
						},
						{
							"origin": [5.125, 16, -15.625],
							"size": [0.75, 1.5, 0.75],
							"uv": {
								"north": {"uv": [16, 0], "uv_size": [-8, 8]},
								"east": {"uv": [16, 0], "uv_size": [-8, 8]},
								"south": {"uv": [16, 0], "uv_size": [-8, 8]},
								"west": {"uv": [16, 0], "uv_size": [-8, 8]},
								"up": {"uv": [8, 8], "uv_size": [8, -8]},
								"down": {"uv": [8, 8], "uv_size": [8, -8]}
							}
						}
					]
				},
				{
					"name": "espinho63",
					"parent": "cima8",
					"pivot": [5.5, 15.83333, -11.25],
					"cubes": [
						{
							"origin": [5, 14, -11.75],
							"size": [1, 1.5, 1],
							"uv": {
								"north": {"uv": [16, 0], "uv_size": [-8, 8]},
								"east": {"uv": [16, 0], "uv_size": [-8, 8]},
								"south": {"uv": [16, 0], "uv_size": [-8, 8]},
								"west": {"uv": [16, 0], "uv_size": [-8, 8]},
								"up": {"uv": [8, 8], "uv_size": [8, -8]},
								"down": {"uv": [8, 8], "uv_size": [8, -8]}
							}
						},
						{
							"origin": [5.25, 16.5, -11.5],
							"size": [0.5, 1, 0.5],
							"uv": {
								"north": {"uv": [16, 0], "uv_size": [-8, 8]},
								"east": {"uv": [16, 0], "uv_size": [-8, 8]},
								"south": {"uv": [16, 0], "uv_size": [-8, 8]},
								"west": {"uv": [16, 0], "uv_size": [-8, 8]},
								"up": {"uv": [8, 8], "uv_size": [8, -8]},
								"down": {"uv": [8, 8], "uv_size": [8, -8]}
							}
						},
						{
							"origin": [5.125, 15, -11.625],
							"size": [0.75, 1.5, 0.75],
							"uv": {
								"north": {"uv": [16, 0], "uv_size": [-8, 8]},
								"east": {"uv": [16, 0], "uv_size": [-8, 8]},
								"south": {"uv": [16, 0], "uv_size": [-8, 8]},
								"west": {"uv": [16, 0], "uv_size": [-8, 8]},
								"up": {"uv": [8, 8], "uv_size": [8, -8]},
								"down": {"uv": [8, 8], "uv_size": [8, -8]}
							}
						}
					]
				},
				{
					"name": "espinho64",
					"parent": "cima8",
					"pivot": [5.5, 11.16667, -11.25],
					"cubes": [
						{
							"origin": [5, 11.5, -11.75],
							"size": [1, 1.5, 1],
							"uv": {
								"north": {"uv": [16, 0], "uv_size": [-8, 8]},
								"east": {"uv": [16, 0], "uv_size": [-8, 8]},
								"south": {"uv": [16, 0], "uv_size": [-8, 8]},
								"west": {"uv": [16, 0], "uv_size": [-8, 8]},
								"up": {"uv": [8, 8], "uv_size": [8, -8]},
								"down": {"uv": [8, 8], "uv_size": [8, -8]}
							}
						},
						{
							"origin": [5.25, 9.5, -11.5],
							"size": [0.5, 1, 0.5],
							"uv": {
								"north": {"uv": [16, 0], "uv_size": [-8, 8]},
								"east": {"uv": [16, 0], "uv_size": [-8, 8]},
								"south": {"uv": [16, 0], "uv_size": [-8, 8]},
								"west": {"uv": [16, 0], "uv_size": [-8, 8]},
								"up": {"uv": [8, 8], "uv_size": [8, -8]},
								"down": {"uv": [8, 8], "uv_size": [8, -8]}
							}
						},
						{
							"origin": [5.125, 10.5, -11.625],
							"size": [0.75, 1.5, 0.75],
							"uv": {
								"north": {"uv": [16, 0], "uv_size": [-8, 8]},
								"east": {"uv": [16, 0], "uv_size": [-8, 8]},
								"south": {"uv": [16, 0], "uv_size": [-8, 8]},
								"west": {"uv": [16, 0], "uv_size": [-8, 8]},
								"up": {"uv": [8, 8], "uv_size": [8, -8]},
								"down": {"uv": [8, 8], "uv_size": [8, -8]}
							}
						}
					]
				}
			]
		}
	]
}