{
	"format_version": "1.12.0",
	"minecraft:geometry": [
		{
			"description": {
				"identifier": "geometry.clava_main_hand",
				"texture_width": 16,
				"texture_height": 16,
				"visible_bounds_width": 4,
				"visible_bounds_height": 3.5,
				"visible_bounds_offset": [0, 1.25, 0]
			},
			"bones": [
				{
					"name": "root",
					"pivot": [0, 0, 0]
				},
				{
					"name": "tudo",
					"parent": "root",
					"pivot": [0, 12, 0]
				},
				{
					"name": "waist",
					"parent": "tudo",
					"pivot": [0, 12, 0]
				},
				{
					"name": "body",
					"parent": "waist",
					"pivot": [0, 24, 0]
				},
				{
					"name": "rightA",
					"parent": "body",
					"pivot": [-6, 24, 0]
				},
				{
					"name": "rightArm",
					"parent": "rightA",
					"pivot": [-5, 22, 0]
				},
				{
					"name": "rightArm2",
					"parent": "rightArm",
					"pivot": [-5, 18, 2]
				},
				{
					"name": "clava",
					"parent": "rightArm2",
					"pivot": [-5.5, 13.5, -2],
					"cubes": [
						{
							"origin": [-6, 12.75, -3.5],
							"size": [1, 1.5, 6],
							"uv": {
								"north": {"uv": [0, 0], "uv_size": [8, 8]},
								"east": {"uv": [0, 0], "uv_size": [8, 8]},
								"south": {"uv": [0, 0], "uv_size": [8, 8]},
								"west": {"uv": [0, 0], "uv_size": [8, 8]},
								"up": {"uv": [8, 8], "uv_size": [-8, -8]},
								"down": {"uv": [8, 8], "uv_size": [-8, -8]}
							}
						},
						{
							"origin": [-6.5, 12.5, -7],
							"size": [2, 2, 3.5],
							"uv": {
								"north": {"uv": [0, 0], "uv_size": [8, 8]},
								"east": {"uv": [0, 0], "uv_size": [8, 8]},
								"south": {"uv": [0, 0], "uv_size": [8, 8]},
								"west": {"uv": [0, 0], "uv_size": [8, 8]},
								"up": {"uv": [8, 8], "uv_size": [-8, -8]},
								"down": {"uv": [8, 8], "uv_size": [-8, -8]}
							}
						},
						{
							"origin": [-7, 12, -10],
							"size": [3, 3, 3.5],
							"uv": {
								"north": {"uv": [0, 0], "uv_size": [8, 8]},
								"east": {"uv": [0, 0], "uv_size": [8, 8]},
								"south": {"uv": [0, 0], "uv_size": [8, 8]},
								"west": {"uv": [0, 0], "uv_size": [8, 8]},
								"up": {"uv": [8, 8], "uv_size": [-8, -8]},
								"down": {"uv": [8, 8], "uv_size": [-8, -8]}
							}
						},
						{
							"origin": [-7.5, 11.5, -23.5],
							"size": [4, 4, 13.5],
							"uv": {
								"north": {"uv": [0, 0], "uv_size": [8, 8]},
								"east": {"uv": [0, 0], "uv_size": [8, 8]},
								"south": {"uv": [0, 0], "uv_size": [8, 8]},
								"west": {"uv": [0, 0], "uv_size": [8, 8]},
								"up": {"uv": [8, 8], "uv_size": [-8, -8]},
								"down": {"uv": [8, 8], "uv_size": [-8, -8]}
							}
						},
						{
							"origin": [-8, 11, -23],
							"size": [5, 5, 9.5],
							"uv": {
								"north": {"uv": [0, 0], "uv_size": [8, 8]},
								"east": {"uv": [0, 0], "uv_size": [8, 8]},
								"south": {"uv": [0, 0], "uv_size": [8, 8]},
								"west": {"uv": [0, 0], "uv_size": [8, 8]},
								"up": {"uv": [8, 8], "uv_size": [-8, -8]},
								"down": {"uv": [8, 8], "uv_size": [-8, -8]}
							}
						},
						{
							"origin": [-8.5, 10.5, -22.5],
							"size": [6, 6, 5.5],
							"uv": {
								"north": {"uv": [0, 0], "uv_size": [8, 8]},
								"east": {"uv": [0, 0], "uv_size": [8, 8]},
								"south": {"uv": [0, 0], "uv_size": [8, 8]},
								"west": {"uv": [0, 0], "uv_size": [8, 8]},
								"up": {"uv": [8, 8], "uv_size": [-8, -8]},
								"down": {"uv": [8, 8], "uv_size": [-8, -8]}
							}
						},
						{
							"origin": [-6, 12.5, 4.5],
							"size": [1, 2, 0.5],
							"uv": {
								"north": {"uv": [0, 0], "uv_size": [8, 8]},
								"east": {"uv": [0, 0], "uv_size": [8, 8]},
								"south": {"uv": [0, 0], "uv_size": [8, 8]},
								"west": {"uv": [0, 0], "uv_size": [8, 8]},
								"up": {"uv": [8, 8], "uv_size": [-8, -8]},
								"down": {"uv": [8, 8], "uv_size": [-8, -8]}
							}
						},
						{
							"origin": [-6, 14.5, 2.5],
							"size": [1, 0.5, 2],
							"uv": {
								"north": {"uv": [0, 0], "uv_size": [8, 8]},
								"east": {"uv": [0, 0], "uv_size": [8, 8]},
								"south": {"uv": [0, 0], "uv_size": [8, 8]},
								"west": {"uv": [0, 0], "uv_size": [8, 8]},
								"up": {"uv": [8, 8], "uv_size": [-8, -8]},
								"down": {"uv": [8, 8], "uv_size": [-8, -8]}
							}
						},
						{
							"origin": [-6, 14.25, 4.25],
							"size": [1, 0.5, 0.5],
							"uv": {
								"north": {"uv": [0, 0], "uv_size": [8, 8]},
								"east": {"uv": [0, 0], "uv_size": [8, 8]},
								"south": {"uv": [0, 0], "uv_size": [8, 8]},
								"west": {"uv": [0, 0], "uv_size": [8, 8]},
								"up": {"uv": [8, 8], "uv_size": [-8, -8]},
								"down": {"uv": [8, 8], "uv_size": [-8, -8]}
							}
						},
						{
							"origin": [-6, 12.25, 4.25],
							"size": [1, 0.5, 0.5],
							"uv": {
								"north": {"uv": [0, 0], "uv_size": [8, 8]},
								"east": {"uv": [0, 0], "uv_size": [8, 8]},
								"south": {"uv": [0, 0], "uv_size": [8, 8]},
								"west": {"uv": [0, 0], "uv_size": [8, 8]},
								"up": {"uv": [8, 8], "uv_size": [-8, -8]},
								"down": {"uv": [8, 8], "uv_size": [-8, -8]}
							}
						},
						{
							"origin": [-6, 12.25, 2.25],
							"size": [1, 0.5, 0.5],
							"uv": {
								"north": {"uv": [0, 0], "uv_size": [8, 8]},
								"east": {"uv": [0, 0], "uv_size": [8, 8]},
								"south": {"uv": [0, 0], "uv_size": [8, 8]},
								"west": {"uv": [0, 0], "uv_size": [8, 8]},
								"up": {"uv": [8, 8], "uv_size": [-8, -8]},
								"down": {"uv": [8, 8], "uv_size": [-8, -8]}
							}
						},
						{
							"origin": [-6, 14.25, 2.25],
							"size": [1, 0.5, 0.5],
							"uv": {
								"north": {"uv": [0, 0], "uv_size": [8, 8]},
								"east": {"uv": [0, 0], "uv_size": [8, 8]},
								"south": {"uv": [0, 0], "uv_size": [8, 8]},
								"west": {"uv": [0, 0], "uv_size": [8, 8]},
								"up": {"uv": [8, 8], "uv_size": [-8, -8]},
								"down": {"uv": [8, 8], "uv_size": [-8, -8]}
							}
						},
						{
							"origin": [-6, 12, 2.5],
							"size": [1, 0.5, 2],
							"uv": {
								"north": {"uv": [0, 0], "uv_size": [8, 8]},
								"east": {"uv": [0, 0], "uv_size": [8, 8]},
								"south": {"uv": [0, 0], "uv_size": [8, 8]},
								"west": {"uv": [0, 0], "uv_size": [8, 8]},
								"up": {"uv": [8, 8], "uv_size": [-8, -8]},
								"down": {"uv": [8, 8], "uv_size": [-8, -8]}
							}
						}
					]
				},
				{
					"name": "cima",
					"parent": "clava",
					"pivot": [-5.5, 13.5, -19]
				},
				{
					"name": "espinho",
					"parent": "cima",
					"pivot": [-5.5, 17.83333, -19.25],
					"cubes": [
						{
							"origin": [-6, 16, -19.75],
							"size": [1, 1.5, 1],
							"uv": {
								"north": {"uv": [8, 0], "uv_size": [8, 8]},
								"east": {"uv": [8, 0], "uv_size": [8, 8]},
								"south": {"uv": [8, 0], "uv_size": [8, 8]},
								"west": {"uv": [8, 0], "uv_size": [8, 8]},
								"up": {"uv": [16, 8], "uv_size": [-8, -8]},
								"down": {"uv": [16, 8], "uv_size": [-8, -8]}
							}
						},
						{
							"origin": [-5.75, 18.5, -19.5],
							"size": [0.5, 1, 0.5],
							"uv": {
								"north": {"uv": [8, 0], "uv_size": [8, 8]},
								"east": {"uv": [8, 0], "uv_size": [8, 8]},
								"south": {"uv": [8, 0], "uv_size": [8, 8]},
								"west": {"uv": [8, 0], "uv_size": [8, 8]},
								"up": {"uv": [16, 8], "uv_size": [-8, -8]},
								"down": {"uv": [16, 8], "uv_size": [-8, -8]}
							}
						},
						{
							"origin": [-5.875, 17, -19.625],
							"size": [0.75, 1.5, 0.75],
							"uv": {
								"north": {"uv": [8, 0], "uv_size": [8, 8]},
								"east": {"uv": [8, 0], "uv_size": [8, 8]},
								"south": {"uv": [8, 0], "uv_size": [8, 8]},
								"west": {"uv": [8, 0], "uv_size": [8, 8]},
								"up": {"uv": [16, 8], "uv_size": [-8, -8]},
								"down": {"uv": [16, 8], "uv_size": [-8, -8]}
							}
						}
					]
				},
				{
					"name": "espinho2",
					"parent": "cima",
					"pivot": [-5.5, 16.83333, -23.25],
					"rotation": [45, 0, 0],
					"cubes": [
						{
							"origin": [-6, 15, -23.75],
							"size": [1, 1.5, 1],
							"uv": {
								"north": {"uv": [8, 0], "uv_size": [8, 8]},
								"east": {"uv": [8, 0], "uv_size": [8, 8]},
								"south": {"uv": [8, 0], "uv_size": [8, 8]},
								"west": {"uv": [8, 0], "uv_size": [8, 8]},
								"up": {"uv": [16, 8], "uv_size": [-8, -8]},
								"down": {"uv": [16, 8], "uv_size": [-8, -8]}
							}
						},
						{
							"origin": [-5.75, 17.5, -23.5],
							"size": [0.5, 1, 0.5],
							"uv": {
								"north": {"uv": [8, 0], "uv_size": [8, 8]},
								"east": {"uv": [8, 0], "uv_size": [8, 8]},
								"south": {"uv": [8, 0], "uv_size": [8, 8]},
								"west": {"uv": [8, 0], "uv_size": [8, 8]},
								"up": {"uv": [16, 8], "uv_size": [-8, -8]},
								"down": {"uv": [16, 8], "uv_size": [-8, -8]}
							}
						},
						{
							"origin": [-5.875, 16, -23.625],
							"size": [0.75, 1.5, 0.75],
							"uv": {
								"north": {"uv": [8, 0], "uv_size": [8, 8]},
								"east": {"uv": [8, 0], "uv_size": [8, 8]},
								"south": {"uv": [8, 0], "uv_size": [8, 8]},
								"west": {"uv": [8, 0], "uv_size": [8, 8]},
								"up": {"uv": [16, 8], "uv_size": [-8, -8]},
								"down": {"uv": [16, 8], "uv_size": [-8, -8]}
							}
						}
					]
				},
				{
					"name": "espinho3",
					"parent": "cima",
					"pivot": [-5.5, 9.83333, -23.25],
					"rotation": [135, 0, 0],
					"cubes": [
						{
							"origin": [-6, 8, -23.75],
							"size": [1, 1.5, 1],
							"uv": {
								"north": {"uv": [8, 0], "uv_size": [8, 8]},
								"east": {"uv": [8, 0], "uv_size": [8, 8]},
								"south": {"uv": [8, 0], "uv_size": [8, 8]},
								"west": {"uv": [8, 0], "uv_size": [8, 8]},
								"up": {"uv": [16, 8], "uv_size": [-8, -8]},
								"down": {"uv": [16, 8], "uv_size": [-8, -8]}
							}
						},
						{
							"origin": [-5.75, 10.5, -23.5],
							"size": [0.5, 1, 0.5],
							"uv": {
								"north": {"uv": [8, 0], "uv_size": [8, 8]},
								"east": {"uv": [8, 0], "uv_size": [8, 8]},
								"south": {"uv": [8, 0], "uv_size": [8, 8]},
								"west": {"uv": [8, 0], "uv_size": [8, 8]},
								"up": {"uv": [16, 8], "uv_size": [-8, -8]},
								"down": {"uv": [16, 8], "uv_size": [-8, -8]}
							}
						},
						{
							"origin": [-5.875, 9, -23.625],
							"size": [0.75, 1.5, 0.75],
							"uv": {
								"north": {"uv": [8, 0], "uv_size": [8, 8]},
								"east": {"uv": [8, 0], "uv_size": [8, 8]},
								"south": {"uv": [8, 0], "uv_size": [8, 8]},
								"west": {"uv": [8, 0], "uv_size": [8, 8]},
								"up": {"uv": [16, 8], "uv_size": [-8, -8]},
								"down": {"uv": [16, 8], "uv_size": [-8, -8]}
							}
						}
					]
				},
				{
					"name": "espinho4",
					"parent": "cima",
					"pivot": [-5.5, 9.16667, -19.25],
					"cubes": [
						{
							"origin": [-6, 9.5, -19.75],
							"size": [1, 1.5, 1],
							"uv": {
								"north": {"uv": [8, 0], "uv_size": [8, 8]},
								"east": {"uv": [8, 0], "uv_size": [8, 8]},
								"south": {"uv": [8, 0], "uv_size": [8, 8]},
								"west": {"uv": [8, 0], "uv_size": [8, 8]},
								"up": {"uv": [16, 8], "uv_size": [-8, -8]},
								"down": {"uv": [16, 8], "uv_size": [-8, -8]}
							}
						},
						{
							"origin": [-5.75, 7.5, -19.5],
							"size": [0.5, 1, 0.5],
							"uv": {
								"north": {"uv": [8, 0], "uv_size": [8, 8]},
								"east": {"uv": [8, 0], "uv_size": [8, 8]},
								"south": {"uv": [8, 0], "uv_size": [8, 8]},
								"west": {"uv": [8, 0], "uv_size": [8, 8]},
								"up": {"uv": [16, 8], "uv_size": [-8, -8]},
								"down": {"uv": [16, 8], "uv_size": [-8, -8]}
							}
						},
						{
							"origin": [-5.875, 8.5, -19.625],
							"size": [0.75, 1.5, 0.75],
							"uv": {
								"north": {"uv": [8, 0], "uv_size": [8, 8]},
								"east": {"uv": [8, 0], "uv_size": [8, 8]},
								"south": {"uv": [8, 0], "uv_size": [8, 8]},
								"west": {"uv": [8, 0], "uv_size": [8, 8]},
								"up": {"uv": [16, 8], "uv_size": [-8, -8]},
								"down": {"uv": [16, 8], "uv_size": [-8, -8]}
							}
						}
					]
				},
				{
					"name": "espinho5",
					"parent": "cima",
					"pivot": [-5.5, 10.16667, -15.25],
					"cubes": [
						{
							"origin": [-6, 10.5, -15.75],
							"size": [1, 1.5, 1],
							"uv": {
								"north": {"uv": [8, 0], "uv_size": [8, 8]},
								"east": {"uv": [8, 0], "uv_size": [8, 8]},
								"south": {"uv": [8, 0], "uv_size": [8, 8]},
								"west": {"uv": [8, 0], "uv_size": [8, 8]},
								"up": {"uv": [16, 8], "uv_size": [-8, -8]},
								"down": {"uv": [16, 8], "uv_size": [-8, -8]}
							}
						},
						{
							"origin": [-5.75, 8.5, -15.5],
							"size": [0.5, 1, 0.5],
							"uv": {
								"north": {"uv": [8, 0], "uv_size": [8, 8]},
								"east": {"uv": [8, 0], "uv_size": [8, 8]},
								"south": {"uv": [8, 0], "uv_size": [8, 8]},
								"west": {"uv": [8, 0], "uv_size": [8, 8]},
								"up": {"uv": [16, 8], "uv_size": [-8, -8]},
								"down": {"uv": [16, 8], "uv_size": [-8, -8]}
							}
						},
						{
							"origin": [-5.875, 9.5, -15.625],
							"size": [0.75, 1.5, 0.75],
							"uv": {
								"north": {"uv": [8, 0], "uv_size": [8, 8]},
								"east": {"uv": [8, 0], "uv_size": [8, 8]},
								"south": {"uv": [8, 0], "uv_size": [8, 8]},
								"west": {"uv": [8, 0], "uv_size": [8, 8]},
								"up": {"uv": [16, 8], "uv_size": [-8, -8]},
								"down": {"uv": [16, 8], "uv_size": [-8, -8]}
							}
						}
					]
				},
				{
					"name": "espinho6",
					"parent": "cima",
					"pivot": [-5.5, 16.83333, -15.25],
					"cubes": [
						{
							"origin": [-6, 15, -15.75],
							"size": [1, 1.5, 1],
							"uv": {
								"north": {"uv": [8, 0], "uv_size": [8, 8]},
								"east": {"uv": [8, 0], "uv_size": [8, 8]},
								"south": {"uv": [8, 0], "uv_size": [8, 8]},
								"west": {"uv": [8, 0], "uv_size": [8, 8]},
								"up": {"uv": [16, 8], "uv_size": [-8, -8]},
								"down": {"uv": [16, 8], "uv_size": [-8, -8]}
							}
						},
						{
							"origin": [-5.75, 17.5, -15.5],
							"size": [0.5, 1, 0.5],
							"uv": {
								"north": {"uv": [8, 0], "uv_size": [8, 8]},
								"east": {"uv": [8, 0], "uv_size": [8, 8]},
								"south": {"uv": [8, 0], "uv_size": [8, 8]},
								"west": {"uv": [8, 0], "uv_size": [8, 8]},
								"up": {"uv": [16, 8], "uv_size": [-8, -8]},
								"down": {"uv": [16, 8], "uv_size": [-8, -8]}
							}
						},
						{
							"origin": [-5.875, 16, -15.625],
							"size": [0.75, 1.5, 0.75],
							"uv": {
								"north": {"uv": [8, 0], "uv_size": [8, 8]},
								"east": {"uv": [8, 0], "uv_size": [8, 8]},
								"south": {"uv": [8, 0], "uv_size": [8, 8]},
								"west": {"uv": [8, 0], "uv_size": [8, 8]},
								"up": {"uv": [16, 8], "uv_size": [-8, -8]},
								"down": {"uv": [16, 8], "uv_size": [-8, -8]}
							}
						}
					]
				},
				{
					"name": "espinho7",
					"parent": "cima",
					"pivot": [-5.5, 15.83333, -11.25],
					"cubes": [
						{
							"origin": [-6, 14, -11.75],
							"size": [1, 1.5, 1],
							"uv": {
								"north": {"uv": [8, 0], "uv_size": [8, 8]},
								"east": {"uv": [8, 0], "uv_size": [8, 8]},
								"south": {"uv": [8, 0], "uv_size": [8, 8]},
								"west": {"uv": [8, 0], "uv_size": [8, 8]},
								"up": {"uv": [16, 8], "uv_size": [-8, -8]},
								"down": {"uv": [16, 8], "uv_size": [-8, -8]}
							}
						},
						{
							"origin": [-5.75, 16.5, -11.5],
							"size": [0.5, 1, 0.5],
							"uv": {
								"north": {"uv": [8, 0], "uv_size": [8, 8]},
								"east": {"uv": [8, 0], "uv_size": [8, 8]},
								"south": {"uv": [8, 0], "uv_size": [8, 8]},
								"west": {"uv": [8, 0], "uv_size": [8, 8]},
								"up": {"uv": [16, 8], "uv_size": [-8, -8]},
								"down": {"uv": [16, 8], "uv_size": [-8, -8]}
							}
						},
						{
							"origin": [-5.875, 15, -11.625],
							"size": [0.75, 1.5, 0.75],
							"uv": {
								"north": {"uv": [8, 0], "uv_size": [8, 8]},
								"east": {"uv": [8, 0], "uv_size": [8, 8]},
								"south": {"uv": [8, 0], "uv_size": [8, 8]},
								"west": {"uv": [8, 0], "uv_size": [8, 8]},
								"up": {"uv": [16, 8], "uv_size": [-8, -8]},
								"down": {"uv": [16, 8], "uv_size": [-8, -8]}
							}
						}
					]
				},
				{
					"name": "espinho8",
					"parent": "cima",
					"pivot": [-5.5, 11.16667, -11.25],
					"cubes": [
						{
							"origin": [-6, 11.5, -11.75],
							"size": [1, 1.5, 1],
							"uv": {
								"north": {"uv": [8, 0], "uv_size": [8, 8]},
								"east": {"uv": [8, 0], "uv_size": [8, 8]},
								"south": {"uv": [8, 0], "uv_size": [8, 8]},
								"west": {"uv": [8, 0], "uv_size": [8, 8]},
								"up": {"uv": [16, 8], "uv_size": [-8, -8]},
								"down": {"uv": [16, 8], "uv_size": [-8, -8]}
							}
						},
						{
							"origin": [-5.75, 9.5, -11.5],
							"size": [0.5, 1, 0.5],
							"uv": {
								"north": {"uv": [8, 0], "uv_size": [8, 8]},
								"east": {"uv": [8, 0], "uv_size": [8, 8]},
								"south": {"uv": [8, 0], "uv_size": [8, 8]},
								"west": {"uv": [8, 0], "uv_size": [8, 8]},
								"up": {"uv": [16, 8], "uv_size": [-8, -8]},
								"down": {"uv": [16, 8], "uv_size": [-8, -8]}
							}
						},
						{
							"origin": [-5.875, 10.5, -11.625],
							"size": [0.75, 1.5, 0.75],
							"uv": {
								"north": {"uv": [8, 0], "uv_size": [8, 8]},
								"east": {"uv": [8, 0], "uv_size": [8, 8]},
								"south": {"uv": [8, 0], "uv_size": [8, 8]},
								"west": {"uv": [8, 0], "uv_size": [8, 8]},
								"up": {"uv": [16, 8], "uv_size": [-8, -8]},
								"down": {"uv": [16, 8], "uv_size": [-8, -8]}
							}
						}
					]
				},
				{
					"name": "cima2",
					"parent": "clava",
					"pivot": [-5.5, 13.5, -19],
					"rotation": [0, 0, 45]
				},
				{
					"name": "espinho9",
					"parent": "cima2",
					"pivot": [-5.5, 17.83333, -19.25],
					"cubes": [
						{
							"origin": [-6, 16, -19.75],
							"size": [1, 1.5, 1],
							"uv": {
								"north": {"uv": [8, 0], "uv_size": [8, 8]},
								"east": {"uv": [8, 0], "uv_size": [8, 8]},
								"south": {"uv": [8, 0], "uv_size": [8, 8]},
								"west": {"uv": [8, 0], "uv_size": [8, 8]},
								"up": {"uv": [16, 8], "uv_size": [-8, -8]},
								"down": {"uv": [16, 8], "uv_size": [-8, -8]}
							}
						},
						{
							"origin": [-5.75, 18.5, -19.5],
							"size": [0.5, 1, 0.5],
							"uv": {
								"north": {"uv": [8, 0], "uv_size": [8, 8]},
								"east": {"uv": [8, 0], "uv_size": [8, 8]},
								"south": {"uv": [8, 0], "uv_size": [8, 8]},
								"west": {"uv": [8, 0], "uv_size": [8, 8]},
								"up": {"uv": [16, 8], "uv_size": [-8, -8]},
								"down": {"uv": [16, 8], "uv_size": [-8, -8]}
							}
						},
						{
							"origin": [-5.875, 17, -19.625],
							"size": [0.75, 1.5, 0.75],
							"uv": {
								"north": {"uv": [8, 0], "uv_size": [8, 8]},
								"east": {"uv": [8, 0], "uv_size": [8, 8]},
								"south": {"uv": [8, 0], "uv_size": [8, 8]},
								"west": {"uv": [8, 0], "uv_size": [8, 8]},
								"up": {"uv": [16, 8], "uv_size": [-8, -8]},
								"down": {"uv": [16, 8], "uv_size": [-8, -8]}
							}
						}
					]
				},
				{
					"name": "espinho10",
					"parent": "cima2",
					"pivot": [-5.5, 16.83333, -23.25],
					"rotation": [45, 0, 0],
					"cubes": [
						{
							"origin": [-6, 15, -23.75],
							"size": [1, 1.5, 1],
							"uv": {
								"north": {"uv": [8, 0], "uv_size": [8, 8]},
								"east": {"uv": [8, 0], "uv_size": [8, 8]},
								"south": {"uv": [8, 0], "uv_size": [8, 8]},
								"west": {"uv": [8, 0], "uv_size": [8, 8]},
								"up": {"uv": [16, 8], "uv_size": [-8, -8]},
								"down": {"uv": [16, 8], "uv_size": [-8, -8]}
							}
						},
						{
							"origin": [-5.75, 17.5, -23.5],
							"size": [0.5, 1, 0.5],
							"uv": {
								"north": {"uv": [8, 0], "uv_size": [8, 8]},
								"east": {"uv": [8, 0], "uv_size": [8, 8]},
								"south": {"uv": [8, 0], "uv_size": [8, 8]},
								"west": {"uv": [8, 0], "uv_size": [8, 8]},
								"up": {"uv": [16, 8], "uv_size": [-8, -8]},
								"down": {"uv": [16, 8], "uv_size": [-8, -8]}
							}
						},
						{
							"origin": [-5.875, 16, -23.625],
							"size": [0.75, 1.5, 0.75],
							"uv": {
								"north": {"uv": [8, 0], "uv_size": [8, 8]},
								"east": {"uv": [8, 0], "uv_size": [8, 8]},
								"south": {"uv": [8, 0], "uv_size": [8, 8]},
								"west": {"uv": [8, 0], "uv_size": [8, 8]},
								"up": {"uv": [16, 8], "uv_size": [-8, -8]},
								"down": {"uv": [16, 8], "uv_size": [-8, -8]}
							}
						}
					]
				},
				{
					"name": "espinho11",
					"parent": "cima2",
					"pivot": [-5.5, 9.83333, -23.25],
					"rotation": [135, 0, 0],
					"cubes": [
						{
							"origin": [-6, 8, -23.75],
							"size": [1, 1.5, 1],
							"uv": {
								"north": {"uv": [8, 0], "uv_size": [8, 8]},
								"east": {"uv": [8, 0], "uv_size": [8, 8]},
								"south": {"uv": [8, 0], "uv_size": [8, 8]},
								"west": {"uv": [8, 0], "uv_size": [8, 8]},
								"up": {"uv": [16, 8], "uv_size": [-8, -8]},
								"down": {"uv": [16, 8], "uv_size": [-8, -8]}
							}
						},
						{
							"origin": [-5.75, 10.5, -23.5],
							"size": [0.5, 1, 0.5],
							"uv": {
								"north": {"uv": [8, 0], "uv_size": [8, 8]},
								"east": {"uv": [8, 0], "uv_size": [8, 8]},
								"south": {"uv": [8, 0], "uv_size": [8, 8]},
								"west": {"uv": [8, 0], "uv_size": [8, 8]},
								"up": {"uv": [16, 8], "uv_size": [-8, -8]},
								"down": {"uv": [16, 8], "uv_size": [-8, -8]}
							}
						},
						{
							"origin": [-5.875, 9, -23.625],
							"size": [0.75, 1.5, 0.75],
							"uv": {
								"north": {"uv": [8, 0], "uv_size": [8, 8]},
								"east": {"uv": [8, 0], "uv_size": [8, 8]},
								"south": {"uv": [8, 0], "uv_size": [8, 8]},
								"west": {"uv": [8, 0], "uv_size": [8, 8]},
								"up": {"uv": [16, 8], "uv_size": [-8, -8]},
								"down": {"uv": [16, 8], "uv_size": [-8, -8]}
							}
						}
					]
				},
				{
					"name": "espinho12",
					"parent": "cima2",
					"pivot": [-5.5, 9.16667, -19.25],
					"cubes": [
						{
							"origin": [-6, 9.5, -19.75],
							"size": [1, 1.5, 1],
							"uv": {
								"north": {"uv": [8, 0], "uv_size": [8, 8]},
								"east": {"uv": [8, 0], "uv_size": [8, 8]},
								"south": {"uv": [8, 0], "uv_size": [8, 8]},
								"west": {"uv": [8, 0], "uv_size": [8, 8]},
								"up": {"uv": [16, 8], "uv_size": [-8, -8]},
								"down": {"uv": [16, 8], "uv_size": [-8, -8]}
							}
						},
						{
							"origin": [-5.75, 7.5, -19.5],
							"size": [0.5, 1, 0.5],
							"uv": {
								"north": {"uv": [8, 0], "uv_size": [8, 8]},
								"east": {"uv": [8, 0], "uv_size": [8, 8]},
								"south": {"uv": [8, 0], "uv_size": [8, 8]},
								"west": {"uv": [8, 0], "uv_size": [8, 8]},
								"up": {"uv": [16, 8], "uv_size": [-8, -8]},
								"down": {"uv": [16, 8], "uv_size": [-8, -8]}
							}
						},
						{
							"origin": [-5.875, 8.5, -19.625],
							"size": [0.75, 1.5, 0.75],
							"uv": {
								"north": {"uv": [8, 0], "uv_size": [8, 8]},
								"east": {"uv": [8, 0], "uv_size": [8, 8]},
								"south": {"uv": [8, 0], "uv_size": [8, 8]},
								"west": {"uv": [8, 0], "uv_size": [8, 8]},
								"up": {"uv": [16, 8], "uv_size": [-8, -8]},
								"down": {"uv": [16, 8], "uv_size": [-8, -8]}
							}
						}
					]
				},
				{
					"name": "espinho13",
					"parent": "cima2",
					"pivot": [-5.5, 10.16667, -15.25],
					"cubes": [
						{
							"origin": [-6, 10.5, -15.75],
							"size": [1, 1.5, 1],
							"uv": {
								"north": {"uv": [8, 0], "uv_size": [8, 8]},
								"east": {"uv": [8, 0], "uv_size": [8, 8]},
								"south": {"uv": [8, 0], "uv_size": [8, 8]},
								"west": {"uv": [8, 0], "uv_size": [8, 8]},
								"up": {"uv": [16, 8], "uv_size": [-8, -8]},
								"down": {"uv": [16, 8], "uv_size": [-8, -8]}
							}
						},
						{
							"origin": [-5.75, 8.5, -15.5],
							"size": [0.5, 1, 0.5],
							"uv": {
								"north": {"uv": [8, 0], "uv_size": [8, 8]},
								"east": {"uv": [8, 0], "uv_size": [8, 8]},
								"south": {"uv": [8, 0], "uv_size": [8, 8]},
								"west": {"uv": [8, 0], "uv_size": [8, 8]},
								"up": {"uv": [16, 8], "uv_size": [-8, -8]},
								"down": {"uv": [16, 8], "uv_size": [-8, -8]}
							}
						},
						{
							"origin": [-5.875, 9.5, -15.625],
							"size": [0.75, 1.5, 0.75],
							"uv": {
								"north": {"uv": [8, 0], "uv_size": [8, 8]},
								"east": {"uv": [8, 0], "uv_size": [8, 8]},
								"south": {"uv": [8, 0], "uv_size": [8, 8]},
								"west": {"uv": [8, 0], "uv_size": [8, 8]},
								"up": {"uv": [16, 8], "uv_size": [-8, -8]},
								"down": {"uv": [16, 8], "uv_size": [-8, -8]}
							}
						}
					]
				},
				{
					"name": "espinho14",
					"parent": "cima2",
					"pivot": [-5.5, 16.83333, -15.25],
					"cubes": [
						{
							"origin": [-6, 15, -15.75],
							"size": [1, 1.5, 1],
							"uv": {
								"north": {"uv": [8, 0], "uv_size": [8, 8]},
								"east": {"uv": [8, 0], "uv_size": [8, 8]},
								"south": {"uv": [8, 0], "uv_size": [8, 8]},
								"west": {"uv": [8, 0], "uv_size": [8, 8]},
								"up": {"uv": [16, 8], "uv_size": [-8, -8]},
								"down": {"uv": [16, 8], "uv_size": [-8, -8]}
							}
						},
						{
							"origin": [-5.75, 17.5, -15.5],
							"size": [0.5, 1, 0.5],
							"uv": {
								"north": {"uv": [8, 0], "uv_size": [8, 8]},
								"east": {"uv": [8, 0], "uv_size": [8, 8]},
								"south": {"uv": [8, 0], "uv_size": [8, 8]},
								"west": {"uv": [8, 0], "uv_size": [8, 8]},
								"up": {"uv": [16, 8], "uv_size": [-8, -8]},
								"down": {"uv": [16, 8], "uv_size": [-8, -8]}
							}
						},
						{
							"origin": [-5.875, 16, -15.625],
							"size": [0.75, 1.5, 0.75],
							"uv": {
								"north": {"uv": [8, 0], "uv_size": [8, 8]},
								"east": {"uv": [8, 0], "uv_size": [8, 8]},
								"south": {"uv": [8, 0], "uv_size": [8, 8]},
								"west": {"uv": [8, 0], "uv_size": [8, 8]},
								"up": {"uv": [16, 8], "uv_size": [-8, -8]},
								"down": {"uv": [16, 8], "uv_size": [-8, -8]}
							}
						}
					]
				},
				{
					"name": "espinho15",
					"parent": "cima2",
					"pivot": [-5.5, 15.83333, -11.25],
					"cubes": [
						{
							"origin": [-6, 14, -11.75],
							"size": [1, 1.5, 1],
							"uv": {
								"north": {"uv": [8, 0], "uv_size": [8, 8]},
								"east": {"uv": [8, 0], "uv_size": [8, 8]},
								"south": {"uv": [8, 0], "uv_size": [8, 8]},
								"west": {"uv": [8, 0], "uv_size": [8, 8]},
								"up": {"uv": [16, 8], "uv_size": [-8, -8]},
								"down": {"uv": [16, 8], "uv_size": [-8, -8]}
							}
						},
						{
							"origin": [-5.75, 16.5, -11.5],
							"size": [0.5, 1, 0.5],
							"uv": {
								"north": {"uv": [8, 0], "uv_size": [8, 8]},
								"east": {"uv": [8, 0], "uv_size": [8, 8]},
								"south": {"uv": [8, 0], "uv_size": [8, 8]},
								"west": {"uv": [8, 0], "uv_size": [8, 8]},
								"up": {"uv": [16, 8], "uv_size": [-8, -8]},
								"down": {"uv": [16, 8], "uv_size": [-8, -8]}
							}
						},
						{
							"origin": [-5.875, 15, -11.625],
							"size": [0.75, 1.5, 0.75],
							"uv": {
								"north": {"uv": [8, 0], "uv_size": [8, 8]},
								"east": {"uv": [8, 0], "uv_size": [8, 8]},
								"south": {"uv": [8, 0], "uv_size": [8, 8]},
								"west": {"uv": [8, 0], "uv_size": [8, 8]},
								"up": {"uv": [16, 8], "uv_size": [-8, -8]},
								"down": {"uv": [16, 8], "uv_size": [-8, -8]}
							}
						}
					]
				},
				{
					"name": "espinho16",
					"parent": "cima2",
					"pivot": [-5.5, 11.16667, -11.25],
					"cubes": [
						{
							"origin": [-6, 11.5, -11.75],
							"size": [1, 1.5, 1],
							"uv": {
								"north": {"uv": [8, 0], "uv_size": [8, 8]},
								"east": {"uv": [8, 0], "uv_size": [8, 8]},
								"south": {"uv": [8, 0], "uv_size": [8, 8]},
								"west": {"uv": [8, 0], "uv_size": [8, 8]},
								"up": {"uv": [16, 8], "uv_size": [-8, -8]},
								"down": {"uv": [16, 8], "uv_size": [-8, -8]}
							}
						},
						{
							"origin": [-5.75, 9.5, -11.5],
							"size": [0.5, 1, 0.5],
							"uv": {
								"north": {"uv": [8, 0], "uv_size": [8, 8]},
								"east": {"uv": [8, 0], "uv_size": [8, 8]},
								"south": {"uv": [8, 0], "uv_size": [8, 8]},
								"west": {"uv": [8, 0], "uv_size": [8, 8]},
								"up": {"uv": [16, 8], "uv_size": [-8, -8]},
								"down": {"uv": [16, 8], "uv_size": [-8, -8]}
							}
						},
						{
							"origin": [-5.875, 10.5, -11.625],
							"size": [0.75, 1.5, 0.75],
							"uv": {
								"north": {"uv": [8, 0], "uv_size": [8, 8]},
								"east": {"uv": [8, 0], "uv_size": [8, 8]},
								"south": {"uv": [8, 0], "uv_size": [8, 8]},
								"west": {"uv": [8, 0], "uv_size": [8, 8]},
								"up": {"uv": [16, 8], "uv_size": [-8, -8]},
								"down": {"uv": [16, 8], "uv_size": [-8, -8]}
							}
						}
					]
				},
				{
					"name": "cima3",
					"parent": "clava",
					"pivot": [-5.5, 13.5, -19],
					"rotation": [0, 0, 90]
				},
				{
					"name": "espinho17",
					"parent": "cima3",
					"pivot": [-5.5, 17.83333, -19.25],
					"cubes": [
						{
							"origin": [-6, 16, -19.75],
							"size": [1, 1.5, 1],
							"uv": {
								"north": {"uv": [8, 0], "uv_size": [8, 8]},
								"east": {"uv": [8, 0], "uv_size": [8, 8]},
								"south": {"uv": [8, 0], "uv_size": [8, 8]},
								"west": {"uv": [8, 0], "uv_size": [8, 8]},
								"up": {"uv": [16, 8], "uv_size": [-8, -8]},
								"down": {"uv": [16, 8], "uv_size": [-8, -8]}
							}
						},
						{
							"origin": [-5.75, 18.5, -19.5],
							"size": [0.5, 1, 0.5],
							"uv": {
								"north": {"uv": [8, 0], "uv_size": [8, 8]},
								"east": {"uv": [8, 0], "uv_size": [8, 8]},
								"south": {"uv": [8, 0], "uv_size": [8, 8]},
								"west": {"uv": [8, 0], "uv_size": [8, 8]},
								"up": {"uv": [16, 8], "uv_size": [-8, -8]},
								"down": {"uv": [16, 8], "uv_size": [-8, -8]}
							}
						},
						{
							"origin": [-5.875, 17, -19.625],
							"size": [0.75, 1.5, 0.75],
							"uv": {
								"north": {"uv": [8, 0], "uv_size": [8, 8]},
								"east": {"uv": [8, 0], "uv_size": [8, 8]},
								"south": {"uv": [8, 0], "uv_size": [8, 8]},
								"west": {"uv": [8, 0], "uv_size": [8, 8]},
								"up": {"uv": [16, 8], "uv_size": [-8, -8]},
								"down": {"uv": [16, 8], "uv_size": [-8, -8]}
							}
						}
					]
				},
				{
					"name": "espinho18",
					"parent": "cima3",
					"pivot": [-5.5, 16.83333, -23.25],
					"rotation": [45, 0, 0],
					"cubes": [
						{
							"origin": [-6, 15, -23.75],
							"size": [1, 1.5, 1],
							"uv": {
								"north": {"uv": [8, 0], "uv_size": [8, 8]},
								"east": {"uv": [8, 0], "uv_size": [8, 8]},
								"south": {"uv": [8, 0], "uv_size": [8, 8]},
								"west": {"uv": [8, 0], "uv_size": [8, 8]},
								"up": {"uv": [16, 8], "uv_size": [-8, -8]},
								"down": {"uv": [16, 8], "uv_size": [-8, -8]}
							}
						},
						{
							"origin": [-5.75, 17.5, -23.5],
							"size": [0.5, 1, 0.5],
							"uv": {
								"north": {"uv": [8, 0], "uv_size": [8, 8]},
								"east": {"uv": [8, 0], "uv_size": [8, 8]},
								"south": {"uv": [8, 0], "uv_size": [8, 8]},
								"west": {"uv": [8, 0], "uv_size": [8, 8]},
								"up": {"uv": [16, 8], "uv_size": [-8, -8]},
								"down": {"uv": [16, 8], "uv_size": [-8, -8]}
							}
						},
						{
							"origin": [-5.875, 16, -23.625],
							"size": [0.75, 1.5, 0.75],
							"uv": {
								"north": {"uv": [8, 0], "uv_size": [8, 8]},
								"east": {"uv": [8, 0], "uv_size": [8, 8]},
								"south": {"uv": [8, 0], "uv_size": [8, 8]},
								"west": {"uv": [8, 0], "uv_size": [8, 8]},
								"up": {"uv": [16, 8], "uv_size": [-8, -8]},
								"down": {"uv": [16, 8], "uv_size": [-8, -8]}
							}
						}
					]
				},
				{
					"name": "espinho19",
					"parent": "cima3",
					"pivot": [-5.5, 9.83333, -23.25],
					"rotation": [135, 0, 0],
					"cubes": [
						{
							"origin": [-6, 8, -23.75],
							"size": [1, 1.5, 1],
							"uv": {
								"north": {"uv": [8, 0], "uv_size": [8, 8]},
								"east": {"uv": [8, 0], "uv_size": [8, 8]},
								"south": {"uv": [8, 0], "uv_size": [8, 8]},
								"west": {"uv": [8, 0], "uv_size": [8, 8]},
								"up": {"uv": [16, 8], "uv_size": [-8, -8]},
								"down": {"uv": [16, 8], "uv_size": [-8, -8]}
							}
						},
						{
							"origin": [-5.75, 10.5, -23.5],
							"size": [0.5, 1, 0.5],
							"uv": {
								"north": {"uv": [8, 0], "uv_size": [8, 8]},
								"east": {"uv": [8, 0], "uv_size": [8, 8]},
								"south": {"uv": [8, 0], "uv_size": [8, 8]},
								"west": {"uv": [8, 0], "uv_size": [8, 8]},
								"up": {"uv": [16, 8], "uv_size": [-8, -8]},
								"down": {"uv": [16, 8], "uv_size": [-8, -8]}
							}
						},
						{
							"origin": [-5.875, 9, -23.625],
							"size": [0.75, 1.5, 0.75],
							"uv": {
								"north": {"uv": [8, 0], "uv_size": [8, 8]},
								"east": {"uv": [8, 0], "uv_size": [8, 8]},
								"south": {"uv": [8, 0], "uv_size": [8, 8]},
								"west": {"uv": [8, 0], "uv_size": [8, 8]},
								"up": {"uv": [16, 8], "uv_size": [-8, -8]},
								"down": {"uv": [16, 8], "uv_size": [-8, -8]}
							}
						}
					]
				},
				{
					"name": "espinho20",
					"parent": "cima3",
					"pivot": [-5.5, 9.16667, -19.25],
					"cubes": [
						{
							"origin": [-6, 9.5, -19.75],
							"size": [1, 1.5, 1],
							"uv": {
								"north": {"uv": [8, 0], "uv_size": [8, 8]},
								"east": {"uv": [8, 0], "uv_size": [8, 8]},
								"south": {"uv": [8, 0], "uv_size": [8, 8]},
								"west": {"uv": [8, 0], "uv_size": [8, 8]},
								"up": {"uv": [16, 8], "uv_size": [-8, -8]},
								"down": {"uv": [16, 8], "uv_size": [-8, -8]}
							}
						},
						{
							"origin": [-5.75, 7.5, -19.5],
							"size": [0.5, 1, 0.5],
							"uv": {
								"north": {"uv": [8, 0], "uv_size": [8, 8]},
								"east": {"uv": [8, 0], "uv_size": [8, 8]},
								"south": {"uv": [8, 0], "uv_size": [8, 8]},
								"west": {"uv": [8, 0], "uv_size": [8, 8]},
								"up": {"uv": [16, 8], "uv_size": [-8, -8]},
								"down": {"uv": [16, 8], "uv_size": [-8, -8]}
							}
						},
						{
							"origin": [-5.875, 8.5, -19.625],
							"size": [0.75, 1.5, 0.75],
							"uv": {
								"north": {"uv": [8, 0], "uv_size": [8, 8]},
								"east": {"uv": [8, 0], "uv_size": [8, 8]},
								"south": {"uv": [8, 0], "uv_size": [8, 8]},
								"west": {"uv": [8, 0], "uv_size": [8, 8]},
								"up": {"uv": [16, 8], "uv_size": [-8, -8]},
								"down": {"uv": [16, 8], "uv_size": [-8, -8]}
							}
						}
					]
				},
				{
					"name": "espinho21",
					"parent": "cima3",
					"pivot": [-5.5, 10.16667, -15.25],
					"cubes": [
						{
							"origin": [-6, 10.5, -15.75],
							"size": [1, 1.5, 1],
							"uv": {
								"north": {"uv": [8, 0], "uv_size": [8, 8]},
								"east": {"uv": [8, 0], "uv_size": [8, 8]},
								"south": {"uv": [8, 0], "uv_size": [8, 8]},
								"west": {"uv": [8, 0], "uv_size": [8, 8]},
								"up": {"uv": [16, 8], "uv_size": [-8, -8]},
								"down": {"uv": [16, 8], "uv_size": [-8, -8]}
							}
						},
						{
							"origin": [-5.75, 8.5, -15.5],
							"size": [0.5, 1, 0.5],
							"uv": {
								"north": {"uv": [8, 0], "uv_size": [8, 8]},
								"east": {"uv": [8, 0], "uv_size": [8, 8]},
								"south": {"uv": [8, 0], "uv_size": [8, 8]},
								"west": {"uv": [8, 0], "uv_size": [8, 8]},
								"up": {"uv": [16, 8], "uv_size": [-8, -8]},
								"down": {"uv": [16, 8], "uv_size": [-8, -8]}
							}
						},
						{
							"origin": [-5.875, 9.5, -15.625],
							"size": [0.75, 1.5, 0.75],
							"uv": {
								"north": {"uv": [8, 0], "uv_size": [8, 8]},
								"east": {"uv": [8, 0], "uv_size": [8, 8]},
								"south": {"uv": [8, 0], "uv_size": [8, 8]},
								"west": {"uv": [8, 0], "uv_size": [8, 8]},
								"up": {"uv": [16, 8], "uv_size": [-8, -8]},
								"down": {"uv": [16, 8], "uv_size": [-8, -8]}
							}
						}
					]
				},
				{
					"name": "espinho22",
					"parent": "cima3",
					"pivot": [-5.5, 16.83333, -15.25],
					"cubes": [
						{
							"origin": [-6, 15, -15.75],
							"size": [1, 1.5, 1],
							"uv": {
								"north": {"uv": [8, 0], "uv_size": [8, 8]},
								"east": {"uv": [8, 0], "uv_size": [8, 8]},
								"south": {"uv": [8, 0], "uv_size": [8, 8]},
								"west": {"uv": [8, 0], "uv_size": [8, 8]},
								"up": {"uv": [16, 8], "uv_size": [-8, -8]},
								"down": {"uv": [16, 8], "uv_size": [-8, -8]}
							}
						},
						{
							"origin": [-5.75, 17.5, -15.5],
							"size": [0.5, 1, 0.5],
							"uv": {
								"north": {"uv": [8, 0], "uv_size": [8, 8]},
								"east": {"uv": [8, 0], "uv_size": [8, 8]},
								"south": {"uv": [8, 0], "uv_size": [8, 8]},
								"west": {"uv": [8, 0], "uv_size": [8, 8]},
								"up": {"uv": [16, 8], "uv_size": [-8, -8]},
								"down": {"uv": [16, 8], "uv_size": [-8, -8]}
							}
						},
						{
							"origin": [-5.875, 16, -15.625],
							"size": [0.75, 1.5, 0.75],
							"uv": {
								"north": {"uv": [8, 0], "uv_size": [8, 8]},
								"east": {"uv": [8, 0], "uv_size": [8, 8]},
								"south": {"uv": [8, 0], "uv_size": [8, 8]},
								"west": {"uv": [8, 0], "uv_size": [8, 8]},
								"up": {"uv": [16, 8], "uv_size": [-8, -8]},
								"down": {"uv": [16, 8], "uv_size": [-8, -8]}
							}
						}
					]
				},
				{
					"name": "espinho23",
					"parent": "cima3",
					"pivot": [-5.5, 15.83333, -11.25],
					"cubes": [
						{
							"origin": [-6, 14, -11.75],
							"size": [1, 1.5, 1],
							"uv": {
								"north": {"uv": [8, 0], "uv_size": [8, 8]},
								"east": {"uv": [8, 0], "uv_size": [8, 8]},
								"south": {"uv": [8, 0], "uv_size": [8, 8]},
								"west": {"uv": [8, 0], "uv_size": [8, 8]},
								"up": {"uv": [16, 8], "uv_size": [-8, -8]},
								"down": {"uv": [16, 8], "uv_size": [-8, -8]}
							}
						},
						{
							"origin": [-5.75, 16.5, -11.5],
							"size": [0.5, 1, 0.5],
							"uv": {
								"north": {"uv": [8, 0], "uv_size": [8, 8]},
								"east": {"uv": [8, 0], "uv_size": [8, 8]},
								"south": {"uv": [8, 0], "uv_size": [8, 8]},
								"west": {"uv": [8, 0], "uv_size": [8, 8]},
								"up": {"uv": [16, 8], "uv_size": [-8, -8]},
								"down": {"uv": [16, 8], "uv_size": [-8, -8]}
							}
						},
						{
							"origin": [-5.875, 15, -11.625],
							"size": [0.75, 1.5, 0.75],
							"uv": {
								"north": {"uv": [8, 0], "uv_size": [8, 8]},
								"east": {"uv": [8, 0], "uv_size": [8, 8]},
								"south": {"uv": [8, 0], "uv_size": [8, 8]},
								"west": {"uv": [8, 0], "uv_size": [8, 8]},
								"up": {"uv": [16, 8], "uv_size": [-8, -8]},
								"down": {"uv": [16, 8], "uv_size": [-8, -8]}
							}
						}
					]
				},
				{
					"name": "espinho24",
					"parent": "cima3",
					"pivot": [-5.5, 11.16667, -11.25],
					"cubes": [
						{
							"origin": [-6, 11.5, -11.75],
							"size": [1, 1.5, 1],
							"uv": {
								"north": {"uv": [8, 0], "uv_size": [8, 8]},
								"east": {"uv": [8, 0], "uv_size": [8, 8]},
								"south": {"uv": [8, 0], "uv_size": [8, 8]},
								"west": {"uv": [8, 0], "uv_size": [8, 8]},
								"up": {"uv": [16, 8], "uv_size": [-8, -8]},
								"down": {"uv": [16, 8], "uv_size": [-8, -8]}
							}
						},
						{
							"origin": [-5.75, 9.5, -11.5],
							"size": [0.5, 1, 0.5],
							"uv": {
								"north": {"uv": [8, 0], "uv_size": [8, 8]},
								"east": {"uv": [8, 0], "uv_size": [8, 8]},
								"south": {"uv": [8, 0], "uv_size": [8, 8]},
								"west": {"uv": [8, 0], "uv_size": [8, 8]},
								"up": {"uv": [16, 8], "uv_size": [-8, -8]},
								"down": {"uv": [16, 8], "uv_size": [-8, -8]}
							}
						},
						{
							"origin": [-5.875, 10.5, -11.625],
							"size": [0.75, 1.5, 0.75],
							"uv": {
								"north": {"uv": [8, 0], "uv_size": [8, 8]},
								"east": {"uv": [8, 0], "uv_size": [8, 8]},
								"south": {"uv": [8, 0], "uv_size": [8, 8]},
								"west": {"uv": [8, 0], "uv_size": [8, 8]},
								"up": {"uv": [16, 8], "uv_size": [-8, -8]},
								"down": {"uv": [16, 8], "uv_size": [-8, -8]}
							}
						}
					]
				},
				{
					"name": "cima4",
					"parent": "clava",
					"pivot": [-5.5, 13.5, -19],
					"rotation": [0, 0, 135]
				},
				{
					"name": "espinho25",
					"parent": "cima4",
					"pivot": [-5.5, 17.83333, -19.25],
					"cubes": [
						{
							"origin": [-6, 16, -19.75],
							"size": [1, 1.5, 1],
							"uv": {
								"north": {"uv": [8, 0], "uv_size": [8, 8]},
								"east": {"uv": [8, 0], "uv_size": [8, 8]},
								"south": {"uv": [8, 0], "uv_size": [8, 8]},
								"west": {"uv": [8, 0], "uv_size": [8, 8]},
								"up": {"uv": [16, 8], "uv_size": [-8, -8]},
								"down": {"uv": [16, 8], "uv_size": [-8, -8]}
							}
						},
						{
							"origin": [-5.75, 18.5, -19.5],
							"size": [0.5, 1, 0.5],
							"uv": {
								"north": {"uv": [8, 0], "uv_size": [8, 8]},
								"east": {"uv": [8, 0], "uv_size": [8, 8]},
								"south": {"uv": [8, 0], "uv_size": [8, 8]},
								"west": {"uv": [8, 0], "uv_size": [8, 8]},
								"up": {"uv": [16, 8], "uv_size": [-8, -8]},
								"down": {"uv": [16, 8], "uv_size": [-8, -8]}
							}
						},
						{
							"origin": [-5.875, 17, -19.625],
							"size": [0.75, 1.5, 0.75],
							"uv": {
								"north": {"uv": [8, 0], "uv_size": [8, 8]},
								"east": {"uv": [8, 0], "uv_size": [8, 8]},
								"south": {"uv": [8, 0], "uv_size": [8, 8]},
								"west": {"uv": [8, 0], "uv_size": [8, 8]},
								"up": {"uv": [16, 8], "uv_size": [-8, -8]},
								"down": {"uv": [16, 8], "uv_size": [-8, -8]}
							}
						}
					]
				},
				{
					"name": "espinho26",
					"parent": "cima4",
					"pivot": [-5.5, 16.83333, -23.25],
					"rotation": [45, 0, 0],
					"cubes": [
						{
							"origin": [-6, 15, -23.75],
							"size": [1, 1.5, 1],
							"uv": {
								"north": {"uv": [8, 0], "uv_size": [8, 8]},
								"east": {"uv": [8, 0], "uv_size": [8, 8]},
								"south": {"uv": [8, 0], "uv_size": [8, 8]},
								"west": {"uv": [8, 0], "uv_size": [8, 8]},
								"up": {"uv": [16, 8], "uv_size": [-8, -8]},
								"down": {"uv": [16, 8], "uv_size": [-8, -8]}
							}
						},
						{
							"origin": [-5.75, 17.5, -23.5],
							"size": [0.5, 1, 0.5],
							"uv": {
								"north": {"uv": [8, 0], "uv_size": [8, 8]},
								"east": {"uv": [8, 0], "uv_size": [8, 8]},
								"south": {"uv": [8, 0], "uv_size": [8, 8]},
								"west": {"uv": [8, 0], "uv_size": [8, 8]},
								"up": {"uv": [16, 8], "uv_size": [-8, -8]},
								"down": {"uv": [16, 8], "uv_size": [-8, -8]}
							}
						},
						{
							"origin": [-5.875, 16, -23.625],
							"size": [0.75, 1.5, 0.75],
							"uv": {
								"north": {"uv": [8, 0], "uv_size": [8, 8]},
								"east": {"uv": [8, 0], "uv_size": [8, 8]},
								"south": {"uv": [8, 0], "uv_size": [8, 8]},
								"west": {"uv": [8, 0], "uv_size": [8, 8]},
								"up": {"uv": [16, 8], "uv_size": [-8, -8]},
								"down": {"uv": [16, 8], "uv_size": [-8, -8]}
							}
						}
					]
				},
				{
					"name": "espinho27",
					"parent": "cima4",
					"pivot": [-5.5, 9.83333, -23.25],
					"rotation": [135, 0, 0],
					"cubes": [
						{
							"origin": [-6, 8, -23.75],
							"size": [1, 1.5, 1],
							"uv": {
								"north": {"uv": [8, 0], "uv_size": [8, 8]},
								"east": {"uv": [8, 0], "uv_size": [8, 8]},
								"south": {"uv": [8, 0], "uv_size": [8, 8]},
								"west": {"uv": [8, 0], "uv_size": [8, 8]},
								"up": {"uv": [16, 8], "uv_size": [-8, -8]},
								"down": {"uv": [16, 8], "uv_size": [-8, -8]}
							}
						},
						{
							"origin": [-5.75, 10.5, -23.5],
							"size": [0.5, 1, 0.5],
							"uv": {
								"north": {"uv": [8, 0], "uv_size": [8, 8]},
								"east": {"uv": [8, 0], "uv_size": [8, 8]},
								"south": {"uv": [8, 0], "uv_size": [8, 8]},
								"west": {"uv": [8, 0], "uv_size": [8, 8]},
								"up": {"uv": [16, 8], "uv_size": [-8, -8]},
								"down": {"uv": [16, 8], "uv_size": [-8, -8]}
							}
						},
						{
							"origin": [-5.875, 9, -23.625],
							"size": [0.75, 1.5, 0.75],
							"uv": {
								"north": {"uv": [8, 0], "uv_size": [8, 8]},
								"east": {"uv": [8, 0], "uv_size": [8, 8]},
								"south": {"uv": [8, 0], "uv_size": [8, 8]},
								"west": {"uv": [8, 0], "uv_size": [8, 8]},
								"up": {"uv": [16, 8], "uv_size": [-8, -8]},
								"down": {"uv": [16, 8], "uv_size": [-8, -8]}
							}
						}
					]
				},
				{
					"name": "espinho28",
					"parent": "cima4",
					"pivot": [-5.5, 9.16667, -19.25],
					"cubes": [
						{
							"origin": [-6, 9.5, -19.75],
							"size": [1, 1.5, 1],
							"uv": {
								"north": {"uv": [8, 0], "uv_size": [8, 8]},
								"east": {"uv": [8, 0], "uv_size": [8, 8]},
								"south": {"uv": [8, 0], "uv_size": [8, 8]},
								"west": {"uv": [8, 0], "uv_size": [8, 8]},
								"up": {"uv": [16, 8], "uv_size": [-8, -8]},
								"down": {"uv": [16, 8], "uv_size": [-8, -8]}
							}
						},
						{
							"origin": [-5.75, 7.5, -19.5],
							"size": [0.5, 1, 0.5],
							"uv": {
								"north": {"uv": [8, 0], "uv_size": [8, 8]},
								"east": {"uv": [8, 0], "uv_size": [8, 8]},
								"south": {"uv": [8, 0], "uv_size": [8, 8]},
								"west": {"uv": [8, 0], "uv_size": [8, 8]},
								"up": {"uv": [16, 8], "uv_size": [-8, -8]},
								"down": {"uv": [16, 8], "uv_size": [-8, -8]}
							}
						},
						{
							"origin": [-5.875, 8.5, -19.625],
							"size": [0.75, 1.5, 0.75],
							"uv": {
								"north": {"uv": [8, 0], "uv_size": [8, 8]},
								"east": {"uv": [8, 0], "uv_size": [8, 8]},
								"south": {"uv": [8, 0], "uv_size": [8, 8]},
								"west": {"uv": [8, 0], "uv_size": [8, 8]},
								"up": {"uv": [16, 8], "uv_size": [-8, -8]},
								"down": {"uv": [16, 8], "uv_size": [-8, -8]}
							}
						}
					]
				},
				{
					"name": "espinho29",
					"parent": "cima4",
					"pivot": [-5.5, 10.16667, -15.25],
					"cubes": [
						{
							"origin": [-6, 10.5, -15.75],
							"size": [1, 1.5, 1],
							"uv": {
								"north": {"uv": [8, 0], "uv_size": [8, 8]},
								"east": {"uv": [8, 0], "uv_size": [8, 8]},
								"south": {"uv": [8, 0], "uv_size": [8, 8]},
								"west": {"uv": [8, 0], "uv_size": [8, 8]},
								"up": {"uv": [16, 8], "uv_size": [-8, -8]},
								"down": {"uv": [16, 8], "uv_size": [-8, -8]}
							}
						},
						{
							"origin": [-5.75, 8.5, -15.5],
							"size": [0.5, 1, 0.5],
							"uv": {
								"north": {"uv": [8, 0], "uv_size": [8, 8]},
								"east": {"uv": [8, 0], "uv_size": [8, 8]},
								"south": {"uv": [8, 0], "uv_size": [8, 8]},
								"west": {"uv": [8, 0], "uv_size": [8, 8]},
								"up": {"uv": [16, 8], "uv_size": [-8, -8]},
								"down": {"uv": [16, 8], "uv_size": [-8, -8]}
							}
						},
						{
							"origin": [-5.875, 9.5, -15.625],
							"size": [0.75, 1.5, 0.75],
							"uv": {
								"north": {"uv": [8, 0], "uv_size": [8, 8]},
								"east": {"uv": [8, 0], "uv_size": [8, 8]},
								"south": {"uv": [8, 0], "uv_size": [8, 8]},
								"west": {"uv": [8, 0], "uv_size": [8, 8]},
								"up": {"uv": [16, 8], "uv_size": [-8, -8]},
								"down": {"uv": [16, 8], "uv_size": [-8, -8]}
							}
						}
					]
				},
				{
					"name": "espinho30",
					"parent": "cima4",
					"pivot": [-5.5, 16.83333, -15.25],
					"cubes": [
						{
							"origin": [-6, 15, -15.75],
							"size": [1, 1.5, 1],
							"uv": {
								"north": {"uv": [8, 0], "uv_size": [8, 8]},
								"east": {"uv": [8, 0], "uv_size": [8, 8]},
								"south": {"uv": [8, 0], "uv_size": [8, 8]},
								"west": {"uv": [8, 0], "uv_size": [8, 8]},
								"up": {"uv": [16, 8], "uv_size": [-8, -8]},
								"down": {"uv": [16, 8], "uv_size": [-8, -8]}
							}
						},
						{
							"origin": [-5.75, 17.5, -15.5],
							"size": [0.5, 1, 0.5],
							"uv": {
								"north": {"uv": [8, 0], "uv_size": [8, 8]},
								"east": {"uv": [8, 0], "uv_size": [8, 8]},
								"south": {"uv": [8, 0], "uv_size": [8, 8]},
								"west": {"uv": [8, 0], "uv_size": [8, 8]},
								"up": {"uv": [16, 8], "uv_size": [-8, -8]},
								"down": {"uv": [16, 8], "uv_size": [-8, -8]}
							}
						},
						{
							"origin": [-5.875, 16, -15.625],
							"size": [0.75, 1.5, 0.75],
							"uv": {
								"north": {"uv": [8, 0], "uv_size": [8, 8]},
								"east": {"uv": [8, 0], "uv_size": [8, 8]},
								"south": {"uv": [8, 0], "uv_size": [8, 8]},
								"west": {"uv": [8, 0], "uv_size": [8, 8]},
								"up": {"uv": [16, 8], "uv_size": [-8, -8]},
								"down": {"uv": [16, 8], "uv_size": [-8, -8]}
							}
						}
					]
				},
				{
					"name": "espinho31",
					"parent": "cima4",
					"pivot": [-5.5, 15.83333, -11.25],
					"cubes": [
						{
							"origin": [-6, 14, -11.75],
							"size": [1, 1.5, 1],
							"uv": {
								"north": {"uv": [8, 0], "uv_size": [8, 8]},
								"east": {"uv": [8, 0], "uv_size": [8, 8]},
								"south": {"uv": [8, 0], "uv_size": [8, 8]},
								"west": {"uv": [8, 0], "uv_size": [8, 8]},
								"up": {"uv": [16, 8], "uv_size": [-8, -8]},
								"down": {"uv": [16, 8], "uv_size": [-8, -8]}
							}
						},
						{
							"origin": [-5.75, 16.5, -11.5],
							"size": [0.5, 1, 0.5],
							"uv": {
								"north": {"uv": [8, 0], "uv_size": [8, 8]},
								"east": {"uv": [8, 0], "uv_size": [8, 8]},
								"south": {"uv": [8, 0], "uv_size": [8, 8]},
								"west": {"uv": [8, 0], "uv_size": [8, 8]},
								"up": {"uv": [16, 8], "uv_size": [-8, -8]},
								"down": {"uv": [16, 8], "uv_size": [-8, -8]}
							}
						},
						{
							"origin": [-5.875, 15, -11.625],
							"size": [0.75, 1.5, 0.75],
							"uv": {
								"north": {"uv": [8, 0], "uv_size": [8, 8]},
								"east": {"uv": [8, 0], "uv_size": [8, 8]},
								"south": {"uv": [8, 0], "uv_size": [8, 8]},
								"west": {"uv": [8, 0], "uv_size": [8, 8]},
								"up": {"uv": [16, 8], "uv_size": [-8, -8]},
								"down": {"uv": [16, 8], "uv_size": [-8, -8]}
							}
						}
					]
				},
				{
					"name": "espinho32",
					"parent": "cima4",
					"pivot": [-5.5, 11.16667, -11.25],
					"cubes": [
						{
							"origin": [-6, 11.5, -11.75],
							"size": [1, 1.5, 1],
							"uv": {
								"north": {"uv": [8, 0], "uv_size": [8, 8]},
								"east": {"uv": [8, 0], "uv_size": [8, 8]},
								"south": {"uv": [8, 0], "uv_size": [8, 8]},
								"west": {"uv": [8, 0], "uv_size": [8, 8]},
								"up": {"uv": [16, 8], "uv_size": [-8, -8]},
								"down": {"uv": [16, 8], "uv_size": [-8, -8]}
							}
						},
						{
							"origin": [-5.75, 9.5, -11.5],
							"size": [0.5, 1, 0.5],
							"uv": {
								"north": {"uv": [8, 0], "uv_size": [8, 8]},
								"east": {"uv": [8, 0], "uv_size": [8, 8]},
								"south": {"uv": [8, 0], "uv_size": [8, 8]},
								"west": {"uv": [8, 0], "uv_size": [8, 8]},
								"up": {"uv": [16, 8], "uv_size": [-8, -8]},
								"down": {"uv": [16, 8], "uv_size": [-8, -8]}
							}
						},
						{
							"origin": [-5.875, 10.5, -11.625],
							"size": [0.75, 1.5, 0.75],
							"uv": {
								"north": {"uv": [8, 0], "uv_size": [8, 8]},
								"east": {"uv": [8, 0], "uv_size": [8, 8]},
								"south": {"uv": [8, 0], "uv_size": [8, 8]},
								"west": {"uv": [8, 0], "uv_size": [8, 8]},
								"up": {"uv": [16, 8], "uv_size": [-8, -8]},
								"down": {"uv": [16, 8], "uv_size": [-8, -8]}
							}
						}
					]
				}
			]
		}
	]
}