{
	"format_version": "1.12.0",
	"minecraft:geometry": [
		{
			"description": {
				"identifier": "geometry.claws_main_hand",
				"texture_width": 64,
				"texture_height": 64,
				"visible_bounds_width": 3,
				"visible_bounds_height": 4.5,
				"visible_bounds_offset": [0, 0.75, 0]
			},
			"bones": [
				{
					"name": "root",
					"pivot": [0, 0, 0]
				},
				{
					"name": "tudo",
					"parent": "root",
					"pivot": [0, 12, 0]
				},
				{
					"name": "waist",
					"parent": "tudo",
					"pivot": [0, 12, 0]
				},
				{
					"name": "body",
					"parent": "waist",
					"pivot": [0, 24, 0]
				},
				{
					"name": "rightA",
					"parent": "body",
					"pivot": [-6, 24, 0]
				},
				{
					"name": "rightArm",
					"parent": "rightA",
					"pivot": [-5, 22, 0]
				},
				{
					"name": "rightArm2",
					"parent": "rightArm",
					"pivot": [-5, 18, 2]
				},
				{
					"name": "claws",
					"parent": "rightArm2",
					"pivot": [-6, 13, 0],
					"cubes": [
						{
							"origin": [-8.5, 11.5, -2.5],
							"size": [5, 2, 5],
							"uv": {
								"north": {"uv": [0, 8], "uv_size": [8, 8]},
								"east": {"uv": [0, 8], "uv_size": [8, 8]},
								"south": {"uv": [0, 8], "uv_size": [8, 8]},
								"west": {"uv": [0, 8], "uv_size": [8, 8]},
								"up": {"uv": [8, 16], "uv_size": [-8, -8]},
								"down": {"uv": [8, 16], "uv_size": [-8, -8]}
							}
						},
						{
							"origin": [-8.25, 10.5, -2.25],
							"size": [2.25, 1, 0.5],
							"uv": {
								"north": {"uv": [8, 8], "uv_size": [8, 8]},
								"east": {"uv": [8, 8], "uv_size": [8, 8]},
								"south": {"uv": [8, 8], "uv_size": [8, 8]},
								"west": {"uv": [8, 8], "uv_size": [8, 8]},
								"up": {"uv": [16, 16], "uv_size": [-8, -8]},
								"down": {"uv": [16, 16], "uv_size": [-8, -8]}
							}
						},
						{
							"origin": [-12.125, 4.625, -2],
							"size": [10, 1.75, 0],
							"pivot": [-7.125, 5.5, -2],
							"rotation": [0, 0, -90],
							"uv": {
								"north": {"uv": [64, 0], "uv_size": [-32, 8]},
								"east": {"uv": [64, 64], "uv_size": [0, 0]},
								"south": {"uv": [64, 64], "uv_size": [0, 0]},
								"west": {"uv": [64, 64], "uv_size": [0, 0]},
								"up": {"uv": [64, 64], "uv_size": [0, 0]},
								"down": {"uv": [64, 64], "uv_size": [0, 0]}
							}
						},
						{
							"origin": [-12.125, 4.625, -1],
							"size": [10, 1.75, 0],
							"pivot": [-7.125, 5.5, -1],
							"rotation": [0, 0, -90],
							"uv": {
								"north": {"uv": [64, 0], "uv_size": [-32, 8]},
								"east": {"uv": [64, 64], "uv_size": [0, 0]},
								"south": {"uv": [64, 64], "uv_size": [0, 0]},
								"west": {"uv": [64, 64], "uv_size": [0, 0]},
								"up": {"uv": [64, 64], "uv_size": [0, 0]},
								"down": {"uv": [64, 64], "uv_size": [0, 0]}
							}
						},
						{
							"origin": [-12.125, 4.625, 0],
							"size": [10, 1.75, 0],
							"pivot": [-7.125, 5.5, 0],
							"rotation": [0, 0, -90],
							"uv": {
								"north": {"uv": [64, 0], "uv_size": [-32, 8]},
								"east": {"uv": [64, 64], "uv_size": [0, 0]},
								"south": {"uv": [64, 64], "uv_size": [0, 0]},
								"west": {"uv": [64, 64], "uv_size": [0, 0]},
								"up": {"uv": [64, 64], "uv_size": [0, 0]},
								"down": {"uv": [64, 64], "uv_size": [0, 0]}
							}
						},
						{
							"origin": [-12.125, 4.625, 1],
							"size": [10, 1.75, 0],
							"pivot": [-7.125, 5.5, 1],
							"rotation": [0, 0, -90],
							"uv": {
								"north": {"uv": [64, 0], "uv_size": [-32, 8]},
								"east": {"uv": [64, 64], "uv_size": [0, 0]},
								"south": {"uv": [64, 64], "uv_size": [0, 0]},
								"west": {"uv": [64, 64], "uv_size": [0, 0]},
								"up": {"uv": [64, 64], "uv_size": [0, 0]},
								"down": {"uv": [64, 64], "uv_size": [0, 0]}
							}
						},
						{
							"origin": [-12.125, 4.625, 2],
							"size": [10, 1.75, 0],
							"pivot": [-7.125, 5.5, 1],
							"rotation": [0, 0, -90],
							"uv": {
								"north": {"uv": [64, 0], "uv_size": [-32, 8]},
								"east": {"uv": [64, 64], "uv_size": [0, 0]},
								"south": {"uv": [64, 64], "uv_size": [0, 0]},
								"west": {"uv": [64, 64], "uv_size": [0, 0]},
								"up": {"uv": [64, 64], "uv_size": [0, 0]},
								"down": {"uv": [64, 64], "uv_size": [0, 0]}
							}
						},
						{
							"origin": [-8.25, 10.5, -1.25],
							"size": [2.25, 1, 0.5],
							"uv": {
								"north": {"uv": [8, 8], "uv_size": [8, 8]},
								"east": {"uv": [8, 8], "uv_size": [8, 8]},
								"south": {"uv": [8, 8], "uv_size": [8, 8]},
								"west": {"uv": [8, 8], "uv_size": [8, 8]},
								"up": {"uv": [16, 16], "uv_size": [-8, -8]},
								"down": {"uv": [16, 16], "uv_size": [-8, -8]}
							}
						},
						{
							"origin": [-8.25, 10.5, -0.25],
							"size": [2.25, 1, 0.5],
							"uv": {
								"north": {"uv": [8, 8], "uv_size": [8, 8]},
								"east": {"uv": [8, 8], "uv_size": [8, 8]},
								"south": {"uv": [8, 8], "uv_size": [8, 8]},
								"west": {"uv": [8, 8], "uv_size": [8, 8]},
								"up": {"uv": [16, 16], "uv_size": [-8, -8]},
								"down": {"uv": [16, 16], "uv_size": [-8, -8]}
							}
						},
						{
							"origin": [-8.25, 10.5, 0.75],
							"size": [2.25, 1, 0.5],
							"uv": {
								"north": {"uv": [8, 8], "uv_size": [8, 8]},
								"east": {"uv": [8, 8], "uv_size": [8, 8]},
								"south": {"uv": [8, 8], "uv_size": [8, 8]},
								"west": {"uv": [8, 8], "uv_size": [8, 8]},
								"up": {"uv": [16, 16], "uv_size": [-8, -8]},
								"down": {"uv": [16, 16], "uv_size": [-8, -8]}
							}
						},
						{
							"origin": [-8.25, 10.5, 1.75],
							"size": [2.25, 1, 0.5],
							"uv": {
								"north": {"uv": [8, 8], "uv_size": [8, 8]},
								"east": {"uv": [8, 8], "uv_size": [8, 8]},
								"south": {"uv": [8, 8], "uv_size": [8, 8]},
								"west": {"uv": [8, 8], "uv_size": [8, 8]},
								"up": {"uv": [16, 16], "uv_size": [-8, -8]},
								"down": {"uv": [16, 16], "uv_size": [-8, -8]}
							}
						}
					]
				}
			]
		}
	]
}