{
	"format_version": "1.12.0",
	"minecraft:geometry": [
		{
			"description": {
				"identifier": "geometry.cutlass_main_hand",
				"texture_width": 16,
				"texture_height": 16,
				"visible_bounds_width": 4,
				"visible_bounds_height": 3.5,
				"visible_bounds_offset": [0, 1.25, 0]
			},
			"bones": [
				{
					"name": "root",
					"pivot": [0, 0, 0]
				},
				{
					"name": "tudo",
					"parent": "root",
					"pivot": [0, 12, 0]
				},
				{
					"name": "waist",
					"parent": "tudo",
					"pivot": [0, 12, 0]
				},
				{
					"name": "body",
					"parent": "waist",
					"pivot": [0, 24, 0]
				},
				{
					"name": "rightA",
					"parent": "body",
					"pivot": [-6, 24, 0]
				},
				{
					"name": "rightArm",
					"parent": "rightA",
					"pivot": [-5, 22, 0]
				},
				{
					"name": "rightArm2",
					"parent": "rightArm",
					"pivot": [-5, 18, 2]
				},
				{
					"name": "katana",
					"parent": "rightArm2",
					"pivot": [-5, 13.5, 0]
				},
				{
					"name": "blade",
					"parent": "katana",
					"pivot": [-5.125, 13.51786, -20.98214],
					"cubes": [
						{
							"origin": [-12.5, -5.375, 6],
							"size": [0.5, 0.5, 2.5],
							"pivot": [0, 0, 0],
							"rotation": [0, -45, 90],
							"uv": {
								"north": {"uv": [4, 10.5], "uv_size": [-0.5, 0.5]},
								"east": {"uv": [3.5, 10.5], "uv_size": [0.5, 2.5]},
								"south": {"uv": [3.5, 12.5], "uv_size": [0.5, 0.5]},
								"west": {"uv": [3.5, 10.5], "uv_size": [0.5, 2.5]},
								"up": {"uv": [4, 13], "uv_size": [-0.5, -2.5]},
								"down": {"uv": [4, 10.5], "uv_size": [-0.5, 2.5]}
							}
						},
						{
							"origin": [-13, -5.375, 5.5],
							"size": [0.5, 0.5, 2.5],
							"pivot": [0, 0, 0],
							"rotation": [0, -45, 90],
							"uv": {
								"north": {"uv": [4.5, 10], "uv_size": [-0.5, 0.5]},
								"east": {"uv": [4, 10], "uv_size": [0.5, 2.5]},
								"south": {"uv": [4, 12], "uv_size": [0.5, 0.5]},
								"west": {"uv": [4, 10], "uv_size": [0.5, 2.5]},
								"up": {"uv": [4.5, 12.5], "uv_size": [-0.5, -2.5]},
								"down": {"uv": [4.5, 10], "uv_size": [-0.5, 2.5]}
							}
						},
						{
							"origin": [-13.5, -5.375, 4.5],
							"size": [0.5, 0.5, 3],
							"pivot": [0, 0, 0],
							"rotation": [0, -45, 90],
							"uv": {
								"north": {"uv": [5, 9], "uv_size": [-0.5, 0.5]},
								"east": {"uv": [4.5, 9], "uv_size": [0.5, 3]},
								"south": {"uv": [4.5, 11.5], "uv_size": [0.5, 0.5]},
								"west": {"uv": [4.5, 9], "uv_size": [0.5, 3]},
								"up": {"uv": [5, 12], "uv_size": [-0.5, -3]},
								"down": {"uv": [5, 9], "uv_size": [-0.5, 3]}
							}
						},
						{
							"origin": [-14, -5.375, 4],
							"size": [0.5, 0.5, 3],
							"pivot": [0, 0, 0],
							"rotation": [0, -45, 90],
							"uv": {
								"north": {"uv": [5.5, 8.5], "uv_size": [-0.5, 0.5]},
								"east": {"uv": [5, 8.5], "uv_size": [0.5, 3]},
								"south": {"uv": [5, 11], "uv_size": [0.5, 0.5]},
								"west": {"uv": [5, 8.5], "uv_size": [0.5, 3]},
								"up": {"uv": [5.5, 11.5], "uv_size": [-0.5, -3]},
								"down": {"uv": [5.5, 8.5], "uv_size": [-0.5, 3]}
							}
						},
						{
							"origin": [-14.5, -5.375, 3],
							"size": [0.5, 0.5, 3.5],
							"pivot": [0, 0, 0],
							"rotation": [0, -45, 90],
							"uv": {
								"north": {"uv": [6, 7.5], "uv_size": [-0.5, 0.5]},
								"east": {"uv": [5.5, 7.5], "uv_size": [0.5, 3.5]},
								"south": {"uv": [5.5, 10.5], "uv_size": [0.5, 0.5]},
								"west": {"uv": [5.5, 7.5], "uv_size": [0.5, 3.5]},
								"up": {"uv": [6, 11], "uv_size": [-0.5, -3.5]},
								"down": {"uv": [6, 7.5], "uv_size": [-0.5, 3.5]}
							}
						},
						{
							"origin": [-15, -5.375, 2.5],
							"size": [0.5, 0.5, 3.5],
							"pivot": [0, 0, 0],
							"rotation": [0, -45, 90],
							"uv": {
								"north": {"uv": [6.5, 7], "uv_size": [-0.5, 0.5]},
								"east": {"uv": [6, 7], "uv_size": [0.5, 3.5]},
								"south": {"uv": [6, 10], "uv_size": [0.5, 0.5]},
								"west": {"uv": [6, 7], "uv_size": [0.5, 3.5]},
								"up": {"uv": [6.5, 10.5], "uv_size": [-0.5, -3.5]},
								"down": {"uv": [6.5, 7], "uv_size": [-0.5, 3.5]}
							}
						},
						{
							"origin": [-15.5, -5.375, 2],
							"size": [0.5, 0.5, 3.5],
							"pivot": [0, 0, 0],
							"rotation": [0, -45, 90],
							"uv": {
								"north": {"uv": [7, 6.5], "uv_size": [-0.5, 0.5]},
								"east": {"uv": [6.5, 6.5], "uv_size": [0.5, 3.5]},
								"south": {"uv": [6.5, 9.5], "uv_size": [0.5, 0.5]},
								"west": {"uv": [6.5, 6.5], "uv_size": [0.5, 3.5]},
								"up": {"uv": [7, 10], "uv_size": [-0.5, -3.5]},
								"down": {"uv": [7, 6.5], "uv_size": [-0.5, 3.5]}
							}
						},
						{
							"origin": [-19, -5.375, 1.5],
							"size": [0.5, 0.5, 0.5],
							"pivot": [0, 0, 0],
							"rotation": [0, -45, 90],
							"uv": {
								"north": {"uv": [10.5, 6], "uv_size": [-0.5, 0.5]},
								"east": {"uv": [10, 6], "uv_size": [0.5, 0.5]},
								"south": {"uv": [10, 6], "uv_size": [0.5, 0.5]},
								"west": {"uv": [10, 6], "uv_size": [0.5, 0.5]},
								"up": {"uv": [10.5, 6.5], "uv_size": [-0.5, -0.5]},
								"down": {"uv": [10.5, 6], "uv_size": [-0.5, 0.5]}
							}
						},
						{
							"origin": [-16, -5.375, 1.5],
							"size": [0.5, 0.5, 3.5],
							"pivot": [0, 0, 0],
							"rotation": [0, -45, 90],
							"uv": {
								"north": {"uv": [7.5, 6], "uv_size": [-0.5, 0.5]},
								"east": {"uv": [7, 6], "uv_size": [0.5, 3.5]},
								"south": {"uv": [7, 9], "uv_size": [0.5, 0.5]},
								"west": {"uv": [7, 6], "uv_size": [0.5, 3.5]},
								"up": {"uv": [7.5, 9.5], "uv_size": [-0.5, -3.5]},
								"down": {"uv": [7.5, 6], "uv_size": [-0.5, 3.5]}
							}
						},
						{
							"origin": [-20.5, -5.375, 0.5],
							"size": [0.5, 0.5, 0.5],
							"pivot": [0, 0, 0],
							"rotation": [0, -45, 90],
							"uv": {
								"north": {"uv": [12, 5], "uv_size": [-0.5, 0.5]},
								"east": {"uv": [11.5, 5], "uv_size": [0.5, 0.5]},
								"south": {"uv": [11.5, 5], "uv_size": [0.5, 0.5]},
								"west": {"uv": [11.5, 5], "uv_size": [0.5, 0.5]},
								"up": {"uv": [12, 5.5], "uv_size": [-0.5, -0.5]},
								"down": {"uv": [12, 5], "uv_size": [-0.5, 0.5]}
							}
						},
						{
							"origin": [-16.5, -5.375, 0.5],
							"size": [0.5, 0.5, 4],
							"pivot": [0, 0, 0],
							"rotation": [0, -45, 90],
							"uv": {
								"north": {"uv": [8, 5], "uv_size": [-0.5, 0.5]},
								"east": {"uv": [7.5, 5], "uv_size": [0.5, 4]},
								"south": {"uv": [7.5, 8.5], "uv_size": [0.5, 0.5]},
								"west": {"uv": [7.5, 5], "uv_size": [0.5, 4]},
								"up": {"uv": [8, 9], "uv_size": [-0.5, -4]},
								"down": {"uv": [8, 5], "uv_size": [-0.5, 4]}
							}
						},
						{
							"origin": [-21.5, -5.375, 0],
							"size": [0.5, 0.5, 0.5],
							"pivot": [0, 0, 0],
							"rotation": [0, -45, 90],
							"uv": {
								"north": {"uv": [13, 4.5], "uv_size": [-0.5, 0.5]},
								"east": {"uv": [12.5, 4.5], "uv_size": [0.5, 0.5]},
								"south": {"uv": [12.5, 4.5], "uv_size": [0.5, 0.5]},
								"west": {"uv": [12.5, 4.5], "uv_size": [0.5, 0.5]},
								"up": {"uv": [13, 5], "uv_size": [-0.5, -0.5]},
								"down": {"uv": [13, 4.5], "uv_size": [-0.5, 0.5]}
							}
						},
						{
							"origin": [-17, -5.375, 0],
							"size": [0.5, 0.5, 4],
							"pivot": [0, 0, 0],
							"rotation": [0, -45, 90],
							"uv": {
								"north": {"uv": [8.5, 4.5], "uv_size": [-0.5, 0.5]},
								"east": {"uv": [8, 4.5], "uv_size": [0.5, 4]},
								"south": {"uv": [8, 8], "uv_size": [0.5, 0.5]},
								"west": {"uv": [8, 4.5], "uv_size": [0.5, 4]},
								"up": {"uv": [8.5, 8.5], "uv_size": [-0.5, -4]},
								"down": {"uv": [8.5, 4.5], "uv_size": [-0.5, 4]}
							}
						},
						{
							"origin": [-22.5, -5.375, -0.5],
							"size": [0.5, 0.5, 0.5],
							"pivot": [0, 0, 0],
							"rotation": [0, -45, 90],
							"uv": {
								"north": {"uv": [14, 4], "uv_size": [-0.5, 0.5]},
								"east": {"uv": [13.5, 4], "uv_size": [0.5, 0.5]},
								"south": {"uv": [13.5, 4], "uv_size": [0.5, 0.5]},
								"west": {"uv": [13.5, 4], "uv_size": [0.5, 0.5]},
								"up": {"uv": [14, 4.5], "uv_size": [-0.5, -0.5]},
								"down": {"uv": [14, 4], "uv_size": [-0.5, 0.5]}
							}
						},
						{
							"origin": [-17.5, -5.375, -0.5],
							"size": [0.5, 0.5, 4],
							"pivot": [0, 0, 0],
							"rotation": [0, -45, 90],
							"uv": {
								"north": {"uv": [9, 4], "uv_size": [-0.5, 0.5]},
								"east": {"uv": [8.5, 4], "uv_size": [0.5, 4]},
								"south": {"uv": [8.5, 7.5], "uv_size": [0.5, 0.5]},
								"west": {"uv": [8.5, 4], "uv_size": [0.5, 4]},
								"up": {"uv": [9, 8], "uv_size": [-0.5, -4]},
								"down": {"uv": [9, 4], "uv_size": [-0.5, 4]}
							}
						},
						{
							"origin": [-18, -5.375, -1],
							"size": [0.5, 0.5, 4],
							"pivot": [0, 0, 0],
							"rotation": [0, -45, 90],
							"uv": {
								"north": {"uv": [9.5, 3.5], "uv_size": [-0.5, 0.5]},
								"east": {"uv": [9, 3.5], "uv_size": [0.5, 4]},
								"south": {"uv": [9, 7], "uv_size": [0.5, 0.5]},
								"west": {"uv": [9, 3.5], "uv_size": [0.5, 4]},
								"up": {"uv": [9.5, 7.5], "uv_size": [-0.5, -4]},
								"down": {"uv": [9.5, 3.5], "uv_size": [-0.5, 4]}
							}
						},
						{
							"origin": [-18.5, -5.375, -1.5],
							"size": [0.5, 0.5, 4],
							"pivot": [0, 0, 0],
							"rotation": [0, -45, 90],
							"uv": {
								"north": {"uv": [10, 3], "uv_size": [-0.5, 0.5]},
								"east": {"uv": [9.5, 3], "uv_size": [0.5, 4]},
								"south": {"uv": [9.5, 6.5], "uv_size": [0.5, 0.5]},
								"west": {"uv": [9.5, 3], "uv_size": [0.5, 4]},
								"up": {"uv": [10, 7], "uv_size": [-0.5, -4]},
								"down": {"uv": [10, 3], "uv_size": [-0.5, 4]}
							}
						},
						{
							"origin": [-19.5, -5.375, -2],
							"size": [1, 0.5, 3.5],
							"pivot": [0, 0, 0],
							"rotation": [0, -45, 90],
							"uv": {
								"north": {"uv": [11, 2.5], "uv_size": [-1, 0.5]},
								"east": {"uv": [10.5, 2.5], "uv_size": [0.5, 3.5]},
								"south": {"uv": [10, 5.5], "uv_size": [1, 0.5]},
								"west": {"uv": [10, 2.5], "uv_size": [0.5, 3.5]},
								"up": {"uv": [11, 6], "uv_size": [-1, -3.5]},
								"down": {"uv": [11, 2.5], "uv_size": [-1, 3.5]}
							}
						},
						{
							"origin": [-20, -5.375, -2.5],
							"size": [0.5, 0.5, 4],
							"pivot": [0, 0, 0],
							"rotation": [0, -45, 90],
							"uv": {
								"north": {"uv": [11.5, 2], "uv_size": [-0.5, 0.5]},
								"east": {"uv": [11, 2], "uv_size": [0.5, 4]},
								"south": {"uv": [11, 5.5], "uv_size": [0.5, 0.5]},
								"west": {"uv": [11, 2], "uv_size": [0.5, 4]},
								"up": {"uv": [11.5, 6], "uv_size": [-0.5, -4]},
								"down": {"uv": [11.5, 2], "uv_size": [-0.5, 4]}
							}
						},
						{
							"origin": [-23.5, -5.375, -3],
							"size": [0.5, 0.5, 1],
							"pivot": [0, 0, 0],
							"rotation": [0, -45, 90],
							"uv": {
								"north": {"uv": [15, 1.5], "uv_size": [-0.5, 0.5]},
								"east": {"uv": [14.5, 1.5], "uv_size": [0.5, 1]},
								"south": {"uv": [14.5, 2], "uv_size": [0.5, 0.5]},
								"west": {"uv": [14.5, 1.5], "uv_size": [0.5, 1]},
								"up": {"uv": [15, 2.5], "uv_size": [-0.5, -1]},
								"down": {"uv": [15, 1.5], "uv_size": [-0.5, 1]}
							}
						},
						{
							"origin": [-21, -5.375, -3],
							"size": [1, 0.5, 3.5],
							"pivot": [0, 0, 0],
							"rotation": [0, -45, 90],
							"uv": {
								"north": {"uv": [12.5, 1.5], "uv_size": [-1, 0.5]},
								"east": {"uv": [12, 1.5], "uv_size": [0.5, 3.5]},
								"south": {"uv": [11.5, 4.5], "uv_size": [1, 0.5]},
								"west": {"uv": [11.5, 1.5], "uv_size": [0.5, 3.5]},
								"up": {"uv": [12.5, 5], "uv_size": [-1, -3.5]},
								"down": {"uv": [12.5, 1.5], "uv_size": [-1, 3.5]}
							}
						},
						{
							"origin": [-24, -5.375, -3.5],
							"size": [1, 0.5, 0.5],
							"pivot": [0, 0, 0],
							"rotation": [0, -45, 90],
							"uv": {
								"north": {"uv": [15.5, 1], "uv_size": [-1, 0.5]},
								"east": {"uv": [15, 1], "uv_size": [0.5, 0.5]},
								"south": {"uv": [14.5, 1], "uv_size": [1, 0.5]},
								"west": {"uv": [14.5, 1], "uv_size": [0.5, 0.5]},
								"up": {"uv": [15.5, 1.5], "uv_size": [-1, -0.5]},
								"down": {"uv": [15.5, 1], "uv_size": [-1, 0.5]}
							}
						},
						{
							"origin": [-22, -5.375, -3.5],
							"size": [1, 0.5, 3.5],
							"pivot": [0, 0, 0],
							"rotation": [0, -45, 90],
							"uv": {
								"north": {"uv": [13.5, 1], "uv_size": [-1, 0.5]},
								"east": {"uv": [13, 1], "uv_size": [0.5, 3.5]},
								"south": {"uv": [12.5, 4], "uv_size": [1, 0.5]},
								"west": {"uv": [12.5, 1], "uv_size": [0.5, 3.5]},
								"up": {"uv": [13.5, 4.5], "uv_size": [-1, -3.5]},
								"down": {"uv": [13.5, 1], "uv_size": [-1, 3.5]}
							}
						},
						{
							"origin": [-23, -5.375, -4],
							"size": [1, 0.5, 3.5],
							"pivot": [0, 0, 0],
							"rotation": [0, -45, 90],
							"uv": {
								"north": {"uv": [14.5, 0.5], "uv_size": [-1, 0.5]},
								"east": {"uv": [14, 0.5], "uv_size": [0.5, 3.5]},
								"south": {"uv": [13.5, 3.5], "uv_size": [1, 0.5]},
								"west": {"uv": [13.5, 0.5], "uv_size": [0.5, 3.5]},
								"up": {"uv": [14.5, 4], "uv_size": [-1, -3.5]},
								"down": {"uv": [14.5, 0.5], "uv_size": [-1, 3.5]}
							}
						},
						{
							"origin": [-5.875, 13.71536, -20.12221],
							"size": [1.5, 0.5, 1],
							"pivot": [-5.125, 13.96536, -19.62221],
							"rotation": [0, -45, 90],
							"uv": {
								"north": {"uv": [16, 0], "uv_size": [-1.5, 0.5]},
								"east": {"uv": [15.5, 0], "uv_size": [0.5, 1]},
								"south": {"uv": [14.5, 0.5], "uv_size": [1.5, 0.5]},
								"west": {"uv": [14.5, 0], "uv_size": [0.5, 1]},
								"up": {"uv": [16, 1], "uv_size": [-1.5, -1]},
								"down": {"uv": [16, 0], "uv_size": [-1.5, 1]}
							}
						}
					]
				},
				{
					"name": "special_blade",
					"parent": "blade",
					"pivot": [-5, 13.5, 0]
				},
				{
					"name": "cable",
					"parent": "katana",
					"pivot": [-5.125, 13.5, -2.75],
					"cubes": [
						{
							"origin": [-12, -5.375, 7],
							"size": [2, 0.5, 1],
							"pivot": [0, 0, 0],
							"rotation": [0, -45, 90],
							"uv": {
								"north": {"uv": [3.5, 11.5], "uv_size": [-2, 0.5]},
								"east": {"uv": [3, 11.5], "uv_size": [0.5, 1]},
								"south": {"uv": [1.5, 12], "uv_size": [2, 0.5]},
								"west": {"uv": [1.5, 11.5], "uv_size": [0.5, 1]},
								"up": {"uv": [3.5, 12.5], "uv_size": [-2, -1]},
								"down": {"uv": [3.5, 11.5], "uv_size": [-2, 1]}
							}
						},
						{
							"origin": [-11.5, -5.375, 8.5],
							"size": [0.5, 0.5, 1],
							"pivot": [0, 0, 0],
							"rotation": [0, -45, 90],
							"uv": {
								"north": {"uv": [3, 13], "uv_size": [-0.5, 0.5]},
								"east": {"uv": [2.5, 13], "uv_size": [0.5, 1]},
								"south": {"uv": [2.5, 13.5], "uv_size": [0.5, 0.5]},
								"west": {"uv": [2.5, 13], "uv_size": [0.5, 1]},
								"up": {"uv": [3, 14], "uv_size": [-0.5, -1]},
								"down": {"uv": [3, 13], "uv_size": [-0.5, 1]}
							}
						},
						{
							"origin": [-10, -5.375, 7.5],
							"size": [0.5, 0.5, 3.5],
							"pivot": [0, 0, 0],
							"rotation": [0, -45, 90],
							"uv": {
								"north": {"uv": [1.5, 12], "uv_size": [-0.5, 0.5]},
								"east": {"uv": [1, 12], "uv_size": [0.5, 3.5]},
								"south": {"uv": [1, 15], "uv_size": [0.5, 0.5]},
								"west": {"uv": [1, 12], "uv_size": [0.5, 3.5]},
								"up": {"uv": [1.5, 15.5], "uv_size": [-0.5, -3.5]},
								"down": {"uv": [1.5, 12], "uv_size": [-0.5, 3.5]}
							}
						},
						{
							"origin": [-9.5, -5.375, 8],
							"size": [0.5, 0.5, 3],
							"pivot": [0, 0, 0],
							"rotation": [0, -45, 90],
							"uv": {
								"north": {"uv": [1, 12.5], "uv_size": [-0.5, 0.5]},
								"east": {"uv": [0.5, 12.5], "uv_size": [0.5, 3]},
								"south": {"uv": [0.5, 15], "uv_size": [0.5, 0.5]},
								"west": {"uv": [0.5, 12.5], "uv_size": [0.5, 3]},
								"up": {"uv": [1, 15.5], "uv_size": [-0.5, -3]},
								"down": {"uv": [1, 12.5], "uv_size": [-0.5, 3]}
							}
						},
						{
							"origin": [-10.5, -5.375, 9.5],
							"size": [0.5, 0.5, 1],
							"pivot": [0, 0, 0],
							"rotation": [0, -45, 90],
							"uv": {
								"north": {"uv": [2, 14], "uv_size": [-0.5, 0.5]},
								"east": {"uv": [1.5, 14], "uv_size": [0.5, 1]},
								"south": {"uv": [1.5, 14.5], "uv_size": [0.5, 0.5]},
								"west": {"uv": [1.5, 14], "uv_size": [0.5, 1]},
								"up": {"uv": [2, 15], "uv_size": [-0.5, -1]},
								"down": {"uv": [2, 14], "uv_size": [-0.5, 1]}
							}
						},
						{
							"origin": [-12, -5.375, 8],
							"size": [0.5, 0.5, 1],
							"pivot": [0, 0, 0],
							"rotation": [0, -45, 90],
							"uv": {
								"north": {"uv": [3.5, 12.5], "uv_size": [-0.5, 0.5]},
								"east": {"uv": [3, 12.5], "uv_size": [0.5, 1]},
								"south": {"uv": [3, 13], "uv_size": [0.5, 0.5]},
								"west": {"uv": [3, 12.5], "uv_size": [0.5, 1]},
								"up": {"uv": [3.5, 13.5], "uv_size": [-0.5, -1]},
								"down": {"uv": [3.5, 12.5], "uv_size": [-0.5, 1]}
							}
						},
						{
							"origin": [-11, -5.375, 9],
							"size": [0.5, 0.5, 1],
							"pivot": [0, 0, 0],
							"rotation": [0, -45, 90],
							"uv": {
								"north": {"uv": [2.5, 13.5], "uv_size": [-0.5, 0.5]},
								"east": {"uv": [2, 13.5], "uv_size": [0.5, 1]},
								"south": {"uv": [2, 14], "uv_size": [0.5, 0.5]},
								"west": {"uv": [2, 13.5], "uv_size": [0.5, 1]},
								"up": {"uv": [2.5, 14.5], "uv_size": [-0.5, -1]},
								"down": {"uv": [2.5, 13.5], "uv_size": [-0.5, 1]}
							}
						},
						{
							"origin": [-10.5, -5.375, 8],
							"size": [0.5, 0.5, 0.5],
							"pivot": [0, 0, 0],
							"rotation": [0, -45, 90],
							"uv": {
								"north": {"uv": [2, 12.5], "uv_size": [-0.5, 0.5]},
								"east": {"uv": [1.5, 12.5], "uv_size": [0.5, 0.5]},
								"south": {"uv": [1.5, 12.5], "uv_size": [0.5, 0.5]},
								"west": {"uv": [1.5, 12.5], "uv_size": [0.5, 0.5]},
								"up": {"uv": [2, 13], "uv_size": [-0.5, -0.5]},
								"down": {"uv": [2, 12.5], "uv_size": [-0.5, 0.5]}
							}
						}
					]
				}
			]
		}
	]
}