{
	"format_version": "1.12.0",
	"minecraft:geometry": [
		{
			"description": {
				"identifier": "geometry.ginga_pachinko_main_hand",
				"texture_width": 32,
				"texture_height": 32,
				"visible_bounds_width": 2,
				"visible_bounds_height": 2.5,
				"visible_bounds_offset": [0, 0.75, 0]
			},
			"bones": [
				{
					"name": "root",
					"pivot": [0, 0, 0]
				},
				{
					"name": "tudo",
					"parent": "root",
					"pivot": [0, 12, 0]
				},
				{
					"name": "waist",
					"parent": "tudo",
					"pivot": [0, 12, 0]
				},
				{
					"name": "body",
					"parent": "waist",
					"pivot": [0, 24, 0]
				},
				{
					"name": "rightA",
					"parent": "body",
					"pivot": [-6, 24, 0]
				},
				{
					"name": "rightArm",
					"parent": "rightA",
					"pivot": [-5, 22, 0]
				},
				{
					"name": "rightArm2",
					"parent": "rightArm",
					"pivot": [-5, 18, 2]
				},
				{
					"name": "slingshot",
					"parent": "rightArm2",
					"pivot": [-5.38, 13.38, -2],
					"cubes": [
						{
							"origin": [-5.75, 13, -3],
							"size": [0.75, 0.75, 6],
							"uv": {
								"north": {"uv": [0, 0], "uv_size": [16, 16]},
								"east": {"uv": [0, 0], "uv_size": [16, 16]},
								"south": {"uv": [0, 0], "uv_size": [16, 16]},
								"west": {"uv": [0, 0], "uv_size": [16, 16]},
								"up": {"uv": [16, 16], "uv_size": [-16, -16]},
								"down": {"uv": [16, 16], "uv_size": [-16, -16]}
							}
						},
						{
							"origin": [-6.45711, 13, -4.45711],
							"size": [0.75, 0.75, 2],
							"inflate": 0.01,
							"pivot": [-6.08211, 13.375, -3.45711],
							"rotation": [0, 45, 0],
							"uv": {
								"north": {"uv": [0, 0], "uv_size": [16, 16]},
								"east": {"uv": [0, 0], "uv_size": [16, 16]},
								"south": {"uv": [0, 0], "uv_size": [16, 16]},
								"west": {"uv": [0, 0], "uv_size": [16, 16]},
								"up": {"uv": [16, 16], "uv_size": [-16, -16]},
								"down": {"uv": [16, 16], "uv_size": [-16, -16]}
							}
						},
						{
							"origin": [-7.05438, 13, -5.89905],
							"size": [0.875, 0.75, 2],
							"uv": {
								"north": {"uv": [0, 0], "uv_size": [16, 16]},
								"east": {"uv": [0, 0], "uv_size": [16, 16]},
								"south": {"uv": [0, 0], "uv_size": [16, 16]},
								"west": {"uv": [0, 0], "uv_size": [16, 16]},
								"up": {"uv": [16, 16], "uv_size": [-16, -16]},
								"down": {"uv": [16, 16], "uv_size": [-16, -16]}
							}
						},
						{
							"origin": [-7.05438, 12.37857, -6.11013],
							"size": [0.875, 1.25, 1],
							"inflate": 0.001,
							"pivot": [-6.61688, 13.00357, -5.61013],
							"rotation": [-17.5, 0, 0],
							"uv": {
								"north": {"uv": [0, 0], "uv_size": [16, 16]},
								"east": {"uv": [0, 0], "uv_size": [16, 16]},
								"south": {"uv": [0, 0], "uv_size": [16, 16]},
								"west": {"uv": [0, 0], "uv_size": [16, 16]},
								"up": {"uv": [16, 16], "uv_size": [-16, -16]},
								"down": {"uv": [16, 16], "uv_size": [-16, -16]}
							}
						},
						{
							"origin": [-4.57062, 12.37857, -6.11013],
							"size": [0.875, 1.25, 1],
							"inflate": 0.001,
							"pivot": [-4.13312, 13.00357, -5.61013],
							"rotation": [-17.5, 0, 0],
							"uv": {
								"north": {"uv": [0, 0], "uv_size": [16, 16]},
								"east": {"uv": [0, 0], "uv_size": [16, 16]},
								"south": {"uv": [0, 0], "uv_size": [16, 16]},
								"west": {"uv": [0, 0], "uv_size": [16, 16]},
								"up": {"uv": [16, 16], "uv_size": [-16, -16]},
								"down": {"uv": [16, 16], "uv_size": [-16, -16]}
							}
						},
						{
							"origin": [-7.05438, 12.1704, -5.25761],
							"size": [0.875, 0.5, 0.5],
							"pivot": [-6.61688, 12.4204, -5.00761],
							"rotation": [-17.5, 0, 0],
							"uv": {
								"north": {"uv": [0, 0], "uv_size": [16, 16]},
								"east": {"uv": [0, 0], "uv_size": [16, 16]},
								"south": {"uv": [0, 0], "uv_size": [16, 16]},
								"west": {"uv": [0, 0], "uv_size": [16, 16]},
								"up": {"uv": [16, 16], "uv_size": [-16, -16]},
								"down": {"uv": [16, 16], "uv_size": [-16, -16]}
							}
						},
						{
							"origin": [-4.57062, 12.1704, -5.25761],
							"size": [0.875, 0.5, 0.5],
							"pivot": [-4.13312, 12.4204, -5.00761],
							"rotation": [-17.5, 0, 0],
							"uv": {
								"north": {"uv": [0, 0], "uv_size": [16, 16]},
								"east": {"uv": [0, 0], "uv_size": [16, 16]},
								"south": {"uv": [0, 0], "uv_size": [16, 16]},
								"west": {"uv": [0, 0], "uv_size": [16, 16]},
								"up": {"uv": [16, 16], "uv_size": [-16, -16]},
								"down": {"uv": [16, 16], "uv_size": [-16, -16]}
							}
						},
						{
							"origin": [-4.57062, 13, -5.89905],
							"size": [0.875, 0.75, 2],
							"uv": {
								"north": {"uv": [0, 0], "uv_size": [16, 16]},
								"east": {"uv": [0, 0], "uv_size": [16, 16]},
								"south": {"uv": [0, 0], "uv_size": [16, 16]},
								"west": {"uv": [0, 0], "uv_size": [16, 16]},
								"up": {"uv": [16, 16], "uv_size": [-16, -16]},
								"down": {"uv": [16, 16], "uv_size": [-16, -16]}
							}
						},
						{
							"origin": [-5.04289, 13, -4.45711],
							"size": [0.75, 0.75, 2],
							"inflate": 0.008,
							"pivot": [-4.66789, 13.375, -3.45711],
							"rotation": [0, -45, 0],
							"uv": {
								"north": {"uv": [0, 0], "uv_size": [16, 16]},
								"east": {"uv": [0, 0], "uv_size": [16, 16]},
								"south": {"uv": [0, 0], "uv_size": [16, 16]},
								"west": {"uv": [0, 0], "uv_size": [16, 16]},
								"up": {"uv": [16, 16], "uv_size": [-16, -16]},
								"down": {"uv": [16, 16], "uv_size": [-16, -16]}
							}
						}
					]
				},
				{
					"name": "line",
					"parent": "slingshot",
					"pivot": [-5.375, 12.75, -5.125],
					"cubes": [
						{
							"origin": [-6.8125, 13, -5.125],
							"size": [2.875, 2.375, 0],
							"pivot": [-5.375, 14.1875, -5.125],
							"rotation": [0, 0, -90],
							"uv": {
								"north": {"uv": [0, 32], "uv_size": [32, -16]},
								"east": {"uv": [32, 32], "uv_size": [0, 0]},
								"south": {"uv": [32, 16], "uv_size": [-32, 16]},
								"west": {"uv": [32, 32], "uv_size": [0, 0]},
								"up": {"uv": [32, 32], "uv_size": [0, 0]},
								"down": {"uv": [32, 32], "uv_size": [0, 0]}
							}
						}
					]
				}
			]
		}
	]
}