{
	"format_version": "1.12.0",
	"minecraft:geometry": [
		{
			"description": {
				"identifier": "geometry.hook_main_hand",
				"texture_width": 64,
				"texture_height": 64,
				"visible_bounds_width": 3,
				"visible_bounds_height": 4.5,
				"visible_bounds_offset": [0, 0.75, 0]
			},
			"bones": [
				{
					"name": "root",
					"pivot": [0, 0, 0]
				},
				{
					"name": "tudo",
					"parent": "root",
					"pivot": [0, 12, 0]
				},
				{
					"name": "waist",
					"parent": "tudo",
					"pivot": [0, 12, 0]
				},
				{
					"name": "body",
					"parent": "waist",
					"pivot": [0, 24, 0]
				},
				{
					"name": "rightA",
					"parent": "body",
					"pivot": [-6, 24, 0]
				},
				{
					"name": "rightArm",
					"parent": "rightA",
					"pivot": [-5, 22, 0]
				},
				{
					"name": "rightArm2",
					"parent": "rightArm",
					"pivot": [-5, 18, 2]
				},
				{
					"name": "claws",
					"parent": "rightArm2",
					"pivot": [-6, 13, 0],
					"cubes": [
						{
							"origin": [-8.25, 11.5, -2.25],
							"size": [4.5, 4, 4.5],
							"uv": {
								"north": {"uv": [0, 0], "uv_size": [20, 20]},
								"east": {"uv": [0, 0], "uv_size": [20, 20]},
								"south": {"uv": [0, 0], "uv_size": [20, 20]},
								"west": {"uv": [0, 0], "uv_size": [20, 20]},
								"up": {"uv": [28, 8], "uv_size": [-8, -8]},
								"down": {"uv": [28, 8], "uv_size": [-8, -8]}
							}
						},
						{
							"origin": [-8.25, 7.5, -0.25],
							"size": [4.5, 4, 0],
							"uv": {
								"north": {"uv": [48, 16], "uv_size": [16, -16]},
								"east": {"uv": [0, 64], "uv_size": [0, 0]},
								"south": {"uv": [64, 16], "uv_size": [-16, -16]},
								"west": {"uv": [0, 64], "uv_size": [0, 0]},
								"up": {"uv": [0, 64], "uv_size": [0, 0]},
								"down": {"uv": [0, 64], "uv_size": [0, 0]}
							}
						}
					]
				}
			]
		}
	]
}