{
	"format_version": "1.12.0",
	"minecraft:geometry": [
		{
			"description": {
				"identifier": "geometry.katana_main_hand",
				"texture_width": 16,
				"texture_height": 16,
				"visible_bounds_width": 4,
				"visible_bounds_height": 3.5,
				"visible_bounds_offset": [0, 1.25, 0]
			},
			"bones": [
				{
					"name": "root",
					"pivot": [0, 0, 0]
				},
				{
					"name": "tudo",
					"parent": "root",
					"pivot": [0, 12, 0]
				},
				{
					"name": "waist",
					"parent": "tudo",
					"pivot": [0, 12, 0]
				},
				{
					"name": "body",
					"parent": "waist",
					"pivot": [0, 24, 0]
				},
				{
					"name": "sheath",
					"parent": "body",
					"pivot": [-4, 12, 0],
					"rotation": [0, -2.5, 0]
				},
				{
					"name": "sheath1",
					"parent": "sheath",
					"pivot": [-5.5, 12.5, -3.5],
					"rotation": [-2, 10, 0],
					"cubes": [
						{
							"origin": [-9.33682, 12.14218, -0.7579],
							"size": [7.5, 0.75, 2],
							"inflate": 0.05,
							"pivot": [-5.58682, 12.51718, 0.2421],
							"rotation": [0, 90, 90],
							"uv": {
								"north": {"uv": [10.5, 2.25], "uv_size": [5.5, -0.25]},
								"east": {"uv": [10.75, 2], "uv_size": [-0.25, 2]},
								"south": {"uv": [16, 3.75], "uv_size": [-5.5, 0.25]},
								"west": {"uv": [16, 2], "uv_size": [-0.25, 2]},
								"up": {"uv": [10.5, 4], "uv_size": [5.5, -2]},
								"down": {"uv": [10.5, 2], "uv_size": [5.5, 2]}
							}
						},
						{
							"origin": [-9.58682, 12.14218, 6.9921],
							"size": [8, 0.75, 2],
							"inflate": 0.05,
							"pivot": [-5.58682, 12.51718, 7.9921],
							"rotation": [0, 90, 90],
							"uv": {
								"north": {"uv": [5.5, 2], "uv_size": [5, 0.25]},
								"east": {"uv": [5.75, 2], "uv_size": [-0.25, 2]},
								"south": {"uv": [10.5, 3.75], "uv_size": [-5, 0.25]},
								"west": {"uv": [10.5, 2], "uv_size": [-0.25, 2]},
								"up": {"uv": [5.5, 4], "uv_size": [5, -2]},
								"down": {"uv": [5.5, 2], "uv_size": [5, 2]}
							}
						},
						{
							"origin": [-9.58682, 12.14218, 14.9921],
							"size": [8, 0.75, 2],
							"inflate": 0.05,
							"pivot": [-5.58682, 12.51718, 15.9921],
							"rotation": [0, 90, 90],
							"uv": {
								"north": {"uv": [0, 2.25], "uv_size": [5.5, -0.25]},
								"east": {"uv": [0.25, 2], "uv_size": [-0.25, 2]},
								"south": {"uv": [5.5, 3.75], "uv_size": [-5.5, 0.25]},
								"west": {"uv": [5.5, 2], "uv_size": [-0.25, 2]},
								"up": {"uv": [0, 4], "uv_size": [5.5, -2]},
								"down": {"uv": [0, 2], "uv_size": [5.5, 2]}
							}
						}
					]
				},
				{
					"name": "2cable",
					"parent": "sheath1",
					"pivot": [-5.58682, 12.51718, -4.69597],
					"cubes": [
						{
							"origin": [-8.08682, 10.01718, -3.7579],
							"size": [5, 5, 0],
							"pivot": [-5.58682, 12.51718, -3.7579],
							"rotation": [-180, 0, 180],
							"uv": {
								"north": {"uv": [10, 4], "uv_size": [6, 6]},
								"east": {"uv": [16, 16], "uv_size": [0, 0]},
								"south": {"uv": [16, 16], "uv_size": [0, 0]},
								"west": {"uv": [16, 16], "uv_size": [0, 0]},
								"up": {"uv": [16, 16], "uv_size": [0, 0]},
								"down": {"uv": [16, 16], "uv_size": [0, 0]}
							}
						},
						{
							"origin": [-8.08682, 10.01718, -3.7579],
							"size": [5, 5, 0],
							"pivot": [-5.58682, 12.51718, -3.7579],
							"rotation": [-179, 0, 180],
							"uv": {
								"north": {"uv": [10, 4], "uv_size": [6, 6]},
								"east": {"uv": [16, 16], "uv_size": [0, 0]},
								"south": {"uv": [16, 16], "uv_size": [0, 0]},
								"west": {"uv": [16, 16], "uv_size": [0, 0]},
								"up": {"uv": [16, 16], "uv_size": [0, 0]},
								"down": {"uv": [16, 16], "uv_size": [0, 0]}
							}
						},
						{
							"origin": [-8.08682, 10.01718, -3.7579],
							"size": [5, 5, 0],
							"pivot": [-5.58682, 12.51718, -3.7579],
							"rotation": [179, 0, 180],
							"uv": {
								"north": {"uv": [10, 4], "uv_size": [6, 6]},
								"east": {"uv": [16, 16], "uv_size": [0, 0]},
								"south": {"uv": [16, 16], "uv_size": [0, 0]},
								"west": {"uv": [16, 16], "uv_size": [0, 0]},
								"up": {"uv": [16, 16], "uv_size": [0, 0]},
								"down": {"uv": [16, 16], "uv_size": [0, 0]}
							}
						},
						{
							"origin": [-9.58682, 12.14218, -8.5079],
							"size": [8, 0.75, 2],
							"inflate": 0.05,
							"pivot": [-5.58682, 12.51718, -7.5079],
							"rotation": [0, 90, 90],
							"uv": {
								"north": {"uv": [8, 4], "uv_size": [-8, 0.25]},
								"east": {"uv": [7.75, 4], "uv_size": [0.25, 2]},
								"south": {"uv": [0, 5.75], "uv_size": [8, 0.25]},
								"west": {"uv": [0, 4], "uv_size": [0.25, 2]},
								"up": {"uv": [8, 6], "uv_size": [-8, -2]},
								"down": {"uv": [8, 4], "uv_size": [-8, 2]}
							}
						}
					]
				},
				{
					"name": "rightA",
					"parent": "body",
					"pivot": [-6, 24, 0]
				},
				{
					"name": "rightArm",
					"parent": "rightA",
					"pivot": [-5, 22, 0]
				},
				{
					"name": "rightArm2",
					"parent": "rightArm",
					"pivot": [-5, 18, 2]
				},
				{
					"name": "katana",
					"parent": "rightArm2",
					"pivot": [-5, 13.5, 0]
				},
				{
					"name": "blade",
					"parent": "katana",
					"pivot": [-5.125, 13.51786, -20.98214],
					"cubes": [
						{
							"origin": [-9.125, 13.375, -15.5],
							"size": [8, 0.25, 2],
							"pivot": [-5.125, 13.5, -14.5],
							"rotation": [0, -90, -90],
							"uv": {
								"north": {"uv": [8, 0], "uv_size": [-8, 0.25]},
								"east": {"uv": [7.75, 0], "uv_size": [0.25, 2]},
								"south": {"uv": [0, 1.75], "uv_size": [8, 0.25]},
								"west": {"uv": [0, 0], "uv_size": [0.25, 2]},
								"up": {"uv": [8, 2], "uv_size": [-8, -2]},
								"down": {"uv": [8, 0], "uv_size": [-8, 2]}
							}
						},
						{
							"origin": [-9.25, 13.375, -8.125],
							"size": [8, 0.25, 2],
							"pivot": [-5.125, 13.5, -7.125],
							"rotation": [0, 90, -90],
							"uv": {
								"north": {"uv": [8, 1.75], "uv_size": [-8, 0.25]},
								"east": {"uv": [7.75, 2], "uv_size": [0.25, -2]},
								"south": {"uv": [0, 0], "uv_size": [8, 0.25]},
								"west": {"uv": [0, 2], "uv_size": [0.25, -2]},
								"up": {"uv": [8, 0], "uv_size": [-8, 2]},
								"down": {"uv": [8, 2], "uv_size": [-8, -2]}
							}
						},
						{
							"origin": [-8.5, 13.375, -22.875],
							"size": [6.75, 0.25, 2],
							"pivot": [-5.125, 13.5, -21.875],
							"rotation": [0, -90, -90],
							"uv": {
								"north": {"uv": [14.75, 0], "uv_size": [-6.75, 0.25]},
								"east": {"uv": [14.5, 0], "uv_size": [0.25, 2]},
								"south": {"uv": [8, 1.75], "uv_size": [6.75, 0.25]},
								"west": {"uv": [8, 0], "uv_size": [0.25, 2]},
								"up": {"uv": [14.75, 2], "uv_size": [-6.75, -2]},
								"down": {"uv": [14.75, 0], "uv_size": [-6.75, 2]}
							}
						},
						{
							"origin": [-5.625, 13.75, -26.375],
							"size": [1, 0.25, 1.25],
							"pivot": [-5.125, 13.875, -25.75],
							"rotation": [0, -90, -90],
							"uv": {
								"north": {"uv": [15.75, 0], "uv_size": [-1, 0.25]},
								"east": {"uv": [15.5, 0], "uv_size": [0.25, 1.25]},
								"south": {"uv": [14.75, 1], "uv_size": [1, 0.25]},
								"west": {"uv": [14.75, 0], "uv_size": [0.25, 1.25]},
								"up": {"uv": [15.75, 1.25], "uv_size": [-1, -1.25]},
								"down": {"uv": [15.75, 0], "uv_size": [-1, 1.25]}
							}
						},
						{
							"origin": [-5.25, 14, -26.75],
							"size": [0.25, 0.25, 0.75],
							"pivot": [-5.125, 14.125, -26.375],
							"rotation": [0, -90, -90],
							"uv": {
								"north": {"uv": [16, 0], "uv_size": [-0.25, 0.25]},
								"east": {"uv": [15.75, 0], "uv_size": [0.25, 0.75]},
								"south": {"uv": [15.75, 0.5], "uv_size": [0.25, 0.25]},
								"west": {"uv": [15.75, 0], "uv_size": [0.25, 0.75]},
								"up": {"uv": [16, 0.75], "uv_size": [-0.25, -0.75]},
								"down": {"uv": [16, 0], "uv_size": [-0.25, 0.75]}
							}
						},
						{
							"origin": [-5.375, 12.875, -25.75],
							"size": [0.5, 0.25, 0.5],
							"pivot": [-5.125, 13, -25.5],
							"rotation": [0, -90, -90],
							"uv": {
								"north": {"uv": [15.25, 1.25], "uv_size": [-0.5, 0.25]},
								"east": {"uv": [15, 1.25], "uv_size": [0.25, 0.5]},
								"south": {"uv": [14.75, 1.5], "uv_size": [0.5, 0.25]},
								"west": {"uv": [14.75, 1.25], "uv_size": [0.25, 0.5]},
								"up": {"uv": [15.25, 1.75], "uv_size": [-0.5, -0.5]},
								"down": {"uv": [15.25, 1.25], "uv_size": [-0.5, 0.5]}
							}
						},
						{
							"origin": [-5.25, 13, -26],
							"size": [0.25, 0.25, 0.25],
							"pivot": [-5.125, 13.125, -25.875],
							"rotation": [0, -90, -90],
							"uv": {
								"north": {"uv": [15.5, 1.25], "uv_size": [-0.25, 0.25]},
								"east": {"uv": [15.25, 1.25], "uv_size": [0.25, 0.25]},
								"south": {"uv": [15.25, 1.25], "uv_size": [0.25, 0.25]},
								"west": {"uv": [15.25, 1.25], "uv_size": [0.25, 0.25]},
								"up": {"uv": [15.5, 1.5], "uv_size": [-0.25, -0.25]},
								"down": {"uv": [15.5, 1.25], "uv_size": [-0.25, 0.25]}
							}
						}
					],
					"locators": {
						"blade1": [-5, 14, -26],
						"blade2": [-5, 14, -20],
						"blade3": [-5, 14, -14],
						"blade4": [-5, 14, -8]
					}
				},
				{
					"name": "special_blade",
					"parent": "blade",
					"pivot": [-5, 13.5, 0]
				},
				{
					"name": "cable",
					"parent": "katana",
					"pivot": [-5.125, 13.5, -2.75],
					"cubes": [
						{
							"origin": [-7.625, 11, -2.75],
							"size": [5, 5, 0],
							"uv": {
								"north": {"uv": [10, 4], "uv_size": [6, 6]},
								"east": {"uv": [16, 16], "uv_size": [0, 0]},
								"south": {"uv": [16, 16], "uv_size": [0, 0]},
								"west": {"uv": [16, 16], "uv_size": [0, 0]},
								"up": {"uv": [16, 16], "uv_size": [0, 0]},
								"down": {"uv": [16, 16], "uv_size": [0, 0]}
							}
						},
						{
							"origin": [-7.625, 11, -2.75],
							"size": [5, 5, 0],
							"pivot": [-5.125, 13.5, -2.75],
							"rotation": [-1, 0, 0],
							"uv": {
								"north": {"uv": [10, 4], "uv_size": [6, 6]},
								"east": {"uv": [16, 16], "uv_size": [0, 0]},
								"south": {"uv": [16, 16], "uv_size": [0, 0]},
								"west": {"uv": [16, 16], "uv_size": [0, 0]},
								"up": {"uv": [16, 16], "uv_size": [0, 0]},
								"down": {"uv": [16, 16], "uv_size": [0, 0]}
							}
						},
						{
							"origin": [-7.625, 11, -2.75],
							"size": [5, 5, 0],
							"pivot": [-5.125, 13.5, -2.75],
							"rotation": [1, 0, 0],
							"uv": {
								"north": {"uv": [10, 4], "uv_size": [6, 6]},
								"east": {"uv": [16, 16], "uv_size": [0, 0]},
								"south": {"uv": [16, 16], "uv_size": [0, 0]},
								"west": {"uv": [16, 16], "uv_size": [0, 0]},
								"up": {"uv": [16, 16], "uv_size": [0, 0]},
								"down": {"uv": [16, 16], "uv_size": [0, 0]}
							}
						},
						{
							"origin": [-9.125, 13.125, 0],
							"size": [8, 0.75, 2],
							"inflate": 0.01,
							"pivot": [-5.125, 13.5, 1],
							"rotation": [0, -90, -90],
							"uv": {
								"north": {"uv": [8, 4], "uv_size": [-8, 0.25]},
								"east": {"uv": [7.75, 4], "uv_size": [0.25, 2]},
								"south": {"uv": [0, 5.75], "uv_size": [8, 0.25]},
								"west": {"uv": [0, 4], "uv_size": [0.25, 2]},
								"up": {"uv": [8, 6], "uv_size": [-8, -2]},
								"down": {"uv": [8, 4], "uv_size": [-8, 2]}
							}
						}
					]
				},
				{
					"name": "haki_katana",
					"parent": "katana",
					"pivot": [-5.125, 13.5, -14.75],
					"cubes": [
						{
							"origin": [-5.125, 11, -26.25],
							"size": [0, 5, 23],
							"uv": {
								"north": {"uv": [16, 16], "uv_size": [0, 0]},
								"east": {"uv": [16, 11.5], "uv_size": [-16, 4.5]},
								"south": {"uv": [16, 16], "uv_size": [0, 0]},
								"west": {"uv": [0, 11.5], "uv_size": [16, 4.5]},
								"up": {"uv": [16, 16], "uv_size": [0, 0]},
								"down": {"uv": [16, 16], "uv_size": [0, 0]}
							}
						},
						{
							"origin": [-5.125, 11, -26.25],
							"size": [0, 5, 23],
							"pivot": [-5.125, 13.5, -14.75],
							"rotation": [0, 0, 90],
							"uv": {
								"north": {"uv": [16, 16], "uv_size": [0, 0]},
								"east": {"uv": [16, 11.5], "uv_size": [-16, 4.5]},
								"south": {"uv": [16, 16], "uv_size": [0, 0]},
								"west": {"uv": [0, 11.5], "uv_size": [16, 4.5]},
								"up": {"uv": [16, 16], "uv_size": [0, 0]},
								"down": {"uv": [16, 16], "uv_size": [0, 0]}
							}
						}
					]
				}
			]
		}
	]
}