{
	"format_version": "1.12.0",
	"minecraft:geometry": [
		{
			"description": {
				"identifier": "geometry.katana_special_off",
				"texture_width": 16,
				"texture_height": 16,
				"visible_bounds_width": 4,
				"visible_bounds_height": 3.5,
				"visible_bounds_offset": [0, 1.25, 0]
			},
			"bones": [
				{
					"name": "root",
					"pivot": [0, 0, 0]
				},
				{
					"name": "tudo",
					"parent": "root",
					"pivot": [0, 12, 0]
				},
				{
					"name": "waist",
					"parent": "tudo",
					"pivot": [0, 12, 0]
				},
				{
					"name": "body",
					"parent": "waist",
					"pivot": [0, 24, 0]
				},
				{
					"name": "leftA",
					"parent": "body",
					"pivot": [6, 24, 0]
				},
				{
					"name": "lefttArm",
					"parent": "leftA",
					"pivot": [5, 22, 0]
				},
				{
					"name": "leftArm2",
					"parent": "leftArm",
					"pivot": [5, 18, 2]
				},
				{
					"name": "katana2",
					"parent": "leftArm2",
					"pivot": [5, 13.5, 0]
				},
				{
					"name": "blade2",
					"parent": "katana2",
					"pivot": [5, -4.5, -8.5]
				},
				{
					"name": "special_blade2",
					"parent": "blade2",
					"pivot": [5, 13.5, 0],
					"cubes": [
						{
							"origin": [5.125, 14.5, -26.25],
							"size": [0, 23, 23],
							"inflate": 0.01,
							"uv": {
								"north": {"uv": [16, 16], "uv_size": [0, 0]},
								"east": {"uv": [16, 0], "uv_size": [-16, 16]},
								"south": {"uv": [16, 16], "uv_size": [0, 0]},
								"west": {"uv": [0, 0], "uv_size": [16, 16]},
								"up": {"uv": [16, 16], "uv_size": [0, 0]},
								"down": {"uv": [16, 16], "uv_size": [0, 0]}
							}
						}
					]
				}
			]
		}
	]
}