{
	"format_version": "1.12.0",
	"minecraft:geometry": [
		{
			"description": {
				"identifier": "geometry.katana_off_hand",
				"texture_width": 16,
				"texture_height": 16,
				"visible_bounds_width": 4,
				"visible_bounds_height": 3.5,
				"visible_bounds_offset": [0, 1.25, 0]
			},
			"bones": [
				{
					"name": "root",
					"pivot": [0, 0, 0]
				},
				{
					"name": "tudo",
					"parent": "root",
					"pivot": [0, 12, 0]
				},
				{
					"name": "waist",
					"parent": "tudo",
					"pivot": [0, 12, 0]
				},
				{
					"name": "body",
					"parent": "waist",
					"pivot": [0, 24, 0]
				},
				{
					"name": "sheath",
					"parent": "body",
					"pivot": [-4, 12, 0],
					"rotation": [0, -2.5, 0]
				},
				{
					"name": "sheath2",
					"parent": "sheath",
					"pivot": [-4, 11, -3.5],
					"rotation": [7.5, -2.5, 0],
					"cubes": [
						{
							"origin": [-7.75, 10.55974, -0.75428],
							"size": [7.5, 0.75, 2],
							"inflate": 0.05,
							"pivot": [-4, 10.93474, 0.24572],
							"rotation": [0, 90, 90],
							"uv": {
								"north": {"uv": [10.5, 2.25], "uv_size": [5.5, -0.25]},
								"east": {"uv": [8.75, 2], "uv_size": [-0.25, 2]},
								"south": {"uv": [16, 3.75], "uv_size": [-5.5, 0.25]},
								"west": {"uv": [16, 2], "uv_size": [-0.25, 2]},
								"up": {"uv": [10.5, 4], "uv_size": [5.5, -2]},
								"down": {"uv": [10.5, 2], "uv_size": [5.5, 2]}
							}
						},
						{
							"origin": [-8, 10.55974, 6.99572],
							"size": [8, 0.75, 2],
							"inflate": 0.05,
							"pivot": [-4, 10.93474, 7.99572],
							"rotation": [0, 90, 90],
							"uv": {
								"north": {"uv": [10.5, 2], "uv_size": [-5, 0.25]},
								"east": {"uv": [7.25, 2], "uv_size": [-0.25, 2]},
								"south": {"uv": [10.5, 3.75], "uv_size": [-5, 0.25]},
								"west": {"uv": [10.5, 2], "uv_size": [-0.25, 2]},
								"up": {"uv": [5.5, 4], "uv_size": [5, -2]},
								"down": {"uv": [5.5, 2], "uv_size": [5, 2]}
							}
						},
						{
							"origin": [-8, 10.55974, 14.99572],
							"size": [8, 0.75, 2],
							"inflate": 0.05,
							"pivot": [-4, 10.93474, 15.99572],
							"rotation": [0, 90, 90],
							"uv": {
								"north": {"uv": [0, 2.25], "uv_size": [5.5, -0.25]},
								"east": {"uv": [0.25, 2], "uv_size": [-0.25, 2]},
								"south": {"uv": [5.5, 3.75], "uv_size": [-5.5, 0.25]},
								"west": {"uv": [8, 2], "uv_size": [-0.25, 2]},
								"up": {"uv": [0, 4], "uv_size": [5.5, -2]},
								"down": {"uv": [0, 2], "uv_size": [5.5, 2]}
							}
						}
					]
				},
				{
					"name": "2cable2",
					"parent": "sheath2",
					"pivot": [-4, 10.93474, -4.69235],
					"cubes": [
						{
							"origin": [-6.5, 8.43474, -3.75428],
							"size": [5, 5, 0],
							"pivot": [-4, 10.93474, -3.75428],
							"rotation": [-180, 0, 180],
							"uv": {
								"north": {"uv": [10, 4], "uv_size": [6, 6]},
								"east": {"uv": [16, 16], "uv_size": [0, 0]},
								"south": {"uv": [16, 16], "uv_size": [0, 0]},
								"west": {"uv": [16, 16], "uv_size": [0, 0]},
								"up": {"uv": [16, 16], "uv_size": [0, 0]},
								"down": {"uv": [16, 16], "uv_size": [0, 0]}
							}
						},
						{
							"origin": [-6.5, 8.43474, -3.75428],
							"size": [5, 5, 0],
							"pivot": [-4, 10.93474, -3.75428],
							"rotation": [-179, 0, 180],
							"uv": {
								"north": {"uv": [10, 4], "uv_size": [6, 6]},
								"east": {"uv": [16, 16], "uv_size": [0, 0]},
								"south": {"uv": [16, 16], "uv_size": [0, 0]},
								"west": {"uv": [16, 16], "uv_size": [0, 0]},
								"up": {"uv": [16, 16], "uv_size": [0, 0]},
								"down": {"uv": [16, 16], "uv_size": [0, 0]}
							}
						},
						{
							"origin": [-6.5, 8.43474, -3.75428],
							"size": [5, 5, 0],
							"pivot": [-4, 10.93474, -3.75428],
							"rotation": [179, 0, 180],
							"uv": {
								"north": {"uv": [10, 4], "uv_size": [6, 6]},
								"east": {"uv": [16, 16], "uv_size": [0, 0]},
								"south": {"uv": [16, 16], "uv_size": [0, 0]},
								"west": {"uv": [16, 16], "uv_size": [0, 0]},
								"up": {"uv": [16, 16], "uv_size": [0, 0]},
								"down": {"uv": [16, 16], "uv_size": [0, 0]}
							}
						},
						{
							"origin": [-8, 10.05974, -9.00428],
							"size": [8, 0.75, 2],
							"inflate": 0.05,
							"pivot": [-4, 10.43474, -7.50428],
							"rotation": [0, 90, 90],
							"uv": {
								"north": {"uv": [8, 4], "uv_size": [-8, 0.25]},
								"east": {"uv": [7.75, 4], "uv_size": [0.25, 2]},
								"south": {"uv": [0, 5.75], "uv_size": [8, 0.25]},
								"west": {"uv": [0, 4], "uv_size": [0.25, 2]},
								"up": {"uv": [8, 6], "uv_size": [-8, -2]},
								"down": {"uv": [8, 4], "uv_size": [-8, 2]}
							}
						}
					]
				},
				{
					"name": "leftA",
					"parent": "body",
					"pivot": [6, 24, 0]
				},
				{
					"name": "leftArm",
					"parent": "leftA",
					"pivot": [5, 22, 0]
				},
				{
					"name": "leftArm2",
					"parent": "leftArm",
					"pivot": [5, 18, 2]
				},
				{
					"name": "katana2",
					"parent": "leftArm2",
					"pivot": [5, 13.5, 0]
				},
				{
					"name": "blade2",
					"parent": "katana2",
					"pivot": [5.125, 13.51786, -20.98214],
					"cubes": [
						{
							"origin": [1.125, 13.375, -15.5],
							"size": [8, 0.25, 2],
							"pivot": [5.125, 13.5, -14.5],
							"rotation": [0, 90, 90],
							"uv": {
								"north": {"uv": [0, 0], "uv_size": [8, 0.25]},
								"east": {"uv": [0.25, 0], "uv_size": [-0.25, 2]},
								"south": {"uv": [8, 1.75], "uv_size": [-8, 0.25]},
								"west": {"uv": [8, 0], "uv_size": [-0.25, 2]},
								"up": {"uv": [0, 2], "uv_size": [8, -2]},
								"down": {"uv": [0, 0], "uv_size": [8, 2]}
							}
						},
						{
							"origin": [1.25, 13.375, -8.125],
							"size": [8, 0.25, 2],
							"pivot": [5.125, 13.5, -7.125],
							"rotation": [0, -90, 90],
							"uv": {
								"north": {"uv": [0, 1.75], "uv_size": [8, 0.25]},
								"east": {"uv": [0.25, 2], "uv_size": [-0.25, -2]},
								"south": {"uv": [8, 0], "uv_size": [-8, 0.25]},
								"west": {"uv": [8, 2], "uv_size": [-0.25, -2]},
								"up": {"uv": [0, 0], "uv_size": [8, 2]},
								"down": {"uv": [0, 2], "uv_size": [8, -2]}
							}
						},
						{
							"origin": [1.75, 13.375, -22.875],
							"size": [6.75, 0.25, 2],
							"pivot": [5.125, 13.5, -21.875],
							"rotation": [0, 90, 90],
							"uv": {
								"north": {"uv": [8, 0], "uv_size": [6.75, 0.25]},
								"east": {"uv": [8.25, 0], "uv_size": [-0.25, 4]},
								"south": {"uv": [14.75, 1.75], "uv_size": [-6.75, 0.25]},
								"west": {"uv": [14.75, 0], "uv_size": [-0.25, 2]},
								"up": {"uv": [8, 2], "uv_size": [6.75, -2]},
								"down": {"uv": [8, 0], "uv_size": [6.75, 2]}
							}
						},
						{
							"origin": [4.625, 13.75, -26.375],
							"size": [1, 0.25, 1.25],
							"pivot": [5.125, 13.875, -25.75],
							"rotation": [0, 90, 90],
							"uv": {
								"north": {"uv": [14.75, 0], "uv_size": [1, 0.25]},
								"east": {"uv": [15, 0], "uv_size": [-0.25, 1.25]},
								"south": {"uv": [15.75, 1], "uv_size": [-1, 0.25]},
								"west": {"uv": [15.75, 0], "uv_size": [-0.25, 1.25]},
								"up": {"uv": [14.75, 1.25], "uv_size": [1, -1.25]},
								"down": {"uv": [14.75, 0], "uv_size": [1, 1.25]}
							}
						},
						{
							"origin": [5, 14, -26.75],
							"size": [0.25, 0.25, 0.75],
							"pivot": [5.125, 14.125, -26.375],
							"rotation": [0, 90, 90],
							"uv": {
								"north": {"uv": [15.75, 0], "uv_size": [0.25, 0.25]},
								"east": {"uv": [16, 0], "uv_size": [-0.25, 0.75]},
								"south": {"uv": [16, 0.5], "uv_size": [-0.25, 0.25]},
								"west": {"uv": [16, 0], "uv_size": [-0.25, 0.75]},
								"up": {"uv": [15.75, 0.75], "uv_size": [0.25, -0.75]},
								"down": {"uv": [15.75, 0], "uv_size": [0.25, 0.75]}
							}
						},
						{
							"origin": [4.875, 12.875, -25.75],
							"size": [0.5, 0.25, 0.5],
							"pivot": [5.125, 13, -25.5],
							"rotation": [0, 90, 90],
							"uv": {
								"north": {"uv": [14.75, 1.25], "uv_size": [0.5, 0.25]},
								"east": {"uv": [15, 1.25], "uv_size": [-0.25, 0.5]},
								"south": {"uv": [15.25, 1.5], "uv_size": [-0.5, 0.25]},
								"west": {"uv": [15.25, 1.25], "uv_size": [-0.25, 0.5]},
								"up": {"uv": [14.75, 1.75], "uv_size": [0.5, -0.5]},
								"down": {"uv": [14.75, 1.25], "uv_size": [0.5, 0.5]}
							}
						},
						{
							"origin": [5, 13, -26],
							"size": [0.25, 0.25, 0.25],
							"pivot": [5.125, 13.125, -25.875],
							"rotation": [0, 90, 90],
							"uv": {
								"north": {"uv": [15.25, 1.25], "uv_size": [0.25, 0.25]},
								"east": {"uv": [15.5, 1.25], "uv_size": [-0.25, 0.25]},
								"south": {"uv": [15.5, 1.25], "uv_size": [-0.25, 0.25]},
								"west": {"uv": [15.5, 1.25], "uv_size": [-0.25, 0.25]},
								"up": {"uv": [15.25, 1.5], "uv_size": [0.25, -0.25]},
								"down": {"uv": [15.25, 1.25], "uv_size": [0.25, 0.25]}
							}
						}
					],
					"locators": {
						"blade1": [5, 14, -26],
						"blade2": [5, 14, -20],
						"blade3": [5, 14, -14],
						"blade4": [5, 14, -8]
					}
				},
				{
					"name": "special_blade2",
					"parent": "blade2",
					"pivot": [5, 13.5, 0]
				},
				{
					"name": "cable2",
					"parent": "katana2",
					"pivot": [5.125, 13.5, -2.75],
					"cubes": [
						{
							"origin": [2.625, 11, -2.75],
							"size": [5, 5, 0],
							"uv": {
								"north": {"uv": [16, 4], "uv_size": [-6, 6]},
								"east": {"uv": [16, 16], "uv_size": [0, 0]},
								"south": {"uv": [16, 16], "uv_size": [0, 0]},
								"west": {"uv": [16, 16], "uv_size": [0, 0]},
								"up": {"uv": [16, 16], "uv_size": [0, 0]},
								"down": {"uv": [16, 16], "uv_size": [0, 0]}
							}
						},
						{
							"origin": [2.625, 11, -2.75],
							"size": [5, 5, 0],
							"pivot": [5.125, 13.5, -2.75],
							"rotation": [-1, 0, 0],
							"uv": {
								"north": {"uv": [16, 4], "uv_size": [-6, 6]},
								"east": {"uv": [16, 16], "uv_size": [0, 0]},
								"south": {"uv": [16, 16], "uv_size": [0, 0]},
								"west": {"uv": [16, 16], "uv_size": [0, 0]},
								"up": {"uv": [16, 16], "uv_size": [0, 0]},
								"down": {"uv": [16, 16], "uv_size": [0, 0]}
							}
						},
						{
							"origin": [2.625, 11, -2.75],
							"size": [5, 5, 0],
							"pivot": [5.125, 13.5, -2.75],
							"rotation": [1, 0, 0],
							"uv": {
								"north": {"uv": [16, 4], "uv_size": [-6, 6]},
								"east": {"uv": [16, 16], "uv_size": [0, 0]},
								"south": {"uv": [16, 16], "uv_size": [0, 0]},
								"west": {"uv": [16, 16], "uv_size": [0, 0]},
								"up": {"uv": [16, 16], "uv_size": [0, 0]},
								"down": {"uv": [16, 16], "uv_size": [0, 0]}
							}
						},
						{
							"origin": [1.125, 13.125, 0],
							"size": [8, 0.75, 2],
							"inflate": 0.01,
							"pivot": [5.125, 13.5, 1],
							"rotation": [0, 90, 90],
							"uv": {
								"north": {"uv": [0, 4], "uv_size": [8, 0.25]},
								"east": {"uv": [0.25, 4], "uv_size": [-0.25, 2]},
								"south": {"uv": [8, 5.75], "uv_size": [-8, 0.25]},
								"west": {"uv": [8, 4], "uv_size": [-0.25, 2]},
								"up": {"uv": [0, 6], "uv_size": [8, -2]},
								"down": {"uv": [0, 4], "uv_size": [8, 2]}
							}
						}
					]
				},
				{
					"name": "haki_katana2",
					"parent": "katana2",
					"pivot": [5.125, 13.5, -14.75],
					"cubes": [
						{
							"origin": [5.125, 11, -26.25],
							"size": [0, 5, 23],
							"uv": {
								"north": {"uv": [16, 16], "uv_size": [0, 0]},
								"east": {"uv": [16, 11.5], "uv_size": [-16, 4.5]},
								"south": {"uv": [16, 16], "uv_size": [0, 0]},
								"west": {"uv": [0, 11.5], "uv_size": [16, 4.5]},
								"up": {"uv": [16, 16], "uv_size": [0, 0]},
								"down": {"uv": [16, 16], "uv_size": [0, 0]}
							}
						},
						{
							"origin": [5.125, 11, -26.25],
							"size": [0, 5, 23],
							"pivot": [5.125, 13.5, -14.75],
							"rotation": [0, 0, -90],
							"uv": {
								"north": {"uv": [16, 16], "uv_size": [0, 0]},
								"east": {"uv": [16, 11.5], "uv_size": [-16, 4.5]},
								"south": {"uv": [16, 16], "uv_size": [0, 0]},
								"west": {"uv": [0, 11.5], "uv_size": [16, 4.5]},
								"up": {"uv": [16, 16], "uv_size": [0, 0]},
								"down": {"uv": [16, 16], "uv_size": [0, 0]}
							}
						}
					]
				}
			]
		}
	]
}