{
	"format_version": "1.12.0",
	"minecraft:geometry": [
		{
			"description": {
				"identifier": "geometry.katana_head",
				"texture_width": 16,
				"texture_height": 16,
				"visible_bounds_width": 4,
				"visible_bounds_height": 3.5,
				"visible_bounds_offset": [0, 1.25, 0]
			},
			"bones": [
				{
					"name": "root",
					"pivot": [0, 0, 0]
				},
				{
					"name": "tudo",
					"parent": "root",
					"pivot": [0, 12, 0]
				},
				{
					"name": "waist",
					"parent": "tudo",
					"pivot": [0, 12, 0]
				},
				{
					"name": "body",
					"parent": "waist",
					"pivot": [0, 24, 0]
				},
				{
					"name": "head",
					"parent": "body",
					"pivot": [0, 24, 0]
				},
				{
					"name": "katana3",
					"parent": "head",
					"pivot": [2, 24.5, -4],
					"rotation": [-90, -12.5, 90]
				},
				{
					"name": "blade3",
					"parent": "katana3",
					"pivot": [2, 6.5, -12.5],
					"cubes": [
						{
							"origin": [-2.125, 24.375, -19.5],
							"size": [8, 0.25, 2],
							"pivot": [1.875, 24.5, -18.5],
							"rotation": [0, -90, -90],
							"uv": {
								"north": {"uv": [8, 0], "uv_size": [-8, 0.25]},
								"east": {"uv": [7.75, 0], "uv_size": [0.25, 2]},
								"south": {"uv": [0, 1.75], "uv_size": [8, 0.25]},
								"west": {"uv": [0, 0], "uv_size": [0.25, 2]},
								"up": {"uv": [8, 2], "uv_size": [-8, -2]},
								"down": {"uv": [8, 0], "uv_size": [-8, 2]}
							}
						},
						{
							"origin": [-2.25, 24.375, -12.125],
							"size": [8, 0.25, 2],
							"pivot": [1.875, 24.5, -11.125],
							"rotation": [0, 90, -90],
							"uv": {
								"north": {"uv": [8, 1.75], "uv_size": [-8, 0.25]},
								"east": {"uv": [7.75, 2], "uv_size": [0.25, -2]},
								"south": {"uv": [0, 0], "uv_size": [8, 0.25]},
								"west": {"uv": [0, 2], "uv_size": [0.25, -2]},
								"up": {"uv": [8, 0], "uv_size": [-8, 2]},
								"down": {"uv": [8, 2], "uv_size": [-8, -2]}
							}
						},
						{
							"origin": [-1.5, 24.375, -26.875],
							"size": [6.75, 0.25, 2],
							"pivot": [1.875, 24.5, -25.875],
							"rotation": [0, -90, -90],
							"uv": {
								"north": {"uv": [14.75, 0], "uv_size": [-6.75, 0.25]},
								"east": {"uv": [14.5, 0], "uv_size": [0.25, 2]},
								"south": {"uv": [8, 1.75], "uv_size": [6.75, 0.25]},
								"west": {"uv": [8, 0], "uv_size": [0.25, 4]},
								"up": {"uv": [14.75, 2], "uv_size": [-6.75, -2]},
								"down": {"uv": [14.75, 0], "uv_size": [-6.75, 2]}
							}
						},
						{
							"origin": [1.375, 24.75, -30.375],
							"size": [1, 0.25, 1.25],
							"pivot": [1.875, 24.875, -29.75],
							"rotation": [0, -90, -90],
							"uv": {
								"north": {"uv": [15.75, 0], "uv_size": [-1, 0.25]},
								"east": {"uv": [15.5, 0], "uv_size": [0.25, 1.25]},
								"south": {"uv": [14.75, 1], "uv_size": [1, 0.25]},
								"west": {"uv": [14.75, 0], "uv_size": [0.25, 1.25]},
								"up": {"uv": [15.75, 1.25], "uv_size": [-1, -1.25]},
								"down": {"uv": [15.75, 0], "uv_size": [-1, 1.25]}
							}
						},
						{
							"origin": [1.75, 25, -30.75],
							"size": [0.25, 0.25, 0.75],
							"pivot": [1.875, 25.125, -30.375],
							"rotation": [0, -90, -90],
							"uv": {
								"north": {"uv": [16, 0], "uv_size": [-0.25, 0.25]},
								"east": {"uv": [15.75, 0], "uv_size": [0.25, 0.75]},
								"south": {"uv": [15.75, 0.5], "uv_size": [0.25, 0.25]},
								"west": {"uv": [15.75, 0], "uv_size": [0.25, 0.75]},
								"up": {"uv": [16, 0.75], "uv_size": [-0.25, -0.75]},
								"down": {"uv": [16, 0], "uv_size": [-0.25, 0.75]}
							}
						},
						{
							"origin": [1.625, 23.875, -29.75],
							"size": [0.5, 0.25, 0.5],
							"pivot": [1.875, 24, -29.5],
							"rotation": [0, -90, -90],
							"uv": {
								"north": {"uv": [15.25, 1.25], "uv_size": [-0.5, 0.25]},
								"east": {"uv": [15, 1.25], "uv_size": [0.25, 0.5]},
								"south": {"uv": [14.75, 1.5], "uv_size": [0.5, 0.25]},
								"west": {"uv": [14.75, 1.25], "uv_size": [0.25, 0.5]},
								"up": {"uv": [15.25, 1.75], "uv_size": [-0.5, -0.5]},
								"down": {"uv": [15.25, 1.25], "uv_size": [-0.5, 0.5]}
							}
						},
						{
							"origin": [1.75, 24, -30],
							"size": [0.25, 0.25, 0.25],
							"pivot": [1.875, 24.125, -29.875],
							"rotation": [0, -90, -90],
							"uv": {
								"north": {"uv": [15.5, 1.25], "uv_size": [-0.25, 0.25]},
								"east": {"uv": [15.25, 1.25], "uv_size": [0.25, 0.25]},
								"south": {"uv": [15.25, 1.25], "uv_size": [0.25, 0.25]},
								"west": {"uv": [15.25, 1.25], "uv_size": [0.25, 0.25]},
								"up": {"uv": [15.5, 1.5], "uv_size": [-0.25, -0.25]},
								"down": {"uv": [15.5, 1.25], "uv_size": [-0.25, 0.25]}
							}
						}
					]
				},
				{
					"name": "special_blade3",
					"parent": "blade3",
					"pivot": [2, 24.5, -4]
				},
				{
					"name": "cable3",
					"parent": "katana3",
					"pivot": [1.875, 24.33333, -6.75],
					"cubes": [
						{
							"origin": [-0.625, 22, -6.75],
							"size": [5, 5, 0],
							"uv": {
								"north": {"uv": [10, 4], "uv_size": [6, 6]},
								"east": {"uv": [16, 16], "uv_size": [0, 0]},
								"south": {"uv": [16, 16], "uv_size": [0, 0]},
								"west": {"uv": [16, 16], "uv_size": [0, 0]},
								"up": {"uv": [16, 16], "uv_size": [0, 0]},
								"down": {"uv": [16, 16], "uv_size": [0, 0]}
							}
						},
						{
							"origin": [-0.625, 22, -6.75],
							"size": [5, 5, 0],
							"pivot": [1.875, 24.5, -6.75],
							"rotation": [-1, 0, 0],
							"uv": {
								"north": {"uv": [10, 4], "uv_size": [6, 6]},
								"east": {"uv": [16, 16], "uv_size": [0, 0]},
								"south": {"uv": [16, 16], "uv_size": [0, 0]},
								"west": {"uv": [16, 16], "uv_size": [0, 0]},
								"up": {"uv": [16, 16], "uv_size": [0, 0]},
								"down": {"uv": [16, 16], "uv_size": [0, 0]}
							}
						},
						{
							"origin": [-0.625, 22, -6.75],
							"size": [5, 5, 0],
							"pivot": [1.875, 24.5, -6.75],
							"rotation": [1, 0, 0],
							"uv": {
								"north": {"uv": [10, 4], "uv_size": [6, 6]},
								"east": {"uv": [16, 16], "uv_size": [0, 0]},
								"south": {"uv": [16, 16], "uv_size": [0, 0]},
								"west": {"uv": [16, 16], "uv_size": [0, 0]},
								"up": {"uv": [16, 16], "uv_size": [0, 0]},
								"down": {"uv": [16, 16], "uv_size": [0, 0]}
							}
						},
						{
							"origin": [-2.125, 24.125, -4],
							"size": [8, 0.75, 2],
							"inflate": 0.01,
							"pivot": [1.875, 24.5, -3],
							"rotation": [0, -90, -90],
							"uv": {
								"north": {"uv": [8, 4], "uv_size": [-8, 0.25]},
								"east": {"uv": [7.75, 4], "uv_size": [0.25, 2]},
								"south": {"uv": [0, 5.75], "uv_size": [8, 0.25]},
								"west": {"uv": [0, 4], "uv_size": [0.25, 2]},
								"up": {"uv": [8, 6], "uv_size": [-8, -2]},
								"down": {"uv": [8, 4], "uv_size": [-8, 2]}
							}
						}
					]
				},
				{
					"name": "haki_katana3",
					"parent": "katana3",
					"pivot": [1.5, 26, -24.25],
					"cubes": [
						{
							"origin": [1.875, 22, -30.25],
							"size": [0, 5, 23],
							"uv": {
								"north": {"uv": [16, 16], "uv_size": [0, 0]},
								"east": {"uv": [16, 11.5], "uv_size": [-16, 4.5]},
								"south": {"uv": [16, 16], "uv_size": [0, 0]},
								"west": {"uv": [0, 11.5], "uv_size": [16, 4.5]},
								"up": {"uv": [16, 16], "uv_size": [0, 0]},
								"down": {"uv": [16, 16], "uv_size": [0, 0]}
							}
						},
						{
							"origin": [1.875, 22, -30.25],
							"size": [0, 5, 23],
							"pivot": [1.875, 24.5, -18.75],
							"rotation": [0, 0, 90],
							"uv": {
								"north": {"uv": [16, 16], "uv_size": [0, 0]},
								"east": {"uv": [16, 11.5], "uv_size": [-16, 4.5]},
								"south": {"uv": [16, 16], "uv_size": [0, 0]},
								"west": {"uv": [0, 11.5], "uv_size": [16, 4.5]},
								"up": {"uv": [16, 16], "uv_size": [0, 0]},
								"down": {"uv": [16, 16], "uv_size": [0, 0]}
							}
						}
					]
				},
				{
					"name": "sheath",
					"parent": "body",
					"pivot": [-4, 12, 0],
					"rotation": [0, -2.5, 0]
				},
				{
					"name": "sheath3",
					"parent": "sheath",
					"pivot": [-4, 14, -2.5],
					"rotation": [-12.5, 0, 0],
					"cubes": [
						{
							"origin": [-7.75, 13.72137, 0.12993],
							"size": [7.5, 0.75, 2],
							"inflate": 0.05,
							"pivot": [-4, 14.09637, 1.12993],
							"rotation": [0, 90, 90],
							"uv": {
								"north": {"uv": [10.5, 2.25], "uv_size": [5.5, -0.25]},
								"east": {"uv": [8.75, 2], "uv_size": [-0.25, 2]},
								"south": {"uv": [16, 3.75], "uv_size": [-5.5, 0.25]},
								"west": {"uv": [16, 2], "uv_size": [-0.25, 2]},
								"up": {"uv": [10.5, 4], "uv_size": [5.5, -2]},
								"down": {"uv": [10.5, 2], "uv_size": [5.5, 2]}
							}
						},
						{
							"origin": [-8, 13.72137, 7.87993],
							"size": [8, 0.75, 2],
							"inflate": 0.05,
							"pivot": [-4, 14.09637, 8.87993],
							"rotation": [0, 90, 90],
							"uv": {
								"north": {"uv": [10.5, 2], "uv_size": [-5, 0.25]},
								"east": {"uv": [7.25, 2], "uv_size": [-0.25, 2]},
								"south": {"uv": [10.5, 3.75], "uv_size": [-5, 0.25]},
								"west": {"uv": [10.5, 2], "uv_size": [-0.25, 2]},
								"up": {"uv": [5.5, 4], "uv_size": [5, -2]},
								"down": {"uv": [5.5, 2], "uv_size": [5, 2]}
							}
						},
						{
							"origin": [-8, 13.72137, 15.87993],
							"size": [8, 0.75, 2],
							"inflate": 0.05,
							"pivot": [-4, 14.09637, 16.87993],
							"rotation": [0, 90, 90],
							"uv": {
								"north": {"uv": [0, 2.25], "uv_size": [5.5, -0.25]},
								"east": {"uv": [0.25, 2], "uv_size": [-0.25, 2]},
								"south": {"uv": [5.5, 3.75], "uv_size": [-5.5, 0.25]},
								"west": {"uv": [8, 2], "uv_size": [-0.25, 2]},
								"up": {"uv": [0, 4], "uv_size": [5.5, -2]},
								"down": {"uv": [0, 2], "uv_size": [5.5, 2]}
							}
						}
					]
				},
				{
					"name": "2cable3",
					"parent": "sheath3",
					"pivot": [-4, 14.09637, -3.80814],
					"cubes": [
						{
							"origin": [-6.5, 11.59637, -2.87007],
							"size": [5, 5, 0],
							"pivot": [-4, 14.09637, -2.87007],
							"rotation": [-180, 0, 180],
							"uv": {
								"north": {"uv": [10, 4], "uv_size": [6, 6]},
								"east": {"uv": [16, 16], "uv_size": [0, 0]},
								"south": {"uv": [16, 16], "uv_size": [0, 0]},
								"west": {"uv": [16, 16], "uv_size": [0, 0]},
								"up": {"uv": [16, 16], "uv_size": [0, 0]},
								"down": {"uv": [16, 16], "uv_size": [0, 0]}
							}
						},
						{
							"origin": [-6.5, 11.59637, -2.87007],
							"size": [5, 5, 0],
							"pivot": [-4, 14.09637, -2.87007],
							"rotation": [179, 0, 180],
							"uv": {
								"north": {"uv": [10, 4], "uv_size": [6, 6]},
								"east": {"uv": [16, 16], "uv_size": [0, 0]},
								"south": {"uv": [16, 16], "uv_size": [0, 0]},
								"west": {"uv": [16, 16], "uv_size": [0, 0]},
								"up": {"uv": [16, 16], "uv_size": [0, 0]},
								"down": {"uv": [16, 16], "uv_size": [0, 0]}
							}
						},
						{
							"origin": [-6.5, 11.59637, -2.87007],
							"size": [5, 5, 0],
							"pivot": [-4, 14.09637, -2.87007],
							"rotation": [-179, 0, 180],
							"uv": {
								"north": {"uv": [10, 4], "uv_size": [6, 6]},
								"east": {"uv": [16, 16], "uv_size": [0, 0]},
								"south": {"uv": [16, 16], "uv_size": [0, 0]},
								"west": {"uv": [16, 16], "uv_size": [0, 0]},
								"up": {"uv": [16, 16], "uv_size": [0, 0]},
								"down": {"uv": [16, 16], "uv_size": [0, 0]}
							}
						},
						{
							"origin": [-8, 13.72137, -7.62007],
							"size": [8, 0.75, 2],
							"inflate": 0.05,
							"pivot": [-4, 14.09637, -6.62007],
							"rotation": [0, 90, 90],
							"uv": {
								"north": {"uv": [8, 4], "uv_size": [-8, 0.25]},
								"east": {"uv": [7.75, 4], "uv_size": [0.25, 2]},
								"south": {"uv": [0, 5.75], "uv_size": [8, 0.25]},
								"west": {"uv": [0, 4], "uv_size": [0.25, 2]},
								"up": {"uv": [8, 6], "uv_size": [-8, -2]},
								"down": {"uv": [8, 4], "uv_size": [-8, 2]}
							}
						}
					]
				}
			]
		}
	]
}