{
	"format_version": "1.12.0",
	"minecraft:geometry": [
		{
			"description": {
				"identifier": "geometry.kiribachi_off_hand",
				"texture_width": 16,
				"texture_height": 16,
				"visible_bounds_width": 4,
				"visible_bounds_height": 3.5,
				"visible_bounds_offset": [0, 1.25, 0]
			},
			"bones": [
				{
					"name": "root",
					"pivot": [0, 0, 0]
				},
				{
					"name": "tudo",
					"parent": "root",
					"pivot": [0, 12, 0]
				},
				{
					"name": "waist",
					"parent": "tudo",
					"pivot": [0, 12, 0]
				},
				{
					"name": "body",
					"parent": "waist",
					"pivot": [0, 24, 0]
				},
				{
					"name": "leftA",
					"parent": "body",
					"pivot": [6, 24, 0]
				},
				{
					"name": "leftArm",
					"parent": "leftA",
					"pivot": [5, 22, 0]
				},
				{
					"name": "leftArm2",
					"parent": "leftArm",
					"pivot": [5, 18, 2]
				},
				{
					"name": "katana2",
					"parent": "leftArm2",
					"pivot": [5, 13.5, 0]
				},
				{
					"name": "blade2",
					"parent": "katana2",
					"pivot": [5.125, 13.51786, -20.98214],
					"locators": {
						"blade2": [5, 14, -26]
					}
				},
				{
					"name": "cable2",
					"parent": "katana2",
					"pivot": [5.125, 13.5, -2.75],
					"cubes": [
						{
							"origin": [2.625, 11, -2.75],
							"size": [5, 5, 0],
							"uv": {
								"north": {"uv": [16, 4], "uv_size": [-6, 6]},
								"east": {"uv": [16, 16], "uv_size": [0, 0]},
								"south": {"uv": [16, 16], "uv_size": [0, 0]},
								"west": {"uv": [16, 16], "uv_size": [0, 0]},
								"up": {"uv": [16, 16], "uv_size": [0, 0]},
								"down": {"uv": [16, 16], "uv_size": [0, 0]}
							}
						},
						{
							"origin": [2.625, 11, -2.75],
							"size": [5, 5, 0],
							"pivot": [5.125, 13.5, -2.75],
							"rotation": [-1, 0, 0],
							"uv": {
								"north": {"uv": [16, 4], "uv_size": [-6, 6]},
								"east": {"uv": [16, 16], "uv_size": [0, 0]},
								"south": {"uv": [16, 16], "uv_size": [0, 0]},
								"west": {"uv": [16, 16], "uv_size": [0, 0]},
								"up": {"uv": [16, 16], "uv_size": [0, 0]},
								"down": {"uv": [16, 16], "uv_size": [0, 0]}
							}
						},
						{
							"origin": [1.125, 13.125, 0],
							"size": [8, 0.75, 2],
							"inflate": 0.01,
							"pivot": [5.125, 13.5, 1],
							"rotation": [0, 90, 90],
							"uv": {
								"north": {"uv": [4, 2], "uv_size": [-2, 2]},
								"east": {"uv": [4, 2], "uv_size": [-2, 2]},
								"south": {"uv": [4, 2], "uv_size": [-2, 2]},
								"west": {"uv": [4, 2], "uv_size": [-2, 2]},
								"up": {"uv": [2, 4], "uv_size": [2, -2]},
								"down": {"uv": [2, 4], "uv_size": [2, -2]}
							}
						},
						{
							"origin": [4.875, 13.125, 3.75],
							"size": [0.5, 0.75, 2],
							"inflate": 0.1,
							"pivot": [5.125, 13.5, 4.75],
							"rotation": [0, 90, 90],
							"uv": {
								"north": {"uv": [2, 2], "uv_size": [-2, 2]},
								"east": {"uv": [2, 2], "uv_size": [-2, 2]},
								"south": {"uv": [2, 2], "uv_size": [-2, 2]},
								"west": {"uv": [2, 2], "uv_size": [-2, 2]},
								"up": {"uv": [0, 4], "uv_size": [2, -2]},
								"down": {"uv": [0, 4], "uv_size": [2, -2]}
							}
						},
						{
							"origin": [12.375, 13.125, 3.75],
							"size": [0.5, 0.75, 2],
							"inflate": 0.1,
							"pivot": [5.125, 13.5, 4.75],
							"rotation": [0, 90, 90],
							"uv": {
								"north": {"uv": [2, 2], "uv_size": [-2, 2]},
								"east": {"uv": [2, 2], "uv_size": [-2, 2]},
								"south": {"uv": [2, 2], "uv_size": [-2, 2]},
								"west": {"uv": [2, 2], "uv_size": [-2, 2]},
								"up": {"uv": [0, 4], "uv_size": [2, -2]},
								"down": {"uv": [0, 4], "uv_size": [2, -2]}
							}
						},
						{
							"origin": [5.125, 9, -20],
							"size": [0, 5.5, 17],
							"inflate": 0.01,
							"uv": {
								"north": {"uv": [16, 16], "uv_size": [0, 0]},
								"east": {"uv": [0, 0], "uv_size": [10, 2]},
								"south": {"uv": [16, 16], "uv_size": [0, 0]},
								"west": {"uv": [10, 0], "uv_size": [-10, 2]},
								"up": {"uv": [16, 16], "uv_size": [0, 0]},
								"down": {"uv": [16, 16], "uv_size": [0, 0]}
							}
						},
						{
							"origin": [5.125, 9, -37],
							"size": [0, 5.5, 17],
							"inflate": 0.01,
							"uv": {
								"north": {"uv": [16, 16], "uv_size": [0, 0]},
								"east": {"uv": [0, 0], "uv_size": [10, 2]},
								"south": {"uv": [16, 16], "uv_size": [0, 0]},
								"west": {"uv": [10, 0], "uv_size": [-10, 2]},
								"up": {"uv": [16, 16], "uv_size": [0, 0]},
								"down": {"uv": [16, 16], "uv_size": [0, 0]}
							}
						}
					]
				},
				{
					"name": "haki_katana2",
					"parent": "katana2",
					"pivot": [5.125, 13.5, -14.75],
					"cubes": [
						{
							"origin": [5.125, 7, -37.25],
							"size": [0, 10, 34],
							"uv": {
								"north": {"uv": [16, 16], "uv_size": [0, 0]},
								"east": {"uv": [16, 11.5], "uv_size": [-16, 4.5]},
								"south": {"uv": [16, 16], "uv_size": [0, 0]},
								"west": {"uv": [0, 11.5], "uv_size": [16, 4.5]},
								"up": {"uv": [16, 16], "uv_size": [0, 0]},
								"down": {"uv": [16, 16], "uv_size": [0, 0]}
							}
						},
						{
							"origin": [3.625, 8.5, -37.25],
							"size": [0, 10, 34],
							"pivot": [5.125, 13.5, -20.25],
							"rotation": [0, 0, -90],
							"uv": {
								"north": {"uv": [16, 16], "uv_size": [0, 0]},
								"east": {"uv": [16, 11.5], "uv_size": [-16, 4.5]},
								"south": {"uv": [16, 16], "uv_size": [0, 0]},
								"west": {"uv": [0, 11.5], "uv_size": [16, 4.5]},
								"up": {"uv": [16, 16], "uv_size": [0, 0]},
								"down": {"uv": [16, 16], "uv_size": [0, 0]}
							}
						}
					]
				}
			]
		}
	]
}