{
	"format_version": "1.12.0",
	"minecraft:geometry": [
		{
			"description": {
				"identifier": "geometry.knife_off_hand",
				"texture_width": 64,
				"texture_height": 64,
				"visible_bounds_width": 4,
				"visible_bounds_height": 3.5,
				"visible_bounds_offset": [0, 1.25, 0]
			},
			"bones": [
				{
					"name": "root",
					"pivot": [0, 0, 0]
				},
				{
					"name": "tudo",
					"parent": "root",
					"pivot": [0, 12, 0]
				},
				{
					"name": "waist",
					"parent": "tudo",
					"pivot": [0, 12, 0]
				},
				{
					"name": "body",
					"parent": "waist",
					"pivot": [0, 24, 0]
				},
				{
					"name": "leftA",
					"parent": "body",
					"pivot": [6, 24, 0]
				},
				{
					"name": "leftArm",
					"parent": "leftA",
					"pivot": [5, 22, 0]
				},
				{
					"name": "leftArm2",
					"parent": "leftArm",
					"pivot": [5, 18, 2]
				},
				{
					"name": "katana2",
					"parent": "leftArm2",
					"pivot": [5.5, 13.5, -2]
				},
				{
					"name": "cable2",
					"parent": "katana2",
					"pivot": [5.5, 13.5, -4],
					"cubes": [
						{
							"origin": [5, 12.5, -4],
							"size": [1, 2, 9],
							"uv": {
								"north": {"uv": [16, 8], "uv_size": [-8, 8]},
								"east": {"uv": [16, 8], "uv_size": [-8, 8]},
								"south": {"uv": [16, 8], "uv_size": [-8, 8]},
								"west": {"uv": [16, 8], "uv_size": [-8, 8]},
								"up": {"uv": [8, 16], "uv_size": [8, -8]},
								"down": {"uv": [8, 16], "uv_size": [8, -8]}
							}
						},
						{
							"origin": [5, 12.5, 4],
							"size": [1, 2, 1],
							"inflate": 0.1,
							"uv": {
								"north": {"uv": [8, 8], "uv_size": [-8, 8]},
								"east": {"uv": [8, 8], "uv_size": [-8, 8]},
								"south": {"uv": [8, 8], "uv_size": [-8, 8]},
								"west": {"uv": [8, 8], "uv_size": [-8, 8]},
								"up": {"uv": [0, 16], "uv_size": [8, -8]},
								"down": {"uv": [0, 16], "uv_size": [8, -8]}
							}
						},
						{
							"origin": [5, 12.5, -4],
							"size": [1, 2, 1],
							"inflate": 0.1,
							"uv": {
								"north": {"uv": [8, 8], "uv_size": [-8, 8]},
								"east": {"uv": [8, 8], "uv_size": [-8, 8]},
								"south": {"uv": [8, 8], "uv_size": [-8, 8]},
								"west": {"uv": [8, 8], "uv_size": [-8, 8]},
								"up": {"uv": [0, 16], "uv_size": [8, -8]},
								"down": {"uv": [0, 16], "uv_size": [8, -8]}
							}
						},
						{
							"origin": [4.5, 12, -4],
							"size": [2, 3, 0.5],
							"inflate": 0.1,
							"uv": {
								"north": {"uv": [8, 8], "uv_size": [-8, 8]},
								"east": {"uv": [8, 8], "uv_size": [-8, 8]},
								"south": {"uv": [8, 8], "uv_size": [-8, 8]},
								"west": {"uv": [8, 8], "uv_size": [-8, 8]},
								"up": {"uv": [0, 16], "uv_size": [8, -8]},
								"down": {"uv": [0, 16], "uv_size": [8, -8]}
							}
						},
						{
							"origin": [5, 12.5, 0],
							"size": [1, 2, 2],
							"inflate": 0.01,
							"uv": {
								"north": {"uv": [8, 56], "uv_size": [-8, 8]},
								"east": {"uv": [24, 16], "uv_size": [-8, 8]},
								"south": {"uv": [8, 56], "uv_size": [-8, 8]},
								"west": {"uv": [24, 16], "uv_size": [-8, 8]},
								"up": {"uv": [0, 64], "uv_size": [8, -8]},
								"down": {"uv": [0, 64], "uv_size": [8, -8]}
							}
						}
					]
				},
				{
					"name": "blade2",
					"parent": "katana2",
					"pivot": [5.5, 13.5, -4],
					"cubes": [
						{
							"origin": [5.5, 12.75, -15],
							"size": [0, 1.5, 11],
							"inflate": 0.01,
							"uv": {
								"north": {"uv": [0, 64], "uv_size": [0, 0]},
								"east": {"uv": [32, 0], "uv_size": [32, 8]},
								"south": {"uv": [0, 64], "uv_size": [0, 0]},
								"west": {"uv": [64, 0], "uv_size": [-32, 8]},
								"up": {"uv": [0, 64], "uv_size": [0, 0]},
								"down": {"uv": [0, 64], "uv_size": [0, 0]}
							}
						}
					]
				},
				{
					"name": "haki_katana2",
					"parent": "katana2",
					"pivot": [5.5, 13.5, -4],
					"cubes": [
						{
							"origin": [5.5, 11.25, -14],
							"size": [0, 4.5, 10],
							"uv": {
								"north": {"uv": [0, 64], "uv_size": [0, 0]},
								"east": {"uv": [0, 30], "uv_size": [64, 18]},
								"south": {"uv": [0, 64], "uv_size": [0, 0]},
								"west": {"uv": [64, 30], "uv_size": [-64, 18]},
								"up": {"uv": [0, 64], "uv_size": [0, 0]},
								"down": {"uv": [0, 64], "uv_size": [0, 0]}
							}
						},
						{
							"origin": [5.5, 11.25, -14],
							"size": [0, 4.5, 10],
							"pivot": [5.5, 13.5, -19],
							"rotation": [0, 0, 45],
							"uv": {
								"north": {"uv": [0, 64], "uv_size": [0, 0]},
								"east": {"uv": [0, 30], "uv_size": [64, 18]},
								"south": {"uv": [0, 64], "uv_size": [0, 0]},
								"west": {"uv": [64, 30], "uv_size": [-64, 18]},
								"up": {"uv": [0, 64], "uv_size": [0, 0]},
								"down": {"uv": [0, 64], "uv_size": [0, 0]}
							}
						},
						{
							"origin": [5.5, 11.25, -14],
							"size": [0, 4.5, 10],
							"pivot": [5.5, 13.5, -19],
							"rotation": [0, 0, 90],
							"uv": {
								"north": {"uv": [0, 64], "uv_size": [0, 0]},
								"east": {"uv": [0, 30], "uv_size": [64, 18]},
								"south": {"uv": [0, 64], "uv_size": [0, 0]},
								"west": {"uv": [64, 30], "uv_size": [-64, 18]},
								"up": {"uv": [0, 64], "uv_size": [0, 0]},
								"down": {"uv": [0, 64], "uv_size": [0, 0]}
							}
						},
						{
							"origin": [5.5, 11.25, -14],
							"size": [0, 4.5, 10],
							"pivot": [5.5, 13.5, -19],
							"rotation": [0, 0, 135],
							"uv": {
								"north": {"uv": [0, 64], "uv_size": [0, 0]},
								"east": {"uv": [0, 30], "uv_size": [64, 28]},
								"south": {"uv": [0, 64], "uv_size": [0, 0]},
								"west": {"uv": [64, 30], "uv_size": [-64, 18]},
								"up": {"uv": [0, 64], "uv_size": [0, 0]},
								"down": {"uv": [0, 64], "uv_size": [0, 0]}
							}
						}
					]
				}
			]
		}
	]
}