{
	"format_version": "1.12.0",
	"minecraft:geometry": [
		{
			"description": {
				"identifier": "geometry.pistol_main_hand",
				"texture_width": 32,
				"texture_height": 32,
				"visible_bounds_width": 2,
				"visible_bounds_height": 2.5,
				"visible_bounds_offset": [0, 0.75, 0]
			},
			"bones": [
				{
					"name": "root",
					"pivot": [0, 0, 0]
				},
				{
					"name": "tudo",
					"parent": "root",
					"pivot": [0, 12, 0]
				},
				{
					"name": "waist",
					"parent": "tudo",
					"pivot": [0, 12, 0]
				},
				{
					"name": "body",
					"parent": "waist",
					"pivot": [0, 24, 0]
				},
				{
					"name": "rightA",
					"parent": "body",
					"pivot": [-6, 24, 0]
				},
				{
					"name": "rightArm",
					"parent": "rightA",
					"pivot": [-5, 22, 0]
				},
				{
					"name": "rightArm2",
					"parent": "rightArm",
					"pivot": [-5, 18, 2]
				},
				{
					"name": "pistol",
					"parent": "rightArm2",
					"pivot": [-5, 13, -2]
				},
				{
					"name": "pistol2",
					"parent": "pistol",
					"pivot": [-4.96177, 8.64743, -2.96133],
					"rotation": [90, 0, 0],
					"cubes": [
						{
							"origin": [-5.6, 8.3, -6.5],
							"size": [1.2, 1, 3.2],
							"uv": {
								"north": {"uv": [1.9, 10.6], "uv_size": [4.8, 4.9]},
								"east": {"uv": [1.9, 10.6], "uv_size": [4.8, 4.9]},
								"south": {"uv": [1.9, 10.6], "uv_size": [4.8, 4.9]},
								"west": {"uv": [1.9, 10.6], "uv_size": [4.8, 4.9]},
								"up": {"uv": [6.7, 15.5], "uv_size": [-4.8, -4.9]},
								"down": {"uv": [6.7, 15.5], "uv_size": [-4.8, -4.9]}
							}
						},
						{
							"origin": [-5.35419, 9.14581, -8.91475],
							"size": [0.90839, 0.90839, 0.0409],
							"uv": {
								"north": {"uv": [0, 10.7], "uv_size": [1, 1]},
								"east": {"uv": [0, 10.7], "uv_size": [1, 1]},
								"south": {"uv": [0, 10.7], "uv_size": [1, 1]},
								"west": {"uv": [0, 10.7], "uv_size": [1, 1]},
								"up": {"uv": [1, 11.7], "uv_size": [-1, -1]},
								"down": {"uv": [1, 11.7], "uv_size": [-1, -1]}
							}
						},
						{
							"origin": [-5.45419, 9.04581, -8.87384],
							"size": [1.10839, 1.10839, 0.4409],
							"uv": {
								"north": {"uv": [0, 0], "uv_size": [1, 1]},
								"east": {"uv": [0, 0], "uv_size": [1, 1]},
								"south": {"uv": [0, 0], "uv_size": [1, 1]},
								"west": {"uv": [0, 0], "uv_size": [1, 1]},
								"up": {"uv": [1, 1], "uv_size": [-1, -1]},
								"down": {"uv": [1, 1], "uv_size": [-1, -1]}
							}
						},
						{
							"origin": [-5.36966, 9.13034, -4.43384],
							"size": [0.93931, 0.93931, 0.29568],
							"uv": {
								"north": {"uv": [0, 0], "uv_size": [1, 1]},
								"east": {"uv": [0, 0], "uv_size": [1, 1]},
								"south": {"uv": [0, 0], "uv_size": [1, 1]},
								"west": {"uv": [0, 0], "uv_size": [1, 1]},
								"up": {"uv": [1, 1], "uv_size": [-1, -1]},
								"down": {"uv": [1, 1], "uv_size": [-1, -1]}
							}
						},
						{
							"origin": [-5.36966, 9.13034, -7.33384],
							"size": [0.93931, 0.93931, 0.29568],
							"uv": {
								"north": {"uv": [0, 0], "uv_size": [1, 1]},
								"east": {"uv": [0, 0], "uv_size": [1, 1]},
								"south": {"uv": [0, 0], "uv_size": [1, 1]},
								"west": {"uv": [0, 0], "uv_size": [1, 1]},
								"up": {"uv": [1, 1], "uv_size": [-1, -1]},
								"down": {"uv": [1, 1], "uv_size": [-1, -1]}
							}
						},
						{
							"origin": [-5.36966, 9.13034, -8.43384],
							"size": [0.93931, 0.93931, 0.29568],
							"uv": {
								"north": {"uv": [0, 0], "uv_size": [1, 1]},
								"east": {"uv": [0, 0], "uv_size": [1, 1]},
								"south": {"uv": [0, 0], "uv_size": [1, 1]},
								"west": {"uv": [0, 0], "uv_size": [1, 1]},
								"up": {"uv": [1, 1], "uv_size": [-1, -1]},
								"down": {"uv": [1, 1], "uv_size": [-1, -1]}
							}
						},
						{
							"origin": [-5.115, 8.585, -7.476],
							"size": [0.43, 0.43, 1.08],
							"uv": {
								"north": {"uv": [0, 0], "uv_size": [1, 1]},
								"east": {"uv": [0, 0], "uv_size": [1, 1]},
								"south": {"uv": [0, 0], "uv_size": [1, 1]},
								"west": {"uv": [0, 0], "uv_size": [1, 1]},
								"up": {"uv": [1, 1], "uv_size": [-1, -1]},
								"down": {"uv": [1, 1], "uv_size": [-1, -1]}
							}
						},
						{
							"origin": [-5.33, 9.17, -8.216],
							"size": [0.86, 0.86, 4.96],
							"uv": {
								"north": {"uv": [0, 0], "uv_size": [1, 1]},
								"east": {"uv": [0, 0], "uv_size": [1, 1]},
								"south": {"uv": [0, 0], "uv_size": [1, 1]},
								"west": {"uv": [0, 0], "uv_size": [1, 1]},
								"up": {"uv": [1, 1], "uv_size": [-1, -1]},
								"down": {"uv": [1, 1], "uv_size": [-1, -1]}
							}
						},
						{
							"origin": [-5.672, 4.92714, 2.14945],
							"size": [1.344, 2.128, 0.784],
							"pivot": [-5, 5.99114, 2.54145],
							"rotation": [-70, 0, 0],
							"uv": {
								"north": {"uv": [2, 2.7], "uv_size": [4.8, 4.9]},
								"east": {"uv": [2, 2.7], "uv_size": [4.8, 4.9]},
								"south": {"uv": [2, 2.7], "uv_size": [4.8, 4.9]},
								"west": {"uv": [2, 2.7], "uv_size": [4.8, 4.9]},
								"up": {"uv": [6.8, 7.6], "uv_size": [-4.8, -4.9]},
								"down": {"uv": [6.8, 7.6], "uv_size": [-4.8, -4.9]}
							}
						},
						{
							"origin": [-5.672, 5.51211, 1.35492],
							"size": [1.344, 0.928, 0.784],
							"pivot": [-5, 5.97611, 2.54692],
							"rotation": [-70, 0, 0],
							"uv": {
								"north": {"uv": [1.7, 3.1], "uv_size": [4.8, 4.9]},
								"east": {"uv": [1.7, 3.1], "uv_size": [4.8, 4.9]},
								"south": {"uv": [1.7, 3.1], "uv_size": [4.8, 4.9]},
								"west": {"uv": [1.7, 3.1], "uv_size": [4.8, 4.9]},
								"up": {"uv": [6.5, 8], "uv_size": [-4.8, -4.9]},
								"down": {"uv": [6.5, 8], "uv_size": [-4.8, -4.9]}
							}
						},
						{
							"origin": [-5.6, 5.41702, 1.65464],
							"size": [1.2, 1.9, 1.5],
							"pivot": [-5, 6.36702, 2.40464],
							"rotation": [-70, 0, 0],
							"uv": {
								"north": {"uv": [1.9, 10.6], "uv_size": [4.8, 4.9]},
								"east": {"uv": [1.9, 10.6], "uv_size": [4.8, 4.9]},
								"south": {"uv": [1.9, 10.6], "uv_size": [4.8, 4.9]},
								"west": {"uv": [1.9, 10.6], "uv_size": [4.8, 4.9]},
								"up": {"uv": [6.7, 15.5], "uv_size": [-4.8, -4.9]},
								"down": {"uv": [6.7, 15.5], "uv_size": [-4.8, -4.9]}
							}
						},
						{
							"origin": [-5.6, 6.56882, 1.08664],
							"size": [1.2, 1.9, 1.5],
							"pivot": [-5, 7.51882, 1.83664],
							"rotation": [-57.5, 0, 0],
							"uv": {
								"north": {"uv": [1.9, 10.6], "uv_size": [4.8, 4.9]},
								"east": {"uv": [1.9, 10.6], "uv_size": [4.8, 4.9]},
								"south": {"uv": [1.9, 10.6], "uv_size": [4.8, 4.9]},
								"west": {"uv": [1.9, 10.6], "uv_size": [4.8, 4.9]},
								"up": {"uv": [6.7, 15.5], "uv_size": [-4.8, -4.9]},
								"down": {"uv": [6.7, 15.5], "uv_size": [-4.8, -4.9]}
							}
						},
						{
							"origin": [-5.6, 8.0853, -0.72064],
							"size": [1.2, 1.9, 1.5],
							"pivot": [-5, 9.0353, 0.02936],
							"rotation": [-22.5, 0, 0],
							"uv": {
								"north": {"uv": [1.9, 10.6], "uv_size": [4.8, 4.9]},
								"east": {"uv": [1.9, 10.6], "uv_size": [4.8, 4.9]},
								"south": {"uv": [1.9, 10.6], "uv_size": [4.8, 4.9]},
								"west": {"uv": [1.9, 10.6], "uv_size": [4.8, 4.9]},
								"up": {"uv": [6.7, 15.5], "uv_size": [-4.8, -4.9]},
								"down": {"uv": [6.7, 15.5], "uv_size": [-4.8, -4.9]}
							}
						},
						{
							"origin": [-5.6, 7.46614, 0.2997],
							"size": [1.2, 1.9, 1.5],
							"pivot": [-5, 8.41614, 1.0497],
							"rotation": [-40, 0, 0],
							"uv": {
								"north": {"uv": [1.9, 10.6], "uv_size": [4.8, 4.9]},
								"east": {"uv": [1.9, 10.6], "uv_size": [4.8, 4.9]},
								"south": {"uv": [1.9, 10.6], "uv_size": [4.8, 4.9]},
								"west": {"uv": [1.9, 10.6], "uv_size": [4.8, 4.9]},
								"up": {"uv": [6.7, 15.5], "uv_size": [-4.8, -4.9]},
								"down": {"uv": [6.7, 15.5], "uv_size": [-4.8, -4.9]}
							}
						},
						{
							"origin": [-4.5, 8.7, -3],
							"size": [0.2, 1.1, 2.2],
							"uv": {
								"north": {"uv": [2, 1.9], "uv_size": [4.8, 4.9]},
								"east": {"uv": [2, 1.9], "uv_size": [4.8, 4.9]},
								"south": {"uv": [2, 1.9], "uv_size": [4.8, 4.9]},
								"west": {"uv": [2, 1.9], "uv_size": [4.8, 4.9]},
								"up": {"uv": [6.8, 6.8], "uv_size": [-4.8, -4.9]},
								"down": {"uv": [6.8, 6.8], "uv_size": [-4.8, -4.9]}
							}
						},
						{
							"origin": [-5.7, 8.7, -3],
							"size": [0.1, 1.1, 2.2],
							"uv": {
								"north": {"uv": [2, 1.9], "uv_size": [4.8, 4.9]},
								"east": {"uv": [2, 1.9], "uv_size": [4.8, 4.9]},
								"south": {"uv": [2, 1.9], "uv_size": [4.8, 4.9]},
								"west": {"uv": [2, 1.9], "uv_size": [4.8, 4.9]},
								"up": {"uv": [6.8, 6.8], "uv_size": [-4.8, -4.9]},
								"down": {"uv": [6.8, 6.8], "uv_size": [-4.8, -4.9]}
							}
						},
						{
							"origin": [-5.6, 8.3, -3.3],
							"size": [1.2, 1.9, 3],
							"uv": {
								"north": {"uv": [1.9, 10.6], "uv_size": [4.8, 4.9]},
								"east": {"uv": [1.9, 10.6], "uv_size": [4.8, 4.9]},
								"south": {"uv": [1.9, 10.6], "uv_size": [4.8, 4.9]},
								"west": {"uv": [1.9, 10.6], "uv_size": [4.8, 4.9]},
								"up": {"uv": [6.7, 15.5], "uv_size": [-4.8, -4.9]},
								"down": {"uv": [6.7, 15.5], "uv_size": [-4.8, -4.9]}
							}
						}
					]
				}
			]
		}
	]
}