{
	"format_version": "1.12.0",
	"minecraft:geometry": [
		{
			"description": {
				"identifier": "geometry.sniper_main_hand",
				"texture_width": 32,
				"texture_height": 32,
				"visible_bounds_width": 4,
				"visible_bounds_height": 4,
				"visible_bounds_offset": [0, 1, 0]
			},
			"bones": [
				{
					"name": "root",
					"pivot": [0, 0, 0]
				},
				{
					"name": "tudo",
					"parent": "root",
					"pivot": [0, 12, 0]
				},
				{
					"name": "waist",
					"parent": "tudo",
					"pivot": [0, 12, 0]
				},
				{
					"name": "body",
					"parent": "waist",
					"pivot": [0, 24, 0]
				},
				{
					"name": "rightA",
					"parent": "body",
					"pivot": [-6, 24, 0]
				},
				{
					"name": "rightArm",
					"parent": "rightA",
					"pivot": [-5, 22, 0]
				},
				{
					"name": "rightArm2",
					"parent": "rightArm",
					"pivot": [-5, 18, 2]
				},
				{
					"name": "sniper",
					"parent": "rightArm2",
					"pivot": [-6, 12, -2]
				},
				{
					"name": "sniperAll",
					"parent": "sniper",
					"pivot": [-5.5, 2.4, -2.6],
					"rotation": [90, 0, 0],
					"cubes": [
						{
							"origin": [-6.5, 2.4, -21.7],
							"size": [1, 1, 26],
							"uv": {
								"north": {"uv": [0, 21.1], "uv_size": [8.8, 10.9]},
								"east": {"uv": [0, 21.1], "uv_size": [8.8, 10.9]},
								"south": {"uv": [0, 21.1], "uv_size": [8.8, 10.9]},
								"west": {"uv": [0, 21.1], "uv_size": [8.8, 10.9]},
								"up": {"uv": [8.8, 32], "uv_size": [-8.8, -10.9]},
								"down": {"uv": [8.8, 32], "uv_size": [-8.8, -10.9]}
							}
						},
						{
							"origin": [-6.69, 2.21, -6.92],
							"size": [1.38, 1.98, 0.94],
							"uv": {
								"north": {"uv": [18.1, 21.1], "uv_size": [8.8, 10.9]},
								"east": {"uv": [18.1, 21.1], "uv_size": [8.8, 10.9]},
								"south": {"uv": [18.1, 21.1], "uv_size": [8.8, 10.9]},
								"west": {"uv": [18.1, 21.1], "uv_size": [8.8, 10.9]},
								"up": {"uv": [26.9, 32], "uv_size": [-8.8, -10.9]},
								"down": {"uv": [26.9, 32], "uv_size": [-8.8, -10.9]}
							}
						},
						{
							"origin": [-7.04, 4.67, -6.42],
							"size": [2.08, 2.08, 0],
							"uv": {
								"north": {"uv": [21.4, 6.1], "uv_size": [8.8, 10.9]},
								"east": {"uv": [21.4, 6.1], "uv_size": [8.8, 10.9]},
								"south": {"uv": [0, 0.1], "uv_size": [17, 18]},
								"west": {"uv": [21.4, 6.1], "uv_size": [8.8, 10.9]},
								"up": {"uv": [30.2, 17], "uv_size": [-8.8, -10.9]},
								"down": {"uv": [30.2, 17], "uv_size": [-8.8, -10.9]}
							}
						},
						{
							"origin": [-7.04, 4.67, -21.12],
							"size": [2.08, 2.08, 0],
							"uv": {
								"north": {"uv": [23.2, 2.6], "uv_size": [8.8, 10.9]},
								"east": {"uv": [18.4, 5.7], "uv_size": [8.8, 10.9]},
								"south": {"uv": [0, 0.1], "uv_size": [17, 18]},
								"west": {"uv": [23.2, 5.7], "uv_size": [8.8, 10.9]},
								"up": {"uv": [32, 14.3], "uv_size": [-8.8, -10.9]},
								"down": {"uv": [32, 16.9], "uv_size": [-8.8, -10.9]}
							}
						},
						{
							"origin": [-6.14, 4.19, -6.52],
							"size": [0.28, 0.48, 0.14],
							"uv": {
								"north": {"uv": [0, 21.1], "uv_size": [8.8, 10.9]},
								"east": {"uv": [0, 21.1], "uv_size": [8.8, 10.9]},
								"south": {"uv": [0, 21.1], "uv_size": [8.8, 10.9]},
								"west": {"uv": [0, 21.1], "uv_size": [8.8, 10.9]},
								"up": {"uv": [8.8, 32], "uv_size": [-8.8, -10.9]},
								"down": {"uv": [8.8, 32], "uv_size": [-8.8, -10.9]}
							}
						},
						{
							"origin": [-6.14, 4.19, -21.22],
							"size": [0.28, 0.48, 0.14],
							"uv": {
								"north": {"uv": [0, 21.1], "uv_size": [8.8, 10.9]},
								"east": {"uv": [0, 21.1], "uv_size": [8.8, 10.9]},
								"south": {"uv": [0, 21.1], "uv_size": [8.8, 10.9]},
								"west": {"uv": [0, 21.1], "uv_size": [8.8, 10.9]},
								"up": {"uv": [8.8, 32], "uv_size": [-8.8, -10.9]},
								"down": {"uv": [8.8, 32], "uv_size": [-8.8, -10.9]}
							}
						},
						{
							"origin": [-6.69, 2.21, -14.72],
							"size": [1.38, 1.98, 0.94],
							"uv": {
								"north": {"uv": [18.1, 21.1], "uv_size": [8.8, 10.9]},
								"east": {"uv": [18.1, 21.1], "uv_size": [8.8, 10.9]},
								"south": {"uv": [18.1, 21.1], "uv_size": [8.8, 10.9]},
								"west": {"uv": [18.1, 21.1], "uv_size": [8.8, 10.9]},
								"up": {"uv": [26.9, 32], "uv_size": [-8.8, -10.9]},
								"down": {"uv": [26.9, 32], "uv_size": [-8.8, -10.9]}
							}
						},
						{
							"origin": [-6.69, 2.21, -21.62],
							"size": [1.38, 1.98, 0.94],
							"uv": {
								"north": {"uv": [18.1, 21.1], "uv_size": [8.8, 10.9]},
								"east": {"uv": [18.1, 21.1], "uv_size": [8.8, 10.9]},
								"south": {"uv": [18.1, 21.1], "uv_size": [8.8, 10.9]},
								"west": {"uv": [18.1, 21.1], "uv_size": [8.8, 10.9]},
								"up": {"uv": [26.9, 32], "uv_size": [-8.8, -10.9]},
								"down": {"uv": [26.9, 32], "uv_size": [-8.8, -10.9]}
							}
						},
						{
							"origin": [-7.6244, 1.6756, -24.032],
							"size": [3.2488, 3.2488, 1.488],
							"uv": {
								"north": {"uv": [0, 21.1], "uv_size": [8.8, 10.9]},
								"east": {"uv": [0, 21.1], "uv_size": [8.8, 10.9]},
								"south": {"uv": [0, 21.1], "uv_size": [8.8, 10.9]},
								"west": {"uv": [0, 21.1], "uv_size": [8.8, 10.9]},
								"up": {"uv": [8.8, 32], "uv_size": [-8.8, -10.9]},
								"down": {"uv": [8.8, 32], "uv_size": [-8.8, -10.9]}
							}
						},
						{
							"origin": [-7.31, 1.99, -22.544],
							"size": [2.62, 2.62, 0.988],
							"uv": {
								"north": {"uv": [0, 21.1], "uv_size": [8.8, 10.9]},
								"east": {"uv": [0, 21.1], "uv_size": [8.8, 10.9]},
								"south": {"uv": [0, 21.1], "uv_size": [8.8, 10.9]},
								"west": {"uv": [0, 21.1], "uv_size": [8.8, 10.9]},
								"up": {"uv": [8.8, 32], "uv_size": [-8.8, -10.9]},
								"down": {"uv": [8.8, 32], "uv_size": [-8.8, -10.9]}
							}
						},
						{
							"origin": [-6.31, 3.39, -21.78],
							"size": [0.62, 0.62, 26.06],
							"uv": {
								"north": {"uv": [0, 21.1], "uv_size": [8.8, 10.9]},
								"east": {"uv": [0, 21.1], "uv_size": [8.8, 10.9]},
								"south": {"uv": [0, 21.1], "uv_size": [8.8, 10.9]},
								"west": {"uv": [0, 21.1], "uv_size": [8.8, 10.9]},
								"up": {"uv": [8.8, 32], "uv_size": [-8.8, -10.9]},
								"down": {"uv": [8.8, 32], "uv_size": [-8.8, -10.9]}
							}
						},
						{
							"origin": [-6.7956, -0.09368, 9.06829],
							"size": [1.5912, 2.01552, 8.00904],
							"pivot": [-6, 1.97488, 13.07281],
							"rotation": [-22.5, 0, 0],
							"uv": {
								"north": {"uv": [29.1, 28.5], "uv_size": [1, 1.9]},
								"east": {"uv": [29.1, 28.5], "uv_size": [1, 1.9]},
								"south": {"uv": [29.1, 28.5], "uv_size": [1, 1.9]},
								"west": {"uv": [29.1, 28.5], "uv_size": [1, 1.9]},
								"up": {"uv": [30.1, 30.4], "uv_size": [-1, -1.9]},
								"down": {"uv": [30.1, 30.4], "uv_size": [-1, -1.9]}
							}
						},
						{
							"origin": [-6.9956, 2.34088, 8.94948],
							"size": [0.1912, 0.5912, 0.58744],
							"uv": {
								"north": {"uv": [13.4, 11], "uv_size": [-0.2, -0.3]},
								"east": {"uv": [13.4, 11], "uv_size": [-0.2, -0.3]},
								"south": {"uv": [13.4, 11], "uv_size": [-0.2, -0.3]},
								"west": {"uv": [13.4, 11], "uv_size": [-0.2, -0.3]},
								"up": {"uv": [13.2, 10.7], "uv_size": [0.2, 0.3]},
								"down": {"uv": [13.2, 10.7], "uv_size": [0.2, 0.3]}
							}
						},
						{
							"origin": [-5.1956, 2.34088, 8.94948],
							"size": [0.1912, 0.5912, 0.58744],
							"uv": {
								"north": {"uv": [13.2, 11], "uv_size": [0.2, -0.3]},
								"east": {"uv": [13.2, 11], "uv_size": [0.2, -0.3]},
								"south": {"uv": [13.2, 11], "uv_size": [0.2, -0.3]},
								"west": {"uv": [13.2, 11], "uv_size": [0.2, -0.3]},
								"up": {"uv": [13.4, 10.7], "uv_size": [-0.2, 0.3]},
								"down": {"uv": [13.4, 10.7], "uv_size": [-0.2, 0.3]}
							}
						},
						{
							"origin": [-6.9956, 2.34088, -1.55052],
							"size": [0.1912, 1.5912, 9.08744],
							"uv": {
								"north": {"uv": [26.9, 21.1], "uv_size": [-8.8, 10.9]},
								"east": {"uv": [26.9, 21.1], "uv_size": [-8.8, 10.9]},
								"south": {"uv": [26.9, 21.1], "uv_size": [-8.8, 10.9]},
								"west": {"uv": [26.9, 21.1], "uv_size": [-8.8, 10.9]},
								"up": {"uv": [18.1, 32], "uv_size": [8.8, -10.9]},
								"down": {"uv": [18.1, 32], "uv_size": [8.8, -10.9]}
							}
						},
						{
							"origin": [-5.1956, 2.34088, -1.55052],
							"size": [0.1912, 1.5912, 9.08744],
							"uv": {
								"north": {"uv": [18.1, 21.1], "uv_size": [8.8, 10.9]},
								"east": {"uv": [18.1, 21.1], "uv_size": [8.8, 10.9]},
								"south": {"uv": [18.1, 21.1], "uv_size": [8.8, 10.9]},
								"west": {"uv": [18.1, 21.1], "uv_size": [8.8, 10.9]},
								"up": {"uv": [26.9, 32], "uv_size": [-8.8, -10.9]},
								"down": {"uv": [26.9, 32], "uv_size": [-8.8, -10.9]}
							}
						},
						{
							"origin": [-6.7956, 2.74088, -1.95052],
							"size": [1.5912, 1.5912, 11.98744],
							"uv": {
								"north": {"uv": [29.1, 28.5], "uv_size": [1, 1.9]},
								"east": {"uv": [29.1, 28.5], "uv_size": [1, 1.9]},
								"south": {"uv": [29.1, 28.5], "uv_size": [1, 1.9]},
								"west": {"uv": [29.1, 28.5], "uv_size": [1, 1.9]},
								"up": {"uv": [30.1, 30.4], "uv_size": [-1, -1.9]},
								"down": {"uv": [30.1, 30.4], "uv_size": [-1, -1.9]}
							}
						},
						{
							"origin": [-7.00776, 0.04305, 10.4729],
							"size": [2.01552, 4.34928, 1.83208],
							"pivot": [-6, 2.21769, 11.18894],
							"rotation": [-20, 0, 0],
							"uv": {
								"north": {"uv": [9.1, 21.1], "uv_size": [8.8, 10.9]},
								"east": {"uv": [9.1, 21.1], "uv_size": [8.8, 10.9]},
								"south": {"uv": [9.1, 21.1], "uv_size": [8.8, 10.9]},
								"west": {"uv": [9.1, 21.1], "uv_size": [8.8, 10.9]},
								"up": {"uv": [17.9, 32], "uv_size": [-8.8, -10.9]},
								"down": {"uv": [17.9, 32], "uv_size": [-8.8, -10.9]}
							}
						},
						{
							"origin": [-6.7956, 2.66145, 9.01045],
							"size": [1.5912, 1.5912, 7.37256],
							"pivot": [-6, -0.39395, 9.88631],
							"rotation": [-12.5, 0, 0],
							"uv": {
								"north": {"uv": [29.1, 28.5], "uv_size": [1, 1.9]},
								"east": {"uv": [29.1, 28.5], "uv_size": [1, 1.9]},
								"south": {"uv": [29.1, 28.5], "uv_size": [1, 1.9]},
								"west": {"uv": [29.1, 28.5], "uv_size": [1, 1.9]},
								"up": {"uv": [30.1, 30.4], "uv_size": [-1, -1.9]},
								"down": {"uv": [30.1, 30.4], "uv_size": [-1, -1.9]}
							}
						},
						{
							"origin": [-6.7956, -3.16274, 17.37223],
							"size": [1.5912, 1.5912, 4.29624],
							"pivot": [-6, -2.36714, 16.49707],
							"rotation": [90, 0, 0],
							"uv": {
								"north": {"uv": [29.1, 28.5], "uv_size": [1, 1.9]},
								"east": {"uv": [29.1, 28.5], "uv_size": [1, 1.9]},
								"south": {"uv": [29.1, 28.5], "uv_size": [1, 1.9]},
								"west": {"uv": [29.1, 28.5], "uv_size": [1, 1.9]},
								"up": {"uv": [30.1, 30.4], "uv_size": [-1, -1.9]},
								"down": {"uv": [30.1, 30.4], "uv_size": [-1, -1.9]}
							}
						},
						{
							"origin": [-6.7956, 1.81281, 7.31317],
							"size": [1.5912, 1.5912, 8.00904],
							"pivot": [-6, -0.39395, 9.88631],
							"rotation": [-12.5, 0, 0],
							"uv": {
								"north": {"uv": [29.1, 28.5], "uv_size": [1, 1.9]},
								"east": {"uv": [29.1, 28.5], "uv_size": [1, 1.9]},
								"south": {"uv": [29.1, 28.5], "uv_size": [1, 1.9]},
								"west": {"uv": [29.1, 28.5], "uv_size": [1, 1.9]},
								"up": {"uv": [30.1, 30.4], "uv_size": [-1, -1.9]},
								"down": {"uv": [30.1, 30.4], "uv_size": [-1, -1.9]}
							}
						},
						{
							"origin": [-6.7956, 1.54834, 6.62573],
							"size": [1.5912, 1.5912, 9.91848],
							"pivot": [-6, 2.4179, 7.50159],
							"rotation": [-20, 0, 0],
							"uv": {
								"north": {"uv": [29.1, 28.5], "uv_size": [1, 1.9]},
								"east": {"uv": [29.1, 28.5], "uv_size": [1, 1.9]},
								"south": {"uv": [29.1, 28.5], "uv_size": [1, 1.9]},
								"west": {"uv": [29.1, 28.5], "uv_size": [1, 1.9]},
								"up": {"uv": [30.1, 30.4], "uv_size": [-1, -1.9]},
								"down": {"uv": [30.1, 30.4], "uv_size": [-1, -1.9]}
							}
						},
						{
							"origin": [-6.7956, 1.68008, -7.2214],
							"size": [1.5912, 1.27296, 15.2428],
							"uv": {
								"north": {"uv": [29.1, 28.5], "uv_size": [1, 1.9]},
								"east": {"uv": [29.1, 28.5], "uv_size": [1, 1.9]},
								"south": {"uv": [29.1, 28.5], "uv_size": [1, 1.9]},
								"west": {"uv": [29.1, 28.5], "uv_size": [1, 1.9]},
								"up": {"uv": [30.1, 30.4], "uv_size": [-1, -1.9]},
								"down": {"uv": [30.1, 30.4], "uv_size": [-1, -1.9]}
							}
						},
						{
							"origin": [-7.05, 1.9213, 15.80339],
							"size": [2.1, 1.8, 1.85],
							"pivot": [-6, 2.8213, 16.72839],
							"rotation": [-72.5, 0, 0],
							"uv": {
								"north": {"uv": [26.9, 21.1], "uv_size": [-8.8, 10.9]},
								"east": {"uv": [26.9, 21.1], "uv_size": [-8.8, 10.9]},
								"south": {"uv": [26.9, 21.1], "uv_size": [-8.8, 10.9]},
								"west": {"uv": [26.9, 21.1], "uv_size": [-8.8, 10.9]},
								"up": {"uv": [18.1, 32], "uv_size": [8.8, -10.9]},
								"down": {"uv": [18.1, 32], "uv_size": [8.8, -10.9]}
							}
						},
						{
							"origin": [-7.05, -2.46764, 14.87296],
							"size": [2.1, 1.8, 2.95],
							"pivot": [-6, -1.56764, 16.34796],
							"rotation": [60, 0, 0],
							"uv": {
								"north": {"uv": [26.9, 21.1], "uv_size": [-8.8, 10.9]},
								"east": {"uv": [26.9, 21.1], "uv_size": [-8.8, 10.9]},
								"south": {"uv": [26.9, 21.1], "uv_size": [-8.8, 10.9]},
								"west": {"uv": [26.9, 21.1], "uv_size": [-8.8, 10.9]},
								"up": {"uv": [18.1, 32], "uv_size": [8.8, -10.9]},
								"down": {"uv": [18.1, 32], "uv_size": [8.8, -10.9]}
							}
						},
						{
							"origin": [-7.05, -3.11525, 18.13989],
							"size": [2.1, 1.8, 2.95],
							"pivot": [-5.7, -2.06525, 16.81489],
							"rotation": [90, 0, 0],
							"uv": {
								"north": {"uv": [26.9, 21.1], "uv_size": [-8.8, 10.9]},
								"east": {"uv": [26.9, 21.1], "uv_size": [-8.8, 10.9]},
								"south": {"uv": [26.9, 21.1], "uv_size": [-8.8, 10.9]},
								"west": {"uv": [26.9, 21.1], "uv_size": [-8.8, 10.9]},
								"up": {"uv": [18.1, 32], "uv_size": [8.8, -10.9]},
								"down": {"uv": [18.1, 32], "uv_size": [8.8, -10.9]}
							}
						},
						{
							"origin": [-6.25, 0.2, 6.97157],
							"size": [0.5, 0.5, 1.65685],
							"uv": {
								"north": {"uv": [26.9, 21.1], "uv_size": [-8.8, 10.9]},
								"east": {"uv": [26.9, 21.1], "uv_size": [-8.8, 10.9]},
								"south": {"uv": [26.9, 21.1], "uv_size": [-8.8, 10.9]},
								"west": {"uv": [26.9, 21.1], "uv_size": [-8.8, 10.9]},
								"up": {"uv": [18.1, 32], "uv_size": [8.8, -10.9]},
								"down": {"uv": [18.1, 32], "uv_size": [8.8, -10.9]}
							}
						},
						{
							"origin": [-6.25, 0.71257, 5.73413],
							"size": [0.5, 0.5, 1.65685],
							"pivot": [-6, 0.96257, 6.56256],
							"rotation": [-45, 0, 0],
							"uv": {
								"north": {"uv": [26.9, 21.1], "uv_size": [-8.8, 10.9]},
								"east": {"uv": [26.9, 21.1], "uv_size": [-8.8, 10.9]},
								"south": {"uv": [26.9, 21.1], "uv_size": [-8.8, 10.9]},
								"west": {"uv": [26.9, 21.1], "uv_size": [-8.8, 10.9]},
								"up": {"uv": [18.1, 32], "uv_size": [8.8, -10.9]},
								"down": {"uv": [18.1, 32], "uv_size": [8.8, -10.9]}
							}
						},
						{
							"origin": [-6.25, 0.13413, 8.78743],
							"size": [0.5, 1.65685, 0.5],
							"pivot": [-6, 0.96256, 9.03743],
							"rotation": [-45, 0, 0],
							"uv": {
								"north": {"uv": [26.9, 21.1], "uv_size": [-8.8, 10.9]},
								"east": {"uv": [26.9, 21.1], "uv_size": [-8.8, 10.9]},
								"south": {"uv": [26.9, 21.1], "uv_size": [-8.8, 10.9]},
								"west": {"uv": [26.9, 21.1], "uv_size": [-8.8, 10.9]},
								"up": {"uv": [18.1, 32], "uv_size": [8.8, -10.9]},
								"down": {"uv": [18.1, 32], "uv_size": [8.8, -10.9]}
							}
						},
						{
							"origin": [-6.25, 1.37157, 5.8],
							"size": [0.5, 1.65685, 0.5],
							"uv": {
								"north": {"uv": [26.9, 21.1], "uv_size": [-8.8, 10.9]},
								"east": {"uv": [26.9, 21.1], "uv_size": [-8.8, 10.9]},
								"south": {"uv": [26.9, 21.1], "uv_size": [-8.8, 10.9]},
								"west": {"uv": [26.9, 21.1], "uv_size": [-8.8, 10.9]},
								"up": {"uv": [18.1, 32], "uv_size": [8.8, -10.9]},
								"down": {"uv": [18.1, 32], "uv_size": [8.8, -10.9]}
							}
						}
					]
				}
			]
		}
	]
}