{
	"format_version": "1.12.0",
	"minecraft:geometry": [
		{
			"description": {
				"identifier": "geometry.yoru_special_main",
				"texture_width": 16,
				"texture_height": 16,
				"visible_bounds_width": 4,
				"visible_bounds_height": 3.5,
				"visible_bounds_offset": [0, 1.25, 0]
			},
			"bones": [
				{
					"name": "root",
					"pivot": [0, 0, 0]
				},
				{
					"name": "tudo",
					"parent": "root",
					"pivot": [0, 12, 0]
				},
				{
					"name": "waist",
					"parent": "tudo",
					"pivot": [0, 12, 0]
				},
				{
					"name": "body",
					"parent": "waist",
					"pivot": [0, 24, 0]
				},
				{
					"name": "rightA",
					"parent": "body",
					"pivot": [-6, 24, 0]
				},
				{
					"name": "rightArm",
					"parent": "rightA",
					"pivot": [-5, 22, 0]
				},
				{
					"name": "rightArm2",
					"parent": "rightArm",
					"pivot": [-5, 18, 2]
				},
				{
					"name": "katana",
					"parent": "rightArm2",
					"pivot": [-5, 13.5, 0]
				},
				{
					"name": "blade",
					"parent": "katana",
					"pivot": [-5.125, 13.51786, -20.98214]
				},
				{
					"name": "2special_blade",
					"parent": "blade",
					"pivot": [-5, 13.5, 0],
					"cubes": [
						{
							"origin": [-5.125, 15, -33.75],
							"size": [0, 18, 18],
							"uv": {
								"north": {"uv": [0, 0], "uv_size": [0, 16]},
								"east": {"uv": [16, 0], "uv_size": [-16, 16]},
								"south": {"uv": [0, 0], "uv_size": [0, 16]},
								"west": {"uv": [0, 0], "uv_size": [16, 16]},
								"up": {"uv": [0, 16], "uv_size": [0, -16]},
								"down": {"uv": [0, 16], "uv_size": [0, -16]}
							}
						}
					]
				}
			]
		}
	]
}