{
	"format_version": "1.12.0",
	"minecraft:geometry": [
		{
			"description": {
				"identifier": "geometry.yoru_off_hand",
				"texture_width": 16,
				"texture_height": 16,
				"visible_bounds_width": 4,
				"visible_bounds_height": 3.5,
				"visible_bounds_offset": [0, 1.25, 0]
			},
			"bones": [
				{
					"name": "root",
					"pivot": [0, 0, 0]
				},
				{
					"name": "tudo",
					"parent": "root",
					"pivot": [0, 12, 0]
				},
				{
					"name": "waist",
					"parent": "tudo",
					"pivot": [0, 12, 0]
				},
				{
					"name": "body",
					"parent": "waist",
					"pivot": [0, 24, 0]
				},
				{
					"name": "leftA",
					"parent": "body",
					"pivot": [6, 24, 0]
				},
				{
					"name": "leftArm",
					"parent": "leftA",
					"pivot": [5, 22, 0]
				},
				{
					"name": "leftArm2",
					"parent": "leftArm",
					"pivot": [5, 18, 2]
				},
				{
					"name": "katana2",
					"parent": "leftArm2",
					"pivot": [5, 13.5, 0]
				},
				{
					"name": "blade2",
					"parent": "katana2",
					"pivot": [5.125, 13.51786, -20.98214],
					"cubes": [
						{
							"origin": [26.625, 5.5, -18.5],
							"size": [0.25, 0.5, 0.25],
							"pivot": [4.875, 5.5, -11],
							"rotation": [0, 90, 90],
							"uv": {
								"north": {"uv": [14.75, 2.75], "uv_size": [0.25, 0.25]},
								"east": {"uv": [15, 2.75], "uv_size": [-0.25, 0.25]},
								"south": {"uv": [15, 2.75], "uv_size": [-0.25, 0.25]},
								"west": {"uv": [15, 2.75], "uv_size": [-0.25, 0.25]},
								"up": {"uv": [14.75, 3], "uv_size": [0.25, -0.25]},
								"down": {"uv": [14.75, 2.75], "uv_size": [0.25, 0.25]}
							}
						},
						{
							"origin": [26.125, 5.5, -21.75],
							"size": [1, 0.5, 3.25],
							"pivot": [4.875, 5.5, -11],
							"rotation": [0, 90, 90],
							"uv": {
								"north": {"uv": [14.25, 0.25], "uv_size": [1, 0.25]},
								"east": {"uv": [14.5, 0.25], "uv_size": [-0.25, 2.5]},
								"south": {"uv": [15.25, 2.5], "uv_size": [-1, 0.25]},
								"west": {"uv": [15.25, 0.25], "uv_size": [-0.25, 2.5]},
								"up": {"uv": [14.25, 2.75], "uv_size": [1, -2.5]},
								"down": {"uv": [14.25, 0.25], "uv_size": [1, 2.5]}
							}
						},
						{
							"origin": [26.125, 5.5, -18.5],
							"size": [0.5, 0.5, 0.5],
							"pivot": [4.875, 5.5, -11],
							"rotation": [0, 90, 90],
							"uv": {
								"north": {"uv": [14.25, 2.75], "uv_size": [0.5, 0.25]},
								"east": {"uv": [14.5, 2.75], "uv_size": [-0.25, 0.5]},
								"south": {"uv": [14.75, 3], "uv_size": [-0.5, 0.25]},
								"west": {"uv": [14.75, 2.75], "uv_size": [-0.25, 0.5]},
								"up": {"uv": [14.25, 3.25], "uv_size": [0.5, -0.5]},
								"down": {"uv": [14.25, 2.75], "uv_size": [0.5, 0.5]}
							}
						},
						{
							"origin": [26.125, 5.5, -18],
							"size": [0.25, 0.5, 0.25],
							"pivot": [4.875, 5.5, -11],
							"rotation": [0, 90, 90],
							"uv": {
								"north": {"uv": [14.25, 3.25], "uv_size": [0.25, 0.25]},
								"east": {"uv": [14.5, 3.25], "uv_size": [-0.25, 0.25]},
								"south": {"uv": [14.5, 3.25], "uv_size": [-0.25, 0.25]},
								"west": {"uv": [14.5, 3.25], "uv_size": [-0.25, 0.25]},
								"up": {"uv": [14.25, 3.5], "uv_size": [0.25, -0.25]},
								"down": {"uv": [14.25, 3.25], "uv_size": [0.25, 0.25]}
							}
						},
						{
							"origin": [27.125, 5.5, -20],
							"size": [0.5, 0.5, 0.5],
							"pivot": [4.875, 5.5, -11],
							"rotation": [0, 90, 90],
							"uv": {
								"north": {"uv": [15.25, 1.25], "uv_size": [0.5, 0.25]},
								"east": {"uv": [15.5, 1.25], "uv_size": [-0.25, 0.5]},
								"south": {"uv": [15.75, 1.5], "uv_size": [-0.5, 0.25]},
								"west": {"uv": [15.75, 1.25], "uv_size": [-0.25, 0.5]},
								"up": {"uv": [15.25, 1.75], "uv_size": [0.5, -0.5]},
								"down": {"uv": [15.25, 1.25], "uv_size": [0.5, 0.5]}
							}
						},
						{
							"origin": [27.125, 5.5, -19.5],
							"size": [0.25, 0.5, 0.5],
							"pivot": [4.875, 5.5, -11],
							"rotation": [0, 90, 90],
							"uv": {
								"north": {"uv": [15.25, 1.75], "uv_size": [0.25, 0.25]},
								"east": {"uv": [15.5, 1.75], "uv_size": [-0.25, 0.5]},
								"south": {"uv": [15.5, 2], "uv_size": [-0.25, 0.25]},
								"west": {"uv": [15.5, 1.75], "uv_size": [-0.25, 0.5]},
								"up": {"uv": [15.25, 2.25], "uv_size": [0.25, -0.5]},
								"down": {"uv": [15.25, 1.75], "uv_size": [0.25, 0.5]}
							}
						},
						{
							"origin": [27.125, 5.5, -22],
							"size": [0.75, 0.5, 2],
							"pivot": [4.875, 5.5, -11],
							"rotation": [0, 90, 90],
							"uv": {
								"north": {"uv": [15.25, 0], "uv_size": [0.75, 0.25]},
								"east": {"uv": [15.5, 0], "uv_size": [-0.25, 1.25]},
								"south": {"uv": [16, 1], "uv_size": [-0.75, 0.25]},
								"west": {"uv": [16, 0], "uv_size": [-0.25, 1.25]},
								"up": {"uv": [15.25, 1.25], "uv_size": [0.75, -1.25]},
								"down": {"uv": [15.25, 0], "uv_size": [0.75, 1.25]}
							}
						},
						{
							"origin": [4.625, 12.5, -31.25],
							"size": [0.75, 0.5, 0.25],
							"pivot": [5, 12.625, -31.625],
							"rotation": [0, 90, 90],
							"uv": {
								"north": {"uv": [13.25, 3.5], "uv_size": [0.75, 0.25]},
								"east": {"uv": [13.5, 3.5], "uv_size": [-0.25, 0.25]},
								"south": {"uv": [14, 3.5], "uv_size": [-0.75, 0.25]},
								"west": {"uv": [14, 3.5], "uv_size": [-0.25, 0.25]},
								"up": {"uv": [13.25, 3.75], "uv_size": [0.75, -0.25]},
								"down": {"uv": [13.25, 3.5], "uv_size": [0.75, 0.25]}
							}
						},
						{
							"origin": [25.125, 5.5, -21.5],
							"size": [1, 0.5, 3.75],
							"pivot": [4.875, 5.5, -11],
							"rotation": [0, 90, 90],
							"uv": {
								"north": {"uv": [13.25, 0.5], "uv_size": [1, 0.25]},
								"east": {"uv": [13.5, 0.5], "uv_size": [-0.25, 3]},
								"south": {"uv": [14.25, 3.25], "uv_size": [-1, 0.25]},
								"west": {"uv": [14.25, 0.5], "uv_size": [-0.25, 3]},
								"up": {"uv": [13.25, 3.5], "uv_size": [1, -3]},
								"down": {"uv": [13.25, 0.5], "uv_size": [1, 3]}
							}
						},
						{
							"origin": [1.625, 13.375, -28.625],
							"size": [6, 0.5, 3.75],
							"pivot": [5.125, 13.625, -26.75],
							"rotation": [0, 90, 90],
							"uv": {
								"north": {"uv": [6.25, 1], "uv_size": [5.5, 0.25]},
								"east": {"uv": [6.5, 1], "uv_size": [-0.25, 3]},
								"south": {"uv": [11.75, 3.75], "uv_size": [-5.5, 0.25]},
								"west": {"uv": [11.75, 1], "uv_size": [-0.25, 3]},
								"up": {"uv": [6.25, 4], "uv_size": [5.5, -3]},
								"down": {"uv": [6.25, 1], "uv_size": [5.5, 3]}
							}
						},
						{
							"origin": [23.125, 5.5, -21.25],
							"size": [2, 0.5, 4],
							"pivot": [4.875, 5.5, -11],
							"rotation": [0, 90, 90],
							"uv": {
								"north": {"uv": [11.75, 0.75], "uv_size": [1.5, 0.25]},
								"east": {"uv": [12, 0.75], "uv_size": [-0.25, 3.25]},
								"south": {"uv": [13.25, 3.75], "uv_size": [-1.5, 0.25]},
								"west": {"uv": [13.25, 0.75], "uv_size": [-0.25, 3.25]},
								"up": {"uv": [11.75, 4], "uv_size": [1.5, -3.25]},
								"down": {"uv": [11.75, 0.75], "uv_size": [1.5, 3.25]}
							}
						},
						{
							"origin": [1, 13.75, -8.375],
							"size": [6, 0.5, 3.5],
							"pivot": [5, 13.875, -7],
							"rotation": [0, 90, 90],
							"uv": {
								"north": {"uv": [2, 1.25], "uv_size": [6, 0.25]},
								"east": {"uv": [2.25, 1.25], "uv_size": [-0.25, 2.75]},
								"south": {"uv": [8, 3.75], "uv_size": [-6, 0.25]},
								"west": {"uv": [8, 1.25], "uv_size": [-0.25, 2.75]},
								"up": {"uv": [2, 4], "uv_size": [6, -2.75]},
								"down": {"uv": [2, 1.25], "uv_size": [6, 2.75]}
							}
						},
						{
							"origin": [1, 13.5, -22.625],
							"size": [6.25, 0.5, 3.5],
							"pivot": [5.125, 13.75, -21.125],
							"rotation": [0, 90, 90],
							"uv": {
								"north": {"uv": [0, 1.25], "uv_size": [6.25, 0.25]},
								"east": {"uv": [0.25, 1.25], "uv_size": [-0.25, 2.75]},
								"south": {"uv": [6.25, 3.75], "uv_size": [-6.25, 0.25]},
								"west": {"uv": [6.25, 1.25], "uv_size": [-0.25, 2.75]},
								"up": {"uv": [0, 4], "uv_size": [6.25, -2.75]},
								"down": {"uv": [0, 1.25], "uv_size": [6.25, 2.75]}
							}
						},
						{
							"origin": [0.125, 13.5, -15.5],
							"size": [8, 0.5, 3.5],
							"pivot": [5.125, 13.75, -14],
							"rotation": [0, 90, 90],
							"uv": {
								"north": {"uv": [0, 1.25], "uv_size": [8, 0.25]},
								"east": {"uv": [0.25, 1.25], "uv_size": [-0.25, 2.75]},
								"south": {"uv": [8, 3.75], "uv_size": [-8, 0.25]},
								"west": {"uv": [8, 1.25], "uv_size": [-0.25, 2.75]},
								"up": {"uv": [0, 4], "uv_size": [8, -2.75]},
								"down": {"uv": [0, 1.25], "uv_size": [8, 2.75]}
							}
						}
					]
				},
				{
					"name": "2special_blade2",
					"parent": "blade2",
					"pivot": [5, 13.5, 0]
				},
				{
					"name": "cable2",
					"parent": "katana2",
					"pivot": [5.125, 13.5, -2.75],
					"cubes": [
						{
							"origin": [1.125, 13.125, 0],
							"size": [8, 0.75, 2],
							"inflate": 0.01,
							"pivot": [5.125, 13.5, 1],
							"rotation": [0, 90, 90],
							"uv": {
								"north": {"uv": [0, 4], "uv_size": [8, 0.25]},
								"east": {"uv": [0.25, 4], "uv_size": [-0.25, 2]},
								"south": {"uv": [8, 5.75], "uv_size": [-8, 0.25]},
								"west": {"uv": [8, 4], "uv_size": [-0.25, 2]},
								"up": {"uv": [0, 6], "uv_size": [8, -2]},
								"down": {"uv": [0, 4], "uv_size": [8, 2]}
							}
						},
						{
							"origin": [4.9375, 13.20924, -15.07337],
							"size": [0.375, 0.625, 1.5],
							"pivot": [5.125, 13.52174, -14.32337],
							"rotation": [0, 90, 90],
							"uv": {
								"north": {"uv": [9, 10.5], "uv_size": [0.25, 0.25]},
								"east": {"uv": [9.25, 10.5], "uv_size": [-0.25, 1]},
								"south": {"uv": [9.25, 11.25], "uv_size": [-0.25, 0.25]},
								"west": {"uv": [9.25, 10.5], "uv_size": [-0.25, 1]},
								"up": {"uv": [9, 11.5], "uv_size": [0.25, -1]},
								"down": {"uv": [9, 10.5], "uv_size": [0.25, 1]}
							}
						},
						{
							"origin": [0.625, 13.20924, -10.76087],
							"size": [9, 0.625, 2.25],
							"pivot": [5.125, 13.52174, -9.63587],
							"rotation": [0, 90, 90],
							"uv": {
								"north": {"uv": [3, 10.25], "uv_size": [6, 0.25]},
								"east": {"uv": [3.25, 10.25], "uv_size": [-0.25, 1.5]},
								"south": {"uv": [9, 11.5], "uv_size": [-6, 0.25]},
								"west": {"uv": [9, 10.25], "uv_size": [-0.25, 1.5]},
								"up": {"uv": [3, 11.75], "uv_size": [6, -1.5]},
								"down": {"uv": [3, 10.25], "uv_size": [6, 1.5]}
							}
						},
						{
							"origin": [1.6875, 13.14674, 0.86413],
							"size": [1.125, 0.875, 0.375],
							"pivot": [4.875, 13.33424, -4.57337],
							"rotation": [0, 90, 90],
							"uv": {
								"north": {"uv": [0.5, 14.75], "uv_size": [0.75, 0.25]},
								"east": {"uv": [0.75, 14.75], "uv_size": [-0.25, 0.25]},
								"south": {"uv": [1.25, 14.75], "uv_size": [-0.75, 0.25]},
								"west": {"uv": [1.25, 14.75], "uv_size": [-0.25, 0.25]},
								"up": {"uv": [0.5, 15], "uv_size": [0.75, -0.25]},
								"down": {"uv": [0.5, 14.75], "uv_size": [0.75, 0.25]}
							}
						},
						{
							"origin": [6.9375, 13.14674, 0.11413],
							"size": [0.375, 0.875, 0.75],
							"pivot": [4.875, 13.33424, -4.57337],
							"rotation": [0, 90, 90],
							"uv": {
								"north": {"uv": [4, 14.25], "uv_size": [0.25, 0.25]},
								"east": {"uv": [4.25, 14.25], "uv_size": [-0.25, 0.5]},
								"south": {"uv": [4.25, 14.5], "uv_size": [-0.25, 0.25]},
								"west": {"uv": [4.25, 14.25], "uv_size": [-0.25, 0.5]},
								"up": {"uv": [4, 14.75], "uv_size": [0.25, -0.5]},
								"down": {"uv": [4, 14.25], "uv_size": [0.25, 0.5]}
							}
						},
						{
							"origin": [5.8125, 13.14674, 0.11413],
							"size": [1.125, 0.875, 1.125],
							"pivot": [4.875, 13.33424, -4.57337],
							"rotation": [0, 90, 90],
							"uv": {
								"north": {"uv": [3.25, 14.25], "uv_size": [0.75, 0.25]},
								"east": {"uv": [3.5, 14.25], "uv_size": [-0.25, 0.75]},
								"south": {"uv": [4, 14.75], "uv_size": [-0.75, 0.25]},
								"west": {"uv": [4, 14.25], "uv_size": [-0.25, 0.75]},
								"up": {"uv": [3.25, 15], "uv_size": [0.75, -0.75]},
								"down": {"uv": [3.25, 14.25], "uv_size": [0.75, 0.75]}
							}
						},
						{
							"origin": [1.3125, 13.14674, 0.11413],
							"size": [1.5, 0.875, 0.75],
							"pivot": [4.875, 13.33424, -4.57337],
							"rotation": [0, 90, 90],
							"uv": {
								"north": {"uv": [0.25, 14.25], "uv_size": [1, 0.25]},
								"east": {"uv": [0.5, 14.25], "uv_size": [-0.25, 0.5]},
								"south": {"uv": [1.25, 14.5], "uv_size": [-1, 0.25]},
								"west": {"uv": [1.25, 14.25], "uv_size": [-0.25, 0.5]},
								"up": {"uv": [0.25, 14.75], "uv_size": [1, -0.5]},
								"down": {"uv": [0.25, 14.25], "uv_size": [1, 0.5]}
							}
						},
						{
							"origin": [7.3125, 13.14674, -0.26087],
							"size": [0.375, 0.875, 0.75],
							"pivot": [4.875, 13.33424, -4.57337],
							"rotation": [0, 90, 90],
							"uv": {
								"north": {"uv": [4.25, 14], "uv_size": [0.25, 0.25]},
								"east": {"uv": [4.5, 14], "uv_size": [-0.25, 0.5]},
								"south": {"uv": [4.5, 14.25], "uv_size": [-0.25, 0.25]},
								"west": {"uv": [4.5, 14], "uv_size": [-0.25, 0.5]},
								"up": {"uv": [4.25, 14.5], "uv_size": [0.25, -0.5]},
								"down": {"uv": [4.25, 14], "uv_size": [0.25, 0.5]}
							}
						},
						{
							"origin": [5.4375, 13.14674, -0.26087],
							"size": [0.375, 0.875, 1.5],
							"pivot": [4.875, 13.33424, -4.57337],
							"rotation": [0, 90, 90],
							"uv": {
								"north": {"uv": [3, 14], "uv_size": [0.25, 0.25]},
								"east": {"uv": [3.25, 14], "uv_size": [-0.25, 1]},
								"south": {"uv": [3.25, 14.75], "uv_size": [-0.25, 0.25]},
								"west": {"uv": [3.25, 14], "uv_size": [-0.25, 1]},
								"up": {"uv": [3, 15], "uv_size": [0.25, -1]},
								"down": {"uv": [3, 14], "uv_size": [0.25, 1]}
							}
						},
						{
							"origin": [2.8125, 13.14674, -0.26087],
							"size": [0.375, 0.875, 1.5],
							"pivot": [4.875, 13.33424, -4.57337],
							"rotation": [0, 90, 90],
							"uv": {
								"north": {"uv": [1.25, 14], "uv_size": [0.25, 0.25]},
								"east": {"uv": [1.5, 14], "uv_size": [-0.25, 1]},
								"south": {"uv": [1.5, 14.75], "uv_size": [-0.25, 0.25]},
								"west": {"uv": [1.5, 14], "uv_size": [-0.25, 1]},
								"up": {"uv": [1.25, 15], "uv_size": [0.25, -1]},
								"down": {"uv": [1.25, 14], "uv_size": [0.25, 1]}
							}
						},
						{
							"origin": [0.9375, 13.14674, -0.26087],
							"size": [0.375, 0.875, 0.75],
							"pivot": [4.875, 13.33424, -4.57337],
							"rotation": [0, 90, 90],
							"uv": {
								"north": {"uv": [0, 14], "uv_size": [0.25, 0.25]},
								"east": {"uv": [0.25, 14], "uv_size": [-0.25, 0.5]},
								"south": {"uv": [0.25, 14.25], "uv_size": [-0.25, 0.25]},
								"west": {"uv": [0.25, 14], "uv_size": [-0.25, 0.5]},
								"up": {"uv": [0, 14.5], "uv_size": [0.25, -0.5]},
								"down": {"uv": [0, 14], "uv_size": [0.25, 0.5]}
							}
						},
						{
							"origin": [5.4375, 13.14674, -9.63587],
							"size": [0.375, 0.875, 0.375],
							"pivot": [4.875, 13.33424, -4.57337],
							"rotation": [0, 90, 90],
							"uv": {
								"north": {"uv": [3, 7.75], "uv_size": [0.25, 0.25]},
								"east": {"uv": [3.25, 7.75], "uv_size": [-0.25, 0.25]},
								"south": {"uv": [3.25, 7.75], "uv_size": [-0.25, 0.25]},
								"west": {"uv": [3.25, 7.75], "uv_size": [-0.25, 0.25]},
								"up": {"uv": [3, 8], "uv_size": [0.25, -0.25]},
								"down": {"uv": [3, 7.75], "uv_size": [0.25, 0.25]}
							}
						},
						{
							"origin": [3.9375, 13.14674, -9.63587],
							"size": [0.75, 0.875, 9.75],
							"pivot": [4.875, 13.33424, -4.57337],
							"rotation": [0, 90, 90],
							"uv": {
								"north": {"uv": [2, 7.75], "uv_size": [0.5, 0.25]},
								"east": {"uv": [2.25, 7.75], "uv_size": [-0.25, 6.5]},
								"south": {"uv": [2.5, 14], "uv_size": [-0.5, 0.25]},
								"west": {"uv": [2.5, 7.75], "uv_size": [-0.25, 6.5]},
								"up": {"uv": [2, 14.25], "uv_size": [0.5, -6.5]},
								"down": {"uv": [2, 7.75], "uv_size": [0.5, 6.5]}
							}
						},
						{
							"origin": [2.8125, 13.14674, -9.63587],
							"size": [0.375, 0.875, 0.375],
							"pivot": [4.875, 13.33424, -4.57337],
							"rotation": [0, 90, 90],
							"uv": {
								"north": {"uv": [1.25, 7.75], "uv_size": [0.25, 0.25]},
								"east": {"uv": [1.5, 7.75], "uv_size": [-0.25, 0.25]},
								"south": {"uv": [1.5, 7.75], "uv_size": [-0.25, 0.25]},
								"west": {"uv": [1.5, 7.75], "uv_size": [-0.25, 0.25]},
								"up": {"uv": [1.25, 8], "uv_size": [0.25, -0.25]},
								"down": {"uv": [1.25, 7.75], "uv_size": [0.25, 0.25]}
							}
						},
						{
							"origin": [7.3125, 13.14674, -10.01087],
							"size": [0.375, 0.875, 0.75],
							"pivot": [4.875, 13.33424, -4.57337],
							"rotation": [0, 90, 90],
							"uv": {
								"north": {"uv": [4.25, 7.5], "uv_size": [0.25, 0.25]},
								"east": {"uv": [4.5, 7.5], "uv_size": [-0.25, 0.5]},
								"south": {"uv": [4.5, 7.75], "uv_size": [-0.25, 0.25]},
								"west": {"uv": [4.5, 7.5], "uv_size": [-0.25, 0.5]},
								"up": {"uv": [4.25, 8], "uv_size": [0.25, -0.5]},
								"down": {"uv": [4.25, 7.5], "uv_size": [0.25, 0.5]}
							}
						},
						{
							"origin": [4.6875, 13.14674, -10.01087],
							"size": [0.375, 0.875, 10.5],
							"pivot": [4.875, 13.33424, -4.57337],
							"rotation": [0, 90, 90],
							"uv": {
								"north": {"uv": [2.5, 7.5], "uv_size": [0.25, 0.25]},
								"east": {"uv": [2.75, 7.5], "uv_size": [-0.25, 7]},
								"south": {"uv": [2.75, 14.25], "uv_size": [-0.25, 0.25]},
								"west": {"uv": [2.75, 7.5], "uv_size": [-0.25, 7]},
								"up": {"uv": [2.5, 14.5], "uv_size": [0.25, -7]},
								"down": {"uv": [2.5, 7.5], "uv_size": [0.25, 7]}
							}
						},
						{
							"origin": [3.5625, 13.14674, -10.01087],
							"size": [0.375, 0.875, 10.5],
							"pivot": [4.875, 13.33424, -4.57337],
							"rotation": [0, 90, 90],
							"uv": {
								"north": {"uv": [1.75, 7.5], "uv_size": [0.25, 0.25]},
								"east": {"uv": [2, 7.5], "uv_size": [-0.25, 7]},
								"south": {"uv": [2, 14.25], "uv_size": [-0.25, 0.25]},
								"west": {"uv": [2, 7.5], "uv_size": [-0.25, 7]},
								"up": {"uv": [1.75, 14.5], "uv_size": [0.25, -7]},
								"down": {"uv": [1.75, 7.5], "uv_size": [0.25, 7]}
							}
						},
						{
							"origin": [0.9375, 13.14674, -10.01087],
							"size": [0.375, 0.875, 0.75],
							"pivot": [4.875, 13.33424, -4.57337],
							"rotation": [0, 90, 90],
							"uv": {
								"north": {"uv": [0, 7.5], "uv_size": [0.25, 0.25]},
								"east": {"uv": [0.25, 7.5], "uv_size": [-0.25, 0.5]},
								"south": {"uv": [0.25, 7.75], "uv_size": [-0.25, 0.25]},
								"west": {"uv": [0.25, 7.5], "uv_size": [-0.25, 0.5]},
								"up": {"uv": [0, 8], "uv_size": [0.25, -0.5]},
								"down": {"uv": [0, 7.5], "uv_size": [0.25, 0.5]}
							}
						},
						{
							"origin": [6.9375, 13.14674, -10.38587],
							"size": [0.375, 0.875, 0.75],
							"pivot": [4.875, 13.33424, -4.57337],
							"rotation": [0, 90, 90],
							"uv": {
								"north": {"uv": [4, 7.25], "uv_size": [0.25, 0.25]},
								"east": {"uv": [4.25, 7.25], "uv_size": [-0.25, 0.5]},
								"south": {"uv": [4.25, 7.5], "uv_size": [-0.25, 0.25]},
								"west": {"uv": [4.25, 7.25], "uv_size": [-0.25, 0.5]},
								"up": {"uv": [4, 7.75], "uv_size": [0.25, -0.5]},
								"down": {"uv": [4, 7.25], "uv_size": [0.25, 0.5]}
							}
						},
						{
							"origin": [5.0625, 13.14674, -10.38587],
							"size": [0.375, 0.875, 11.25],
							"pivot": [4.875, 13.33424, -4.57337],
							"rotation": [0, 90, 90],
							"uv": {
								"north": {"uv": [2.75, 7.25], "uv_size": [0.25, 0.25]},
								"east": {"uv": [3, 7.25], "uv_size": [-0.25, 7.5]},
								"south": {"uv": [3, 14.5], "uv_size": [-0.25, 0.25]},
								"west": {"uv": [3, 7.25], "uv_size": [-0.25, 7.5]},
								"up": {"uv": [2.75, 14.75], "uv_size": [0.25, -7.5]},
								"down": {"uv": [2.75, 7.25], "uv_size": [0.25, 7.5]}
							}
						},
						{
							"origin": [3.1875, 13.14674, -10.38587],
							"size": [0.375, 0.875, 11.25],
							"pivot": [4.875, 13.33424, -4.57337],
							"rotation": [0, 90, 90],
							"uv": {
								"north": {"uv": [1.5, 7.25], "uv_size": [0.25, 0.25]},
								"east": {"uv": [1.75, 7.25], "uv_size": [-0.25, 7.5]},
								"south": {"uv": [1.75, 14.5], "uv_size": [-0.25, 0.25]},
								"west": {"uv": [1.75, 7.25], "uv_size": [-0.25, 7.5]},
								"up": {"uv": [1.5, 14.75], "uv_size": [0.25, -7.5]},
								"down": {"uv": [1.5, 7.25], "uv_size": [0.25, 7.5]}
							}
						},
						{
							"origin": [1.3125, 13.14674, -10.38587],
							"size": [0.375, 0.875, 0.75],
							"pivot": [4.875, 13.33424, -4.57337],
							"rotation": [0, 90, 90],
							"uv": {
								"north": {"uv": [0.25, 7.25], "uv_size": [0.25, 0.25]},
								"east": {"uv": [0.5, 7.25], "uv_size": [-0.25, 0.5]},
								"south": {"uv": [0.5, 7.5], "uv_size": [-0.25, 0.25]},
								"west": {"uv": [0.5, 7.25], "uv_size": [-0.25, 0.5]},
								"up": {"uv": [0.25, 7.75], "uv_size": [0.25, -0.5]},
								"down": {"uv": [0.25, 7.25], "uv_size": [0.25, 0.5]}
							}
						},
						{
							"origin": [1.6875, 13.14674, -10.76087],
							"size": [1.5, 0.875, 1.125],
							"pivot": [4.875, 13.33424, -4.57337],
							"rotation": [0, 90, 90],
							"uv": {
								"north": {"uv": [0.5, 7], "uv_size": [1, 0.25]},
								"east": {"uv": [0.75, 7], "uv_size": [-0.25, 0.75]},
								"south": {"uv": [1.5, 7.5], "uv_size": [-1, 0.25]},
								"west": {"uv": [1.5, 7], "uv_size": [-0.25, 0.75]},
								"up": {"uv": [0.5, 7.75], "uv_size": [1, -0.75]},
								"down": {"uv": [0.5, 7], "uv_size": [1, 0.75]}
							}
						},
						{
							"origin": [5.4375, 13.14674, -10.76087],
							"size": [1.5, 0.875, 1.125],
							"pivot": [4.875, 13.33424, -4.57337],
							"rotation": [0, 90, 90],
							"uv": {
								"north": {"uv": [3, 7], "uv_size": [1, 0.25]},
								"east": {"uv": [3.25, 7], "uv_size": [-0.25, 0.75]},
								"south": {"uv": [4, 7.5], "uv_size": [-1, 0.25]},
								"west": {"uv": [4, 7], "uv_size": [-0.25, 0.75]},
								"up": {"uv": [3, 7.75], "uv_size": [1, -0.75]},
								"down": {"uv": [3, 7], "uv_size": [1, 0.75]}
							}
						}
					]
				}
			]
		}
	]
}