{
  "format_version": "1.8.0",
  "minecraft:client_entity": {
    "description": {
      "identifier": "br:the_bacteria",
      "min_engine_version": "1.8.0",
      "materials": {
        "default": "witch"
      },
      "textures": {
        "default": "textures/entity/pamobile/br_the_bacteria"
      },
      "geometry": {
        "default": "geometry.br_the_bacteria"
      },
      "scripts": {
        "scale": "0.9375"
      },
      "animations": {
        "villager_general": "animation.br_the_bacteria.general",
        "look_at_target": "animation.br_the_bacteria.look_at_target",
        "move": "animation.br_the_bacteria.walk",
        "general": "animation.br_the_bacteria.general"
      },
      "animation_controllers": [
        {
          "general": "controller.animation.witch.general"
        },
        {
          "move": "controller.animation.villager.move"
        }
      ],
      "render_controllers": [
        "controller.render.witch"
      ],
      "spawn_egg": {
        "texture": "br:the_bacteria",
        "texture_index": 0
      }
    }
  }
}