{
  "format_version": "1.16.0",
  "minecraft:entity": {
    "description": {
      "identifier": "wesl3y:marine_captain",
      "is_spawnable": true,
      "is_summonable": true,
      "is_experimental": false,
      "scripts": {
        "animate": [
          "regen",
          "mob",
          "mob4",
          "pvp"
        ]
      },
      "animations": {
        "regen": "animation.regen",
        "mob": "controller.animation.mobs_weapons",
        "mob4": "controller.animation.mobs_haki",
        "pvp": "controller.animation.pvp_mob"
      }
    },
    "component_groups": {
      "wesl3y:despawn": {
        "minecraft:instant_despawn": {}
      },
      "wesl3y:marine1": {
        "minecraft:variant": {
          "value": 1
        }
      },
      "wesl3y:marine2": {
        "minecraft:variant": {
          "value": 2
        }
      },
      "wesl3y:level30": {
        "minecraft:skin_id": {
          "value": 1
        },
        "minecraft:experience_reward": {
          "on_death": "query.last_hit_by_player ? 15 + (query.equipment_count * Math.Random(1,3)) : 0"
        },
        "minecraft:health": {
          "value": 400,
          "max": 400
        },
        "minecraft:attack": {
          "damage": [8, 10]
        },
        "minecraft:knockback_resistance": {
          "value": 0.3
        },
        "minecraft:damage_sensor": {
          "triggers": [
            {
              "on_damage": {
                "filters": {
                  "all_of": [
                    {
                      "test": "has_damage",
                      "value": "fatal"
                    },
                    {
                      "test": "is_family",
                      "subject": "other",
                      "value": "player"
                    }
                  ]
                },
                "event": "wesl3y:kill30",
                "target": "self"
              }
            }
          ]
        }
      },
      "wesl3y:level40": {
        "minecraft:skin_id": {
          "value": 2
        },
        "minecraft:experience_reward": {
          "on_death": "query.last_hit_by_player ? 20 + (query.equipment_count * Math.Random(1,3)) : 0"
        },
        "minecraft:health": {
          "value": 500,
          "max": 500
        },
        "minecraft:attack": {
          "damage": [10, 12]
        },
        "minecraft:knockback_resistance": {
          "value": 0.4
        },
        "minecraft:damage_sensor": {
          "triggers": [
            {
              "on_damage": {
                "filters": {
                  "all_of": [
                    {
                      "test": "has_damage",
                      "value": "fatal"
                    },
                    {
                      "test": "is_family",
                      "subject": "other",
                      "value": "player"
                    }
                  ]
                },
                "event": "wesl3y:kill40",
                "target": "self"
              }
            }
          ]
        }
      },
      "wesl3y:level50": {
        "minecraft:skin_id": {
          "value": 3
        },
        "minecraft:experience_reward": {
          "on_death": "query.last_hit_by_player ? 25 + (query.equipment_count * Math.Random(1,3)) : 0"
        },
        "minecraft:health": {
          "value": 600,
          "max": 600
        },
        "minecraft:attack": {
          "damage": [12, 14]
        },
        "minecraft:knockback_resistance": {
          "value": 0.5
        },
        "minecraft:damage_sensor": {
          "triggers": [
            {
              "on_damage": {
                "filters": {
                  "all_of": [
                    {
                      "test": "has_damage",
                      "value": "fatal"
                    },
                    {
                      "test": "is_family",
                      "subject": "other",
                      "value": "player"
                    }
                  ]
                },
                "event": "wesl3y:kill50",
                "target": "self"
              }
            }
          ]
        }
      },
      "wesl3y:no_haki": {
        "minecraft:type_family": {
          "family": [
            "marine"
          ]
        }
      },
      "wesl3y:haki": {
        "minecraft:type_family": {
          "family": [
            "marine",
            "haki_armament"
          ]
        },
        "minecraft:is_sheared": {}
      },
      "wesl3y:ground": {
        "minecraft:movement": {
          "value": 0.25
        },
        "minecraft:flying_speed": {
          "value": 0.025
        },
        "minecraft:navigation.walk": {
          "is_amphibious": true,
          "can_break_doors": true
        },
        "minecraft:physics": {},
        "minecraft:movement.basic": {}
      },
      "wesl3y:fly": {
        "minecraft:is_chested": {},
        "minecraft:flying_speed": {
          "value": 0.55
        },
        "minecraft:navigation.hover": {
          "avoid_damage_blocks": true,
          "can_path_from_air": true,
          "can_path_over_water": true,
          "can_sink": false
        },
        "minecraft:physics": {
          "has_gravity": false
        },
        "minecraft:can_fly": {},
        "minecraft:movement.hover": {}
      },
      "wesl3y:melee": {
        "minecraft:behavior.melee_attack": {
          "priority": 2,
          "speed_multiplier": 2.0,
          "track_target": true
        },
        "minecraft:behavior.delayed_attack": {
          "priority": 0,
          "attack_once": false,
          "track_target": true,
          "require_complete_path": false,
          "random_stop_interval": 0,
          "reach_multiplier": 1.5,
          "speed_multiplier": 1.8,
          "attack_duration": 0.19,
          "hit_delay_pct": 0.1
        }
      },
      "wesl3y:ranged": {
        "minecraft:shooter": {
          "def": "wesl3y:style_yasopp<wesl3y:pistol1_mob>"
        },
        "minecraft:behavior.ranged_attack": {
          "priority": 0,
          "burst_shots": 1,
          "burst_interval": 0,
          "charge_charged_trigger": 0.5,
          "charge_shoot_trigger": 0.5,
          "attack_interval_min": 0.5,
          "attack_interval_max": 0.5,
          "attack_radius": 20.0
        }
      }
    },
    "components": {
      "minecraft:mark_variant": {
        "value": 0
      },
      "minecraft:experience_reward": {
        "on_death": "query.last_hit_by_player ? Math.Random( 0, 15 ) : 0"
      },
      "minecraft:breathable": {
        "total_supply": 15,
        "suffocate_time": 0
      },
      "minecraft:collision_box": {
        "width": 0.6,
        "height": 1.8
      },
      "minecraft:scale": {
        "value": 1.05
      },
      "minecraft:equipment": {
        "table": "loot_tables/hand/marine_captain.json"
      },
      "minecraft:loot": {
        "table": "loot_tables/entities/marine_captain.json"
      },
      "minecraft:behavior.float": {
        "priority": 0
      },
      "minecraft:rideable": {
        "seat_count": 1,
        "family_types": [
          "hana"
        ],
        "seats": [
          {
            "position": [ 0.0, 0.125, 0.0 ],
            "lock_rider_rotation": 0
          }
        ]
      },
      "minecraft:behavior.nearest_attackable_target": {
        "priority": 2,
        "must_see": true,
        "reselect_targets": true,
        "entity_types": [
          {
            "filters": {
              "all_of": [
                {
                  "test": "is_family",
                  "subject": "other",
                  "value": "player"
                },
                {
                  "test": "has_tag",
                  "subject": "other",
                  "operator": "!=",
                  "value": "shichibukai"
                },
                {
                  "test": "has_tag",
                  "subject": "other",
                  "operator": "!=",
                  "value": "yonkou"
                },
                {
                  "any_of": [
                    {
                      "test": "has_tag",
                      "subject": "other",
                      "value": "pirate3"
                    },
                    {
                      "test": "has_tag",
                      "subject": "other",
                      "value": "pirate4"
                    },
                    {
                      "test": "has_tag",
                      "subject": "other",
                      "value": "pirate5"
                    }
                  ]
                }
              ]
            },
            "max_dist": 64
          },
          {
            "filters": {
              "all_of": [
                {
                  "test": "is_family",
                  "subject": "other",
                  "value": "pirate"
                },
                {
                  "test": "is_family",
                  "subject": "other",
                  "value": "boss"
                },
                {
                  "test": "is_family",
                  "subject": "other",
                  "operator": "!=",
                  "value": "shichibukai"
                },
                {
                  "test": "is_family",
                  "subject": "other",
                  "operator": "!=",
                  "value": "yonkou"
                }
              ]
            },
            "max_dist": 32
          }
        ]
      },
      "minecraft:behavior.hurt_by_target": {
        "priority": 1
      },
      "minecraft:behavior.random_stroll": {
        "priority": 7,
        "speed_multiplier": 1
      },
      "minecraft:behavior.look_at_player": {
        "priority": 8,
        "look_distance": 6,
        "probability": 0.02
      },
      "minecraft:behavior.random_look_around": {
        "priority": 9
      },
      "minecraft:behavior.pickup_items": {
        "priority": 7,
        "max_dist": 5,
        "goal_radius": 5,
        "speed_multiplier": 1.0
      },
      "minecraft:equip_item": {},
      "minecraft:behavior.equip_item": {
        "priority": 3
      },
      "minecraft:shareables": {
        "items": [
          {
            "item": "wesl3y:katana",
            "want_amount": 1,
            "surplus_amount": 1,
            "priority": 0
          },
          {
            "item": "wesl3y:pistol",
            "want_amount": 1,
            "surplus_amount": 1,
            "priority": 0
          }
        ]
      },
      "minecraft:hurt_on_condition": {
        "damage_conditions": [
          {
            "filters": {
              "test": "in_lava",
              "subject": "self",
              "operator": "==",
              "value": true
            },
            "cause": "lava",
            "damage_per_tick": 4
          }
        ]
      },
      "minecraft:on_target_acquired": {},
      "minecraft:timer": {
        "time": [ 8, 16 ],
        "looping": true,
        "time_down_event": {
          "event": "wesl3y:random_event"
        }
      },
      "minecraft:despawn": {
        "despawn_from_distance": {}
      },
      "minecraft:nameable": {},
      "minecraft:jump.static": {},
      "minecraft:can_climb": {},
      "minecraft:conditional_bandwidth_optimization": {},
      "minecraft:pushable": {
        "is_pushable": true,
        "is_pushable_by_piston": true
      }
    },
    "events": {
      "wesl3y:kill30": {
        "sequence": [
          {
            "run_command": {
              "command": [
                "scoreboard players add @s[tag=hArmament] xp_hakiarm 15",
                "scoreboard players add @s[tag=hObservation] xp_hakiobs 15",
                "scoreboard players add @s xp_health 15",
                "scoreboard players add @s xp_strength 15",
                "scoreboard players add @s xp_speed 15",
                "scoreboard players add @s xp_jump 15",
                "tag @s[tag=quest_hakiobs19,tag=!quest_hakiobs20] add quest_hakiobs20",
                "tag @s[tag=quest_hakiobs18,tag=!quest_hakiobs19] add quest_hakiobs19",
                "tag @s[tag=quest_hakiobs17,tag=!quest_hakiobs18] add quest_hakiobs18",
                "tag @s[tag=quest_hakiobs16,tag=!quest_hakiobs17] add quest_hakiobs17",
                "tag @s[tag=quest_hakiobs15,tag=!quest_hakiobs16] add quest_hakiobs16",
                "tag @s[tag=quest_hakiobs14,tag=!quest_hakiobs15] add quest_hakiobs15",
                "tag @s[tag=quest_hakiobs13,tag=!quest_hakiobs14] add quest_hakiobs14",
                "tag @s[tag=quest_hakiobs12,tag=!quest_hakiobs13] add quest_hakiobs13",
                "tag @s[tag=quest_hakiobs11,tag=!quest_hakiobs12] add quest_hakiobs12",
                "tag @s[tag=quest_hakiobs0,tag=!quest_hakiobs11] add quest_hakiobs11"
              ],
              "target": "other"
            }
          },
          {
            "filters": {
              "test": "is_family",
              "subject": "self",
              "operator": "==",
              "value": "haki_armament"
            },
            "run_command": {
              "command": [
                "tag @s[tag=quest_hakiarm9,tag=!quest_hakiarm10] add quest_hakiarm10",
                "tag @s[tag=quest_hakiarm8,tag=!quest_hakiarm9] add quest_hakiarm9",
                "tag @s[tag=quest_hakiarm7,tag=!quest_hakiarm8] add quest_hakiarm8",
                "tag @s[tag=quest_hakiarm6,tag=!quest_hakiarm7] add quest_hakiarm7",
                "tag @s[tag=quest_hakiarm0,tag=!quest_hakiarm6] add quest_hakiarm6"
              ],
              "target": "other"
            }
          }
        ]
      },
      "wesl3y:kill40": {
        "sequence": [
          {
            "run_command": {
              "command": [
                "scoreboard players add @s[tag=hArmament] xp_hakiarm 20",
                "scoreboard players add @s[tag=hObservation] xp_hakiobs 20",
                "scoreboard players add @s xp_health 20",
                "scoreboard players add @s xp_strength 20",
                "scoreboard players add @s xp_speed 20",
                "scoreboard players add @s xp_jump 20",
                "tag @s[tag=quest_hakiobs19,tag=!quest_hakiobs20] add quest_hakiobs20",
                "tag @s[tag=quest_hakiobs18,tag=!quest_hakiobs19] add quest_hakiobs19",
                "tag @s[tag=quest_hakiobs17,tag=!quest_hakiobs18] add quest_hakiobs18",
                "tag @s[tag=quest_hakiobs16,tag=!quest_hakiobs17] add quest_hakiobs17",
                "tag @s[tag=quest_hakiobs15,tag=!quest_hakiobs16] add quest_hakiobs16",
                "tag @s[tag=quest_hakiobs14,tag=!quest_hakiobs15] add quest_hakiobs15",
                "tag @s[tag=quest_hakiobs13,tag=!quest_hakiobs14] add quest_hakiobs14",
                "tag @s[tag=quest_hakiobs12,tag=!quest_hakiobs13] add quest_hakiobs13",
                "tag @s[tag=quest_hakiobs11,tag=!quest_hakiobs12] add quest_hakiobs12",
                "tag @s[tag=quest_hakiobs0,tag=!quest_hakiobs11] add quest_hakiobs11"
              ],
              "target": "other"
            }
          },
          {
            "filters": {
              "test": "is_family",
              "subject": "self",
              "operator": "==",
              "value": "haki_armament"
            },
            "run_command": {
              "command": [
                "tag @s[tag=quest_hakiarm9,tag=!quest_hakiarm10] add quest_hakiarm10",
                "tag @s[tag=quest_hakiarm8,tag=!quest_hakiarm9] add quest_hakiarm9",
                "tag @s[tag=quest_hakiarm7,tag=!quest_hakiarm8] add quest_hakiarm8",
                "tag @s[tag=quest_hakiarm6,tag=!quest_hakiarm7] add quest_hakiarm7",
                "tag @s[tag=quest_hakiarm0,tag=!quest_hakiarm6] add quest_hakiarm6"
              ],
              "target": "other"
            }
          }
        ]
      },
      "wesl3y:kill50": {
        "sequence": [
          {
            "run_command": {
              "command": [
                "scoreboard players add @s[tag=hArmament] xp_hakiarm 25",
                "scoreboard players add @s[tag=hObservation] xp_hakiobs 25",
                "scoreboard players add @s xp_health 25",
                "scoreboard players add @s xp_strength 25",
                "scoreboard players add @s xp_speed 25",
                "scoreboard players add @s xp_jump 25",
                "tag @s[tag=quest_hakiobs19,tag=!quest_hakiobs20] add quest_hakiobs20",
                "tag @s[tag=quest_hakiobs18,tag=!quest_hakiobs19] add quest_hakiobs19",
                "tag @s[tag=quest_hakiobs17,tag=!quest_hakiobs18] add quest_hakiobs18",
                "tag @s[tag=quest_hakiobs16,tag=!quest_hakiobs17] add quest_hakiobs17",
                "tag @s[tag=quest_hakiobs15,tag=!quest_hakiobs16] add quest_hakiobs16",
                "tag @s[tag=quest_hakiobs14,tag=!quest_hakiobs15] add quest_hakiobs15",
                "tag @s[tag=quest_hakiobs13,tag=!quest_hakiobs14] add quest_hakiobs14",
                "tag @s[tag=quest_hakiobs12,tag=!quest_hakiobs13] add quest_hakiobs13",
                "tag @s[tag=quest_hakiobs11,tag=!quest_hakiobs12] add quest_hakiobs12",
                "tag @s[tag=quest_hakiobs0,tag=!quest_hakiobs11] add quest_hakiobs11"
              ],
              "target": "other"
            }
          },
          {
            "filters": {
              "test": "is_family",
              "subject": "self",
              "operator": "==",
              "value": "haki_armament"
            },
            "run_command": {
              "command": [
                "tag @s[tag=quest_hakiarm9,tag=!quest_hakiarm10] add quest_hakiarm10",
                "tag @s[tag=quest_hakiarm8,tag=!quest_hakiarm9] add quest_hakiarm9",
                "tag @s[tag=quest_hakiarm7,tag=!quest_hakiarm8] add quest_hakiarm8",
                "tag @s[tag=quest_hakiarm6,tag=!quest_hakiarm7] add quest_hakiarm7",
                "tag @s[tag=quest_hakiarm0,tag=!quest_hakiarm6] add quest_hakiarm6"
              ],
              "target": "other"
            }
          }
        ]
      },
      "wesl3y:despawn": {
        "add": {
          "component_groups": [
            "wesl3y:despawn"
          ]
        }
      },
      "wesl3y:to_walk": {
        "remove": {
          "component_groups": [
            "wesl3y:fly"
          ]
        },
        "add": {
          "component_groups": [
            "wesl3y:ground"
          ]
        }
      },
      "wesl3y:to_fly": {
        "remove": {
          "component_groups": [
            "wesl3y:ground"
          ]
        },
        "add": {
          "component_groups": [
            "wesl3y:fly"
          ]
        }
      },
      "wesl3y:melee": {
        "remove": {
          "component_groups": [
            "wesl3y:ranged"
          ]
        },
        "add": {
          "component_groups": [
            "wesl3y:melee"
          ]
        }
      },
      "wesl3y:ranged": {
        "remove": {
          "component_groups": [
            "wesl3y:melee"
          ]
        },
        "add": {
          "component_groups": [
            "wesl3y:ranged"
          ]
        }
      },
      "wesl3y:no_haki": {
        "remove": {
          "component_groups": [
            "wesl3y:haki"
          ]
        },
        "add": {
          "component_groups": [
            "wesl3y:no_haki"
          ]
        },
        "run_command": {
          "command": [
            "effect @s clear"
          ]
        }
      },
      "wesl3y:random_event": {
        "sequence": [
          {
            "randomize": [
              {
                "weight": 1,
                "filters": {
                  "all_of": [
                    {
                      "test": "has_target",
                      "value": true
                    },
                    {
                      "test": "is_sheared",
                      "value": false
                    },
                    {
                      "any_of": [
                        {
                          "test": "has_tag",
                          "subject" : "target",
                          "value": "logia_fruit"
                        },
                        {
                          "test": "has_tag",
                          "subject" : "target",
                          "value": "haki_armament"
                        },
                        {
                          "test": "is_family",
                          "subject" : "target",
                          "value": "haki_armament"
                        }
                      ]
                    }
                  ]
                },
                "add": {
                  "component_groups": [
                    "wesl3y:haki"
                  ]
                },
                "remove": {
                  "component_groups": [
                    "wesl3y:no_haki"
                  ]
                },
                "run_command": {
                  "command": [
                    "playsound haki_armament @a[r=10]",
                    "replaceitem entity @s[hasitem={item=wesl3y:pistol,location=slot.weapon.mainhand}] slot.weapon.mainhand 0 air",
                    "effect @s resistance 9999 1 true"
                  ]
                }
              },
              {
                "weight": 1,
                "filters": {
                  "all_of": [
                    {
                      "test": "has_target",
                      "value": true
                    },
                    {
                      "test": "on_ground",
                      "value": true
                    }
                  ]
                },
                "run_command": {
                  "command": [
                    "effect @s speed 5 1 true",
                    "effect @s resistance 5 0 true"
                  ]
                }
              }
            ]
          }
        ]
      },
      "minecraft:entity_spawned": {
        "sequence": [
          {
            "add": {
              "component_groups": [
                "wesl3y:ground",
                "wesl3y:no_haki"
              ]
            }
          },
          {
            "randomize": [
              {
                "sequence": [
                  {
                    "randomize": [
                      {
                        "weight": 50,
                        "add": {
                          "component_groups": [
                            "wesl3y:marine1"
                          ]
                        }
                      },
                      {
                        "weight": 50,
                        "add": {
                          "component_groups": [
                            "wesl3y:marine2"
                          ]
                        }
                      }
                    ]
                  }
                ]
              }
            ]
          },
          {
            "randomize": [
              {
                "sequence": [
                  {
                    "randomize": [
                      {
                        "weight": 10,
                        "add": {
                          "component_groups": [
                            "wesl3y:level30"
                          ]
                        }
                      },
                      {
                        "weight": 10,
                        "add": {
                          "component_groups": [
                            "wesl3y:level40"
                          ]
                        }
                      },
                      {
                        "weight": 10,
                        "add": {
                          "component_groups": [
                            "wesl3y:level50"
                          ]
                        }
                      }
                    ]
                  }
                ]
              }
            ]
          }
        ]
      }
    }
  }
}