{
  "format_version":"1.16.100",
  "animation_controllers":{
    "controller.animation.layry":{
      "states":{
        "default":{
          "transitions":[
            {"layry":"query.mark_variant == 10"}
          ]
        },
        "layry":{
          "transitions":[
            {"layry2":"variable.time = (variable.time ?? 0);variable.time = variable.time < 20 ? variable.time + 1:0;return variable.time == 0;"}
          ],
          "on_entry":[
            "/replaceitem entity @s slot.weapon.mainhand 0 air",
            "/replaceitem entity @s slot.armor.head 0 air"
          ]
        },
        "layry2":{
          "transitions":[
            {"layry3":"(1.0)"}
          ],
          "on_entry":[
            "/give @p onepiece_addon:mugiwarabou 1"
          ]
        },
        "layry3":{}
      }
    }
  }
}