{
  "format_version": "1.8.0",
  "animations": {
    "animation.yg_figure.move": {
      "loop": true,
      "animation_length": 1,
      "anim_time_update": "query.modified_distance_moved * 0.1",
      "bones": {
        "Root": {
          "position": {
            "0.0": [
              0,
              -2,
              0
            ],
            "0.25": [
              0,
              0,
              0
            ],
            "0.5": [
              0,
              -2,
              0
            ],
            "0.75": [
              0,
              0,
              0
            ],
            "1.0": [
              0,
              -2,
              0
            ]
          }
        },
        "Rightarm": {
          "rotation": {
            "0.0": [
              0,
              0,
              22.5
            ],
            "0.25": [
              0,
              0,
              27.5
            ],
            "0.5": [
              0.42213,
              0.0978,
              20.87153
            ],
            "1.0": [
              0,
              0,
              22.5
            ]
          }
        },
        "bone": {
          "rotation": {
            "0.0": [
              0,
              0,
              22.5
            ],
            "0.25": [
              0,
              0,
              25
            ],
            "0.5": [
              0,
              0,
              19.16667
            ],
            "1.0": [
              0,
              0,
              22.5
            ]
          }
        },
        "bone2": {
          "rotation": {
            "0.0": [
              0,
              0,
              17.5
            ],
            "0.25": [
              0,
              0,
              23.75
            ],
            "0.5": [
              0,
              0,
              16.66667
            ],
            "1.0": [
              0,
              0,
              17.5
            ]
          }
        },
        "Leftarm": {
          "rotation": {
            "0.0": [
              0,
              0,
              -27.5
            ],
            "0.25": [
              0.68057,
              0.35876,
              -30.04322
            ],
            "0.5": [
              0.46372,
              0.21916,
              -26.69554
            ],
            "1.0": [
              0,
              0,
              -27.5
            ]
          }
        },
        "bone4": {
          "rotation": {
            "0.0": [
              0,
              0,
              -15
            ],
            "0.25": [
              0,
              0,
              -18.75
            ],
            "0.5": [
              0,
              0,
              -12.5
            ],
            "1.0": [
              0,
              0,
              -15
            ]
          }
        },
        "bone5": {
          "rotation": {
            "0.0": [
              0,
              0,
              -17.5
            ],
            "0.25": [
              0,
              0,
              -21.25
            ],
            "0.5": [
              0,
              0,
              -10
            ],
            "1.0": [
              0,
              0,
              -17.5
            ]
          }
        },
        "Rightleg": {
          "rotation": {
            "0.0": {
              "post": [
                17.5,
                0,
                0
              ],
              "lerp_mode": "catmullrom"
            },
            "0.25": {
              "post": [
                0,
                0,
                0
              ],
              "lerp_mode": "catmullrom"
            },
            "0.5": {
              "post": [
                -27.5,
                0,
                0
              ],
              "lerp_mode": "catmullrom"
            },
            "0.75": {
              "post": [
                0,
                0,
                0
              ],
              "lerp_mode": "catmullrom"
            },
            "1.0": {
              "post": [
                17.5,
                0,
                0
              ],
              "lerp_mode": "catmullrom"
            }
          }
        },
        "bone7": {
          "rotation": {
            "0.0": {
              "post": [
                10,
                0,
                0
              ],
              "lerp_mode": "catmullrom"
            },
            "0.5": {
              "post": [
                15,
                0,
                0
              ],
              "lerp_mode": "catmullrom"
            },
            "0.75": {
              "post": [
                0,
                0,
                0
              ],
              "lerp_mode": "catmullrom"
            },
            "1.0": {
              "post": [
                10,
                0,
                0
              ],
              "lerp_mode": "catmullrom"
            }
          }
        },
        "bone8": {
          "rotation": {
            "0.0": {
              "post": [
                17.5,
                0,
                0
              ],
              "lerp_mode": "catmullrom"
            },
            "0.5": {
              "post": [
                12.5,
                0,
                0
              ],
              "lerp_mode": "catmullrom"
            },
            "0.75": {
              "post": [
                0,
                0,
                0
              ],
              "lerp_mode": "catmullrom"
            },
            "1.0": {
              "post": [
                17.5,
                0,
                0
              ],
              "lerp_mode": "catmullrom"
            }
          }
        },
        "Leftleg": {
          "rotation": {
            "0.0": {
              "post": [
                -27.5,
                0,
                0
              ],
              "lerp_mode": "catmullrom"
            },
            "0.25": {
              "post": [
                0,
                0,
                0
              ],
              "lerp_mode": "catmullrom"
            },
            "0.5": {
              "post": [
                17.5,
                0,
                0
              ],
              "lerp_mode": "catmullrom"
            },
            "0.75": {
              "post": [
                0,
                0,
                0
              ],
              "lerp_mode": "catmullrom"
            },
            "1.0": {
              "post": [
                -27.5,
                0,
                0
              ],
              "lerp_mode": "catmullrom"
            }
          }
        },
        "bone9": {
          "rotation": {
            "0.0": {
              "post": [
                15,
                0,
                0
              ],
              "lerp_mode": "catmullrom"
            },
            "0.25": {
              "post": [
                0,
                0,
                0
              ],
              "lerp_mode": "catmullrom"
            },
            "0.5": {
              "post": [
                10,
                0,
                0
              ],
              "lerp_mode": "catmullrom"
            },
            "1.0": {
              "post": [
                15,
                0,
                0
              ],
              "lerp_mode": "catmullrom"
            }
          }
        },
        "bone10": {
          "rotation": {
            "0.0": {
              "post": [
                12.5,
                0,
                0
              ],
              "lerp_mode": "catmullrom"
            },
            "0.25": {
              "post": [
                0,
                0,
                0
              ],
              "lerp_mode": "catmullrom"
            },
            "0.5": {
              "post": [
                17.5,
                0,
                0
              ],
              "lerp_mode": "catmullrom"
            },
            "1.0": {
              "post": [
                12.5,
                0,
                0
              ],
              "lerp_mode": "catmullrom"
            }
          }
        }
      }
    },
    "animation.yg_figure.general": {
      "loop": true,
      "animation_length": 2,
      "bones": {
        "Rightarm": {
          "rotation": {
            "0.0": {
              "post": [
                0,
                0,
                10
              ],
              "lerp_mode": "catmullrom"
            },
            "1.0": {
              "post": [
                0,
                0,
                7.5
              ],
              "lerp_mode": "catmullrom"
            },
            "2.0": {
              "post": [
                0,
                0,
                10
              ],
              "lerp_mode": "catmullrom"
            }
          }
        },
        "Leftarm": {
          "rotation": {
            "0.0": {
              "post": [
                0,
                0,
                -7.5
              ],
              "lerp_mode": "catmullrom"
            },
            "1.0": {
              "post": [
                0,
                0,
                -5
              ],
              "lerp_mode": "catmullrom"
            },
            "2.0": {
              "post": [
                0,
                0,
                -7.5
              ],
              "lerp_mode": "catmullrom"
            }
          }
        },
        "Rightleg": {
          "rotation": {
            "0.0": {
              "post": [
                0,
                0,
                2.5
              ],
              "lerp_mode": "catmullrom"
            }
          }
        },
        "Leftleg": {
          "rotation": {
            "0.0": {
              "post": [
                0,
                0,
                -2.5
              ],
              "lerp_mode": "catmullrom"
            }
          }
        }
      }
    },
    "animation.yg_figure.looking": {
      "loop": true,
      "bones": {
        "Head": {
          "rotation": [
            "query.target_x_rotation-this",
            "query.target_y_rotation-this",
            0
          ]
        }
      }
    },
    "animation.yg_figure.attack": {
      "animation_length": 1.16667,
      "bones": {
        "Body": {
          "rotation": {
            "0.0": [
              0,
              0,
              0
            ],
            "0.25": [
              -5,
              0,
              0
            ],
            "0.5": [
              7.5,
              0,
              0
            ],
            "1.0": [
              7.5,
              0,
              0
            ],
            "1.1667": [
              0,
              0,
              0
            ]
          }
        },
        "Head": {
          "rotation": {
            "0.0": [
              0,
              0,
              0
            ],
            "0.5": [
              -5,
              0,
              0
            ],
            "0.6667": [
              -4.98107,
              -0.43523,
              -4.98107
            ],
            "0.75": [
              -4.98107,
              0.43523,
              4.98107
            ],
            "0.8333": [
              -4.98107,
              -0.43523,
              -4.98107
            ],
            "0.9167": [
              -4.99527,
              0.21782,
              2.4905
            ],
            "1.0": [
              -4.98107,
              -0.43523,
              -4.98107
            ],
            "1.1667": [
              0,
              0,
              0
            ]
          }
        },
        "Rightarm": {
          "rotation": {
            "0.0": [
              0,
              0,
              0
            ],
            "0.25": [
              0,
              0,
              7.5
            ],
            "0.5": [
              -17.5,
              0,
              62.5
            ],
            "1.0": [
              -17.5,
              0,
              62.5
            ],
            "1.1667": [
              0,
              0,
              0
            ]
          }
        },
        "bone": {
          "rotation": {
            "0.0": [
              0,
              0,
              0
            ],
            "0.25": [
              -15,
              0,
              0
            ],
            "0.5": [
              -55,
              0,
              0
            ],
            "1.0": [
              -55,
              0,
              0
            ],
            "1.1667": [
              0,
              0,
              0
            ]
          }
        },
        "bone2": {
          "rotation": {
            "0.0": [
              0,
              0,
              0
            ],
            "0.25": [
              -35,
              0,
              0
            ],
            "0.5": [
              -72.5,
              0,
              0
            ],
            "1.0": [
              -72.5,
              0,
              0
            ],
            "1.1667": [
              0,
              0,
              0
            ]
          }
        },
        "Leftarm": {
          "rotation": {
            "0.0": [
              0,
              0,
              0
            ],
            "0.25": [
              0,
              0,
              -10
            ],
            "0.5": [
              -20,
              0,
              -72.5
            ],
            "1.0": [
              -20,
              0,
              -72.5
            ],
            "1.1667": [
              0,
              0,
              0
            ]
          }
        },
        "bone4": {
          "rotation": {
            "0.0": [
              0,
              0,
              0
            ],
            "0.25": [
              -12.5,
              0,
              0
            ],
            "0.5": [
              -65,
              0,
              0
            ],
            "1.0": [
              -65,
              0,
              0
            ],
            "1.1667": [
              0,
              0,
              0
            ]
          }
        },
        "bone5": {
          "rotation": {
            "0.0": [
              0,
              0,
              0
            ],
            "0.25": [
              -37.5,
              0,
              0
            ],
            "0.5": [
              -62.5,
              0,
              0
            ],
            "1.0": [
              -62.5,
              0,
              0
            ],
            "1.1667": [
              0,
              0,
              0
            ]
          }
        }
      }
    }
  }
}