{"format_version":"1.8.0","animations":{"animation.yg_seek.spawn":{"loop":"hold_on_last_frame","animation_length":2.75,"bones":{"Head":{"rotation":{"0.0":{"post":[0,0,0],"lerp_mode":"catmullrom"},"0.5":{"post":[-17.5,0,0],"lerp_mode":"catmullrom"},"1.1667":{"post":[35,0,0],"lerp_mode":"catmullrom"},"1.4167":{"post":[42.5,0,0],"lerp_mode":"catmullrom"},"2.5":{"post":[0,0,0],"lerp_mode":"catmullrom"}}},"Body":{"rotation":{"0.0":{"post":[0,0,0],"lerp_mode":"catmullrom"},"0.9167":{"post":[0,0,0],"lerp_mode":"catmullrom"},"1.1667":{"post":[12.5,0,0],"lerp_mode":"catmullrom"},"1.4167":{"post":[41.52496,0,0],"lerp_mode":"catmullrom"},"2.5":{"post":[0,0,0],"lerp_mode":"catmullrom"},"4.5":{"post":[0,0,0],"lerp_mode":"catmullrom"}}},"Rightarm":{"rotation":{"0.0":{"post":[0,0,0],"lerp_mode":"catmullrom"},"0.9167":{"post":[0,0,0],"lerp_mode":"catmullrom"},"1.0417":{"post":[12.39638,-1.61888,31.07417],"lerp_mode":"catmullrom"},"1.1667":{"post":[0,0,22.5],"lerp_mode":"catmullrom"},"1.4167":{"post":[-10.76721,0.10019,18.82176],"lerp_mode":"catmullrom"},"2.5":{"post":[0,0,0],"lerp_mode":"catmullrom"}}},"bone":{"rotation":{"0.0":{"post":[0,0,0],"lerp_mode":"catmullrom"},"0.9167":{"post":[0,0,0],"lerp_mode":"catmullrom"},"1.0417":{"post":[-131.25,0,0],"lerp_mode":"catmullrom"},"1.1667":{"post":[-72.5,0,0],"lerp_mode":"catmullrom"},"1.4167":{"post":[-33.72177,0,0],"lerp_mode":"catmullrom"},"2.5":{"post":[0,0,0],"lerp_mode":"catmullrom"}}},"bone2":{"rotation":{"0.0":{"post":[0,0,0],"lerp_mode":"catmullrom"},"0.9167":{"post":[0,0,0],"lerp_mode":"catmullrom"},"1.0417":{"post":[6.01519,-30.72326,-11.65393],"lerp_mode":"catmullrom"},"1.1667":{"post":[0,-62.5,0],"lerp_mode":"catmullrom"},"1.4167":{"post":[0,0,0],"lerp_mode":"catmullrom"},"2.5":{"post":[0,0,0],"lerp_mode":"catmullrom"}}},"Leftarm":{"rotation":{"0.0":{"post":[0,0,0],"lerp_mode":"catmullrom"},"0.9167":{"post":[0,0,0],"lerp_mode":"catmullrom"},"1.0417":{"post":[12.5,0,-20],"lerp_mode":"catmullrom"},"1.1667":{"post":[0,0,-20],"lerp_mode":"catmullrom"},"1.4167":{"post":[-18.27362,0,-17.20215],"lerp_mode":"catmullrom"},"2.5":{"post":[0,0,0],"lerp_mode":"catmullrom"}}},"bone3":{"rotation":{"0.0":{"post":[0,0,0],"lerp_mode":"catmullrom"},"0.9167":{"post":[0,0,0],"lerp_mode":"catmullrom"},"1.0417":{"post":[-132.5,0,0],"lerp_mode":"catmullrom"},"1.1667":{"post":[-75,0,0],"lerp_mode":"catmullrom"},"1.4167":{"post":[-20.9494,0,0],"lerp_mode":"catmullrom"},"2.5":{"post":[0,0,0],"lerp_mode":"catmullrom"}}},"bone4":{"rotation":{"0.0":{"post":[0,0,0],"lerp_mode":"catmullrom"},"0.9167":{"post":[0,0,0],"lerp_mode":"catmullrom"},"1.0417":{"post":[3.90399,17.07228,13.08619],"lerp_mode":"catmullrom"},"1.1667":{"post":[0,65,0],"lerp_mode":"catmullrom"},"1.4167":{"post":[0,0,0],"lerp_mode":"catmullrom"},"2.5":{"post":[0,0,0],"lerp_mode":"catmullrom"}}},"Rightleg":{"rotation":{"0.0":{"post":[0,0,0],"lerp_mode":"catmullrom"},"1.1667":{"post":[0,0,0],"lerp_mode":"catmullrom"},"1.3333":{"post":[-85,0,0],"lerp_mode":"catmullrom"},"1.4167":{"post":[-46.875,0,0],"lerp_mode":"catmullrom"},"1.5":{"post":[-25,0,0],"lerp_mode":"catmullrom"},"2.5":{"post":[0,0,0],"lerp_mode":"catmullrom"}}},"bone5":{"rotation":{"0.0":{"post":[0,0,0],"lerp_mode":"catmullrom"},"1.1667":{"post":[0,0,0],"lerp_mode":"catmullrom"},"1.3333":{"post":[100,0,0],"lerp_mode":"catmullrom"},"1.4167":{"post":[57.5,0,0],"lerp_mode":"catmullrom"},"1.5":{"post":[27.5,0,0],"lerp_mode":"catmullrom"},"2.5":{"post":[0,0,0],"lerp_mode":"catmullrom"}}},"bone6":{"rotation":{"0.0":{"post":[0,0,0],"lerp_mode":"catmullrom"},"1.1667":{"post":[0,0,0],"lerp_mode":"catmullrom"},"1.3333":{"post":[-17.5,0,0],"lerp_mode":"catmullrom"},"1.5":{"post":[0.80189,-0.34208,-2.68234],"lerp_mode":"catmullrom"},"2.5":{"post":[0,0,0],"lerp_mode":"catmullrom"}}},"Leftleg":{"rotation":{"0.0":{"post":[0,0,0],"lerp_mode":"catmullrom"},"1.3333":{"post":[-20,0,0],"lerp_mode":"catmullrom"},"1.5":{"post":[-29.06706,0,0],"lerp_mode":"catmullrom"},"2.5":{"post":[0,0,0],"lerp_mode":"catmullrom"}}},"bone7":{"rotation":{"0.0":{"post":[0,0,0],"lerp_mode":"catmullrom"},"1.3333":{"post":[60,0,0],"lerp_mode":"catmullrom"},"1.4167":{"post":[64.26749,0,0],"lerp_mode":"catmullrom"},"1.5":{"post":[36.39435,0,0],"lerp_mode":"catmullrom"},"2.5":{"post":[0,0,0],"lerp_mode":"catmullrom"}}},"bone8":{"rotation":{"0.0":{"post":[0,0,0],"lerp_mode":"catmullrom"},"1.4167":{"post":[-47.5,0,0],"lerp_mode":"catmullrom"},"1.5":{"post":[-4.32977,0,0],"lerp_mode":"catmullrom"},"2.5":{"post":[0,0,0],"lerp_mode":"catmullrom"}}},"Root":{"position":{"0.0":{"post":[0,-56,0],"lerp_mode":"catmullrom"},"0.5":{"post":[0,-45,0],"lerp_mode":"catmullrom"},"0.9167":{"post":[0,-45,0],"lerp_mode":"catmullrom"},"1.1667":{"post":[0,-23,0],"lerp_mode":"catmullrom"},"1.5":{"post":[0,-1,0],"lerp_mode":"catmullrom"},"1.75":{"post":[0,0,0],"lerp_mode":"catmullrom"}}},"E":{"position":{"0.0":[0,-3,0],"0.125":[0,-0.25,0],"0.5":[0,0,0]},"scale":{"0.0":[0,1,-0.05],"0.5":[0.4,1,0.65],"2.0":[1.2,1,1.1],"2.6667":[0,1,-0.05]}}}},"animation.yg_seek.move":{"loop":true,"animation_length":1,"anim_time_update":"query.modified_distance_moved * 0.1","bones":{"Head":{"rotation":{"0.0":{"post":[-7.5,0,0],"lerp_mode":"catmullrom"},"0.5":{"post":[-10,0,0],"lerp_mode":"catmullrom"},"1.0":{"post":[-7.5,0,0],"lerp_mode":"catmullrom"}}},"Body":{"rotation":{"0.0":{"post":[17.5,0,0],"lerp_mode":"catmullrom"},"0.5":{"post":[24.58072,1.17427,2.2516],"lerp_mode":"catmullrom"},"1.0":{"post":[17.5,0,0],"lerp_mode":"catmullrom"}}},"Rightarm":{"rotation":{"0.0":{"post":[45,0,12.5],"lerp_mode":"catmullrom"},"0.5":{"post":[-47.5,0,12.5],"lerp_mode":"catmullrom"},"1.0":{"post":[45,0,12.5],"lerp_mode":"catmullrom"}}},"bone":{"rotation":{"0.0":{"post":[-5,0,0],"lerp_mode":"catmullrom"},"0.5":{"post":[-72.5,0,0],"lerp_mode":"catmullrom"},"1.0":{"post":[-5,0,0],"lerp_mode":"catmullrom"}}},"Leftarm":{"rotation":{"0.0":{"post":[-17.25002,-2.99318,-9.54589],"lerp_mode":"catmullrom"},"0.5":{"post":[40.24998,-2.99318,-9.54589],"lerp_mode":"catmullrom"},"1.0":{"post":[-17.25002,-2.99318,-9.54589],"lerp_mode":"catmullrom"}}},"bone3":{"rotation":{"0.0":{"post":[-100,0,0],"lerp_mode":"catmullrom"},"0.5":{"post":[-10,0,0],"lerp_mode":"catmullrom"},"1.0":{"post":[-100,0,0],"lerp_mode":"catmullrom"}}},"Rightleg":{"rotation":{"0.0":{"post":[-37.5,0,0],"lerp_mode":"catmullrom"},"0.25":{"post":[0,0,0],"lerp_mode":"catmullrom"},"0.5":{"post":[25,0,0],"lerp_mode":"catmullrom"},"0.75":{"post":[0,0,0],"lerp_mode":"catmullrom"},"1.0":{"post":[-37.5,0,0],"lerp_mode":"catmullrom"}}},"bone5":{"rotation":{"0.0":{"post":[37.5,0,0],"lerp_mode":"catmullrom"},"0.5":{"post":[35,0,0],"lerp_mode":"catmullrom"},"0.75":{"post":[0,0,0],"lerp_mode":"catmullrom"},"1.0":{"post":[37.5,0,0],"lerp_mode":"catmullrom"}}},"bone6":{"rotation":{"0.0":{"post":[0,0,0],"lerp_mode":"catmullrom"},"0.25":{"post":[-12.5,0,0],"lerp_mode":"catmullrom"},"0.5":{"post":[37.5,0,0],"lerp_mode":"catmullrom"},"0.75":{"post":[-20,0,0],"lerp_mode":"catmullrom"},"1.0":{"post":[0,0,0],"lerp_mode":"catmullrom"}}},"Leftleg":{"rotation":{"0.0":{"post":[25,0,0],"lerp_mode":"catmullrom"},"0.25":{"post":[0,0,0],"lerp_mode":"catmullrom"},"0.5":{"post":[-37.5,0,0],"lerp_mode":"catmullrom"},"0.75":{"post":[0,0,0],"lerp_mode":"catmullrom"},"1.0":{"post":[25,0,0],"lerp_mode":"catmullrom"}}},"bone7":{"rotation":{"0.0":{"post":[35,0,0],"lerp_mode":"catmullrom"},"0.25":{"post":[0,0,0],"lerp_mode":"catmullrom"},"0.5":{"post":[37.5,0,0],"lerp_mode":"catmullrom"},"1.0":{"post":[35,0,0],"lerp_mode":"catmullrom"}}},"bone8":{"rotation":{"0.0":{"post":[32.5,0,0],"lerp_mode":"catmullrom"},"0.25":{"post":[-16.60156,0,0],"lerp_mode":"catmullrom"},"0.5":{"post":[0,0,0],"lerp_mode":"catmullrom"},"0.75":{"post":[-10,0,0],"lerp_mode":"catmullrom"},"1.0":{"post":[32.5,0,0],"lerp_mode":"catmullrom"}}},"Root":{"position":{"0.0":[0,-2,0],"0.25":[0,0,0],"0.5":[0,-2,0],"0.75":[0,0,0],"1.0":[0,-2,0]}}}},"animation.yg_seek.looking":{"loop":true,"bones":{"Head":{"rotation":["query.target_x_rotation-this","query.target_y_rotation-this",0]}}},"animation.yg_seek.attack":{"animation_length":1.08333,"bones":{"Head":{"rotation":{"0.0":[0,0,0],"0.6667":[-10,0,0],"0.75":[-9.85108,1.72794,9.85108],"0.8333":[-9.91615,-1.29876,-7.38733],"0.9167":[-9.85108,1.72794,9.85108],"1.0":[-9.91615,-1.29876,-7.38733],"1.0833":[0,0,0]}},"Body":{"rotation":{"0.0":[0,0,0],"0.25":[-7.5,0,0],"0.6667":[10,0,0],"0.9167":[10,0,0],"1.0833":[0,0,0]}},"Rightarm":{"rotation":{"0.0":[0,0,0],"0.25":[7.5,0,22.5],"0.6667":[-42.67432,5.95776,6.33531],"0.9167":[-42.67432,5.95776,6.33531],"1.0833":[0,0,0]}},"bone":{"rotation":{"0.0":[0,0,0],"0.25":[-50,0,0],"0.6667":[-75,0,0],"0.9167":[-75,0,0],"1.0833":[0,0,0]}},"Leftarm":{"rotation":{"0.0":[0,0,0],"0.25":[7.5,0,-20],"0.6667":[-39.67069,-9.00419,-7.84664],"0.9167":[-39.67069,-9.00419,-7.84664],"1.0833":[0,0,0]}},"bone3":{"rotation":{"0.0":[0,0,0],"0.25":[-45,0,0],"0.6667":[-72.5,0,0],"0.9167":[-72.5,0,0],"1.0833":[0,0,0]}}}},"animation.yg_seek.general":{"loop":true,"animation_length":2,"bones":{"Rightarm":{"rotation":{"0.0":{"post":[0,0,7.5],"lerp_mode":"catmullrom"},"1.0":{"post":[0,0,5],"lerp_mode":"catmullrom"},"2.0":{"post":[0,0,7.5],"lerp_mode":"catmullrom"}}},"Leftarm":{"rotation":{"0.0":{"post":[0,0,-7.5],"lerp_mode":"catmullrom"},"1.0":{"post":[0,0,-5],"lerp_mode":"catmullrom"},"2.0":{"post":[0,0,-7.5],"lerp_mode":"catmullrom"}}}}}}}