{
  "format_version": "1.16.0",
  "minecraft:entity": {
    "description": {
      "identifier": "onepiece_addon:kaizoku_toritori",
      "is_spawnable": false,
      "is_summonable": false,
      "is_experimental": false,
      "scripts":{
        "animate":["kaizoku_toritori"]
      },
      "animations":{
        "kaizoku_toritori":"controller.animation.kaizoku_toritori"
      }
    },
    "component_groups":{
      "onepiece_addon:kairouseki":{
        "minecraft:transformation":{
          "into": "onepiece_addon:kaizoku_neo2",
          "keep_owner":true
        }   
      }
    },
    
    "components": {
      "minecraft:environment_sensor": {
        "triggers": [
          {
            "filters": {
              "any_of": [
                {
                  "test": "has_equipment",
                  "subject": "self",
                  "domain": "hand",
                  "value": "onepiece_addon:kairouseki"
                }
              ]
            },
            "event": "onepiece_addon:be_kairouseki"
          }
        ]
      },
      "minecraft:is_tamed": {},
      "minecraft:behavior.stay_while_sitting": {
        "priority": 1
      },
      "minecraft:type_family": {
        "family": ["player","kaizoku","toritori","devil"]
      },
      "minecraft:damage_sensor": {
        "triggers":[
          {
            "cause": "fall",
            "deals_damage": false
          }
        ]
      },
      "minecraft:behavior.nearest_attackable_target": {
        "priority": 2,
        "must_see": true,
        "reselect_targets": true,
        "within_radius": 16.0,
        "entity_types": [
          {
            "filters": { 
              "all_of": [
                { "test" :  "is_family", "subject" : "other", "value" :  "monster" },
                { "test" :  "is_family", "subject" : "other", "operator": "!=", "value" :  "creeper" }
              ] 
            },
            "max_dist":16
          }
        ]
      },
      "minecraft:can_fly": {
      },
      "minecraft:navigation.fly": {
        "is_amphibious": true,
        "can_pass_doors":true,
        "can_open_doors": true,
        "can_path_over_water": true,
        "avoid_water": true,
        "can_path_from_air": true
      },
      "minecraft:movement.fly": {
      },
      "minecraft:behavior.owner_hurt_by_target": {
        "priority": 1
      },
      "minecraft:behavior.owner_hurt_target": {
        "priority": 2
      },
      "minecraft:sittable": {
      },
      "minecraft:behavior.follow_owner": {
        "priority": 2,
        "speed_multiplier": 1.0,
        "start_distance": 16,
        "stop_distance": 3
      },
      "minecraft:healable": {
        "items": [
          {
            "item":"bread",
            "heal_amount":5
          },
          {
            "item": "porkchop",
            "heal_amount": 3
          },
          {
            "item": "cooked_porkchop",
            "heal_amount": 8
          },
          {
            "item": "fish",
            "heal_amount": 2
          },
          {
            "item": "salmon",
            "heal_amount": 2
          },
          {
            "item": "clownfish",
            "heal_amount": 1
          },
          {
            "item": "pufferfish",
            "heal_amount": 1
          },
          {
            "item": "cooked_fish",
            "heal_amount": 5
          },
          {
            "item": "cooked_salmon",
            "heal_amount": 6
          },
          {
            "item": "beef",
            "heal_amount": 3
          },
          {
            "item": "cooked_beef",
            "heal_amount": 8
          },
          {
            "item": "chicken",
            "heal_amount": 2
          },
          {
            "item": "cooked_chicken",
            "heal_amount": 6
          },
          {
            "item": "muttonRaw",
            "heal_amount": 2
          },
          {
            "item": "muttonCooked",
            "heal_amount": 6
          },
          {
            "item": "rotten_flesh",
            "heal_amount": 4
          },
          {
            "item": "rabbit",
            "heal_amount": 3
          },
          {
            "item": "cooked_rabbit",
            "heal_amount": 5
          },
          {
            "item": "rabbit_stew",
            "heal_amount": 10
          }
        ]
      },
      "minecraft:movement": {
        "value": 0.28
      },
      "minecraft:health": {
        "value": 40,
        "max": 40
      },
      "minecraft:attack":{
        "damage":8
      },
      "minecraft:loot": {
        "table": "loot_tables/entities/kaizoku.json"
      },
      "minecraft:shareables": {
        "items": [
          {
            "item": "minecraft:netherite_helmet",
            "want_amount": 1,
            "surplus_amount": 1,
            "priority": 0
          },
          {
            "item": "onepiece_addon:kairouseki",
            "want_amount": 1,
            "surplus_amount": 1,
            "priority": 0
          },
          {
            "item": "minecraft:diamond_helmet",
            "want_amount": 1,
            "surplus_amount": 1,
            "priority": 1
          },
          {
            "item": "minecraft:iron_helmet",
            "want_amount": 1,
            "surplus_amount": 1,
            "priority": 2
          },
          {
            "item": "minecraft:chainmail_helmet",
            "want_amount": 1,
            "surplus_amount": 1,
            "priority": 3
          },
          {
            "item": "minecraft:golden_helmet",
            "want_amount": 1,
            "surplus_amount": 1,
            "priority": 4
          },
          {
            "item": "minecraft:leather_helmet",
            "want_amount": 1,
            "surplus_amount": 1,
            "priority": 5
          },
          {
            "item": "minecraft:turtle_helmet",
            "want_amount": 1,
            "surplus_amount": 1,
            "priority":  6
          },
          {
            "item": "onepiece_addon:kaigun_haori",
            "want_amount": 1,
            "surplus_amount": 1,
            "priority": 0
          },
          {
            "item": "minecraft:netherite_chestplate",
            "want_amount": 1,
            "surplus_amount": 1,
            "priority": 1
          },
          {
            "item": "minecraft:diamond_chestplate",
            "want_amount": 1,
            "surplus_amount": 1,
            "priority": 2
          },
          {
            "item": "minecraft:iron_chestplate",
            "want_amount": 1,
            "surplus_amount": 1,
            "priority": 3
          },
          {
            "item": "minecraft:chainmail_chestplate",
            "want_amount": 1,
            "surplus_amount": 1,
            "priority": 4
          },
          {
            "item": "minecraft:golden_chestplate",
            "want_amount": 1,
            "surplus_amount": 1,
            "priority": 5
          },
          {
            "item": "minecraft:leather_chestplate",
            "want_amount": 1,
            "surplus_amount": 1,
            "priority": 6
          },
          {
            "item": "minecraft:netherite_leggings",
            "want_amount": 1,
            "surplus_amount": 1,
            "priority": 0
          },
          {
            "item": "minecraft:diamond_leggings",
            "want_amount": 1,
            "surplus_amount": 1,
            "priority": 1
          },
          {
            "item": "minecraft:iron_leggings",
            "want_amount": 1,
            "surplus_amount": 1,
            "priority": 2
          },
          {
            "item": "minecraft:chainmail_leggings",
            "want_amount": 1,
            "surplus_amount": 1,
            "priority": 3
          },
          {
            "item": "minecraft:golden_leggings",
            "want_amount": 1,
            "surplus_amount": 1,
            "priority": 4
          },
          {
            "item": "minecraft:leather_leggings",
            "want_amount": 1,
            "surplus_amount": 1,
            "priority": 5
          },
          {
            "item": "minecraft:netherite_boots",
            "want_amount": 1,
            "surplus_amount": 1,
            "priority": 0
          },
          {
            "item": "minecraft:diamond_boots",
            "want_amount": 1,
            "surplus_amount": 1,
            "priority": 1
          },
          {
            "item": "minecraft:iron_boots",
            "want_amount": 1,
            "surplus_amount": 1,
            "priority": 2
          },
          {
            "item": "minecraft:chainmail_boots",
            "want_amount": 1,
            "surplus_amount": 1,
            "priority": 3
          },
          {
            "item": "minecraft:golden_boots",
            "want_amount": 1,
            "surplus_amount": 1,
            "priority": 4
          },
          {
            "item": "minecraft:leather_boots",
            "want_amount": 1,
            "surplus_amount": 1,
            "priority": 5
          }
        ]
      },
      "minecraft:nameable": {
      },
      "minecraft:equip_item": {
      },
      "minecraft:collision_box": {
        "width": 0.6,
        "height": 1.9
      },
      "minecraft:jump.static": {},
      "minecraft:can_climb": {
      },
      "minecraft:hurt_on_condition": {
        "damage_conditions": [
          {
            "filters": {
              "test": "in_lava",
              "subject": "self",
              "operator": "==",
              "value": true
            },
            "cause": "lava",
            "damage_per_tick": 4
          }
        ]
      },
      "minecraft:breathable": {
        "total_supply": 15,
        "suffocate_time": 0
      },
      "minecraft:despawn": {
        "despawn_from_distance": {}
      },
      "minecraft:behavior.equip_item": {
        "priority": 3
      },
      "minecraft:behavior.melee_attack": {
        "priority": 4,
        "track_target": true,
        "speed_multiplier": 1.25
      },
      "minecraft:behavior.pickup_items": {
        "priority": 7,
        "max_dist": 3,
        "goal_radius": 2,
        "speed_multiplier": 1.0
      },
      "minecraft:behavior.random_stroll": {
        "priority": 6,
        "speed_multiplier": 1
      },
      "minecraft:behavior.look_at_player": {
        "priority": 9,
        "look_distance": 10,
        "probability": 0.02
      },
      "minecraft:behavior.random_look_around":{
        "priority":7,
        "speed_multiplier":1
      },
      "minecraft:behavior.hurt_by_target": {
        "priority": 1
      },
      "minecraft:physics": {
      },
      "minecraft:pushable": {
        "is_pushable": true,
        "is_pushable_by_piston": true
      },
      "minecraft:conditional_bandwidth_optimization": {
      },
      "minecraft:experience_reward": {
        "on_death": "query.last_hit_by_player ? 5 + (query.equipment_count * Math.Random(1,3)) : 0"
      },
      "minecraft:variant": {
        "value": 0
      }
    },
    "events":{
      "onepiece_addon:be_kairouseki":{
        "add":{
          "component_groups":[
            "onepiece_addon:kairouseki"
          ]
        }
      }
    }
}}
