{
  "format_version": "1.10.0",
  "animation_controllers": {
      "controller.animation.bone_thief": {
        "initial_state" : "idle",
    "states" : {
      "idle" : {
        "animations" : [ "idle" ],
        "transitions" : [
          {"walk" : "!query.ground_speed <= 0"}
        ],
        "blend_transition": 0.1
      },
      "walk" : {
        "animations" : [ "walk" ],
        "transitions" : [
          {"idle" : "query.ground_speed <= 0"},
          { "attack": "query.is_delayed_attacking > 0" }
        ],
        "blend_transition": 0.1
      },
      "attack": {
        "animations": [ "attack" ],
        "transitions": [
          { "idle": "query.any_animation_finished && query.ground_speed <= 0" },
          {"walk" : "query.any_animation_finished && !query.ground_speed <= 0"}
        ],
        "blend_transition": 0.1
      }
    }
  }
}
}

