{
  "format_version": "1.10.0",
  "animation_controllers": {
      "controller.animation.jerry": {
        "initial_state" : "idle",
    "states" : {
      "idle" : {
        "animations" : [ "idle" ],
        "transitions" : [
          {"walk" : "!query.ground_speed <= 0"}
        ],
        "blend_transition": 0.1
      },
      "walk" : {
        "animations" : [ "walk" ],
        "transitions" : [
          {"idle" : "query.ground_speed <= 0"}
        ],
        "blend_transition": 0.1
      }
    }
  }
}
}

