{
  "animation_controllers": {
      "controller.animation.sniffer.general": {
          "initial_state": "walk",
          "states": {
              "walk": {
                  "animations": [
                      {
                          "walk": "variable.move_speed"
                      },
                      {
                          "idle": "variable.is_idling"
                      }
                  ],
                  "blend_transition": 0.1,
                  "variables": {
                      "is_idling": {
                          "input": "query.modified_move_speed",
                          "remap_curve": {
                              "0": 1,
                              "1": 0
                          }
                      },
                      "move_speed": {
                          "input": "query.modified_move_speed",
                          "remap_curve": {
                              "0": 0,
                              "1": 1
                          }
                      }
                  }
              }
          }
      }
  },
  "format_version": "1.10.0"
}