{
  "animation_controllers": {
      "controller.animation.spider_legs.attack": {
          "states": {
              "attack": {
                  "animations": [
                      "attack"
                  ],
                  "blend_transition": 0.1,
                  "transitions": [
                      {
                          "default": "query.all_animations_finished"
                      }
                  ]
              },
              "default": {
                  "blend_transition": 0.1,
                  "transitions": [
                      {
                          "attack": "variable.attack_time > 0"
                      }
                  ]
              }
          }
      },
      "controller.animation.spider_legs.stomp": {
        "states": {
            "stomp": {
                "animations": [
                    "stomp"
                ],
                "blend_transition": 0.1,
                "transitions": [
                    {
                        "default": "query.all_animations_finished"
                    }
                ]
            },
            "default": {
                "blend_transition": 0.1,
                "transitions": [
                    {
                        "stomp": "query.is_roaring > 0"
                    }
                ]
            }
        }
    },
      "controller.animation.spider_legs.general": {
          "initial_state": "walk",
          "states": {
              "walk": {
                  "animations": [
                      {
                          "walk": "variable.move_speed"
                      },
                      {
                          "idle": "variable.is_idling"
                      }
                  ],
                  "blend_transition": 0.1,
                  "variables": {
                      "is_idling": {
                          "input": "query.modified_move_speed",
                          "remap_curve": {
                              "0": 1,
                              "1": 0
                          }
                      },
                      "move_speed": {
                          "input": "query.modified_move_speed",
                          "remap_curve": {
                              "0": 0,
                              "1": 1
                          }
                      }
                  }
              }
          }
      }
  },
  "format_version": "1.10.0"
}