{
  "format_version": "1.10.0",
  "animations": {
    "animation.fly": {
      "loop": true,
      "animation_length": 1.2,
      "timeline": {
        "0.0": [
          "/effect @s[tag=!fly] slow_falling 5 3 true",
          "/effect @s[tag=!fly] levitation 1 0 true"
        ]
      }
    },
    "animation.add_mode": {
      "loop": true,
      "animation_length": 0.5,
      "timeline": {
        "0.0": [
          "/scoreboard players add @s[scores={mode_time=..3999}] mode_time 1"
        ],
        "0.1": [
          "/scoreboard players add @s[scores={mode_time=..3999,level=15..}] mode_time 1"
        ],
        "0.2": [
          "/scoreboard players add @s[scores={mode_time=..3999,level=25..}] mode_time 1"
        ],
        "0.3": [
          "/scoreboard players add @s[scores={mode_time=..3999,level=45..}] mode_time 1"
        ],
        "0.4": [
          "/scoreboard players add @s[scores={mode_time=..3999,level=65..}] mode_time 1"
        ],
        "0.5": [
          "/scoreboard players add @s[scores={mode_time=..3999,level=85..}] mode_time 1"
        ]
      }
    },
    "animation.remove_mode": {
      "loop": true,
      "animation_length": 0.5,
      "timeline": {
        "0.0": [
          "/scoreboard players remove @s mode_time 1"
        ],
        "0.1": [
          "/scoreboard players remove @s[scores={level=..15}] mode_time 1"
        ],
        "0.2": [
          "/scoreboard players remove @s[scores={level=..25}] mode_time 1"
        ],
        "0.3": [
          "/scoreboard players remove @s[scores={level=..45}] mode_time 1"
        ],
        "0.4": [
          "/scoreboard players remove @s[scores={level=..65}] mode_time 1"
        ],
        "0.5": [
          "/scoreboard players remove @s[scores={level=..85}] mode_time 1"
        ]
      }
    },
    "animation.particle_player": {
      "loop": true,
      "animation_length": 0.2,
      "timeline": {
        "0.0": [
          "/execute @s[tag=santoryu4] ~~~ particle wesl3y:enbima_yonezu_oni_giri ~~~",
          "/execute @s[tag=santoryu4_1] ~~~ particle wesl3y:rengoku_oni_giri ~~~",
          "/execute @s[tag=santoryu4_1] ~~~ particle wesl3y:rengoku_oni_giri ~~0.75~",
          "/execute @s[tag=santoryu4_1] ~~~ particle wesl3y:rengoku_oni_giri ~~1.5~"
        ],
        "0.1": [
          "/execute @s[tag=santoryu4] ~~~ particle wesl3y:enbima_yonezu_oni_giri ~~~",
          "/execute @s[tag=santoryu4_1] ~~~ particle wesl3y:rengoku_oni_giri ~~~",
          "/execute @s[tag=santoryu4_1] ~~~ particle wesl3y:rengoku_oni_giri ~~0.75~",
          "/execute @s[tag=santoryu4_1] ~~~ particle wesl3y:rengoku_oni_giri ~~1.5~"
        ],
        "0.2": [
          "/execute @s[tag=santoryu4] ~~~ particle wesl3y:enbima_yonezu_oni_giri ~~~",
          "/execute @s[tag=santoryu4_1] ~~~ particle wesl3y:rengoku_oni_giri ~~~",
          "/execute @s[tag=santoryu4_1] ~~~ particle wesl3y:rengoku_oni_giri ~~0.75~",
          "/execute @s[tag=santoryu4_1] ~~~ particle wesl3y:rengoku_oni_giri ~~1.5~"
        ]
      }
    },
    "animation.particle_mob": {
      "loop": true,
      "animation_length": 0.2,
      "timeline": {
        "0.0": [
          "/execute @e[family=gura2] ~~~ particle wesl3y:gura ~~~",
          "/execute @e[family=ittoryu1] ~~~ particle wesl3y:sanjuroku_pound_ho ~~~",
          "/execute @e[family=ittoryu1_2] ~~~ particle wesl3y:sanbyakurokuju_pound_ho ~~~",
          "/execute @e[family=santoryu3] ~~~ particle wesl3y:hyakuhachi_pound_ho ~~~",
          "/execute @e[family=santoryu3_1] ~~~ particle wesl3y:senhachiju_pound_ho ~~~"
        ],
        "0.1": [
          "/execute @e[family=ittoryu1] ~~~ particle wesl3y:sanjuroku_pound_ho ~~~",
          "/execute @e[family=ittoryu1_2] ~~~ particle wesl3y:sanbyakurokuju_pound_ho ~~~",
          "/execute @e[family=santoryu3] ~~~ particle wesl3y:hyakuhachi_pound_ho ~2~2~",
          "/execute @e[family=santoryu3] ~~~ particle wesl3y:hyakuhachi_pound_ho ~-2~2~",
          "/execute @e[family=santoryu3] ~~~ particle wesl3y:hyakuhachi_pound_ho ~2~-2~",
          "/execute @e[family=santoryu3] ~~~ particle wesl3y:hyakuhachi_pound_ho ~-2~-2~"
        ]
      }
    },
    "animation.regen": {
      "loop": true,
      "animation_length": 4,
      "timeline": {
        "0.0": [
          "/effect @s instant_health 1 0 true"
        ]
      }
    },
    "animation.add_haki": {
      "loop": true,
      "animation_length": 0.5,
      "timeline": {
        "0.0": [
          "/scoreboard players add @s[scores={haki_time=..2999}] haki_time 1"
        ],
        "0.1": [
          "/scoreboard players add @s[scores={haki_time=..2999,haki_stats=10..}] haki_time 1"
        ],
        "0.2": [
          "/scoreboard players add @s[scores={haki_time=..2999,haki_stats=20..}] haki_time 1"
        ],
        "0.3": [
          "/scoreboard players add @s[scores={haki_time=..2999,haki_stats=30..}] haki_time 1"
        ],
        "0.4": [
          "/scoreboard players add @s[scores={haki_time=..2999,haki_stats=40..}] haki_time 1"
        ],
        "0.5": [
          "/scoreboard players add @s[scores={haki_time=..2999,haki_stats=45..}] haki_time 1"
        ]
      }
    },
    "animation.remove_haki": {
      "loop": true,
      "animation_length": 1.0,
      "timeline": {
        "0.0": [
          "/scoreboard players remove @s haki_time 1"
        ],
        "0.1": [
          "/scoreboard players remove @s haki_time 1"
        ],
        "0.2": [
          "/scoreboard players remove @s[scores={haki_stats=..5}] haki_time 1"
        ],
        "0.3": [
          "/scoreboard players remove @s[scores={haki_stats=..10}] haki_time 1"
        ],
        "0.4": [
          "/scoreboard players remove @s[scores={haki_stats=..15}] haki_time 1"
        ],
        "0.5": [
          "/scoreboard players remove @s[scores={haki_stats=..20}] haki_time 1"
        ],
        "0.6": [
          "/scoreboard players remove @s[scores={haki_stats=..25}] haki_time 1"
        ],
        "0.7": [
          "/scoreboard players remove @s[scores={haki_stats=..30}] haki_time 1"
        ],
        "0.8": [
          "/scoreboard players remove @s[scores={haki_stats=..35}] haki_time 1"
        ],
        "0.9": [
          "/scoreboard players remove @s[scores={haki_stats=..40}] haki_time 1"
        ],
        "1.0": [
          "/scoreboard players remove @s[scores={haki_stats=..45}] haki_time 1"
        ]
      }
    }
  }
}