{
  "format_version": "1.10.0",
  "animations": {
    "animation.gatling_gun": {
      "loop": true,
      "animation_length": 0.2,
      "timeline": {
        "0.0": [
          "/playanimation @s animation.gomu6.attack2 wesl3y",
          "/tag @s add gomu6",
          "/tag @s[scores={fruit=..10}] add dano32",
          "/tag @s[scores={fruit=11..20}] add dano35",
          "/tag @s[scores={fruit=21..30}] add dano37",
          "/tag @s[scores={fruit=31..40}] add dano40",
          "/tag @s[scores={fruit=41..50}] add dano42",
          "/tag @s[scores={fruit=51..60}] add dano45",
          "/tag @s[scores={fruit=61..70}] add dano47",
          "/tag @s[scores={fruit=71..80}] add dano50",
          "/tag @s[scores={fruit=81..}] add dano52",
          "/event entity @s wesl3y:gomu2"
        ]
      }
    },
    "animation.jet_gatling_gun": {
      "loop": true,
      "animation_length": 0.2,
      "timeline": {
        "0.0": [
          "/playanimation @s animation.gomu6.attack2 wesl3y",
          "/tag @s add gomu_second6",
          "/tag @s[scores={fruit=..10}] add dano35",
          "/tag @s[scores={fruit=11..20}] add dano37",
          "/tag @s[scores={fruit=21..30}] add dano40",
          "/tag @s[scores={fruit=31..40}] add dano42",
          "/tag @s[scores={fruit=41..50}] add dano45",
          "/tag @s[scores={fruit=51..60}] add dano47",
          "/tag @s[scores={fruit=61..70}] add dano50",
          "/tag @s[scores={fruit=71..80}] add dano52",
          "/tag @s[scores={fruit=81..}] add dano55",
          "/event entity @s wesl3y:gomu2"
        ]
      }
    },
    "animation.higan": {
      "loop": true,
      "animation_length": 0.2,
      "timeline": {
        "0.0": [
          "/playanimation @s animation.mera1.attack2 wesl3y",
          "/tag @s add mera1",
          "/tag @s[scores={fruit=..10}] add dano7",
          "/tag @s[scores={fruit=11..20}] add dano10",
          "/tag @s[scores={fruit=21..30}] add dano12",
          "/tag @s[scores={fruit=31..40}] add dano15",
          "/tag @s[scores={fruit=41..50}] add dano17",
          "/tag @s[scores={fruit=51..60}] add dano20",
          "/tag @s[scores={fruit=61..70}] add dano22",
          "/tag @s[scores={fruit=71..80}] add dano25",
          "/tag @s[scores={fruit=81..}] add dano27",
          "/event entity @s wesl3y:mera2"
        ]
      }
    },
    "animation.kaifu": {
      "loop": true,
      "animation_length": 0.2,
      "timeline": {
        "0.0": [
          "/playanimation @s animation.uo_dragon1.attack2 wesl3y",
          "/tag @s add uo_dragon_skill1",
          "/tag @s[scores={fruit=..10}] add dano10",
          "/tag @s[scores={fruit=11..20}] add dano12",
          "/tag @s[scores={fruit=21..30}] add dano15",
          "/tag @s[scores={fruit=31..40}] add dano17",
          "/tag @s[scores={fruit=41..50}] add dano20",
          "/tag @s[scores={fruit=51..60}] add dano22",
          "/tag @s[scores={fruit=61..70}] add dano25",
          "/tag @s[scores={fruit=71..80}] add dano27",
          "/tag @s[scores={fruit=81..}] add dano30",
          "/event entity @s wesl3y:uo_dragon_skill"
        ]
      }
    }
  }
}