{
  "format_version": "1.16.100",
  "minecraft:item": {
    "description": {
      "identifier": "wesl3y:bomu_skill1",
      "category": "commands"
    },
    "components": {
      "tag:arm": {},
      "minecraft:icon": {
        "texture": "bomu_skill1"
      },
      "minecraft:display_name": {
        "value":"Skill 1\n§b(Bomu Bomu)\n§7(Crouch to change/Agache para Mudar)"
      },
      "tag:skill": {},
      "minecraft:use_duration": 99999,
      "minecraft:max_stack_size": 1,
      "minecraft:hand_equipped": true,
      "minecraft:food": {
        "can_always_eat": true
      },
      "minecraft:on_use": {
        "on_use": {
          "event": "using",
          "target": "self"
        }
      },
      "minecraft:render_offsets": {
	    "main_hand": {
		  "first_person": { 
		    "scale": [0.0,0.0,0.0]
		  },
		  "third_person": { 
			"scale": [0.0,0.0,0.0]
		  }
		},
		"off_hand": {
		  "first_person": { 
			"scale": [0.0,0.0,0.0]
		  },
		  "third_person": { 
			"scale": [0.0,0.0,0.0]
	      }
	    }
	  }
    },
    "events": {
      "using": {
        "sequence": [
          {
            "randomize": [
              {
                "condition": "query.scoreboard('cooldown_skill1') == 0 && query.scoreboard('skill1') <= 1 && !query.is_sneaking",
                "run_command": {
                  "command": [
                    "playanimation @s animation.bomu1.attack2 wesl3y",
                    "tag @s add bomu1",
                    "event entity @s wesl3y:bomu",
                    "scoreboard players set @s cooldown_skill1 20",
                    "scoreboard players add @s xp_fruit 1"
                  ]
                }
              },
              {
                "condition": "query.scoreboard('cooldown_skill1') == 0 && query.scoreboard('skill1') >= 3 && !query.is_sneaking",
                "run_command": {
                  "command": [
                    "playanimation @s animation.bomu3.attack2 wesl3y",
                    "particle wesl3y:bomu_explosion",
                    "particle wesl3y:bomu_explosion1",
                    "particle wesl3y:bomu_explosion2",
                    "particle wesl3y:bomu_explosion3",
                    "execute @s ~~~ detect ~~-1~ grass 0 summon wesl3y:explosion_block ~~~ grass_big",
                    "execute @s ~~~ detect ~~-1~ dirt 0 summon wesl3y:explosion_block ~~~ grass_big",
                    "execute @s ~~~ detect ~~-1~ stone 0 summon wesl3y:explosion_block ~~~ grass_big",
                    "execute @s ~~~ detect ~~-1~ ice 0 summon wesl3y:explosion_block ~~~ ice_big",
                    "execute @s ~~~ detect ~~-1~ sand 0 summon wesl3y:explosion_block ~~~ sand_big",
                    "execute @s ~~~ detect ~~-1~ sandstone 0 summon wesl3y:explosion_block ~~~ sand_big",
                    "execute @s ~~~ detect ~~-1~ wood 0 summon wesl3y:explosion_block ~~~ wood_big",
                    "execute @s ~~~ detect ~~-1~ log 0 summon wesl3y:explosion_block ~~~ wood_big",
                    "execute @s ~~~ detect ~~-1~ planks 0 summon wesl3y:explosion_block ~~~ wood_big",
                    "playanimation @s animation.bomu3.attack2 wesl3y",
                    "damage @e[family=!attack,rm=0.5,r=10] 15 entity_explosion entity @s[scores={fruit=..10}]",
                    "damage @e[family=!attack,rm=0.5,r=10] 17 entity_explosion entity @s[scores={fruit=11..20}]",
                    "damage @e[family=!attack,rm=0.5,r=10] 20 entity_explosion entity @s[scores={fruit=21..30}]",
                    "damage @e[family=!attack,rm=0.5,r=10] 22 entity_explosion entity @s[scores={fruit=31..40}]",
                    "damage @e[family=!attack,rm=0.5,r=10] 25 entity_explosion entity @s[scores={fruit=41..50}]",
                    "damage @e[family=!attack,rm=0.5,r=10] 27 entity_explosion entity @s[scores={fruit=51..60}]",
                    "damage @e[family=!attack,rm=0.5,r=10] 30 entity_explosion entity @s[scores={fruit=61..70}]",
                    "damage @e[family=!attack,rm=0.5,r=10] 32 entity_explosion entity @s[scores={fruit=71..80}]",
                    "damage @e[family=!attack,rm=0.5,r=10] 35 entity_explosion entity @s[scores={fruit=81..}]",
                    "tag @s add impulse",
                    "summon wesl3y:impulse",
                    "tag @s add bomu3",
                    "event entity @s wesl3y:bomu",
                    "scoreboard players set @s cooldown_skill1 70",
                    "scoreboard players add @s xp_fruit 1"
                  ]
                }
              }
            ]
          }
        ]
      }
    }
  }
}