{"format_version":"1.10.0","minecraft:client_entity":{"description":{"identifier":"yg:figure","materials":{"default":"witch"},"textures":{"default":"textures/entity/doors/yg_figure"},"geometry":{"default":"geometry.yg_figure"},"scripts":{"animate":["move","general","attack_controllers","looking_at"],"pre_animation":["variable.attack = Math.sin(variable.attack_time * 30.0);"],"scale":"0.8"},"animations":{"attack":"animation.yg_figure.attack","attack_controllers":"controller.animation.yg_figure.attack","general":"controller.animation.yg_figure.general","gazo_general":"animation.yg_figure.general","looking":"animation.yg_figure.looking","looking_at":"controller.animation.yg_figure.looking_at","move":"controller.animation.yg_figure.move","moving":"animation.yg_figure.move"},"render_controllers":["controller.render.witch"],"spawn_egg":{"base_color":"#000000","overlay_color":"#682418"}}}}