{"format_version":"1.10.0","minecraft:client_entity":{"description":{"render_controllers":["controller.render.witch"],"identifier":"yg:screech","materials":{"default":"enderman"},"textures":{"default":"textures/entity/doors/yg_screech"},"geometry":{"default":"geometry.yg_screech"},"scripts":{"scale":"0.5","animate":["attack_controllers","tentacles"],"pre_animation":["variable.attack = Math.sin(variable.attack_time * 30.0);"]},"animations":{"attack":"animation.yg_screech.attack","attack_controllers":"controller.animation.yg_screech.attack","tentacles":"animation.yg_screech.tentacle"},"spawn_egg":{"base_color":"#000000","overlay_color":"#cdbfab"}}}}