{
  "format_version": "1.16.100",
  "minecraft:item": {
    "description": {
      "identifier": "wesl3y:gura_skill1",
      "category": "commands"
    },
    "components": {
      "tag:arm": {},
      "minecraft:icon": {
        "texture": "gura_skill1"
      },
      "minecraft:display_name": {
        "value":"Skill 1\n§b(Gura Gura)\n§7(Crouch to change/Agache para Mudar)"
      },
      "tag:skill": {},
      "minecraft:use_duration": 99999,
      "minecraft:max_stack_size": 1,
      "minecraft:hand_equipped": true,
      "minecraft:food": {
        "can_always_eat": true
      },
      "minecraft:on_use": {
        "on_use": {
          "event": "using",
          "target": "self"
        }
      },
      "minecraft:render_offsets": {
	    "main_hand": {
		  "first_person": { 
		    "scale": [0.0,0.0,0.0]
		  },
		  "third_person": { 
			"scale": [0.0,0.0,0.0]
		  }
		},
		"off_hand": {
		  "first_person": { 
			"scale": [0.0,0.0,0.0]
		  },
		  "third_person": { 
			"scale": [0.0,0.0,0.0]
	      }
	    }
	  }
    },
    "events": {
      "using": {
        "sequence": [
          {
            "randomize": [
              {
                "condition": "query.scoreboard('cooldown_skill1') == 0 && query.scoreboard('skill1') <= 1 && !query.is_sneaking",
                "run_command": {
                  "command": [
                    "playanimation @s animation.gura1.attack2 wesl3y",
                    "tag @s add gura1",
                    "tag @s[scores={fruit=..10}] add dano5",
                    "tag @s[scores={fruit=11..20}] add dano7",
                    "tag @s[scores={fruit=21..30}] add dano10",
                    "tag @s[scores={fruit=31..40}] add dano12",
                    "tag @s[scores={fruit=41..50}] add dano15",
                    "tag @s[scores={fruit=51..60}] add dano17",
                    "tag @s[scores={fruit=61..70}] add dano20",
                    "tag @s[scores={fruit=71..80}] add dano22",
                    "tag @s[scores={fruit=81..}] add dano25",
                    "event entity @s wesl3y:gura",
                    "execute @s ~~~ detect ~~-1~ grass 0 summon wesl3y:explosion_block ~~~ grass_medium",
                    "execute @s ~~~ detect ~~-1~ dirt 0 summon wesl3y:explosion_block ~~~ grass_medium",
                    "execute @s ~~~ detect ~~-1~ stone 0 summon wesl3y:explosion_block ~~~ grass_medium",
                    "execute @s ~~~ detect ~~-1~ ice 0 summon wesl3y:explosion_block ~~~ ice_medium",
                    "execute @s ~~~ detect ~~-1~ sand 0 summon wesl3y:explosion_block ~~~ sand_medium",
                    "execute @s ~~~ detect ~~-1~ sandstone 0 summon wesl3y:explosion_block ~~~ sand_medium",
                    "execute @s ~~~ detect ~~-1~ wood 0 summon wesl3y:explosion_block ~~~ wood_medium",
                    "execute @s ~~~ detect ~~-1~ log 0 summon wesl3y:explosion_block ~~~ wood_medium",
                    "execute @s ~~~ detect ~~-1~ planks 0 summon wesl3y:explosion_block ~~~ wood_medium",
                    "particle wesl3y:mega_explosion ~~0.5~",
                    "camerashake add @a[r=10] 0.6 3 positional",
                    "scoreboard players set @s cooldown_skill1 30",
                    "scoreboard players add @s xp_fruit 1"
                  ]
                }
              },
              {
                "condition": "query.scoreboard('cooldown_skill1') == 0 && query.scoreboard('skill1') >= 2 && !query.is_sneaking",
                "run_command": {
                  "command": [
                    "playanimation @s animation.gura2.attack2 wesl3y",
                    "tag @s add gura2",
                    "tag @s[scores={fruit=..10}] add dano12",
                    "tag @s[scores={fruit=11..20}] add dano15",
                    "tag @s[scores={fruit=21..30}] add dano17",
                    "tag @s[scores={fruit=31..40}] add dano20",
                    "tag @s[scores={fruit=41..50}] add dano22",
                    "tag @s[scores={fruit=51..60}] add dano25",
                    "tag @s[scores={fruit=61..70}] add dano27",
                    "tag @s[scores={fruit=71..80}] add dano30",
                    "tag @s[scores={fruit=81..}] add dano32",
                    "event entity @s wesl3y:gura2",
                    "scoreboard players set @s cooldown_skill1 40",
                    "scoreboard players add @s xp_fruit 1"
                  ]
                }
              }
            ]
          }
        ]
      }
    }
  }
}