{
  "format_version": "1.8.0",
  "animations": {
    "animation.yg_b.move": {
      "loop": true,
      "animation_length": 1,
      "anim_time_update": "query.modified_distance_moved * 0.1",
      "bones": {
        "Wing": {
          "rotation": {
            "0.0": [
              22.5,
              0,
              0
            ],
            "0.5": [
              -75,
              0,
              0
            ],
            "1.0": [
              22.5,
              0,
              0
            ]
          }
        },
        "Wing2": {
          "rotation": {
            "0.0": [
              -57.5,
              0,
              0
            ],
            "0.5": [
              -30,
              0,
              0
            ],
            "1.0": [
              -57.5,
              0,
              0
            ]
          }
        },
        "bone": {
          "rotation": {
            "0.0": [
              -15,
              0,
              0
            ],
            "0.5": [
              -57.5,
              0,
              0
            ],
            "1.0": [
              -15,
              0,
              0
            ]
          }
        }
      }
    },
    "animation.yg_b.general": {
      "animation_length": 2,
      "bones": {
        "bone": {
          "rotation": {
            "0.0": [
              0,
              0,
              0
            ],
            "2.0": [
              0,
              0,
              0
            ]
          }
        }
      }
    },
    "animation.yg_b.attack": {
      "animation_length": 0.33333,
      "bones": {
        "Wing": {
          "rotation": {
            "0.0": [
              0,
              0,
              0
            ],
            "0.1667": [
              75,
              0,
              0
            ],
            "0.3333": [
              0,
              0,
              0
            ]
          }
        },
        "Wing2": {
          "rotation": {
            "0.0": [
              0,
              0,
              0
            ],
            "0.1667": [
              -77.5,
              0,
              0
            ],
            "0.3333": [
              0,
              0,
              0
            ]
          }
        }
      }
    }
  }
}