{
  "format_version": "1.8.0",
  "animations": {
    "animation.yg_c.move": {
      "loop": true,
      "animation_length": 1,
      "anim_time_update": "query.modified_distance_moved * 0.1",
      "bones": {
        "Root": {
          "position": {
            "0.0": [
              2,
              0,
              0
            ],
            "0.5": [
              -5,
              0,
              0
            ],
            "1.0": [
              2,
              0,
              0
            ]
          },
          "scale": {
            "0.0": [
              1,
              1.1,
              1
            ],
            "0.5": [
              1.3,
              0.9,
              1
            ],
            "1.0": [
              1,
              1.1,
              1
            ]
          }
        }
      }
    },
    "animation.yg_c.general": {
      "loop": true,
      "animation_length": 2,
      "bones": {
        "Root": {
          "rotation": {
            "0.0": [
              0,
              0,
              0
            ],
            "2.0": [
              0,
              0,
              0
            ]
          }
        }
      }
    },
    "animation.yg_c.attack": {
      "animation_length": 0.5,
      "bones": {
        "Root": {
          "rotation": {
            "0.0": [
              0,
              0,
              0
            ],
            "0.1667": [
              0,
              0,
              -10
            ],
            "0.3333": [
              0,
              0,
              15
            ],
            "0.5": [
              0,
              0,
              0
            ]
          },
          "position": {
            "0.0": [
              0,
              0,
              0
            ],
            "0.1667": [
              -2,
              0,
              0
            ],
            "0.3333": [
              -1,
              2,
              0
            ],
            "0.5": [
              0,
              0,
              0
            ]
          },
          "scale": {
            "0.0": [
              1,
              1,
              1
            ],
            "0.1667": [
              1.3,
              1.3,
              1
            ],
            "0.3333": [
              1.8,
              0.6,
              1
            ],
            "0.5": [
              1,
              1,
              1
            ]
          }
        }
      }
    }
  }
}