{
  "format_version": "1.8.0",
  "animations": {
    "animation.yg_e.move": {
      "loop": true,
      "animation_length": 1,
      "anim_time_update": "query.modified_distance_moved * 0.1",
      "bones": {
        "Root": {
          "rotation": {
            "0.0": [
              0,
              20,
              0
            ],
            "0.25": [
              0.54143,
              2.4407,
              12.51153
            ],
            "0.5": [
              0,
              -15,
              0
            ],
            "0.75": [
              -0.54143,
              2.4407,
              -12.51153
            ],
            "1.0": [
              0,
              20,
              0
            ]
          }
        }
      }
    },
    "animation.yg_e.general": {
      "loop": true,
      "animation_length": 2,
      "bones": {
        "Root": {
          "rotation": {
            "0.0": [
              0,
              0,
              0
            ],
            "2.0": [
              0,
              0,
              0
            ]
          }
        }
      }
    },
    "animation.yg_e.attack": {
      "animation_length": 0.5,
      "bones": {
        "Root": {
          "rotation": {
            "0.0": [
              0,
              0,
              0
            ],
            "0.1667": [
              -25,
              0,
              0
            ],
            "0.3333": [
              35,
              0,
              0
            ],
            "0.5": [
              0,
              0,
              0
            ]
          }
        }
      }
    }
  }
}