{
  "format_version": "1.8.0",
  "animations": {
    "animation.yg_g.move": {
      "loop": true,
      "animation_length": 1,
      "bones": {
        "Root": {
          "rotation": {
            "0.0": [
              0,
              0,
              0
            ],
            "0.25": [
              -15,
              0,
              0
            ],
            "0.5": [
              0,
              0,
              0
            ],
            "1.0": [
              0,
              0,
              0
            ]
          },
          "position": {
            "0.0": [
              0,
              0,
              0
            ],
            "0.5": [
              0,
              1,
              0
            ],
            "1.0": [
              0,
              0,
              0
            ]
          }
        }
      }
    },
    "animation.yg_g.general": {
      "loop": true,
      "animation_length": 2,
      "bones": {
        "Root": {
          "rotation": {
            "0.0": [
              0,
              0,
              0
            ],
            "2.0": [
              0,
              0,
              0
            ]
          }
        }
      }
    },
    "animation.yg_g.attack": {
      "animation_length": 0.5,
      "bones": {
        "Root": {
          "rotation": {
            "0.0": [
              0,
              0,
              0
            ],
            "0.1667": [
              -32.5,
              0,
              0
            ],
            "0.3333": [
              47.5,
              0,
              0
            ],
            "0.5": [
              0,
              0,
              0
            ]
          }
        }
      }
    }
  }
}