{
  "format_version": "1.8.0",
  "animations": {
    "animation.yg_k.move": {
      "loop": true,
      "animation_length": 0.5,
      "anim_time_update": "query.modified_distance_moved * 0.1",
      "bones": {
        "Wing": {
          "rotation": {
            "0.0": [
              0,
              0,
              -30
            ],
            "0.25": [
              0,
              0,
              17.5
            ],
            "0.5": [
              0,
              0,
              -30
            ]
          }
        },
        "Wing2": {
          "rotation": {
            "0.0": [
              0,
              0,
              20
            ],
            "0.25": [
              0,
              0,
              -42.5
            ],
            "0.5": [
              0,
              0,
              20
            ]
          }
        }
      }
    },
    "animation.yg_k.general": {
      "loop": true,
      "animation_length": 2,
      "bones": {
        "Root": {
          "rotation": {
            "0.0": [
              0,
              0,
              0
            ],
            "2.0": [
              0,
              0,
              0
            ]
          }
        }
      }
    },
    "animation.yg_k.attack": {
      "animation_length": 0.5,
      "bones": {
        "Root": {
          "rotation": {
            "0.0": [
              0,
              0,
              0
            ],
            "0.1667": [
              -27.5,
              0,
              0
            ],
            "0.3333": [
              40,
              0,
              0
            ],
            "0.5": [
              0,
              0,
              0
            ]
          }
        }
      }
    }
  }
}