{
  "format_version": "1.8.0",
  "animations": {
    "animation.yg_m.move": {
      "loop": true,
      "animation_length": 1,
      "anim_time_update": "query.modified_distance_moved * 0.1",
      "bones": {
        "Root": {
          "rotation": {
            "0.0": [
              0,
              25,
              0
            ],
            "0.25": [
              1.28419,
              3.52355,
              20.0395
            ],
            "0.5": [
              0,
              -17.5,
              0
            ],
            "0.75": [
              -1.12911,
              3.57621,
              -17.53525
            ],
            "1.0": [
              0,
              25,
              0
            ]
          }
        }
      }
    },
    "animation.yg_m.general": {
      "loop": true,
      "animation_length": 2,
      "bones": {
        "Root": {
          "rotation": {
            "0.0": [
              0,
              0,
              0
            ],
            "2.0": [
              0,
              0,
              0
            ]
          }
        }
      }
    },
    "animation.yg_m.attack": {
      "animation_length": 0.5,
      "bones": {
        "Root": {
          "rotation": {
            "0.0": [
              0,
              0,
              0
            ],
            "0.1667": [
              -32.5,
              0,
              0
            ],
            "0.3333": [
              52.5,
              0,
              0
            ],
            "0.5": [
              0,
              0,
              0
            ]
          }
        }
      }
    }
  }
}