{
  "format_version": "1.8.0",
  "animations": {
    "animation.yg_o.move": {
      "loop": true,
      "animation_length": 2,
      "anim_time_update": "query.modified_distance_moved * 0.1",
      "bones": {
        "Root": {
          "rotation": {
            "0.0": [
              0,
              0,
              0
            ],
            "2.0": [
              0,
              0,
              360
            ]
          }
        }
      }
    },
    "animation.yg_o.general": {
      "loop": true,
      "animation_length": 2,
      "bones": {
        "Root": {
          "rotation": {
            "0.0": [
              0,
              0,
              0
            ],
            "2.0": [
              0,
              0,
              0
            ]
          }
        }
      }
    },
    "animation.yg_o.attack": {
      "animation_length": 0.5,
      "bones": {
        "Root": {
          "rotation": {
            "0.0": [
              0,
              0,
              0
            ],
            "0.1667": [
              0,
              0,
              57.5
            ],
            "0.3333": [
              0,
              0,
              -82.5
            ],
            "0.5": [
              0,
              0,
              0
            ]
          }
        }
      }
    }
  }
}