{
  "format_version": "1.8.0",
  "animations": {
    "animation.yg_q.move": {
      "loop": true,
      "animation_length": 2,
      "anim_time_update": "query.modified_distance_moved * 0.1",
      "bones": {
        "Tile": {
          "scale": {
            "0.0": [
              1,
              1,
              1
            ],
            "1.0": [
              1,
              1,
              0.4
            ],
            "2.0": [
              1,
              1,
              1
            ]
          }
        }
      }
    },
    "animation.yg_q.general": {
      "loop": true,
      "animation_length": 2,
      "bones": {
        "Root": {
          "rotation": {
            "0.0": [
              0,
              0,
              0
            ],
            "2.0": [
              0,
              0,
              0
            ]
          }
        }
      }
    },
    "animation.yg_q.attack": {
      "animation_length": 0.5,
      "bones": {
        "Root": {
          "position": {
            "0.0": [
              0,
              0,
              0
            ],
            "0.1667": [
              0,
              0,
              3
            ],
            "0.3333": [
              0,
              0,
              -3
            ],
            "0.5": [
              0,
              0,
              0
            ]
          }
        }
      }
    }
  }
}