{
  "format_version": "1.8.0",
  "animations": {
    "animation.yg_w.move": {
      "loop": true,
      "animation_length": 1,
      "anim_time_update": "query.modified_distance_moved * 0.1",
      "bones": {
        "Root": {
          "rotation": {
            "0.0": [
              0,
              22.5,
              0
            ],
            "0.25": [
              0.65208,
              3.69295,
              10.02102
            ],
            "0.5": [
              0,
              -15,
              0
            ],
            "0.75": [
              -0.65208,
              3.69295,
              -10.02102
            ],
            "1.0": [
              0,
              22.5,
              0
            ]
          }
        }
      }
    },
    "animation.yg_w.general": {
      "loop": true,
      "animation_length": 2,
      "bones": {
        "Root": {
          "rotation": {
            "0.0": [
              0,
              0,
              0
            ],
            "2.0": [
              0,
              0,
              0
            ]
          }
        }
      }
    },
    "animation.yg_w.attack": {
      "animation_length": 0.5,
      "bones": {
        "Root": {
          "rotation": {
            "0.0": [
              0,
              0,
              0
            ],
            "0.1667": [
              -20,
              0,
              0
            ],
            "0.3333": [
              30,
              0,
              0
            ],
            "0.5": [
              0,
              0,
              0
            ]
          }
        }
      }
    }
  }
}