{
  "format_version": "1.8.0",
  "animations": {
    "animation.yg_x.move": {
      "loop": true,
      "animation_length": 1,
      "anim_time_update": "query.modified_distance_moved * 0.1",
      "bones": {
        "Root": {
          "rotation": {
            "0.0": [
              0,
              25,
              0
            ],
            "0.25": [
              0.65208,
              3.69295,
              10.02102
            ],
            "0.5": [
              0,
              -17.5,
              0
            ],
            "0.75": [
              -0.49016,
              3.71787,
              -7.51591
            ],
            "1.0": [
              0,
              25,
              0
            ]
          }
        }
      }
    },
    "animation.yg_x.general": {
      "loop": true,
      "animation_length": 2,
      "bones": {
        "Root": {
          "rotation": {
            "0.0": [
              0,
              0,
              0
            ],
            "2.0": [
              0,
              0,
              0
            ]
          }
        }
      }
    },
    "animation.yg_x.attack": {
      "animation_length": 0.5,
      "bones": {
        "Root": {
          "rotation": {
            "0.0": [
              0,
              0,
              0
            ],
            "0.1667": [
              -27.5,
              0,
              0
            ],
            "0.3333": [
              35,
              0,
              0
            ],
            "0.5": [
              0,
              0,
              0
            ]
          }
        }
      }
    }
  }
}