{
  "format_version": "1.8.0",
  "animations": {
    "animation.yg_z.move": {
      "loop": true,
      "animation_length": 1,
      "anim_time_update": "query.modified_distance_moved * 0.1",
      "bones": {
        "Root": {
          "rotation": {
            "0.0": [
              0,
              25,
              0
            ],
            "0.25": [
              -12.5,
              1.25,
              0
            ],
            "0.5": [
              0,
              -22.5,
              0
            ],
            "0.75": [
              10,
              1.25,
              0
            ],
            "1.0": [
              0,
              25,
              0
            ]
          }
        }
      }
    },
    "animation.yg_z.general": {
      "loop": true,
      "animation_length": 2,
      "bones": {
        "Root": {
          "rotation": {
            "0.0": [
              0,
              0,
              0
            ],
            "2.0": [
              0,
              0,
              0
            ]
          }
        }
      }
    },
    "animation.yg_z.attack": {
      "animation_length": 0.5,
      "bones": {
        "Root": {
          "rotation": {
            "0.0": [
              0,
              0,
              0
            ],
            "0.1667": [
              0,
              0,
              -32.5
            ],
            "0.3333": [
              0,
              0,
              37.5
            ],
            "0.5": [
              0,
              0,
              0
            ]
          }
        }
      }
    }
  }
}