{
  "format_version": "1.8.0",
  "minecraft:client_entity": {
    "description": {
      "identifier": "random:bacteria",
      "materials": {
        "default": "entity"
      },
      "textures": {
        "default": "textures/entity/bacteria"
      },
      "geometry": {
        "default": "geometry.bacteria"
      },
      "animations": {
        "idle": "animation.bacteria.idle",
        "walk": "animation.bacteria.walk",
        "attack": "animation.bacteria.attack"
      },
      "animation_controllers": [
        {
          "attack": "controller.animation.bacteria.attack"
        },
        {
          "general": "controller.animation.bacteria.general"
        }
      ],
      "render_controllers": [
        "controller.render.bacteria"
      ],
      "spawn_egg": {
        "base_color": "#000000",
        "overlay_color": "#1b1b1b"
      }
    }
  }
}