{
  "format_version": "1.8.0",
  "minecraft:client_entity": {
    "description": {
      "identifier": "random:death_moth",
      "materials": { "default": "phantom" },
      "textures": {
        "default": "textures/entity/death_moth"
      },
      "geometry": {
        "default": "geometry.death_moth"
      },
      "scripts": {
        "pre_animation": [
          "variable.tcos0 = (Math.cos(query.modified_distance_moved * 38.17) * query.modified_move_speed / variable.gliding_speed_value) * 57.3;",
          "variable.tcos1 = -variable.tcos0;",
          "variable.attack_body_rot_y = Math.sin(Math.sqrt(variable.attack_time) * 360.0) * 11.46;",
          "variable.cos_attack_body_rot_y = Math.cos(variable.attack_body_rot_y);",
          "variable.sin_attack_body_rot_y = Math.sin(variable.attack_body_rot_y);",
          "variable.internal_swim_pos = Math.mod(query.modified_distance_moved, 26.0);",
          "variable.attack = Math.sin((1.0 - (1.0 - variable.attack_time) * (1.0 - variable.attack_time)) * 180.0) * 57.3;",
          "variable.attack2 = Math.sin(variable.attack_time * 180.0) * 57.3;",
          "variable.z_bob = Math.cos(query.life_time * 103.13244) * 2.865 + 2.865;",
          "variable.x_bob = Math.sin(query.life_time * 76.776372) * 2.865;"
        ]
      },
      "animations": {
        "move": "animation.base.move",
        "idle": "animation.death_moth.idle",
        "walk": "animation.death_moth.walk"
      },
      "animation_controllers": [
        { "move": "controller.animation.mover.move" },
        { "controller": "controller.animation.death_moth" }
      ],
      "render_controllers": ["controller.render.th_sub"],
      "spawn_egg": {
        "base_color": "#b09b81",
        "overlay_color": "#9f6e29"
      }
    }
  }
}
