{
	"format_version": "1.8.0",
	"minecraft:client_entity": {
	  "description": {
		"identifier": "random:game_master",
		"materials": {
		  "default": "entity"
		},
		"textures": {
		  "default": "textures/entity/game_master"
		},
		"geometry": {
		  "default": "geometry.game_master"
		},
		"animations": {
		  "idle": "animation.game_master.idle",
		  "walk": "animation.game_master.walk",
		  "attack": "animation.game_master.attack"
		},
		"animation_controllers": [
		  {
			"attack": "controller.animation.game_master.attack"
		  },
		  {
			"general": "controller.animation.game_master.general"
		  }
		],
			  "render_controllers": ["controller.render.default"],
			  "spawn_egg": {
				  "base_color": "#249cb4",
				  "overlay_color": "#e05a02"
			  }
	  }
	}
  }