{
  "format_version": "1.8.0",
  "minecraft:client_entity": {
    "description": {
      "identifier": "random:hound",
      "materials": { "default": "phantom" },
      "textures": {
        "default": "textures/entity/hound"
      },
      "geometry": {
        "default": "geometry.hound"
      },
      "animations": {
        "idle": "animation.hound.idle",
        "walk": "animation.hound.walk",
        "look_at_target_default": "animation.humanoid.look_at_target.default"
      },
      "animation_controllers": [
        { "controller": "controller.animation.hound" },
        { "look_at_target": "controller.animation.humanoid.look_at_target" }
      ],
      "render_controllers": [ "controller.render.hound" ],
      "spawn_egg": {
        "base_color": "#d1b1a1",
        "overlay_color": "#000000"
      }
    }
  }
}