{
	"format_version": "1.8.0",
	"minecraft:client_entity": {
	  "description": {
		"identifier": "random:memoryworm",
		"materials": {
		  "default": "entity"
		},
		"textures": {
		  "default": "textures/entity/memoryworm"
		},
		"geometry": {
		  "default": "geometry.memoryworm"
		},
		"animations": {
		  "idle": "animation.memoryworm.idle",
		  "walk": "animation.memoryworm.walk",
		  "attack": "animation.memoryworm.attack"
		},
		"animation_controllers": [
		  {
			"attack": "controller.animation.memoryworm.attack"
		  },
		  {
			"general": "controller.animation.memoryworm.general"
		  }
		],
			  "render_controllers": ["controller.render.memoryworm"],
			  "spawn_egg": {
				  "base_color": "#1c1c1c",
				  "overlay_color": "#5b0000"
			  }
	  }
	}
  }