{
    "format_version": "1.8.0",
    "minecraft:client_entity": {
      "description": {
        "identifier": "random:partygoer",
        "materials": {
           "default": "entity" 
          },
        "textures": {
          "default": "textures/entity/partygoer"
        },
        "geometry": {
          "default": "geometry.partygoer"
        },
        "animations": {
          "idle": "animation.partygoer.idle",
          "walk": "animation.partygoer.walk",
          "look_at_target_default": "animation.humanoid.look_at_target.default"
        },
        "animation_controllers": [
          { "general": "controller.animation.partygoer.general" },
          { "look_at_target": "controller.animation.humanoid.look_at_target" }
        ],
        "render_controllers": [ "controller.render.partygoer" ],
        "spawn_egg": {
          "base_color": "#e3cd41",
          "overlay_color": "#9f1515"
        }
      }
    }
  }