{
	"format_version": "1.8.0",
	"minecraft:client_entity": {
	  "description": {
		"identifier": "random:party_host",
		"materials": {
		  "default": "entity"
		},
		"textures": {
		  "default": "textures/entity/party_host"
		},
		"geometry": {
		  "default": "geometry.party_host"
		},
		"animations": {
		  "idle": "animation.party_host.idle",
		  "attack": "animation.party_host.attack"
		},
		"animation_controllers": [
		  {
			"attack": "controller.animation.party_host.attack"
		  },
		  {
			"general": "controller.animation.party_host.general"
		  }
		],
			  "render_controllers": ["controller.render.default"],
				"spawn_egg": {
					"base_color": "#7f7d48",
					"overlay_color": "#b31a1c"
				}
			  }
	  }
	}
  