{
  "format_version": "1.8.0",
  "minecraft:client_entity": {
    "description": {
      "identifier": "random:skin_stealer",
      "materials": {
        "default": "entity"
      },
      "textures": {
        "default": "textures/entity/skin_stealer"
      },
      "geometry": {
        "default": "geometry.skin_stealer"
      },
      "animations": {
        "idle": "animation.skin_stealer.idle",
        "walk": "animation.skin_stealer.walk",
        "look_at_target_default": "animation.humanoid.look_at_target.default"
      },
      "animation_controllers": [
        {
          "general": "controller.animation.skin_stealer.general"
        },
        {
          "look_at_target": "controller.animation.humanoid.look_at_target"
        }
      ],
      "render_controllers": [
        "controller.render.skin_stealer"
      ],
      "spawn_egg": {
        "base_color": "#ffe3af",
        "overlay_color": "#f3c36d"
      }
    }
  }
}