{
    "format_version": "1.8.0",
    "minecraft:client_entity": {
      "description": {
        "identifier": "random:sniffer",
        "materials": {
          "default": "phantom"
        },
        "textures": {
          "default": "textures/entity/sniffer"
        },
        "geometry": {
          "default": "geometry.sniffer"
        },
        "animations": {
          "walk": "animation.sniffer.walk",
          "look_at_target_default": "animation.humanoid.look_at_target.default"
        },
        "animation_controllers": [
          { "general": "controller.animation.sniffer.general" },
          { "look_at_target": "controller.animation.humanoid.look_at_target" }
        ],
        "render_controllers": [ "controller.render.sniffer" ],
        "spawn_egg": {
          "base_color": "#2b7550",
          "overlay_color": "#87292c"
        }
      }
    }
  }