{
  "format_version": "1.8.0",
  "minecraft:client_entity": {
    "description": {
      "identifier": "random:spider_legs",
      "materials": {
        "default": "phantom"
      },
      "textures": {
        "default": "textures/entity/spider_legs"
      },
      "geometry": {
        "default": "geometry.spider_legs"
      },
      "animations": {
        "idle": "animation.spider_legs.idle",
        "walk": "animation.spider_legs.walk",
        "attack": "animation.spider_legs.attack",
        "stomp": "animation.spider_legs.stomp",
        "look_at_target_default": "animation.humanoid.look_at_target.default"
      },
      "sound_effects": {
        "stomp": "spider_legs.stomp" //where wiki.dragon.roar is a sound definited in sound_definitions
      },
      "animation_controllers": [
        {
          "general": "controller.animation.spider_legs.general"
        },
        {
          "attack": "controller.animation.spider_legs.attack"
        },
        {
          "stomp": "controller.animation.spider_legs.stomp"
        },
        {
          "look_at_target": "controller.animation.humanoid.look_at_target"
        }
      ],
      "render_controllers": [
        "controller.render.spider_legs"
      ],
      "spawn_egg": {
        "base_color": "#000000",
        "overlay_color": "#9fa690"
      }
    }
  }
}