{
  "format_version": "1.8.0",
  "animations": {
    "animation.yg_halt.spinning": {
      "loop": true,
      "animation_length": 2,
      "bones": {
        "Halt": {
          "rotation": {
            "0.0": [
              0,
              0,
              0
            ],
            "2.0": [
              0,
              360,
              0
            ]
          }
        },
        "bone2": {
          "rotation": {
            "0.0": {
              "post": [
                0,
                0,
                -7.5
              ],
              "lerp_mode": "catmullrom"
            },
            "0.5": {
              "post": [
                -7.5,
                0,
                0
              ],
              "lerp_mode": "catmullrom"
            },
            "1.0": {
              "post": [
                0,
                0,
                7.5
              ],
              "lerp_mode": "catmullrom"
            },
            "2.0": {
              "post": [
                0,
                0,
                -7.5
              ],
              "lerp_mode": "catmullrom"
            }
          }
        },
        "bone3": {
          "rotation": {
            "0.0": {
              "post": [
                0,
                0,
                7.5
              ],
              "lerp_mode": "catmullrom"
            },
            "0.5": {
              "post": [
                7.5,
                0,
                0
              ],
              "lerp_mode": "catmullrom"
            },
            "1.0": {
              "post": [
                0,
                0,
                -7.5
              ],
              "lerp_mode": "catmullrom"
            },
            "2.0": {
              "post": [
                0,
                0,
                7.5
              ],
              "lerp_mode": "catmullrom"
            }
          }
        },
        "bone4": {
          "rotation": {
            "0.0": {
              "post": [
                2.38617,
                -0.40829,
                -9.71178
              ],
              "lerp_mode": "catmullrom"
            },
            "0.5": {
              "post": [
                -12.70724,
                -0.71006,
                -2.21724
              ],
              "lerp_mode": "catmullrom"
            },
            "1.0": {
              "post": [
                2.19935,
                -1.01182,
                5.2773
              ],
              "lerp_mode": "catmullrom"
            },
            "2.0": {
              "post": [
                2.38617,
                -0.40829,
                -9.71178
              ],
              "lerp_mode": "catmullrom"
            }
          }
        },
        "bone5": {
          "rotation": {
            "0.0": {
              "post": [
                0,
                0,
                2.5
              ],
              "lerp_mode": "catmullrom"
            },
            "0.5": {
              "post": [
                12.5,
                0,
                -1.25
              ],
              "lerp_mode": "catmullrom"
            },
            "1.0": {
              "post": [
                0,
                0,
                -5
              ],
              "lerp_mode": "catmullrom"
            },
            "2.0": {
              "post": [
                0,
                0,
                2.5
              ],
              "lerp_mode": "catmullrom"
            }
          }
        },
        "bone6": {
          "rotation": {
            "0.0": {
              "post": [
                -0.60281,
                0.06099,
                -7.57484
              ],
              "lerp_mode": "catmullrom"
            },
            "0.5": {
              "post": [
                -3.09294,
                0.11286,
                -2.5751
              ],
              "lerp_mode": "catmullrom"
            },
            "1.0": {
              "post": [
                -0.58306,
                0.16473,
                2.42464
              ],
              "lerp_mode": "catmullrom"
            },
            "2.0": {
              "post": [
                -0.60281,
                0.06099,
                -7.57484
              ],
              "lerp_mode": "catmullrom"
            }
          }
        },
        "bone7": {
          "rotation": {
            "0.0": {
              "post": [
                -1.7469,
                -2.83756,
                -2.90725
              ],
              "lerp_mode": "catmullrom"
            },
            "0.5": {
              "post": [
                15.51996,
                -2.66437,
                2.09518
              ],
              "lerp_mode": "catmullrom"
            },
            "1.0": {
              "post": [
                -2.21317,
                -2.49117,
                7.09761
              ],
              "lerp_mode": "catmullrom"
            },
            "2.0": {
              "post": [
                -1.7469,
                -2.83756,
                -2.90725
              ],
              "lerp_mode": "catmullrom"
            }
          }
        },
        "bone8": {
          "rotation": {
            "0.0": {
              "post": [
                0,
                0,
                12.5
              ],
              "lerp_mode": "catmullrom"
            },
            "0.5": {
              "post": [
                -15,
                0,
                5
              ],
              "lerp_mode": "catmullrom"
            },
            "1.0": {
              "post": [
                0,
                0,
                -2.5
              ],
              "lerp_mode": "catmullrom"
            },
            "2.0": {
              "post": [
                0,
                0,
                12.5
              ],
              "lerp_mode": "catmullrom"
            }
          }
        }
      }
    }
  }
}