{"format_version":"1.10.0","minecraft:client_entity":{"description":{"identifier":"yg:blue","materials":{"default":"witch"},"textures":{"default":"textures/entity/yg_blue"},"scripts":{"animate":["move","general","attack_controllers","looking_at"],"pre_animation":["variable.attack = Math.sin(variable.attack_time * 30.0);"],"scale":"2"},"animations":{"attack":"animation.yg_blue.attack","attack_controllers":"controller.animation.yg_blue.attack","gazo_general":"animation.yg_blue.general","general":"controller.animation.yg_blue.general","looking":"animation.yg_blue.looking","looking_at":"controller.animation.yg_blue.looking_at","move":"controller.animation.yg_blue.move","moving":"animation.yg_blue.move"},"geometry":{"default":"geometry.yg_blue"},"render_controllers":["controller.render.witch"],"spawn_egg":{"texture":"yg:blue","texture_index":0}}}}