{"format_version":"1.10.0","minecraft:client_entity":{"description":{"identifier":"yg:green","materials":{"default":"witch"},"textures":{"default":"textures/entity/yg_green"},"scripts":{"animate":["move","general","attack_controllers"],"pre_animation":["variable.attack = Math.sin(variable.attack_time * 30.0);"]},"animations":{"attack":"animation.yg_green.attack","attack_controllers":"controller.animation.yg_green.attack","gazo_general":"animation.yg_green.general","general":"controller.animation.yg_green.general","move":"controller.animation.yg_green.move","moving":"animation.yg_green.move"},"geometry":{"default":"geometry.yg_green"},"render_controllers":["controller.render.witch"],"spawn_egg":{"texture":"yg:green","texture_index":0}}}}