{"format_version":"1.10.0","minecraft:client_entity":{"description":{"identifier":"yg:pink","materials":{"default":"witch"},"textures":{"default":"textures/entity/yg_pink"},"geometry":{"default":"geometry.yg_pink"},"scripts":{"animate":["move","general","attack_controllers"],"pre_animation":["variable.attack = Math.sin(variable.attack_time * 30.0);"]},"animations":{"attack":"animation.yg_pink.attack","attack_controllers":"controller.animation.yg_pink.attack","gazo_general":"animation.yg_pink.general","general":"controller.animation.yg_pink.general","move":"controller.animation.yg_pink.move","moving":"animation.yg_pink.move"},"render_controllers":["controller.render.witch"],"spawn_egg":{"texture":"yg:pink","texture_index":0}}}}