{"format_version":"1.10.0","minecraft:client_entity":{"description":{"spawn_egg":{"texture":"yg:purple","texture_index":0},"identifier":"yg:purple","materials":{"default":"witch"},"textures":{"default":"textures/entity/yg_purple"},"geometry":{"default":"geometry.yg_purple"},"scripts":{"animate":["general","attack_controllers"],"pre_animation":["variable.attack = Math.sin(variable.attack_time * 30.0);"]},"animations":{"attack":"animation.yg_purple.attack","attack_controllers":"controller.animation.yg_purple.attack","gazo_general":"animation.yg_purple.general","general":"controller.animation.yg_purple.general"},"render_controllers":["controller.render.witch"]}}}