{"format_version":"1.10.0","minecraft:client_entity":{"description":{"spawn_egg":{"texture":"yg:yellow","texture_index":0},"identifier":"yg:yellow","materials":{"default":"witch"},"textures":{"default":"textures/entity/yg_yellow"},"geometry":{"default":"geometry.yg_yellow"},"scripts":{"animate":["move","general","attack_controllers","looking_at"],"pre_animation":["variable.attack = Math.sin(variable.attack_time * 30.0);"]},"animations":{"attack":"animation.yg_yellow.attack","attack_controllers":"controller.animation.yg_yellow.attack","gazo_general":"animation.yg_yellow.general","general":"controller.animation.yg_yellow.general","looking":"animation.yg_yellow.looking","looking_at":"controller.animation.yg_yellow.looking_at","move":"controller.animation.yg_yellow.move","moving":"animation.yg_yellow.move"},"render_controllers":["controller.render.witch"]}}}