{
  "format_version": "1.13.0",
  "minecraft:entity": {    
    "description": {
      "identifier": "onepiece_addon:ryuo_damage",
      "is_spawnable": false,
      "is_summonable": true,
      "is_experimental": false,
      "scripts":{
        "animate":["a"]
      },
      "animations":{
        "a":"controller.animation.ryuo_damage"
      }
    },
    "component_groups": {
    },
    "components": {
      "minecraft:collision_box": {
        "width": 0.0,
        "height": 0.0
      },
      "minecraft:transformation": {
        "into": "onepiece_addon:despawn",
        "delay": 0.3
      },
      "minecraft:damage_sensor": {
        "triggers": {
            "on_damage": {"filters": {}},
            "deals_damage": false
        }
      }
    },
    "events": {
    }
  }
}