{
  "format_version": "1.16.0",
  "minecraft:entity": {
    "description": {
      "identifier": "random:redstone_placer",
      "is_spawnable": true,
      "is_summonable": true,
      "is_experimental": false,
      "runtime_identifier": "minecraft:shulker",
      "scripts": {
        "animate": [
      "redstone_placer"
        ]
      },
      "animations": {
      "redstone_placer": "animation.redstone_placer"
      }
    }
    },

    "components": {
      "minecraft:physics": {
        "has_gravity": false
      },
      "minecraft:damage_sensor": {
        "triggers": {
            "cause": "all",
            "deals_damage": false
        }
    },
      "minecraft:health": {
        "value": 10,
        "max": 10
      },
      "minecraft:collision_box": {
        "width": 1.0,
        "height": 1.0
      }
    }
  }
}
