{
  "pools": [
    {
      "rolls": 4,
      "entries": [
        {
          "type": "item",
          "weight": "2",
          "name": "br:almond_water",
          "functions": [
            {
              "function": "set_count",
              "count": {
                "min": 1,
                "max": 1
              }
            },
            {
              "function": "set_data",
              "data": 0
            }
          ]
        },
        {
          "type": "item",
          "weight": "2",
          "name": "br:hazmat_suit",
          "functions": [
            {
              "function": "set_count",
              "count": {
                "min": 1,
                "max": 1
              }
            },
            {
              "function": "set_data",
              "data": 0
            }
          ]
        },
        {
          "type": "item",
          "weight": "25",
          "name": "minecraft:cooked_beef",
          "functions": [
            {
              "function": "set_count",
              "count": {
                "min": 1,
                "max": 1
              }
            },
            {
              "function": "set_data",
              "data": "0"
            }
          ]
        },
        {
          "type": "item",
          "weight": "2",
          "name": "minecraft:stone_sword",
          "functions": [
            {
              "function": "set_count",
              "count": {
                "min": 1,
                "max": 1
              }
            },
            {
              "function": "set_data",
              "data": "0"
            }
          ]
        }
      ]
    }
  ]
}