{
	"format_version": "1.8.0",
	"animations": {
		"animation.bacteria.idle": {
			"loop": true,
			"animation_length": 6.76,
			"bones": {
				"head": {
					"rotation": {
						"0.0": [32.5, 0, 0],
						"0.4": [85, 0, 0],
						"1.56": [32.5, 0, 0],
						"1.88": [85, 0, 0],
						"3.04": [64, 0, 0],
						"3.16": [85, 0, 0],
						"3.28": [74.5, 0, 0],
						"3.48": [85, 0, 0],
						"6.76": [32.5, 0, 0]
					},
					"position": {
						"0.0": [0, -3, -13.25],
						"0.4": [0, -6.5, -18.25],
						"1.56": [0, -3, -13.25],
						"1.88": [0, -6.5, -18.25],
						"3.04": [0, -5.1, -16.25],
						"3.16": [0, -6.5, -18.25],
						"3.28": [0, -5.8, -17.25],
						"3.48": [0, -6.5, -18.25],
						"6.76": [0, -3, -13.25]
					}
				},
				"body": {
					"rotation": {
						"0.0": [27.5, 0, 0],
						"0.4": [42.5, 0, 0],
						"1.56": [27.5, 0, 0],
						"1.88": [42.5, 0, 0],
						"3.04": [36.5, 0, 0],
						"3.16": [42.5, 0, 0],
						"3.28": [39.5, 0, 0],
						"3.48": [42.5, 0, 0],
						"6.76": [27.5, 0, 0]
					},
					"position": {
						"0.0": [0, 0, -1],
						"1.56": [0, 0, -1],
						"3.04": [0, 0, -1],
						"3.28": [0, 0, -1],
						"6.76": [0, 0, -1]
					}
				},
				"rightArm": {
					"position": {
						"0.0": [0, -1.5, -11.5],
						"0.4": [0, -5.5, -16],
						"1.56": [0, -1.5, -11.5],
						"1.88": [0, -5.5, -16],
						"3.04": [0, -3.9, -14.2],
						"3.16": [0, -5.5, -16],
						"3.28": [0, -4.7, -15.1],
						"3.48": [0, -5.5, -16],
						"6.76": [0, -1.5, -11.5]
					}
				},
				"leftArm": {
					"position": {
						"0.0": [-0.5, -1.75, -11.25],
						"0.4": [-0.5, -5.75, -16],
						"1.56": [-0.5, -1.75, -11.25],
						"1.88": [-0.5, -5.75, -16],
						"3.04": [-0.5, -4.15, -14.1],
						"3.16": [-0.5, -5.75, -16],
						"3.28": [-0.5, -4.95, -15.05],
						"3.48": [-0.5, -5.75, -16],
						"6.76": [-0.5, -1.75, -11.25]
					}
				}
			}
		},
		"animation.bacteria.walk": {
			"loop": true,
			"animation_length": 1.28,
			"bones": {
				"head": {
					"rotation": {
						"0.0": [35, 0, 0],
						"0.32": [0, 0, 0],
						"0.64": [35, 0, 0],
						"0.96": [0, 0, 0],
						"1.28": [35, 0, 0]
					},
					"position": {
						"0.0": [0, -1.5, -8.5],
						"0.32": [0, -0.25, 0],
						"0.48": [0, -1.56, -7.27],
						"0.64": [0, -5.25, -15.75],
						"0.8": [0, -1.02, -6.56],
						"0.96": [0, 0, 0],
						"1.28": [0, -1.5, -8.5]
					}
				},
				"body": {
					"rotation": {
						"0.0": [20, 0, 0],
						"0.32": [0, 0, 0],
						"0.64": [37.5, 0, 0],
						"0.96": [0, 0, 0],
						"1.28": [20, 0, 0]
					}
				},
				"rightArm": {
					"rotation": {
						"0.0": [-32.5, 0, 0],
						"0.32": [0, 0, 0],
						"0.64": [42.5, 0, 0],
						"0.96": [0, 0, 0],
						"1.28": [-32.5, 0, 0]
					},
					"position": {
						"0.0": [0, -1.5, -7.75],
						"0.32": [0, 0, 0],
						"0.64": [0, -4.5, -15.25],
						"0.96": [0, 0, 0],
						"1.28": [0, -1.5, -7.75]
					}
				},
				"leftArm": {
					"rotation": {
						"0.0": [30, 0, 0],
						"0.32": [0, 0, 0],
						"0.64": [-20, 0, 0],
						"0.96": [0, 0, 0],
						"1.28": [30, 0, 0]
					},
					"position": {
						"0.0": [0, -1, -7.75],
						"0.32": [0, 0, 0.25],
						"0.64": [0, -4.5, -14.25],
						"0.96": [0, 0, 0.25],
						"1.28": [0, -1, -7.75]
					}
				},
				"rightLeg": {
					"rotation": {
						"0.0": [15, 0, 0],
						"0.32": [5, 0, 0],
						"0.64": [-35, 0, 0],
						"0.96": [5, 0, 0],
						"1.28": [15, 0, 0]
					}
				},
				"leftLeg": {
					"rotation": {
						"0.0": [-35.45196, -2.77602, 0.86495],
						"0.32": [-5.45196, -2.77602, 0.86495],
						"0.64": [17.04804, -2.77602, 0.86495],
						"0.96": [-5.45196, -2.77602, 0.86495],
						"1.28": [-35.45196, -2.77602, 0.86495]
					}
				}
			}
		}
	}
}