{
	"format_version": "1.8.0",
	"animations": {
		"animation.death_moth.walk": {
			"loop": true,
			"animation_length": 0.48,
			"bones": {
				"Main": {
					"position": {
						"0.0": [0, 0, 0],
						"0.12": [0, 1, 0],
						"0.24": [0, 0, 0],
						"0.36": [0, 1, 0],
						"0.48": [0, 0, 0]
					}
				},
				"Antennae": {
					"rotation": {
						"0.0": [0, 0, 0],
						"0.12": [10, 0, 0],
						"0.24": [0, 0, 0],
						"0.36": [10, 0, 0],
						"0.48": [0, 0, 0]
					}
				},
				"rightWing": {
					"rotation": {
						"0.0": [0, 32.5, 0],
						"0.12": [0, -12.5, 0],
						"0.24": [0, 32.5, 0],
						"0.36": [0, -12.5, 0],
						"0.48": [0, 32.5, 0]
					}
				},
				"leftWing": {
					"rotation": {
						"0.0": [0, -25, 0],
						"0.12": [0, 22.5, 0],
						"0.24": [0, -25, 0],
						"0.36": [0, 22.5, 0],
						"0.48": [0, -25, 0]
					}
				}
			}
		},
		"animation.death_moth.idle": {
			"loop": true,
			"animation_length": 0.48,
			"bones": {
				"Main": {
					"position": {
						"0.0": [0, 0, 0],
						"0.12": [0, 1, 0],
						"0.24": [0, 0, 0],
						"0.36": [0, 1, 0],
						"0.48": [0, 0, 0]
					}
				},
				"Antennae": {
					"rotation": {
						"0.0": [0, 0, 0],
						"0.12": [10, 0, 0],
						"0.24": [0, 0, 0],
						"0.36": [10, 0, 0],
						"0.48": [0, 0, 0]
					}
				},
				"rightWing": {
					"rotation": {
						"0.0": [0, 32.5, 0],
						"0.12": [0, -12.5, 0],
						"0.24": [0, 32.5, 0],
						"0.36": [0, -12.5, 0],
						"0.48": [0, 32.5, 0]
					}
				},
				"leftWing": {
					"rotation": {
						"0.0": [0, -25, 0],
						"0.12": [0, 22.5, 0],
						"0.24": [0, -25, 0],
						"0.36": [0, 22.5, 0],
						"0.48": [0, -25, 0]
					}
				}
			}
		}
	}
}