{
	"format_version": "1.8.0",
	"animations": {
		"animation.hound.walk": {
			"loop": true,
			"animation_length": 1.12,
			"bones": {
				"Main": {
					"position": {
						"0.0": [0, 0, 0],
						"0.32": [0, -1, 0],
						"0.64": [0, 0, 0],
						"0.96": [0, -1, 0],
						"1.12": [0, 0, 0]
					}
				},
				"head": {
					"rotation": {
						"0.0": [0, 0, 0],
						"0.16": [7.5, 0, 0],
						"0.32": [17.5, 0, 0],
						"0.48": [10, 0, 0],
						"0.64": [5, 0, 0],
						"0.8": [0, 0, 0],
						"0.96": [12.5, 0, 0],
						"1.12": [0, 0, 0]
					}
				},
				"body": {
					"rotation": {
						"0.0": [0, 0, 0],
						"0.32": [2.5, 0, 0],
						"0.64": [0, 0, 0],
						"0.96": [2.5, 0, 0],
						"1.12": [0, 0, 0]
					}
				},
				"FLL": {
					"rotation": {
						"0.0": [-22.5, 0, 0],
						"0.16": [-15, 0, 0],
						"0.32": [10, 0, 0],
						"0.48": [-25, 0, 0],
						"0.64": [-25, 0, 0],
						"0.8": [0, 0, 0],
						"0.96": [10, 0, 0],
						"1.12": [-22.5, 0, 0]
					}
				},
				"bottom": {
					"rotation": {
						"0.0": [0, 0, 0],
						"0.32": [14.17, 0, 0],
						"0.48": [22.5, 0, 0],
						"0.64": [0, 0, 0],
						"0.8": [0, 0, 0],
						"0.96": [15, 0, 0],
						"1.12": [0, 0, 0]
					}
				},
				"FRL": {
					"rotation": {
						"0.0": [0, 0, 0],
						"0.16": [-22.5, 0, 0],
						"0.32": [-30, 0, 0],
						"0.48": [0, 0, 0],
						"0.64": [15, 0, 0],
						"0.8": [-20, 0, 0],
						"0.96": [-12.5, 0, 0],
						"1.12": [5, 0, 0]
					}
				},
				"bottom2": {
					"rotation": {
						"0.0": [0, 0, 0],
						"0.16": [20, 0, 0],
						"0.32": [0, 0, 0],
						"0.64": [15, 0, 0],
						"0.8": [0, 0, 0],
						"0.96": [5, 0, 0],
						"1.12": [0, 0, 0]
					}
				},
				"BLL": {
					"rotation": {
						"0.0": [0, 0, 0],
						"0.16": [37.5, 0, 0],
						"0.32": [10, 0, 0],
						"0.48": [-7.5, 0, 0],
						"0.64": [10, 0, 0],
						"0.8": [30, 0, 0],
						"0.96": [-7.5, 0, 0],
						"1.12": [-2.5, 0, 0]
					}
				},
				"bottom3": {
					"rotation": {
						"0.0": [0, 0, 0],
						"0.16": [-15, 0, 0],
						"0.32": [2.5, 0, 0],
						"0.48": [-7.5, 0, 0],
						"0.64": [-2.5, 0, 0],
						"0.8": [-5, 0, 0],
						"0.96": [-5, 0, 0],
						"1.12": [0, 0, 0]
					}
				},
				"BRL": {
					"rotation": {
						"0.0": [0, 0, 0],
						"0.16": [-25, 0, 0],
						"0.32": [-7.5, 0, 0],
						"0.48": [22.5, 0, 0],
						"0.64": [-15, 0, 0],
						"0.8": [-2.5, 0, 0],
						"0.96": [20, 0, 0],
						"1.12": [0, 0, 0]
					}
				},
				"bottom4": {
					"rotation": {
						"0.0": [-15, 0, 0],
						"0.16": [7.5, 0, 0],
						"0.32": [2.5, 0, 0],
						"0.48": [5, 0, 0],
						"0.64": [2.5, 0, 0],
						"0.8": [0, 0, 0],
						"0.96": [5, 0, 0],
						"1.12": [-15, 0, 0]
					}
				}
			}
		},
		"animation.hound.idle": {
			"loop": true,
			"animation_length": 2.08,
			"bones": {
				"head": {
					"rotation": {
						"0.0": [0, 0, 0],
						"1.04": [12.5, 0, 0],
						"2.08": [0, 0, 0]
					},
					"position": {
						"0.0": [0, 0, 0],
						"1.04": [0, -1, 0],
						"2.08": [0, 0, 0]
					}
				},
				"body": {
					"rotation": {
						"0.0": [0, 0, 0],
						"1.04": [5, 0, 0],
						"2.08": [0, 0, 0]
					},
					"position": {
						"0.0": [0, 0, 0],
						"1.04": [0, -0.25, 0],
						"2.08": [0, 0, 0]
					}
				}
			}
		}
	}
}