{
	"format_version": "1.8.0",
	"animations": {
		"animation.jerry.idle": {
			"loop": true,
			"animation_length": 6.24,
			"bones": {
				"head": {
					"rotation": {
						"1.4": [0, 0, 0],
						"1.6": [0, -52.5, 0],
						"2.12": [0, -52.5, 0],
						"2.56": [0, -52.5, 0],
						"2.8": [0, 0, 0],
						"2.96": [0, 60, 0],
						"3.72": [0, 60, 0],
						"3.88": [0, 0, 0]
					}
				},
				"tail": {
					"rotation": {
						"0.0": [0, 0, 0],
						"1.04": [22.5, 0, 0],
						"2.08": [0, 0, 0],
						"3.12": [22.5, 0, 0],
						"4.16": [0, 0, 0],
						"5.2": [22.5, 0, 0],
						"6.24": [0, 0, 0]
					}
				},
				"wing0": {
					"rotation": {
						"0.0": [0, 0, 0],
						"1.04": [0, 0, -17.5],
						"2.08": [0, 0, 0],
						"3.12": [0, 0, -17.5],
						"4.16": [0, 0, 0],
						"5.2": [0, 0, -17.5],
						"6.24": [0, 0, 0]
					}
				},
				"wing1": {
					"rotation": {
						"0.0": [0, 0, 0],
						"1.04": [0, 0, 17.5],
						"2.08": [0, 0, 0],
						"3.12": [0, 0, 17.5],
						"4.16": [0, 0, 0],
						"5.2": [0, 0, 17.5],
						"6.24": [0, 0, 0]
					}
				}
			}
		},
		"animation.jerry.walk": {
			"loop": true,
			"animation_length": 2.24,
			"bones": {
				"head": {
					"rotation": {
						"0.0": [-17.5, 0, 0],
						"2.24": [-17.5, 0, 0]
					},
					"position": {
						"0.0": [0, 0, 0],
						"2.24": [0, 0, 0]
					}
				},
				"body": {
					"rotation": {
						"0.0": [27.5, 0, 0],
						"2.24": [27.5, 0, 0]
					}
				},
				"wing0": {
					"rotation": {
						"0.0": [0, 0, 0],
						"0.28": [0, 0, -70],
						"0.56": [0, 0, 0],
						"0.84": [0, 0, -70],
						"1.12": [0, 0, 0],
						"1.4": [0, 0, -70],
						"1.68": [0, 0, 0],
						"1.96": [0, 0, -70],
						"2.24": [0, 0, 0]
					},
					"position": {
						"0.0": [0, 0, 0],
						"2.24": [0, 0, 0]
					}
				},
				"wing1": {
					"rotation": {
						"0.0": [0, 0, 0],
						"0.28": [0, 0, 70],
						"0.56": [0, 0, 0],
						"0.84": [0, 0, 70],
						"1.12": [0, 0, 0],
						"1.4": [0, 0, 70],
						"1.68": [0, 0, 0],
						"1.96": [0, 0, 70],
						"2.24": [0, 0, 0]
					},
					"position": {
						"0.0": [0, 0, 0],
						"2.24": [0, 0, 0]
					}
				}
			}
		}
	}
}