{
	"format_version": "1.8.0",
	"animations": {
		"animation.skin_stealer.idle": {
			"loop": true,
			"animation_length": 2.08,
			"bones": {
				"head": {
					"rotation": {
						"0.0": [10, 0, 0],
						"1.04": [0, 0, 0],
						"2.08": [10, 0, 0]
					}
				},
				"body": {
					"rotation": {
						"0.0": [7.5, 0, 0],
						"1.08": [0, 0, 0],
						"2.08": [7.5, 0, 0]
					}
				},
				"leftArm": {
					"rotation": {
						"0.0": [-10, 0, 0],
						"1.04": [2.5, 0, 0],
						"2.08": [-10, 0, 0]
					}
				},
				"rightArm": {
					"rotation": {
						"0.0": [-10, 0, 0],
						"1.04": [2.5, 0, 0],
						"2.08": [-10, 0, 0]
					}
				}
			}
		},
		"animation.skin_stealer.walk": {
			"loop": true,
			"animation_length": 1.44,
			"bones": {
				"head": {
					"rotation": {
						"0.0": [7.5, 0, 0],
						"0.56": [-2.5, 0, 0],
						"0.96": [17.5, 0, 0],
						"1.44": [7.5, 0, 0]
					}
				},
				"body": {
					"rotation": {
						"0.2": [15, 0, 0],
						"0.56": [7.5, 0, 0],
						"0.92": [22.5, 0, 0],
						"1.28": [12.5, 0, 0]
					}
				},
				"leftArm": {
					"rotation": {
						"0.0": [-57.5, 0, 0],
						"0.56": [-70, 0, 0],
						"0.96": [-57.5, 0, 0],
						"1.44": [-57.5, 0, 0]
					}
				},
				"rightArm": {
					"rotation": {
						"0.0": [-52.5, 0, 0],
						"0.56": [-65, 0, 0],
						"0.96": [-50, 0, 0],
						"1.44": [-52.5, 0, 0]
					}
				},
				"leftLeg": {
					"rotation": {
						"0.0": [-25, 0, 0],
						"0.36": [-5, 0, 0],
						"0.72": [25, 0, 0],
						"1.08": [0, 0, 0],
						"1.44": [-25, 0, 0]
					}
				},
				"rightLeg": {
					"rotation": {
						"0.0": [25, 0, 0],
						"0.36": [7.5, 0, 0],
						"0.72": [-20, 0, 0],
						"1.08": [-5, 0, 0],
						"1.44": [25, 0, 0]
					}
				}
			}
		}
	}
}