{
	"format_version": "1.8.0",
	"animations": {
		"animation.spider_legs.idle": {
			"loop": true,
			"animation_length": 3.12,
			"bones": {
				"head": {
					"rotation": {
						"0.0": [0, 0, 0],
						"1.56": [5, 0, 0],
						"3.12": [0, 0, 0]
					},
					"position": {
						"0.0": [0, 0, 0],
						"1.56": [0, -3, 0],
						"3.12": [0, 0, 0]
					}
				},
				"body": {
					"rotation": {
						"0.0": [0, 0, 0],
						"3.12": [0, 0, 0]
					},
					"position": {
						"0.0": [0, 0, 0],
						"1.56": [0, -4, 0],
						"3.12": [0, 0, 0]
					}
				},
				"leftLeg2": {
					"rotation": {
						"0.0": [0, 0, 0],
						"1.56": [0, 0, -12.5],
						"3.12": [0, 0, 0]
					},
					"position": {
						"0.0": [0, 0, 0],
						"1.56": [0, -4, 0],
						"3.12": [0, 0, 0]
					}
				},
				"leftLeg1": {
					"rotation": {
						"0.0": [0, 0, 0],
						"1.56": [-1.77881, -2.4387, -3.94889],
						"3.12": [0, 0, 0]
					},
					"position": {
						"0.0": [0, 0, 0],
						"1.56": [0, -4, 0],
						"3.12": [0, 0, 0]
					}
				},
				"rightLeg1": {
					"rotation": {
						"0.0": [0, 0, 0],
						"1.56": [0, 0, 12.5],
						"3.12": [0, 0, 0]
					},
					"position": {
						"0.0": [0, 0, 0],
						"1.56": [0, -4, 0],
						"3.12": [0, 0, 0]
					}
				},
				"rightLeg2": {
					"rotation": {
						"0.0": [0, 0, 0],
						"1.56": [0, 0, 15],
						"3.12": [0, 0, 0]
					},
					"position": {
						"0.0": [0, 0, 0],
						"1.56": [0, -5, 0],
						"3.12": [0, 0, 0]
					}
				}
			}
		}
	}
}