{
 "pools": [
  {
   "rolls": 1,
   "entries": [
    {
     "type": "loot_table",
     "name": "loot_tables/blocks/default.json",
     "weight": 20
    },
    {
     "type": "loot_table",
     "name": "loot_tables/blocks/bara.json",
     "weight": 10
    },
    {
     "type": "loot_table",
     "name": "loot_tables/blocks/bomu.json",
     "weight": 10
    },
    {
     "type": "loot_table",
     "name": "loot_tables/blocks/doru.json",
     "weight": 10
    },
    {
     "type": "loot_table",
     "name": "loot_tables/blocks/gomu.json",
     "weight": 5
    },
    {
     "type": "loot_table",
     "name": "loot_tables/blocks/gura.json",
     "weight": 10
    },
    {
     "type": "loot_table",
     "name": "loot_tables/blocks/hana.json",
     "weight": 10
    },
    {
     "type": "loot_table",
     "name": "loot_tables/blocks/hito_human.json",
     "weight": 5
    },
    {
     "type": "loot_table",
     "name": "loot_tables/blocks/kilo.json",
     "weight": 10
    },
    {
     "type": "loot_table",
     "name": "loot_tables/blocks/magu.json",
     "weight": 7
    },
    {
     "type": "loot_table",
     "name": "loot_tables/blocks/mera.json",
     "weight": 7
    },
    {
     "type": "loot_table",
     "name": "loot_tables/blocks/mogu_mole.json",
     "weight": 5
    },
    {
     "type": "loot_table",
     "name": "loot_tables/blocks/suna.json",
     "weight": 7
    },
    {
     "type": "loot_table",
     "name": "loot_tables/blocks/tori_phoenix.json",
     "weight": 5
    },
    {
     "type": "loot_table",
     "name": "loot_tables/blocks/uo_dragon.json",
     "weight": 5
    }
   ]
  }
 ]
}