{"format_version":"1.10.0","minecraft:client_entity":{"description":{"identifier":"yg:a","materials":{"default":"witch"},"textures":{"default":"textures/entity/yg_a"},"geometry":{"default":"geometry.yg_a"},"scripts":{"scale":"2","animate":["move","general","attack_controllers"],"pre_animation":["variable.attack = Math.sin(variable.attack_time * 30.0);"]},"animations":{"attack":"animation.yg_a.attack","attack_controllers":"controller.animation.yg_alphabet.attack","general":"controller.animation.yg_alphabet.general","gazo_general":"animation.yg_a.general","move":"controller.animation.yg_alphabet.move","moving":"animation.yg_a.move"},"render_controllers":["controller.render.witch"],"spawn_egg":{"texture":"yg:a","texture_index":0}}}}