{"format_version":"1.10.0","minecraft:client_entity":{"description":{"identifier":"yg:g","materials":{"default":"witch"},"textures":{"default":"textures/entity/yg_g"},"geometry":{"default":"geometry.yg_g"},"scripts":{"scale":"2","animate":["move","general","attack_controllers"],"pre_animation":["variable.attack = Math.sin(variable.attack_time * 30.0);"]},"animations":{"attack":"animation.yg_g.attack","attack_controllers":"controller.animation.yg_alphabet.attack","general":"controller.animation.yg_alphabet.general","gazo_general":"animation.yg_g.general","move":"controller.animation.yg_alphabet.move","moving":"animation.yg_g.move"},"render_controllers":["controller.render.witch"],"spawn_egg":{"texture":"yg:g","texture_index":0}}}}