{"format_version":"1.10.0","minecraft:client_entity":{"description":{"identifier":"yg:h","materials":{"default":"entity_alphablend"},"textures":{"default":"textures/entity/yg_h"},"geometry":{"default":"geometry.yg_h"},"scripts":{"scale":"2","animate":["move","general","attack_controllers"],"pre_animation":["variable.attack = Math.sin(variable.attack_time * 30.0);"]},"animations":{"attack":"animation.yg_h.attack","attack_controllers":"controller.animation.yg_alphabet.attack","general":"controller.animation.yg_alphabet.general","gazo_general":"animation.yg_h.general","move":"controller.animation.yg_alphabet.move","moving":"animation.yg_h.move"},"render_controllers":["controller.render.witch"],"spawn_egg":{"texture":"yg:h","texture_index":0}}}}