{"format_version":"1.10.0","minecraft:client_entity":{"description":{"identifier":"yg:q","materials":{"default":"witch"},"textures":{"default":"textures/entity/yg_q"},"geometry":{"default":"geometry.yg_q"},"scripts":{"scale":"2","animate":["move","general","attack_controllers"],"pre_animation":["variable.attack = Math.sin(variable.attack_time * 30.0);"]},"animations":{"attack":"animation.yg_q.attack","attack_controllers":"controller.animation.yg_alphabet.attack","general":"controller.animation.yg_alphabet.general","gazo_general":"animation.yg_q.general","move":"controller.animation.yg_alphabet.move","moving":"animation.yg_q.move"},"render_controllers":["controller.render.witch"],"spawn_egg":{"texture":"yg:q","texture_index":0}}}}