{
  "format_version": "1.8.0",
  "minecraft:client_entity": {
    "description": {
      "identifier": "random:bone_thief",
      "materials": {
         "default": "entity" 
        },
      "textures": {
        "default": "textures/entity/bone_thief"
      },
      "geometry": {
        "default": "geometry.bone_thief"
      },
      "animations": {
        "idle": "animation.bone_thief.idle",
        "attack": "animation.bone_thief.attack"
      },
      "animation_controllers": [
        { "controller": "controller.animation.bone_thief" }
      ],
      "render_controllers": [ "controller.render.bone_thief" ],
      "spawn_egg": {
        "texture": "archive",
        "texture_index": 0
      }
    }
  }
}