{
    "format_version": "1.8.0",
    "minecraft:client_entity": {
      "description": {
        "identifier": "random:clump",
        "materials": {
           "default": "entity" 
          },
        "textures": {
          "default": "textures/entity/clump"
        },
        "geometry": {
          "default": "geometry.clump"
        },
        "animations": {
          "idle": "animation.clump.idle",
          "walk": "animation.clump.walk"
        },
        "animation_controllers": [
          { "controller": "controller.animation.clump" }
        ],
        "render_controllers": [ "controller.render.clump" ],
        "spawn_egg": {
          "texture": "archive",
          "texture_index": 0
        }
      }
    }
  }