{
    "format_version": "1.8.0",
    "minecraft:client_entity": {
      "description": {
        "identifier": "random:dead_party_pooper",
        "materials": { "default": "phantom" },
        "textures": {
          "default": "textures/entity/dead_party_pooper"
        },
        "geometry": {
          "default": "geometry.dead_party_pooper"
        },
        "render_controllers": [ "controller.render.dead_party_pooper" ],
        "spawn_egg": {
          "texture": "archive",
          "texture_index": 0
        }
      }
    }
  }