{
    "format_version": "1.8.0",
    "minecraft:client_entity": {
      "description": {
        "identifier": "random:smiler",
        "materials": { "default": "phantom" },
        "textures": {
          "default": "textures/entity/smiler/smiler"
        },
        "geometry": {
          "default": "geometry.smiler"
        },
        "render_controllers": [ "controller.render.smiler" ],
        "enable_attachables": true,
        "spawn_egg": {
          "texture": "archive",
          "texture_index": 0
        }
      }
    }
  }