{
    "format_version": "1.8.0",
    "minecraft:client_entity": {
      "description": {
        "identifier": "random:spider_legs",
        "materials": {
           "default": "entity" 
          },
        "textures": {
          "default": "textures/entity/spider_legs"
        },
        "geometry": {
          "default": "geometry.spider_legs"
        },
        "animations": {
          "idle": "animation.spider_legs.idle",
          "walk": "animation.spider_legs.walk",
          "look_at_target_default": "animation.humanoid.look_at_target.default"
        },
        "animation_controllers": [
          { "controller": "controller.animation.spider_legs" },
          { "look_at_target": "controller.animation.humanoid.look_at_target" }
        ],
        "render_controllers": [ "controller.render.spider_legs" ],
        "spawn_egg": {
          "texture": "archive",
          "texture_index": 0
        }
      }
    }
  }