{
  "format_version": "1.8.0",
  "minecraft:client_entity": {
    "description": {
      "identifier": "random:window_entity",
      "materials": {
         "default": "entity" 
        },
      "textures": {
        "default": "textures/entity/window_entity"
      },
      "geometry": {
        "default": "geometry.window_entity"
      },
      "animations": {
        "idle": "animation.window_entity.idle",
        "walk": "animation.window_entity.walk",
        "look_at_target_default": "animation.humanoid.look_at_target.default"
      },
      "animation_controllers": [
        { "controller": "controller.animation.window_entity" },
        { "look_at_target": "controller.animation.humanoid.look_at_target" }
      ],
      "render_controllers": [ "controller.render.window_entity" ],
      "spawn_egg": {
        "texture": "archive",
        "texture_index": 0
      }
    }
  }
}