{
  "format_version": "1.16.0",
  "minecraft:entity": {
    "description": {
      "identifier": "wesl3y:kairoseki",
      "is_spawnable": false,
      "is_summonable": true,
      "is_experimental": false,
	  "runtime_identifier": "minecraft:snowball"
    },
	
	"component_groups": {},
	
    "components": {
      "minecraft:type_family": {
        "family": [ "kairoseki", "attack" ]
      },
      "minecraft:collision_box": {
        "width": 0,
        "height": 0
      },
	  "minecraft:scale": {
	    "value": 1.0
	  },
      "minecraft:explode": {
        "fuseLength": 1.0,
        "fuseLit": true,
        "power": 0,
        "breaks_blocks": false
      },
      "minecraft:projectile": {
        "on_hit": {
          "impact_damage": {
            "damage": 0,
            "knockback": false,
            "semirandomdiffdamage": false,
            "destroy_on_hit": false
          },
          "stick_in_ground": {
            "shake_time": 1.5
          },
          "definition_event": {
            "affectProjectile": true,
            "eventTrigger": {
			  "event": "minecraft:event_lightning",
			  "target": "self"
			}
          }
        },
        "power": 0.5,
        "gravity": 0.01,
        "angle_offset": 0.0,
        "inertia": 1,
        "liquid_inertia": 1,
        "stop_on_hurt": true,
        "reflect_on_hurt": false,
	    "catch_fire": false
      },
      "minecraft:physics": {}
    },
	
	"events": {
	  "minecraft:event_lightning": {
		"run_command": {
		  "command": [
			"replaceitem entity @e[rm=0.5,r=2,c=1,type=!player,family=fruit] slot.weapon.offhand 0 wesl3y:handcuffs_kairoseki",
			"replaceitem entity @e[rm=0.5,r=2,c=1,type=player,tag=fruit] slot.weapon.offhand 0 wesl3y:handcuffs_kairoseki 1 0 {\"minecraft:keep_on_death\":{},\"item_lock\":{\"mode\":\"lock_in_slot\"}}"
		  ]
		}
	  }
	}
  }
}