{
  "format_version": "1.16.0",
  "minecraft:entity": {
    "description": {
      "identifier": "wesl3y:kill_items",
      "is_spawnable": false,
      "is_summonable": true,
      "is_experimental": false
    },
    "components": {
      "minecraft:damage_sensor": {
        "triggers": [
          {
            "cause": "all",
            "deals_damage": false
          }
        ]
      },
      "minecraft:collision_box": {
        "width": 0,
        "height": 0
      },
      "minecraft:type_family": {
        "family": [
          "vanish"
        ]
      },
      "minecraft:timer": {
        "time": 0.75,
        "looping": true,
        "time_down_event": {
          "event": "wesl3y:sla"
        }
      },
      "minecraft:physics": {}
    },
    "events": {
      "wesl3y:sla": {
        "run_command": {
          "command": [
            "function kill_items",
            "kill @s"
          ]
        }
      }
    }
  }
}