{
  "format_version": "1.16.0",
  "minecraft:entity": {
    "description": {
      "identifier": "wesl3y:lucky",
      "is_spawnable": false,
      "is_summonable": true,
      "is_experimental": false
    },
    "components": {
      "minecraft:damage_sensor": {
        "triggers": [
          {
            "cause": "all",
            "deals_damage": false
          }
        ]
      },
      "minecraft:collision_box": {
        "width": 0,
        "height": 0
      },
      "minecraft:type_family": {
        "family": [
          "vanish"
        ]
      },
      "minecraft:despawn": {
        "filters": {
          "test": "inactivity_timer",
          "value": 1
        }
      },
      "minecraft:physics": {}
    },
    "events": {
      "minecraft:entity_spawned": {
        "sequence": [
          {
            "randomize": [
              {
                "weight": 50,
                "run_command": {
                  "command": [
                    "replaceitem block ~~~ slot.container 0 wesl3y:fish_blue 2"
                  ]
                }
              },
              {
                "weight": 50,
                "run_command": {
                  "command": [
                    "replaceitem block ~~~ slot.container 0 wesl3y:fish_green 2"
                  ]
                }
              },
              {
                "weight": 50,
                "run_command": {
                  "command": [
                    "replaceitem block ~~~ slot.container 0 wesl3y:fish_green 5"
                  ]
                }
              },
              {
                "weight": 50,
                "run_command": {
                  "command": [
                    "replaceitem block ~~~ slot.container 0 wesl3y:fish_green 5"
                  ]
                }
              },
              {
                "weight": 50,
                "run_command": {
                  "command": [
                    "replaceitem block ~~~ slot.container 0 apple 2"
                  ]
                }
              },
              {
                "weight": 50,
                "run_command": {
                  "command": [
                    "replaceitem block ~~~ slot.container 0 apple 5"
                  ]
                }
              },
              {
                "weight": 50,
                "run_command": {
                  "command": [
                    "replaceitem block ~~~ slot.container 0 wesl3y:bag_belly 5"
                  ]
                }
              },
              {
                "weight": 50,
                "run_command": {
                  "command": [
                    "replaceitem block ~~~ slot.container 0 wesl3y:bag_belly 10"
                  ]
                }
              }
            ]
          },
          {
            "randomize": [
              {
                "weight": 50,
                "run_command": {
                  "command": [
                    "replaceitem block ~~~ slot.container 1 wesl3y:fish_blue 2"
                  ]
                }
              },
              {
                "weight": 50,
                "run_command": {
                  "command": [
                    "replaceitem block ~~~ slot.container 1 wesl3y:fish_green 2"
                  ]
                }
              },
              {
                "weight": 50,
                "run_command": {
                  "command": [
                    "replaceitem block ~~~ slot.container 1 wesl3y:fish_green 5"
                  ]
                }
              },
              {
                "weight": 50,
                "run_command": {
                  "command": [
                    "replaceitem block ~~~ slot.container 2 wesl3y:fish_green 5"
                  ]
                }
              },
              {
                "weight": 50,
                "run_command": {
                  "command": [
                    "replaceitem block ~~~ slot.container 2 apple 2"
                  ]
                }
              },
              {
                "weight": 50,
                "run_command": {
                  "command": [
                    "replaceitem block ~~~ slot.container 1 apple 5"
                  ]
                }
              },
              {
                "weight": 50,
                "run_command": {
                  "command": [
                    "replaceitem block ~~~ slot.container 1 wesl3y:bag_belly 5"
                  ]
                }
              },
              {
                "weight": 50,
                "run_command": {
                  "command": [
                    "replaceitem block ~~~ slot.container 1 wesl3y:bag_belly 10"
                  ]
                }
              }
            ]
          },
          {
            "randomize": [
              {
                "weight": 50,
                "run_command": {
                  "command": [
                    "replaceitem block ~~~ slot.container 2 wesl3y:fish_blue 2"
                  ]
                }
              },
              {
                "weight": 50,
                "run_command": {
                  "command": [
                    "replaceitem block ~~~ slot.container 2 wesl3y:fish_green 2"
                  ]
                }
              },
              {
                "weight": 50,
                "run_command": {
                  "command": [
                    "replaceitem block ~~~ slot.container 2 wesl3y:fish_green 5"
                  ]
                }
              },
              {
                "weight": 50,
                "run_command": {
                  "command": [
                    "replaceitem block ~~~ slot.container 2 wesl3y:fish_green 5"
                  ]
                }
              },
              {
                "weight": 50,
                "run_command": {
                  "command": [
                    "replaceitem block ~~~ slot.container 2 apple 2"
                  ]
                }
              },
              {
                "weight": 50,
                "run_command": {
                  "command": [
                    "replaceitem block ~~~ slot.container 2 apple 5"
                  ]
                }
              },
              {
                "weight": 50,
                "run_command": {
                  "command": [
                    "replaceitem block ~~~ slot.container 2 wesl3y:bag_belly 5"
                  ]
                }
              },
              {
                "weight": 50,
                "run_command": {
                  "command": [
                    "replaceitem block ~~~ slot.container 2 wesl3y:bag_belly 10"
                  ]
                }
              }
            ]
          },
          {
            "randomize": [
              {
                "weight": 50,
                "run_command": {
                  "command": [
                    "replaceitem block ~~~ slot.container 4 wesl3y:fish_blue 2"
                  ]
                }
              },
              {
                "weight": 50,
                "run_command": {
                  "command": [
                    "replaceitem block ~~~ slot.container 4 wesl3y:fish_green 2"
                  ]
                }
              },
              {
                "weight": 50,
                "run_command": {
                  "command": [
                    "replaceitem block ~~~ slot.container 4 wesl3y:fish_green 5"
                  ]
                }
              },
              {
                "weight": 50,
                "run_command": {
                  "command": [
                    "replaceitem block ~~~ slot.container 4 wesl3y:fish_green 5"
                  ]
                }
              },
              {
                "weight": 50,
                "run_command": {
                  "command": [
                    "replaceitem block ~~~ slot.container 4 apple 2"
                  ]
                }
              },
              {
                "weight": 50,
                "run_command": {
                  "command": [
                    "replaceitem block ~~~ slot.container 4 apple 5"
                  ]
                }
              },
              {
                "weight": 50,
                "run_command": {
                  "command": [
                    "replaceitem block ~~~ slot.container 4 wesl3y:bag_belly 5"
                  ]
                }
              },
              {
                "weight": 50,
                "run_command": {
                  "command": [
                    "replaceitem block ~~~ slot.container 4 wesl3y:bag_belly 10"
                  ]
                }
              },
              {
                "weight": 50,
                "run_command": {
                  "command": [
                    "replaceitem block ~~~ slot.container 4 wesl3y:sea_king 4"
                  ]
                }
              },
              {
                "weight": 50,
                "run_command": {
                  "command": [
                    "replaceitem block ~~~ slot.container 4 wesl3y:sea_king 6"
                  ]
                }
              },
              {
                "weight": 30,
                "run_command": {
                  "command": [
                    "replaceitem block ~~~ slot.container 4 wesl3y:kairoseki 1"
                  ]
                }
              },
              {
                "weight": 30,
                "run_command": {
                  "command": [
                    "replaceitem block ~~~ slot.container 4 wesl3y:bau_wg 1"
                  ]
                }
              }
            ]
          },
          {
            "randomize": [
              {
                "weight": 50,
                "run_command": {
                  "command": [
                    "replaceitem block ~~~ slot.container 5 wesl3y:fish_blue 2"
                  ]
                }
              },
              {
                "weight": 50,
                "run_command": {
                  "command": [
                    "replaceitem block ~~~ slot.container 5 wesl3y:fish_green 2"
                  ]
                }
              },
              {
                "weight": 50,
                "run_command": {
                  "command": [
                    "replaceitem block ~~~ slot.container 5 wesl3y:fish_green 5"
                  ]
                }
              },
              {
                "weight": 50,
                "run_command": {
                  "command": [
                    "replaceitem block ~~~ slot.container 5 wesl3y:fish_green 5"
                  ]
                }
              },
              {
                "weight": 50,
                "run_command": {
                  "command": [
                    "replaceitem block ~~~ slot.container 5 apple 2"
                  ]
                }
              },
              {
                "weight": 50,
                "run_command": {
                  "command": [
                    "replaceitem block ~~~ slot.container 5 apple 5"
                  ]
                }
              },
              {
                "weight": 50,
                "run_command": {
                  "command": [
                    "replaceitem block ~~~ slot.container 5 wesl3y:bag_belly 5"
                  ]
                }
              },
              {
                "weight": 50,
                "run_command": {
                  "command": [
                    "replaceitem block ~~~ slot.container 5 wesl3y:bag_belly 10"
                  ]
                }
              },
              {
                "weight": 50,
                "run_command": {
                  "command": [
                    "replaceitem block ~~~ slot.container 5 wesl3y:sea_king 4"
                  ]
                }
              },
              {
                "weight": 50,
                "run_command": {
                  "command": [
                    "replaceitem block ~~~ slot.container 5 wesl3y:sea_king 6"
                  ]
                }
              },
              {
                "weight": 30,
                "run_command": {
                  "command": [
                    "replaceitem block ~~~ slot.container 5 wesl3y:kairoseki 1"
                  ]
                }
              },
              {
                "weight": 30,
                "run_command": {
                  "command": [
                    "replaceitem block ~~~ slot.container 5 wesl3y:bau_wg 1"
                  ]
                }
              }
            ]
          },
          {
            "randomize": [
              {
                "weight": 50,
                "run_command": {
                  "command": [
                    "replaceitem block ~~~ slot.container 7 wesl3y:fish_blue 2"
                  ]
                }
              },
              {
                "weight": 50,
                "run_command": {
                  "command": [
                    "replaceitem block ~~~ slot.container 7 wesl3y:fish_green 2"
                  ]
                }
              },
              {
                "weight": 50,
                "run_command": {
                  "command": [
                    "replaceitem block ~~~ slot.container 7 wesl3y:fish_green 5"
                  ]
                }
              },
              {
                "weight": 50,
                "run_command": {
                  "command": [
                    "replaceitem block ~~~ slot.container 7 wesl3y:fish_green 5"
                  ]
                }
              },
              {
                "weight": 50,
                "run_command": {
                  "command": [
                    "replaceitem block ~~~ slot.container 7 apple 2"
                  ]
                }
              },
              {
                "weight": 50,
                "run_command": {
                  "command": [
                    "replaceitem block ~~~ slot.container 7 apple 5"
                  ]
                }
              },
              {
                "weight": 50,
                "run_command": {
                  "command": [
                    "replaceitem block ~~~ slot.container 7 wesl3y:bag_belly 5"
                  ]
                }
              },
              {
                "weight": 50,
                "run_command": {
                  "command": [
                    "replaceitem block ~~~ slot.container 7 wesl3y:bag_belly 10"
                  ]
                }
              },
              {
                "weight": 50,
                "run_command": {
                  "command": [
                    "replaceitem block ~~~ slot.container 7 wesl3y:sea_king 4"
                  ]
                }
              },
              {
                "weight": 50,
                "run_command": {
                  "command": [
                    "replaceitem block ~~~ slot.container 7 wesl3y:sea_king 6"
                  ]
                }
              },
              {
                "weight": 30,
                "run_command": {
                  "command": [
                    "replaceitem block ~~~ slot.container 7 wesl3y:kairoseki 1"
                  ]
                }
              },
              {
                "weight": 30,
                "run_command": {
                  "command": [
                    "replaceitem block ~~~ slot.container 7 wesl3y:bau_wg 1"
                  ]
                }
              }
            ]
          }
        ]
      }
    }
  }
}