{"format_version":"1.16.0","minecraft:entity":{"description":{"identifier":"minecraft:player","is_spawnable":false,"is_summonable":false,"is_experimental":false,"scripts":{"animate":["mode","particle","regen","kill","haki","haki1","haki2","haki3","mode_using","energy","activate_head","activate_offhand","mainhand","fly","pvp","sprinting","sneaking","attack","health","health","health","health","speed","jump","black_leg1","black_leg2","black_leg3","shooter1","shooter2","shooter3","sword1","sword2","sword3","bomu1","bomu2","bomu3","doru2","doru3","gomu1","gomu2","gomu3","gura1","gura2","gura3","hana2","hana3","kilo1","kilo2","kilo3","magu1","magu2","magu3","mera1","mera2","mera3","mogu_mole1","mogu_mole2","mogu_mole3","suna1","suna2","suna3","tori_phoenix1","tori_phoenix2","uo_dragon1","uo_dragon2","uo_dragon3"]},"animations":{"add_mode":"animation.add_mode","remove_mode":"animation.remove_mode","add_haki":"animation.add_haki","remove_haki":"animation.remove_haki","particle":"animation.particle_player","regen":"animation.regen","gatling_gun":"animation.gatling_gun","jet_gatling_gun":"animation.jet_gatling_gun","higan":"animation.higan","kaifu":"animation.kaifu","lion_song":"animation.lion_song","death_lion_sonh":"animation.death_lion_sonh","demonic_cut":"animation.demonic_cut","three_thousand_worlds":"animation.three_thousand_worlds","mode":"controller.animation.mode","kill":"controller.animation.kill","haki":"controller.animation.haki","haki1":"controller.animation.haki_using","haki2":"controller.animation.haki_change","haki3":"controller.animation.haki_hand","mode_using":"controller.animation.mode_using","energy":"controller.animation.energy","activate_head":"controller.animation.activate_head","activate_offhand":"controller.animation.activate_offhand","mainhand":"controller.animation.mainhand","fly":"controller.animation.fly.player","pvp":"controller.animation.pvp","sprinting":"controller.animation.sprinting","sneaking":"controller.animation.sneaking","attack":"controller.animation.attack","health":"controller.animation.health","speed":"controller.animation.speed","jump":"controller.animation.jump","black_leg1":"controller.animation.black_leg_using","black_leg2":"controller.animation.black_leg_change","black_leg3":"controller.animation.black_leg_hand","shooter1":"controller.animation.shooter_using","shooter2":"controller.animation.shooter_change","shooter3":"controller.animation.shooter_hand","sword1":"controller.animation.sword_using","sword2":"controller.animation.sword_change","sword3":"controller.animation.sword_hand","bomu1":"controller.animation.bomu_using","bomu2":"controller.animation.bomu_change","bomu3":"controller.animation.bomu_hand","doru2":"controller.animation.doru_change","doru3":"controller.animation.doru_hand","gomu1":"controller.animation.gomu_using","gomu2":"controller.animation.gomu_change","gomu3":"controller.animation.gomu_hand","gomu_gear":"controller.animation.gomu_gear","gura1":"controller.animation.gura_using","gura2":"controller.animation.gura_change","gura3":"controller.animation.gura_hand","hana2":"controller.animation.hana_change","hana3":"controller.animation.hana_hand","kilo1":"controller.animation.kilo_using","kilo2":"controller.animation.kilo_change","kilo3":"controller.animation.kilo_hand","magu1":"controller.animation.magu_using","magu2":"controller.animation.magu_change","magu3":"controller.animation.magu_hand","mera1":"controller.animation.mera_using","mera2":"controller.animation.mera_change","mera3":"controller.animation.mera_hand","mogu_mole1":"controller.animation.mogu_mole_using","mogu_mole2":"controller.animation.mogu_mole_change","mogu_mole3":"controller.animation.mogu_mole_hand","suna1":"controller.animation.suna_using","suna2":"controller.animation.suna_hand","suna3":"controller.animation.suna_change","tori_phoenix1":"controller.animation.tori_phoenix_hand","tori_phoenix2":"controller.animation.tori_phoenix_change","uo_dragon1":"controller.animation.uo_dragon_using","uo_dragon2":"controller.animation.uo_dragon_change","uo_dragon3":"controller.animation.uo_dragon_hand"}},"component_groups":{"mcpe:respawn":{"minecraft:type_family":{"family":["player"]},"minecraft:knockback_resistance":{"value":0.0}},"wesl3y:man":{"minecraft:skin_id":{"value":0}},"wesl3y:man2":{"minecraft:skin_id":{"value":1}},"wesl3y:woman":{"minecraft:skin_id":{"value":2}},"wesl3y:woman2":{"minecraft:skin_id":{"value":3}},"wesl3y:human":{"minecraft:variant":{"value":0},"minecraft:scale":{"value":1.0}},"wesl3y:dwarf":{"minecraft:variant":{"value":1},"minecraft:scale":{"value":0.75}},"wesl3y:fishman":{"minecraft:variant":{"value":2},"minecraft:scale":{"value":1.1}},"wesl3y:mink_dog":{"minecraft:variant":{"value":3},"minecraft:scale":{"value":1.0}},"wesl3y:mink_rabbit":{"minecraft:variant":{"value":4},"minecraft:scale":{"value":1.0}},"wesl3y:skypiea":{"minecraft:variant":{"value":5},"minecraft:scale":{"value":1.0}},"wesl3y:haki_observation":{"minecraft:is_sheared":{}},"wesl3y:haki_observation_advanced":{"minecraft:is_chested":{}},"wesl3y:base":{"minecraft:mark_variant":{"value":0},"minecraft:collision_box":{"width":0.6,"height":1.8},"minecraft:movement":{"value":0.1},"minecraft:rideable":{"seat_count":1,"family_types":["hana"],"seats":[{"position":[0.0,-1.5,0.0],"lock_rider_rotation":0}]}},"wesl3y:tori_phoenix":{"minecraft:mark_variant":{"value":40},"minecraft:movement":{"value":0.1}},"wesl3y:tori_phoenix2":{"minecraft:mark_variant":{"value":41},"minecraft:movement":{"value":0.1}},"wesl3y:uo_dragon":{"minecraft:mark_variant":{"value":50},"minecraft:collision_box":{"width":1.0,"height":0.5},"minecraft:scale":{"value":2.5},"minecraft:movement":{"value":0.1},"minecraft:rideable":{"seat_count":1,"family_types":["player"],"pull_in_entities":true,"seats":[{"position":[0,1.0,-0.1],"min_rider_count":0,"max_rider_count":0,"lock_rider_rotation":0}]}},"wesl3y:uo_dragon2":{"minecraft:scale":{"value":1.25},"minecraft:knockback_resistance":{"value":0.9}},"wesl3y:no_fruit":{"minecraft:underwater_movement":{"value":0.04},"minecraft:lava_movement":{"value":0.03},"minecraft:damage_sensor":{"triggers":[{"on_damage":{"filters":{"any_of":[{"all_of":[{"test":"has_tag","value":"haki_observation4"},{"test":"random_chance","value":4}]},{"all_of":[{"test":"has_tag","value":"haki_observation3"},{"test":"random_chance","value":3}]},{"all_of":[{"test":"has_tag","value":"haki_observation2"},{"test":"random_chance","value":2}]},{"all_of":[{"test":"has_tag","value":"haki_observation1"},{"test":"random_chance","value":1}]}]},"event":"wesl3y:haki_obs","target":"self"},"deals_damage":false}]}},"wesl3y:fruit":{"minecraft:underwater_movement":{"value":0.01},"minecraft:lava_movement":{"value":0.03},"minecraft:damage_sensor":{"triggers":[{"on_damage":{"filters":{"any_of":[{"all_of":[{"test":"has_tag","value":"haki_observation4"},{"test":"random_chance","value":4}]},{"all_of":[{"test":"has_tag","value":"haki_observation3"},{"test":"random_chance","value":3}]},{"all_of":[{"test":"has_tag","value":"haki_observation2"},{"test":"random_chance","value":2}]},{"all_of":[{"test":"has_tag","value":"haki_observation1"},{"test":"random_chance","value":1}]}]},"event":"wesl3y:haki_obs","target":"self"},"deals_damage":false},{"on_damage":{"filters":{"test":"has_tag","value":"water"}},"damage_multiplier":5}]}},"wesl3y:bara_fruit":{"minecraft:underwater_movement":{"value":0.01},"minecraft:lava_movement":{"value":0.03},"minecraft:damage_sensor":{"triggers":[{"on_damage":{"filters":{"any_of":[{"all_of":[{"test":"has_tag","value":"haki_observation4"},{"test":"random_chance","value":4}]},{"all_of":[{"test":"has_tag","value":"haki_observation3"},{"test":"random_chance","value":3}]},{"all_of":[{"test":"has_tag","value":"haki_observation2"},{"test":"random_chance","value":2}]},{"all_of":[{"test":"has_tag","value":"haki_observation1"},{"test":"random_chance","value":1}]}]},"event":"wesl3y:haki_obs","target":"self"},"deals_damage":false},{"cause":"fall","deals_damage":false},{"on_damage":{"filters":{"test":"has_tag","value":"water"}},"damage_multiplier":5},{"on_damage":{"filters":{"any_of":[{"test":"has_tag","subject":"other","value":"lion_song"},{"test":"has_tag","subject":"other","value":"death_lion_sonh"},{"test":"has_tag","subject":"other","value":"fine_life_door"},{"test":"has_tag","subject":"other","value":"two_cuts"},{"test":"has_tag","subject":"other","value":"demonic_cut"},{"test":"has_tag","subject":"other","value":"three_thousand_worlds"}]},"event":"wesl3y:bara_damage","target":"self"},"deals_damage":false},{"on_damage":{"filters":{"test":"is_family","subject":"other","value":"sword_attack"},"event":"wesl3y:bara_damage","target":"self"},"deals_damage":false},{"on_damage":{"filters":{"test":"has_equipment","subject":"other","operator":"==","value":"wesl3y:cutlass"},"event":"wesl3y:bara_damage","target":"self"},"deals_damage":false},{"on_damage":{"filters":{"test":"has_equipment","subject":"other","operator":"==","value":"minecraft:stone_axe"},"event":"wesl3y:bara_damage","target":"self"},"deals_damage":false},{"on_damage":{"filters":{"test":"has_equipment","subject":"other","operator":"==","value":"minecraft:iron_axe"},"event":"wesl3y:bara_damage","target":"self"},"deals_damage":false},{"on_damage":{"filters":{"test":"has_equipment","subject":"other","operator":"==","value":"minecraft:golden_axe"},"event":"wesl3y:bara_damage","target":"self"},"deals_damage":false},{"on_damage":{"filters":{"test":"has_equipment","subject":"other","operator":"==","value":"minecraft:diamond_axe"},"event":"wesl3y:bara_damage","target":"self"},"deals_damage":false},{"on_damage":{"filters":{"test":"has_equipment","subject":"other","operator":"==","value":"minecraft:netherite_axe"},"event":"wesl3y:bara_damage","target":"self"},"deals_damage":false},{"on_damage":{"filters":{"test":"has_equipment","subject":"other","operator":"==","value":"minecraft:stone_sword"},"event":"wesl3y:bara_damage","target":"self"},"deals_damage":false},{"on_damage":{"filters":{"test":"has_equipment","subject":"other","operator":"==","value":"minecraft:iron_sword"},"event":"wesl3y:bara_damage","target":"self"},"deals_damage":false},{"on_damage":{"filters":{"test":"has_equipment","subject":"other","operator":"==","value":"minecraft:golden_sword"},"event":"wesl3y:bara_damage","target":"self"},"deals_damage":false},{"on_damage":{"filters":{"test":"has_equipment","subject":"other","operator":"==","value":"minecraft:diamond_sword"},"event":"wesl3y:bara_damage","target":"self"},"deals_damage":false},{"on_damage":{"filters":{"test":"has_equipment","subject":"other","operator":"==","value":"minecraft:netherite_sword"},"event":"wesl3y:bara_damage","target":"self"},"deals_damage":false},{"on_damage":{"filters":{"test":"has_equipment","subject":"other","operator":"==","value":"wesl3y:claws"},"event":"wesl3y:bara_damage","target":"self"},"deals_damage":false},{"on_damage":{"filters":{"test":"has_equipment","subject":"other","operator":"==","value":"wesl3y:enma"},"event":"wesl3y:bara_damage","target":"self"},"deals_damage":false},{"on_damage":{"filters":{"test":"has_equipment","subject":"other","operator":"==","value":"wesl3y:katana"},"event":"wesl3y:bara_damage","target":"self"},"deals_damage":false},{"on_damage":{"filters":{"test":"has_equipment","subject":"other","operator":"==","value":"wesl3y:kiribachi"},"event":"wesl3y:bara_damage","target":"self"},"deals_damage":false},{"on_damage":{"filters":{"test":"has_equipment","subject":"other","operator":"==","value":"wesl3y:sandai_kitetsu"},"event":"wesl3y:bara_damage","target":"self"},"deals_damage":false},{"on_damage":{"filters":{"test":"has_equipment","subject":"other","operator":"==","value":"wesl3y:shusui"},"event":"wesl3y:bara_damage","target":"self"},"deals_damage":false},{"on_damage":{"filters":{"test":"has_equipment","subject":"other","operator":"==","value":"wesl3y:wado_ichimonji"},"event":"wesl3y:bara_damage","target":"self"},"deals_damage":false},{"on_damage":{"filters":{"test":"has_equipment","subject":"other","operator":"==","value":"wesl3y:yubashiri"},"event":"wesl3y:bara_damage","target":"self"},"deals_damage":false},{"on_damage":{"filters":{"test":"has_equipment","subject":"other","operator":"==","value":"wesl3y:yoru"},"event":"wesl3y:bara_damage","target":"self"},"deals_damage":false}]}},"wesl3y:bomu_fruit":{"minecraft:underwater_movement":{"value":0.01},"minecraft:lava_movement":{"value":0.03},"minecraft:damage_sensor":{"triggers":[{"on_damage":{"filters":{"test":"is_family","subject":"other","value":"bomu"}},"deals_damage":false},{"on_damage":{"filters":{"any_of":[{"all_of":[{"test":"has_tag","value":"haki_observation4"},{"test":"random_chance","value":4}]},{"all_of":[{"test":"has_tag","value":"haki_observation3"},{"test":"random_chance","value":3}]},{"all_of":[{"test":"has_tag","value":"haki_observation2"},{"test":"random_chance","value":2}]},{"all_of":[{"test":"has_tag","value":"haki_observation1"},{"test":"random_chance","value":1}]}]},"event":"wesl3y:haki_obs","target":"self"},"deals_damage":false},{"cause":"entity_explosion","deals_damage":false},{"on_damage":{"filters":{"test":"has_tag","value":"water"}},"damage_multiplier":5}]}},"wesl3y:gomu_fruit":{"minecraft:underwater_movement":{"value":0.01},"minecraft:lava_movement":{"value":0.03},"minecraft:damage_sensor":{"triggers":[{"on_damage":{"filters":{"test":"is_family","subject":"other","value":"gomu"}},"deals_damage":false},{"on_damage":{"filters":{"test":"is_family","subject":"other","value":"goro"}},"deals_damage":false},{"on_damage":{"filters":{"any_of":[{"all_of":[{"test":"has_tag","value":"haki_observation4"},{"test":"random_chance","value":4}]},{"all_of":[{"test":"has_tag","value":"haki_observation3"},{"test":"random_chance","value":3}]},{"all_of":[{"test":"has_tag","value":"haki_observation2"},{"test":"random_chance","value":2}]},{"all_of":[{"test":"has_tag","value":"haki_observation1"},{"test":"random_chance","value":1}]}]},"event":"wesl3y:haki_obs","target":"self"},"deals_damage":false},{"cause":"fall","deals_damage":false},{"on_damage":{"filters":{"test":"has_tag","value":"water"}},"damage_multiplier":5},{"on_damage":{"filters":{"test":"is_family","subject":"other","operator":"==","value":"shooter_yasopp"}},"deals_damage":false},{"on_damage":{"filters":{"test":"is_family","subject":"other","operator":"==","value":"kairoseki"}},"deals_damage":true},{"on_damage":{"filters":{"test":"has_tag","subject":"other","operator":"!=","value":"haki_armament"}},"damage_multiplier":0.5},{"on_damage":{"filters":{"test":"has_equipment","subject":"other","operator":"==","value":"wesl3y:cutlass"}},"damage_multiplier":2},{"on_damage":{"filters":{"test":"has_equipment","subject":"other","operator":"==","value":"wesl3y:enma"}},"damage_multiplier":2},{"on_damage":{"filters":{"test":"has_equipment","subject":"other","operator":"==","value":"wesl3y:katana"}},"damage_multiplier":2},{"on_damage":{"filters":{"test":"has_equipment","subject":"other","operator":"==","value":"wesl3y:kiribachi"}},"damage_multiplier":2},{"on_damage":{"filters":{"test":"has_equipment","subject":"other","operator":"==","value":"wesl3y:sandai_kitetsu"}},"damage_multiplier":2},{"on_damage":{"filters":{"test":"has_equipment","subject":"other","operator":"==","value":"wesl3y:shusui"}},"damage_multiplier":2},{"on_damage":{"filters":{"test":"has_equipment","subject":"other","operator":"==","value":"wesl3y:wado_ichimonji"}},"damage_multiplier":2},{"on_damage":{"filters":{"test":"has_equipment","subject":"other","operator":"==","value":"wesl3y:yubashiri"}},"damage_multiplier":2},{"on_damage":{"filters":{"test":"has_equipment","subject":"other","operator":"==","value":"wesl3y:yoru"}},"damage_multiplier":2}]}},"wesl3y:gura_fruit":{"minecraft:underwater_movement":{"value":0.01},"minecraft:lava_movement":{"value":0.03},"minecraft:damage_sensor":{"triggers":[{"on_damage":{"filters":{"all_of":[{"test":"is_family","subject":"other","value":"gura"},{"cause":"entity_attack"}]}},"deals_damage":false},{"on_damage":{"filters":{"any_of":[{"all_of":[{"test":"has_tag","value":"haki_observation4"},{"test":"random_chance","value":4}]},{"all_of":[{"test":"has_tag","value":"haki_observation3"},{"test":"random_chance","value":3}]},{"all_of":[{"test":"has_tag","value":"haki_observation2"},{"test":"random_chance","value":2}]},{"all_of":[{"test":"has_tag","value":"haki_observation1"},{"test":"random_chance","value":1}]}]},"event":"wesl3y:haki_obs","target":"self"},"deals_damage":false},{"on_damage":{"filters":{"test":"has_tag","value":"water"}},"damage_multiplier":5}]}},"wesl3y:hito_human_fruit":{"minecraft:variant":{"value":6},"minecraft:underwater_movement":{"value":0.01},"minecraft:lava_movement":{"value":0.3},"minecraft:damage_sensor":{"triggers":[{"on_damage":{"filters":{"any_of":[{"all_of":[{"test":"has_tag","value":"haki_observation4"},{"test":"random_chance","value":4}]},{"all_of":[{"test":"has_tag","value":"haki_observation3"},{"test":"random_chance","value":3}]},{"all_of":[{"test":"has_tag","value":"haki_observation2"},{"test":"random_chance","value":2}]},{"all_of":[{"test":"has_tag","value":"haki_observation1"},{"test":"random_chance","value":1}]}]},"event":"wesl3y:haki_obs","target":"self"},"deals_damage":false},{"on_damage":{"filters":{"test":"has_tag","value":"water"}},"damage_multiplier":5}]}},"wesl3y:magu_fruit":{"minecraft:underwater_movement":{"value":0.01},"minecraft:lava_movement":{"value":0.3},"minecraft:damage_sensor":{"triggers":[{"on_damage":{"filters":{"any_of":[{"all_of":[{"test":"has_tag","value":"haki_observation4"},{"test":"random_chance","value":4}]},{"all_of":[{"test":"has_tag","value":"haki_observation3"},{"test":"random_chance","value":3}]},{"all_of":[{"test":"has_tag","value":"haki_observation2"},{"test":"random_chance","value":2}]},{"all_of":[{"test":"has_tag","value":"haki_observation1"},{"test":"random_chance","value":1}]}]},"event":"wesl3y:haki_obs","target":"self"},"deals_damage":false},{"cause":"fire","deals_damage":false},{"cause":"lava","deals_damage":false},{"cause":"fall","deals_damage":false},{"on_damage":{"filters":{"test":"has_tag","value":"water"}},"damage_multiplier":5},{"on_damage":{"filters":{"test":"is_family","subject":"other","operator":"==","value":"kairoseki"}},"deals_damage":true},{"on_damage":{"filters":{"test":"is_family","subject":"other","operator":"==","value":"haki_armament"}},"deals_damage":true},{"on_damage":{"filters":{"test":"has_tag","subject":"other","operator":"!=","value":"haki_armament"},"event":"wesl3y:particle"},"deals_damage":false},{"on_damage":{"filters":{"test":"has_tag","subject":"other","operator":"==","value":"haki_armament"}},"deals_damage":true},{"on_damage":{"filters":{"test":"is_family","subject":"other","value":"mera"}},"deals_damage":false},{"on_damage":{"filters":{"test":"is_family","subject":"other","value":"magu"}},"deals_damage":false}]}},"wesl3y:mera_fruit":{"minecraft:underwater_movement":{"value":0.01},"minecraft:lava_movement":{"value":0.03},"minecraft:damage_sensor":{"triggers":[{"on_damage":{"filters":{"any_of":[{"all_of":[{"test":"has_tag","value":"haki_observation4"},{"test":"random_chance","value":4}]},{"all_of":[{"test":"has_tag","value":"haki_observation3"},{"test":"random_chance","value":3}]},{"all_of":[{"test":"has_tag","value":"haki_observation2"},{"test":"random_chance","value":2}]},{"all_of":[{"test":"has_tag","value":"haki_observation1"},{"test":"random_chance","value":1}]}]},"event":"wesl3y:haki_obs","target":"self"},"deals_damage":false},{"cause":"fire","deals_damage":false},{"cause":"lava","deals_damage":true},{"cause":"fall","deals_damage":false},{"on_damage":{"filters":{"test":"has_tag","value":"water"}},"damage_multiplier":5},{"on_damage":{"filters":{"test":"is_family","subject":"other","operator":"==","value":"kairoseki"}},"deals_damage":true},{"on_damage":{"filters":{"any_of":[{"test":"is_family","subject":"other","operator":"==","value":"haki_armament"},{"test":"is_family","subject":"other","operator":"==","value":"magu"}]}},"deals_damage":true},{"on_damage":{"filters":{"any_of":[{"test":"has_tag","subject":"other","operator":"==","value":"haki_armament"},{"test":"has_tag","subject":"other","operator":"==","value":"magu_fruit"}]}},"deals_damage":true},{"on_damage":{"filters":{"test":"has_tag","subject":"other","operator":"!=","value":"haki_armament"},"event":"wesl3y:particle"},"deals_damage":false},{"on_damage":{"filters":{"test":"is_family","subject":"other","value":"mera"}},"deals_damage":false}]}},"wesl3y:suna_fruit":{"minecraft:underwater_movement":{"value":0.01},"minecraft:lava_movement":{"value":0.03},"minecraft:damage_sensor":{"triggers":[{"on_damage":{"filters":{"any_of":[{"all_of":[{"test":"has_tag","value":"haki_observation4"},{"test":"random_chance","value":4}]},{"all_of":[{"test":"has_tag","value":"haki_observation3"},{"test":"random_chance","value":3}]},{"all_of":[{"test":"has_tag","value":"haki_observation2"},{"test":"random_chance","value":2}]},{"all_of":[{"test":"has_tag","value":"haki_observation1"},{"test":"random_chance","value":1}]}]},"event":"wesl3y:haki_obs","target":"self"},"deals_damage":false},{"cause":"fire","deals_damage":false},{"cause":"lava","deals_damage":false},{"cause":"fall","deals_damage":false},{"cause":"suffocation","deals_damage":false},{"on_damage":{"filters":{"test":"has_tag","value":"water"}},"damage_multiplier":5},{"on_damage":{"filters":{"test":"is_family","subject":"other","operator":"==","value":"kairoseki"}},"deals_damage":true},{"on_damage":{"filters":{"test":"has_tag","subject":"other","operator":"!=","value":"haki_armament"},"event":"wesl3y:particle"},"deals_damage":false},{"on_damage":{"filters":{"test":"is_family","subject":"other","value":"suna"}},"deals_damage":false}]}},"wesl3y:tori_phoenix_fruit":{"minecraft:damage_sensor":{"triggers":[{"on_damage":{"filters":{"any_of":[{"all_of":[{"test":"has_tag","value":"haki_observation4"},{"test":"random_chance","value":4}]},{"all_of":[{"test":"has_tag","value":"haki_observation3"},{"test":"random_chance","value":3}]},{"all_of":[{"test":"has_tag","value":"haki_observation2"},{"test":"random_chance","value":2}]},{"all_of":[{"test":"has_tag","value":"haki_observation1"},{"test":"random_chance","value":1}]}]},"event":"wesl3y:haki_obs","target":"self"},"deals_damage":false},{"cause":"fall","deals_damage":false},{"cause":"suffocation","deals_damage":false},{"on_damage":{"filters":{"test":"has_tag","value":"water"}},"damage_multiplier":5},{"damage_multiplier":0.5}]}},"wesl3y:uo_dragon_fruit":{"minecraft:damage_sensor":{"triggers":[{"on_damage":{"filters":{"any_of":[{"all_of":[{"test":"has_tag","value":"haki_observation4"},{"test":"random_chance","value":4}]},{"all_of":[{"test":"has_tag","value":"haki_observation3"},{"test":"random_chance","value":3}]},{"all_of":[{"test":"has_tag","value":"haki_observation2"},{"test":"random_chance","value":2}]},{"all_of":[{"test":"has_tag","value":"haki_observation1"},{"test":"random_chance","value":1}]}]},"event":"wesl3y:haki_obs","target":"self"},"deals_damage":false},{"cause":"fall","deals_damage":false},{"cause":"suffocation","deals_damage":false},{"on_damage":{"filters":{"test":"has_tag","value":"water"}},"damage_multiplier":5},{"on_damage":{"filters":{"test":"has_tag","value":"uo_dragon"}},"damage_multiplier":0.3},{"on_damage":{"filters":{"test":"has_tag","value":"uo_dragon2"}},"damage_multiplier":0.1}]}},"wesl3y:health.1":{"minecraft:health":{"value":10,"max":10}},"wesl3y:health.2":{"minecraft:health":{"value":20,"max":20}},"wesl3y:health.3":{"minecraft:health":{"value":30,"max":30}},"wesl3y:health.4":{"minecraft:health":{"value":40,"max":40}},"wesl3y:health.5":{"minecraft:health":{"value":50,"max":50}},"wesl3y:health.6":{"minecraft:health":{"value":60,"max":60}},"wesl3y:health.7":{"minecraft:health":{"value":70,"max":70}},"wesl3y:health.8":{"minecraft:health":{"value":80,"max":80}},"wesl3y:health.9":{"minecraft:health":{"value":90,"max":90}},"wesl3y:health.10":{"minecraft:health":{"value":100,"max":100}},"wesl3y:health.11":{"minecraft:health":{"value":110,"max":110}},"wesl3y:health.12":{"minecraft:health":{"value":120,"max":120}},"wesl3y:health.13":{"minecraft:health":{"value":130,"max":130}},"wesl3y:health.14":{"minecraft:health":{"value":140,"max":140}},"wesl3y:health.15":{"minecraft:health":{"value":150,"max":150}},"wesl3y:health.16":{"minecraft:health":{"value":160,"max":160}},"wesl3y:health.17":{"minecraft:health":{"value":170,"max":170}},"wesl3y:health.18":{"minecraft:health":{"value":180,"max":180}},"wesl3y:health.19":{"minecraft:health":{"value":190,"max":190}},"wesl3y:health.20":{"minecraft:health":{"value":200,"max":200}},"wesl3y:health.21":{"minecraft:health":{"value":210,"max":210}},"wesl3y:health.22":{"minecraft:health":{"value":220,"max":220}},"wesl3y:health.23":{"minecraft:health":{"value":230,"max":230}},"wesl3y:health.24":{"minecraft:health":{"value":240,"max":240}},"wesl3y:health.25":{"minecraft:health":{"value":250,"max":250}},"wesl3y:health.26":{"minecraft:health":{"value":260,"max":260}},"wesl3y:health.27":{"minecraft:health":{"value":270,"max":270}},"wesl3y:health.28":{"minecraft:health":{"value":280,"max":280}},"wesl3y:health.29":{"minecraft:health":{"value":290,"max":290}},"wesl3y:health.30":{"minecraft:health":{"value":300,"max":300}},"wesl3y:health.31":{"minecraft:health":{"value":310,"max":310}},"wesl3y:health.32":{"minecraft:health":{"value":320,"max":320}},"wesl3y:health.33":{"minecraft:health":{"value":330,"max":330}},"wesl3y:health.34":{"minecraft:health":{"value":340,"max":340}},"wesl3y:health.35":{"minecraft:health":{"value":350,"max":350}},"wesl3y:health.36":{"minecraft:health":{"value":360,"max":360}},"wesl3y:health.37":{"minecraft:health":{"value":370,"max":370}},"wesl3y:health.38":{"minecraft:health":{"value":380,"max":380}},"wesl3y:health.39":{"minecraft:health":{"value":390,"max":390}},"wesl3y:health.40":{"minecraft:health":{"value":400,"max":400}},"wesl3y:health.41":{"minecraft:health":{"value":410,"max":410}},"wesl3y:health.42":{"minecraft:health":{"value":420,"max":420}},"wesl3y:health.43":{"minecraft:health":{"value":430,"max":430}},"wesl3y:health.44":{"minecraft:health":{"value":440,"max":440}},"wesl3y:health.45":{"minecraft:health":{"value":450,"max":450}},"wesl3y:health.46":{"minecraft:health":{"value":460,"max":460}},"wesl3y:health.47":{"minecraft:health":{"value":470,"max":470}},"wesl3y:health.48":{"minecraft:health":{"value":480,"max":480}},"wesl3y:health.49":{"minecraft:health":{"value":490,"max":490}},"wesl3y:health.50":{"minecraft:health":{"value":500,"max":500}},"wesl3y:health.51":{"minecraft:health":{"value":510,"max":510}},"wesl3y:health.52":{"minecraft:health":{"value":520,"max":520}},"wesl3y:health.53":{"minecraft:health":{"value":530,"max":530}},"wesl3y:health.54":{"minecraft:health":{"value":540,"max":540}},"wesl3y:health.55":{"minecraft:health":{"value":550,"max":550}},"wesl3y:health.56":{"minecraft:health":{"value":560,"max":560}},"wesl3y:health.57":{"minecraft:health":{"value":570,"max":570}},"wesl3y:health.58":{"minecraft:health":{"value":580,"max":580}},"wesl3y:health.59":{"minecraft:health":{"value":590,"max":590}},"wesl3y:health.60":{"minecraft:health":{"value":600,"max":600}},"wesl3y:health.61":{"minecraft:health":{"value":610,"max":610}},"wesl3y:health.62":{"minecraft:health":{"value":620,"max":620}},"wesl3y:health.63":{"minecraft:health":{"value":630,"max":630}},"wesl3y:health.64":{"minecraft:health":{"value":640,"max":640}},"wesl3y:health.65":{"minecraft:health":{"value":650,"max":650}},"wesl3y:health.66":{"minecraft:health":{"value":660,"max":660}},"wesl3y:health.67":{"minecraft:health":{"value":670,"max":670}},"wesl3y:health.68":{"minecraft:health":{"value":680,"max":680}},"wesl3y:health.69":{"minecraft:health":{"value":690,"max":690}},"wesl3y:health.70":{"minecraft:health":{"value":700,"max":700}},"wesl3y:health.71":{"minecraft:health":{"value":710,"max":710}},"wesl3y:health.72":{"minecraft:health":{"value":720,"max":720}},"wesl3y:health.73":{"minecraft:health":{"value":730,"max":730}},"wesl3y:health.74":{"minecraft:health":{"value":740,"max":740}},"wesl3y:health.75":{"minecraft:health":{"value":750,"max":750}},"wesl3y:health.76":{"minecraft:health":{"value":760,"max":760}},"wesl3y:health.77":{"minecraft:health":{"value":770,"max":770}},"wesl3y:health.78":{"minecraft:health":{"value":780,"max":780}},"wesl3y:health.79":{"minecraft:health":{"value":790,"max":790}},"wesl3y:health.80":{"minecraft:health":{"value":800,"max":800}},"wesl3y:health.81":{"minecraft:health":{"value":810,"max":810}},"wesl3y:health.82":{"minecraft:health":{"value":820,"max":820}},"wesl3y:health.83":{"minecraft:health":{"value":830,"max":830}},"wesl3y:health.84":{"minecraft:health":{"value":840,"max":840}},"wesl3y:health.85":{"minecraft:health":{"value":850,"max":850}},"wesl3y:health.86":{"minecraft:health":{"value":860,"max":860}},"wesl3y:health.87":{"minecraft:health":{"value":870,"max":870}},"wesl3y:health.88":{"minecraft:health":{"value":880,"max":880}},"wesl3y:health.89":{"minecraft:health":{"value":890,"max":890}},"wesl3y:health.90":{"minecraft:health":{"value":900,"max":900}},"wesl3y:health.91":{"minecraft:health":{"value":910,"max":910}},"wesl3y:health.92":{"minecraft:health":{"value":920,"max":920}},"wesl3y:health.93":{"minecraft:health":{"value":930,"max":930}},"wesl3y:health.94":{"minecraft:health":{"value":940,"max":940}},"wesl3y:health.95":{"minecraft:health":{"value":950,"max":950}},"wesl3y:health.96":{"minecraft:health":{"value":960,"max":960}},"wesl3y:health.97":{"minecraft:health":{"value":970,"max":970}},"wesl3y:health.98":{"minecraft:health":{"value":980,"max":980}},"wesl3y:health.99":{"minecraft:health":{"value":990,"max":990}},"wesl3y:health.100":{"minecraft:health":{"value":1000,"max":1000}},"wesl3y:strength.1":{"minecraft:attack":{"damage":1}},"wesl3y:strength.2":{"minecraft:attack":{"damage":2}},"wesl3y:strength.3":{"minecraft:attack":{"damage":3}},"wesl3y:strength.4":{"minecraft:attack":{"damage":4}},"wesl3y:strength.5":{"minecraft:attack":{"damage":5}},"wesl3y:strength.6":{"minecraft:attack":{"damage":6}},"wesl3y:strength.7":{"minecraft:attack":{"damage":7}},"wesl3y:strength.8":{"minecraft:attack":{"damage":8}},"wesl3y:strength.9":{"minecraft:attack":{"damage":9}},"wesl3y:strength.10":{"minecraft:attack":{"damage":10}},"wesl3y:strength.11":{"minecraft:attack":{"damage":11}},"wesl3y:strength.12":{"minecraft:attack":{"damage":12}},"wesl3y:strength.13":{"minecraft:attack":{"damage":13}},"wesl3y:strength.14":{"minecraft:attack":{"damage":14}},"wesl3y:strength.15":{"minecraft:attack":{"damage":15}},"wesl3y:strength.16":{"minecraft:attack":{"damage":16}},"wesl3y:strength.17":{"minecraft:attack":{"damage":17}},"wesl3y:strength.18":{"minecraft:attack":{"damage":18}},"wesl3y:strength.19":{"minecraft:attack":{"damage":19}},"wesl3y:strength.20":{"minecraft:attack":{"damage":20}},"wesl3y:strength.21":{"minecraft:attack":{"damage":21}},"wesl3y:strength.22":{"minecraft:attack":{"damage":22}},"wesl3y:strength.23":{"minecraft:attack":{"damage":23}},"wesl3y:strength.24":{"minecraft:attack":{"damage":24}},"wesl3y:strength.25":{"minecraft:attack":{"damage":25}},"wesl3y:strength.26":{"minecraft:attack":{"damage":26}},"wesl3y:strength.27":{"minecraft:attack":{"damage":27}},"wesl3y:strength.28":{"minecraft:attack":{"damage":28}},"wesl3y:strength.29":{"minecraft:attack":{"damage":29}},"wesl3y:strength.30":{"minecraft:attack":{"damage":30}},"wesl3y:strength.31":{"minecraft:attack":{"damage":31}},"wesl3y:strength.32":{"minecraft:attack":{"damage":32}},"wesl3y:strength.33":{"minecraft:attack":{"damage":33}},"wesl3y:strength.34":{"minecraft:attack":{"damage":34}},"wesl3y:strength.35":{"minecraft:attack":{"damage":35}},"wesl3y:strength.36":{"minecraft:attack":{"damage":36}},"wesl3y:strength.37":{"minecraft:attack":{"damage":37}},"wesl3y:strength.38":{"minecraft:attack":{"damage":38}},"wesl3y:strength.39":{"minecraft:attack":{"damage":39}},"wesl3y:strength.40":{"minecraft:attack":{"damage":40}},"wesl3y:strength.41":{"minecraft:attack":{"damage":41}},"wesl3y:strength.42":{"minecraft:attack":{"damage":42}},"wesl3y:strength.43":{"minecraft:attack":{"damage":43}},"wesl3y:strength.44":{"minecraft:attack":{"damage":44}},"wesl3y:strength.45":{"minecraft:attack":{"damage":45}},"wesl3y:strength.46":{"minecraft:attack":{"damage":46}},"wesl3y:strength.47":{"minecraft:attack":{"damage":47}},"wesl3y:strength.48":{"minecraft:attack":{"damage":48}},"wesl3y:strength.49":{"minecraft:attack":{"damage":49}},"wesl3y:strength.50":{"minecraft:attack":{"damage":50}},"wesl3y:strength.51":{"minecraft:attack":{"damage":51}},"wesl3y:strength.52":{"minecraft:attack":{"damage":52}},"wesl3y:strength.53":{"minecraft:attack":{"damage":53}},"wesl3y:strength.54":{"minecraft:attack":{"damage":54}},"wesl3y:strength.55":{"minecraft:attack":{"damage":55}},"wesl3y:strength.56":{"minecraft:attack":{"damage":56}},"wesl3y:strength.57":{"minecraft:attack":{"damage":57}},"wesl3y:strength.58":{"minecraft:attack":{"damage":58}},"wesl3y:strength.59":{"minecraft:attack":{"damage":59}},"wesl3y:strength.60":{"minecraft:attack":{"damage":60}},"wesl3y:strength.61":{"minecraft:attack":{"damage":61}},"wesl3y:strength.62":{"minecraft:attack":{"damage":62}},"wesl3y:strength.63":{"minecraft:attack":{"damage":63}},"wesl3y:strength.64":{"minecraft:attack":{"damage":64}},"wesl3y:strength.65":{"minecraft:attack":{"damage":65}},"wesl3y:strength.66":{"minecraft:attack":{"damage":66}},"wesl3y:strength.67":{"minecraft:attack":{"damage":67}},"wesl3y:strength.68":{"minecraft:attack":{"damage":68}},"wesl3y:strength.69":{"minecraft:attack":{"damage":69}},"wesl3y:strength.70":{"minecraft:attack":{"damage":70}},"wesl3y:strength.71":{"minecraft:attack":{"damage":71}},"wesl3y:strength.72":{"minecraft:attack":{"damage":72}},"wesl3y:strength.73":{"minecraft:attack":{"damage":73}},"wesl3y:strength.74":{"minecraft:attack":{"damage":74}},"wesl3y:strength.75":{"minecraft:attack":{"damage":75}},"wesl3y:strength.76":{"minecraft:attack":{"damage":76}},"wesl3y:strength.77":{"minecraft:attack":{"damage":77}},"wesl3y:strength.78":{"minecraft:attack":{"damage":78}},"wesl3y:strength.79":{"minecraft:attack":{"damage":79}},"wesl3y:strength.80":{"minecraft:attack":{"damage":80}},"wesl3y:strength.81":{"minecraft:attack":{"damage":81}},"wesl3y:strength.82":{"minecraft:attack":{"damage":82}},"wesl3y:strength.83":{"minecraft:attack":{"damage":83}},"wesl3y:strength.84":{"minecraft:attack":{"damage":84}},"wesl3y:strength.85":{"minecraft:attack":{"damage":85}},"wesl3y:strength.86":{"minecraft:attack":{"damage":86}},"wesl3y:strength.87":{"minecraft:attack":{"damage":87}},"wesl3y:strength.88":{"minecraft:attack":{"damage":88}},"wesl3y:strength.89":{"minecraft:attack":{"damage":89}},"wesl3y:strength.90":{"minecraft:attack":{"damage":90}},"wesl3y:strength.91":{"minecraft:attack":{"damage":91}},"wesl3y:strength.92":{"minecraft:attack":{"damage":92}},"wesl3y:strength.93":{"minecraft:attack":{"damage":93}},"wesl3y:strength.94":{"minecraft:attack":{"damage":94}},"wesl3y:strength.95":{"minecraft:attack":{"damage":95}},"wesl3y:strength.96":{"minecraft:attack":{"damage":96}},"wesl3y:strength.97":{"minecraft:attack":{"damage":97}},"wesl3y:strength.98":{"minecraft:attack":{"damage":98}},"wesl3y:strength.99":{"minecraft:attack":{"damage":99}},"wesl3y:strength.100":{"minecraft:attack":{"damage":100}},"wesl3y:strength.101":{"minecraft:attack":{"damage":101}},"wesl3y:strength.102":{"minecraft:attack":{"damage":102}},"wesl3y:strength.103":{"minecraft:attack":{"damage":103}},"wesl3y:strength.104":{"minecraft:attack":{"damage":104}},"wesl3y:strength.105":{"minecraft:attack":{"damage":105}},"wesl3y:strength.106":{"minecraft:attack":{"damage":106}},"wesl3y:strength.107":{"minecraft:attack":{"damage":107}},"wesl3y:strength.108":{"minecraft:attack":{"damage":108}},"wesl3y:strength.109":{"minecraft:attack":{"damage":109}},"wesl3y:strength.110":{"minecraft:attack":{"damage":110}},"wesl3y:strength.111":{"minecraft:attack":{"damage":111}},"wesl3y:strength.112":{"minecraft:attack":{"damage":112}},"wesl3y:strength.113":{"minecraft:attack":{"damage":113}},"wesl3y:strength.114":{"minecraft:attack":{"damage":114}},"wesl3y:strength.115":{"minecraft:attack":{"damage":115}},"wesl3y:strength.116":{"minecraft:attack":{"damage":116}},"wesl3y:strength.117":{"minecraft:attack":{"damage":117}},"wesl3y:strength.118":{"minecraft:attack":{"damage":118}},"wesl3y:strength.119":{"minecraft:attack":{"damage":119}},"wesl3y:strength.120":{"minecraft:attack":{"damage":120}},"wesl3y:strength.121":{"minecraft:attack":{"damage":121}},"wesl3y:strength.122":{"minecraft:attack":{"damage":122}},"wesl3y:strength.123":{"minecraft:attack":{"damage":123}},"wesl3y:strength.124":{"minecraft:attack":{"damage":124}},"wesl3y:strength.125":{"minecraft:attack":{"damage":125}},"wesl3y:strength.126":{"minecraft:attack":{"damage":126}},"wesl3y:strength.127":{"minecraft:attack":{"damage":127}},"wesl3y:strength.128":{"minecraft:attack":{"damage":128}},"wesl3y:strength.129":{"minecraft:attack":{"damage":129}},"wesl3y:strength.130":{"minecraft:attack":{"damage":130}},"wesl3y:strength.131":{"minecraft:attack":{"damage":131}},"wesl3y:strength.132":{"minecraft:attack":{"damage":132}},"wesl3y:strength.133":{"minecraft:attack":{"damage":133}},"wesl3y:strength.134":{"minecraft:attack":{"damage":134}},"wesl3y:strength.135":{"minecraft:attack":{"damage":135}},"wesl3y:strength.136":{"minecraft:attack":{"damage":136}},"wesl3y:strength.137":{"minecraft:attack":{"damage":137}},"wesl3y:strength.138":{"minecraft:attack":{"damage":138}},"wesl3y:strength.139":{"minecraft:attack":{"damage":139}},"wesl3y:strength.140":{"minecraft:attack":{"damage":140}},"wesl3y:strength.141":{"minecraft:attack":{"damage":141}},"wesl3y:strength.142":{"minecraft:attack":{"damage":142}},"wesl3y:strength.143":{"minecraft:attack":{"damage":143}},"wesl3y:strength.144":{"minecraft:attack":{"damage":144}},"wesl3y:strength.145":{"minecraft:attack":{"damage":145}},"wesl3y:strength.146":{"minecraft:attack":{"damage":146}},"wesl3y:strength.147":{"minecraft:attack":{"damage":147}},"wesl3y:strength.148":{"minecraft:attack":{"damage":148}},"wesl3y:strength.149":{"minecraft:attack":{"damage":149}},"wesl3y:strength.150":{"minecraft:attack":{"damage":150}},"wesl3y:speed.1":{"minecraft:spell_effects":{"add_effects":[{"effect":"speed","duration":99999,"amplifier":0,"visible":false}]}},"wesl3y:speed.2":{"minecraft:spell_effects":{"add_effects":[{"effect":"speed","duration":99999,"amplifier":1,"visible":false}]}},"wesl3y:speed.3":{"minecraft:spell_effects":{"add_effects":[{"effect":"speed","duration":99999,"amplifier":2,"visible":false}]}},"wesl3y:speed.4":{"minecraft:spell_effects":{"add_effects":[{"effect":"speed","duration":99999,"amplifier":3,"visible":false}]}},"wesl3y:speed.5":{"minecraft:spell_effects":{"add_effects":[{"effect":"speed","duration":99999,"amplifier":4,"visible":false}]}},"wesl3y:speed.6":{"minecraft:spell_effects":{"add_effects":[{"effect":"speed","duration":99999,"amplifier":5,"visible":false}]}},"wesl3y:speed.7":{"minecraft:spell_effects":{"add_effects":[{"effect":"speed","duration":99999,"amplifier":6,"visible":false}]}},"wesl3y:speed.8":{"minecraft:spell_effects":{"add_effects":[{"effect":"speed","duration":99999,"amplifier":6,"visible":false}]}},"wesl3y:speed.9":{"minecraft:spell_effects":{"add_effects":[{"effect":"speed","duration":99999,"amplifier":8,"visible":false}]}},"wesl3y:speed.10":{"minecraft:spell_effects":{"add_effects":[{"effect":"speed","duration":99999,"amplifier":9,"visible":false}]}},"wesl3y:speed_jump.0":{"minecraft:spell_effects":{"remove_effects":["speed","jump_boost"]}},"wesl3y:bomu":{"minecraft:spawn_entity":{"entities":{"min_wait_time":0,"max_wait_time":0,"single_use":true,"spawn_entity":"wesl3y:bomu_attack","spawn_event":"wesl3y:entity_spawned","num_to_spawn":1}},"minecraft:timer":{"time":0.1,"looping":false,"time_down_event":{"event":"wesl3y:tags_fruit"}}},"wesl3y:gomu":{"minecraft:spawn_entity":{"entities":{"min_wait_time":0,"max_wait_time":0,"single_use":true,"spawn_entity":"wesl3y:gomu_attack","spawn_event":"wesl3y:entity_spawned","num_to_spawn":1}},"minecraft:timer":{"time":0.1,"looping":false,"time_down_event":{"event":"wesl3y:tags_fruit"}}},"wesl3y:gomu2":{"minecraft:spawn_entity":{"entities":{"min_wait_time":0,"max_wait_time":0,"single_use":true,"spawn_entity":"wesl3y:gomu_attack2","spawn_event":"wesl3y:entity_spawned","num_to_spawn":1}},"minecraft:timer":{"time":0.1,"looping":false,"time_down_event":{"event":"wesl3y:tags_fruit"}}},"wesl3y:gura":{"minecraft:spawn_entity":{"entities":{"min_wait_time":0,"max_wait_time":0,"single_use":true,"spawn_entity":"wesl3y:gura_attack","spawn_event":"wesl3y:entity_spawned","num_to_spawn":1}},"minecraft:timer":{"time":0.1,"looping":false,"time_down_event":{"event":"wesl3y:tags_fruit"}}},"wesl3y:gura2":{"minecraft:spawn_entity":{"entities":{"min_wait_time":0,"max_wait_time":0,"single_use":true,"spawn_entity":"wesl3y:gura_attack2","spawn_event":"wesl3y:entity_spawned","num_to_spawn":1}},"minecraft:timer":{"time":0.1,"looping":false,"time_down_event":{"event":"wesl3y:tags_fruit"}}},"wesl3y:magu":{"minecraft:spawn_entity":{"entities":{"min_wait_time":0,"max_wait_time":0,"single_use":true,"spawn_entity":"wesl3y:magu_attack","spawn_event":"wesl3y:entity_spawned","num_to_spawn":1}},"minecraft:timer":{"time":0.1,"looping":false,"time_down_event":{"event":"wesl3y:tags_fruit"}}},"wesl3y:magu2":{"minecraft:spawn_entity":{"entities":{"min_wait_time":0,"max_wait_time":0,"single_use":true,"spawn_entity":"wesl3y:magu_attack2","spawn_event":"wesl3y:entity_spawned","num_to_spawn":1}},"minecraft:timer":{"time":0.1,"looping":false,"time_down_event":{"event":"wesl3y:tags_fruit"}}},"wesl3y:mera":{"minecraft:spawn_entity":{"entities":{"min_wait_time":0,"max_wait_time":0,"single_use":true,"spawn_entity":"wesl3y:mera_attack","spawn_event":"wesl3y:entity_spawned","num_to_spawn":1}},"minecraft:timer":{"time":0.1,"looping":false,"time_down_event":{"event":"wesl3y:tags_fruit"}}},"wesl3y:mera2":{"minecraft:spawn_entity":{"entities":{"min_wait_time":0,"max_wait_time":0,"single_use":true,"spawn_entity":"wesl3y:mera_attack2","spawn_event":"wesl3y:entity_spawned","num_to_spawn":1}},"minecraft:timer":{"time":0.1,"looping":false,"time_down_event":{"event":"wesl3y:tags_fruit"}}},"wesl3y:suna":{"minecraft:spawn_entity":{"entities":{"min_wait_time":0,"max_wait_time":0,"single_use":true,"spawn_entity":"wesl3y:suna_attack","spawn_event":"wesl3y:entity_spawned","num_to_spawn":1}},"minecraft:timer":{"time":0.1,"looping":false,"time_down_event":{"event":"wesl3y:tags_fruit"}}},"wesl3y:suna2":{"minecraft:spawn_entity":{"entities":{"min_wait_time":0,"max_wait_time":0,"single_use":true,"spawn_entity":"wesl3y:suna_attack2","spawn_event":"wesl3y:entity_spawned","num_to_spawn":1}},"minecraft:timer":{"time":0.1,"looping":false,"time_down_event":{"event":"wesl3y:tags_fruit"}}},"wesl3y:tori_phoenix_skill2":{"minecraft:spawn_entity":{"entities":{"min_wait_time":0,"max_wait_time":0,"single_use":true,"spawn_entity":"wesl3y:tori_phoenix_attack2","spawn_event":"wesl3y:entity_spawned","num_to_spawn":1}},"minecraft:timer":{"time":0.1,"looping":false,"time_down_event":{"event":"wesl3y:tags_fruit"}}},"wesl3y:uo_dragon_skill":{"minecraft:spawn_entity":{"entities":{"min_wait_time":0,"max_wait_time":0,"single_use":true,"spawn_entity":"wesl3y:uo_dragon_attack","spawn_event":"wesl3y:entity_spawned","num_to_spawn":1}},"minecraft:timer":{"time":0.1,"looping":false,"time_down_event":{"event":"wesl3y:tags_fruit"}}},"wesl3y:shooter_kuja1":{"minecraft:spawn_entity":{"entities":{"min_wait_time":0,"max_wait_time":0,"single_use":true,"spawn_entity":"wesl3y:style_kuja","spawn_event":"wesl3y:attack1","num_to_spawn":1}}},"wesl3y:shooter_kuja1_haki":{"minecraft:spawn_entity":{"entities":{"min_wait_time":0,"max_wait_time":0,"single_use":true,"spawn_entity":"wesl3y:style_kuja","spawn_event":"wesl3y:attack1_haki","num_to_spawn":1}}},"wesl3y:shooter_kuja2":{"minecraft:spawn_entity":{"entities":{"min_wait_time":0,"max_wait_time":0,"single_use":true,"spawn_entity":"wesl3y:style_kuja","spawn_event":"wesl3y:attack2","num_to_spawn":1}}},"wesl3y:shooter_kuja2_haki":{"minecraft:spawn_entity":{"entities":{"min_wait_time":0,"max_wait_time":0,"single_use":true,"spawn_entity":"wesl3y:style_kuja","spawn_event":"wesl3y:attack2_haki","num_to_spawn":1}}},"wesl3y:shooter_ussop1":{"minecraft:spawn_entity":{"entities":{"min_wait_time":0,"max_wait_time":0,"single_use":true,"spawn_entity":"wesl3y:style_ussop","spawn_event":"wesl3y:attack1","num_to_spawn":1}}},"wesl3y:shooter_ussop1_haki":{"minecraft:spawn_entity":{"entities":{"min_wait_time":0,"max_wait_time":0,"single_use":true,"spawn_entity":"wesl3y:style_ussop","spawn_event":"wesl3y:attack1_haki","num_to_spawn":1}}},"wesl3y:shooter_ussop2":{"minecraft:spawn_entity":{"entities":{"min_wait_time":0,"max_wait_time":0,"single_use":true,"spawn_entity":"wesl3y:style_ussop","spawn_event":"wesl3y:attack2","num_to_spawn":1}}},"wesl3y:shooter_ussop2_haki":{"minecraft:spawn_entity":{"entities":{"min_wait_time":0,"max_wait_time":0,"single_use":true,"spawn_entity":"wesl3y:style_ussop","spawn_event":"wesl3y:attack2_haki","num_to_spawn":1}}},"wesl3y:shooter_ussop3":{"minecraft:spawn_entity":{"entities":{"min_wait_time":0,"max_wait_time":0,"single_use":true,"spawn_entity":"wesl3y:style_ussop","spawn_event":"wesl3y:attack3","num_to_spawn":1}}},"wesl3y:shooter_ussop3_haki":{"minecraft:spawn_entity":{"entities":{"min_wait_time":0,"max_wait_time":0,"single_use":true,"spawn_entity":"wesl3y:style_ussop","spawn_event":"wesl3y:attack3_haki","num_to_spawn":1}}},"wesl3y:shooter_ussop4":{"minecraft:spawn_entity":{"entities":{"min_wait_time":0,"max_wait_time":0,"single_use":true,"spawn_entity":"wesl3y:style_ussop","spawn_event":"wesl3y:attack4","num_to_spawn":1}}},"wesl3y:shooter_ussop4_haki":{"minecraft:spawn_entity":{"entities":{"min_wait_time":0,"max_wait_time":0,"single_use":true,"spawn_entity":"wesl3y:style_ussop","spawn_event":"wesl3y:attack4_haki","num_to_spawn":1}}},"wesl3y:style_zoro":{"minecraft:spawn_entity":{"entities":{"min_wait_time":0,"max_wait_time":0,"single_use":true,"spawn_entity":"wesl3y:style_zoro","spawn_event":"wesl3y:entity_spawned","num_to_spawn":1}},"minecraft:timer":{"time":0.1,"looping":false,"time_down_event":{"event":"wesl3y:tags_style"}}},"wesl3y:style_zoro2":{"minecraft:spawn_entity":{"entities":{"min_wait_time":0,"max_wait_time":0,"single_use":true,"spawn_entity":"wesl3y:style_zoro2","spawn_event":"wesl3y:entity_spawned","num_to_spawn":1}},"minecraft:timer":{"time":0.1,"looping":false,"time_down_event":{"event":"wesl3y:tags_style"}}},"minecraft:add_bad_omen":{"minecraft:spell_effects":{"add_effects":[{"effect":"bad_omen","duration":6000,"display_on_screen_animation":true}]},"minecraft:timer":{"time":[0.0,0.0],"looping":false,"time_down_event":{"event":"minecraft:clear_add_bad_omen","target":"self"}}},"minecraft:clear_bad_omen_spell_effect":{"minecraft:spell_effects":{}},"minecraft:raid_trigger":{"minecraft:raid_trigger":{"triggered_event":{"event":"minecraft:remove_raid_trigger","target":"self"}},"minecraft:spell_effects":{"remove_effects":"bad_omen"}}},"components":{"minecraft:type_family":{"family":["player"]},"minecraft:loot":{"table":"loot_tables/entities/player.json"},"minecraft:can_climb":{},"minecraft:movement":{"value":0.1},"minecraft:environment_sensor":{"triggers":[{"filters":{"any_of":[{"test":"is_family","subject":"self","value":"player"}]},"event":"mcpe:refresh_player"},{"filters":{"all_of":[{"test":"has_mob_effect","subject":"self","value":"bad_omen"},{"test":"is_in_village","subject":"self","value":true}]},"event":"minecraft:trigger_raid"}]},"minecraft:player.saturation":{"value":20},"minecraft:player.exhaustion":{"value":0,"max":4},"minecraft:player.level":{"value":0,"max":24791},"minecraft:player.experience":{"value":0,"max":1},"minecraft:breathable":{"totalSupply":15,"suffocateTime":-1,"inhaleTime":3.75,"generatesBubbles":false},"minecraft:nameable":{"alwaysShow":true,"allowNameTagRenaming":false},"minecraft:physics":{},"minecraft:insomnia":{"days_until_insomnia":3},"minecraft:rideable":{"seat_count":2,"family_types":["parrot_tame"],"pull_in_entities":true,"seats":[{"position":[0.4,-0.15,0.04],"min_rider_count":0,"max_rider_count":0,"lock_rider_rotation":0},{"position":[-0.4,-0.15,0.04],"min_rider_count":1,"max_rider_count":2,"lock_rider_rotation":0}]},"minecraft:scaffolding_climber":{}},"events":{"minecraft:entity_spawned":{"add":{"component_groups":["mcpe:respawn"]}},"mcpe:refresh_player":{"add":{"component_groups":["mcpe:respawn"]}},"wesl3y:health.1":{"add":{"component_groups":["wesl3y:health.1"]}},"wesl3y:health.2":{"add":{"component_groups":["wesl3y:health.2"]}},"wesl3y:health.3":{"add":{"component_groups":["wesl3y:health.3"]}},"wesl3y:health.4":{"add":{"component_groups":["wesl3y:health.4"]}},"wesl3y:health.5":{"add":{"component_groups":["wesl3y:health.5"]}},"wesl3y:health.6":{"add":{"component_groups":["wesl3y:health.6"]}},"wesl3y:health.7":{"add":{"component_groups":["wesl3y:health.7"]}},"wesl3y:health.8":{"add":{"component_groups":["wesl3y:health.8"]}},"wesl3y:health.9":{"add":{"component_groups":["wesl3y:health.9"]}},"wesl3y:health.10":{"add":{"component_groups":["wesl3y:health.10"]}},"wesl3y:health.11":{"add":{"component_groups":["wesl3y:health.11"]}},"wesl3y:health.12":{"add":{"component_groups":["wesl3y:health.12"]}},"wesl3y:health.13":{"add":{"component_groups":["wesl3y:health.13"]}},"wesl3y:health.14":{"add":{"component_groups":["wesl3y:health.14"]}},"wesl3y:health.15":{"add":{"component_groups":["wesl3y:health.15"]}},"wesl3y:health.16":{"add":{"component_groups":["wesl3y:health.16"]}},"wesl3y:health.17":{"add":{"component_groups":["wesl3y:health.17"]}},"wesl3y:health.18":{"add":{"component_groups":["wesl3y:health.18"]}},"wesl3y:health.19":{"add":{"component_groups":["wesl3y:health.19"]}},"wesl3y:health.20":{"add":{"component_groups":["wesl3y:health.20"]}},"wesl3y:health.21":{"add":{"component_groups":["wesl3y:health.21"]}},"wesl3y:health.22":{"add":{"component_groups":["wesl3y:health.22"]}},"wesl3y:health.23":{"add":{"component_groups":["wesl3y:health.23"]}},"wesl3y:health.24":{"add":{"component_groups":["wesl3y:health.24"]}},"wesl3y:health.25":{"add":{"component_groups":["wesl3y:health.25"]}},"wesl3y:health.26":{"add":{"component_groups":["wesl3y:health.26"]}},"wesl3y:health.27":{"add":{"component_groups":["wesl3y:health.27"]}},"wesl3y:health.28":{"add":{"component_groups":["wesl3y:health.28"]}},"wesl3y:health.29":{"add":{"component_groups":["wesl3y:health.29"]}},"wesl3y:health.30":{"add":{"component_groups":["wesl3y:health.30"]}},"wesl3y:health.31":{"add":{"component_groups":["wesl3y:health.31"]}},"wesl3y:health.32":{"add":{"component_groups":["wesl3y:health.32"]}},"wesl3y:health.33":{"add":{"component_groups":["wesl3y:health.33"]}},"wesl3y:health.34":{"add":{"component_groups":["wesl3y:health.34"]}},"wesl3y:health.35":{"add":{"component_groups":["wesl3y:health.35"]}},"wesl3y:health.36":{"add":{"component_groups":["wesl3y:health.36"]}},"wesl3y:health.37":{"add":{"component_groups":["wesl3y:health.37"]}},"wesl3y:health.38":{"add":{"component_groups":["wesl3y:health.38"]}},"wesl3y:health.39":{"add":{"component_groups":["wesl3y:health.39"]}},"wesl3y:health.40":{"add":{"component_groups":["wesl3y:health.40"]}},"wesl3y:health.41":{"add":{"component_groups":["wesl3y:health.41"]}},"wesl3y:health.42":{"add":{"component_groups":["wesl3y:health.42"]}},"wesl3y:health.43":{"add":{"component_groups":["wesl3y:health.43"]}},"wesl3y:health.44":{"add":{"component_groups":["wesl3y:health.44"]}},"wesl3y:health.45":{"add":{"component_groups":["wesl3y:health.45"]}},"wesl3y:health.46":{"add":{"component_groups":["wesl3y:health.46"]}},"wesl3y:health.47":{"add":{"component_groups":["wesl3y:health.47"]}},"wesl3y:health.48":{"add":{"component_groups":["wesl3y:health.48"]}},"wesl3y:health.49":{"add":{"component_groups":["wesl3y:health.49"]}},"wesl3y:health.50":{"add":{"component_groups":["wesl3y:health.50"]}},"wesl3y:health.51":{"add":{"component_groups":["wesl3y:health.51"]}},"wesl3y:health.52":{"add":{"component_groups":["wesl3y:health.52"]}},"wesl3y:health.53":{"add":{"component_groups":["wesl3y:health.53"]}},"wesl3y:health.54":{"add":{"component_groups":["wesl3y:health.54"]}},"wesl3y:health.55":{"add":{"component_groups":["wesl3y:health.55"]}},"wesl3y:health.56":{"add":{"component_groups":["wesl3y:health.56"]}},"wesl3y:health.57":{"add":{"component_groups":["wesl3y:health.57"]}},"wesl3y:health.58":{"add":{"component_groups":["wesl3y:health.58"]}},"wesl3y:health.59":{"add":{"component_groups":["wesl3y:health.59"]}},"wesl3y:health.60":{"add":{"component_groups":["wesl3y:health.60"]}},"wesl3y:health.61":{"add":{"component_groups":["wesl3y:health.61"]}},"wesl3y:health.62":{"add":{"component_groups":["wesl3y:health.62"]}},"wesl3y:health.63":{"add":{"component_groups":["wesl3y:health.63"]}},"wesl3y:health.64":{"add":{"component_groups":["wesl3y:health.64"]}},"wesl3y:health.65":{"add":{"component_groups":["wesl3y:health.65"]}},"wesl3y:health.66":{"add":{"component_groups":["wesl3y:health.66"]}},"wesl3y:health.67":{"add":{"component_groups":["wesl3y:health.67"]}},"wesl3y:health.68":{"add":{"component_groups":["wesl3y:health.68"]}},"wesl3y:health.69":{"add":{"component_groups":["wesl3y:health.69"]}},"wesl3y:health.70":{"add":{"component_groups":["wesl3y:health.70"]}},"wesl3y:health.71":{"add":{"component_groups":["wesl3y:health.71"]}},"wesl3y:health.72":{"add":{"component_groups":["wesl3y:health.72"]}},"wesl3y:health.73":{"add":{"component_groups":["wesl3y:health.73"]}},"wesl3y:health.74":{"add":{"component_groups":["wesl3y:health.74"]}},"wesl3y:health.75":{"add":{"component_groups":["wesl3y:health.75"]}},"wesl3y:health.76":{"add":{"component_groups":["wesl3y:health.76"]}},"wesl3y:health.77":{"add":{"component_groups":["wesl3y:health.77"]}},"wesl3y:health.78":{"add":{"component_groups":["wesl3y:health.78"]}},"wesl3y:health.79":{"add":{"component_groups":["wesl3y:health.79"]}},"wesl3y:health.80":{"add":{"component_groups":["wesl3y:health.80"]}},"wesl3y:health.81":{"add":{"component_groups":["wesl3y:health.81"]}},"wesl3y:health.82":{"add":{"component_groups":["wesl3y:health.82"]}},"wesl3y:health.83":{"add":{"component_groups":["wesl3y:health.83"]}},"wesl3y:health.84":{"add":{"component_groups":["wesl3y:health.84"]}},"wesl3y:health.85":{"add":{"component_groups":["wesl3y:health.85"]}},"wesl3y:health.86":{"add":{"component_groups":["wesl3y:health.86"]}},"wesl3y:health.87":{"add":{"component_groups":["wesl3y:health.87"]}},"wesl3y:health.88":{"add":{"component_groups":["wesl3y:health.88"]}},"wesl3y:health.89":{"add":{"component_groups":["wesl3y:health.89"]}},"wesl3y:health.90":{"add":{"component_groups":["wesl3y:health.90"]}},"wesl3y:health.91":{"add":{"component_groups":["wesl3y:health.91"]}},"wesl3y:health.92":{"add":{"component_groups":["wesl3y:health.92"]}},"wesl3y:health.93":{"add":{"component_groups":["wesl3y:health.93"]}},"wesl3y:health.94":{"add":{"component_groups":["wesl3y:health.94"]}},"wesl3y:health.95":{"add":{"component_groups":["wesl3y:health.95"]}},"wesl3y:health.96":{"add":{"component_groups":["wesl3y:health.96"]}},"wesl3y:health.97":{"add":{"component_groups":["wesl3y:health.97"]}},"wesl3y:health.98":{"add":{"component_groups":["wesl3y:health.98"]}},"wesl3y:health.99":{"add":{"component_groups":["wesl3y:health.99"]}},"wesl3y:health.100":{"add":{"component_groups":["wesl3y:health.100"]}},"wesl3y:strength.1":{"add":{"component_groups":["wesl3y:strength.1"]}},"wesl3y:strength.2":{"add":{"component_groups":["wesl3y:strength.2"]}},"wesl3y:strength.3":{"add":{"component_groups":["wesl3y:strength.3"]}},"wesl3y:strength.4":{"add":{"component_groups":["wesl3y:strength.4"]}},"wesl3y:strength.5":{"add":{"component_groups":["wesl3y:strength.5"]}},"wesl3y:strength.6":{"add":{"component_groups":["wesl3y:strength.6"]}},"wesl3y:strength.7":{"add":{"component_groups":["wesl3y:strength.7"]}},"wesl3y:strength.8":{"add":{"component_groups":["wesl3y:strength.8"]}},"wesl3y:strength.9":{"add":{"component_groups":["wesl3y:strength.9"]}},"wesl3y:strength.10":{"add":{"component_groups":["wesl3y:strength.10"]}},"wesl3y:strength.11":{"add":{"component_groups":["wesl3y:strength.11"]}},"wesl3y:strength.12":{"add":{"component_groups":["wesl3y:strength.12"]}},"wesl3y:strength.13":{"add":{"component_groups":["wesl3y:strength.13"]}},"wesl3y:strength.14":{"add":{"component_groups":["wesl3y:strength.14"]}},"wesl3y:strength.15":{"add":{"component_groups":["wesl3y:strength.15"]}},"wesl3y:strength.16":{"add":{"component_groups":["wesl3y:strength.16"]}},"wesl3y:strength.17":{"add":{"component_groups":["wesl3y:strength.17"]}},"wesl3y:strength.18":{"add":{"component_groups":["wesl3y:strength.18"]}},"wesl3y:strength.19":{"add":{"component_groups":["wesl3y:strength.19"]}},"wesl3y:strength.20":{"add":{"component_groups":["wesl3y:strength.20"]}},"wesl3y:strength.21":{"add":{"component_groups":["wesl3y:strength.21"]}},"wesl3y:strength.22":{"add":{"component_groups":["wesl3y:strength.22"]}},"wesl3y:strength.23":{"add":{"component_groups":["wesl3y:strength.23"]}},"wesl3y:strength.24":{"add":{"component_groups":["wesl3y:strength.24"]}},"wesl3y:strength.25":{"add":{"component_groups":["wesl3y:strength.25"]}},"wesl3y:strength.26":{"add":{"component_groups":["wesl3y:strength.26"]}},"wesl3y:strength.27":{"add":{"component_groups":["wesl3y:strength.27"]}},"wesl3y:strength.28":{"add":{"component_groups":["wesl3y:strength.28"]}},"wesl3y:strength.29":{"add":{"component_groups":["wesl3y:strength.29"]}},"wesl3y:strength.30":{"add":{"component_groups":["wesl3y:strength.30"]}},"wesl3y:strength.31":{"add":{"component_groups":["wesl3y:strength.31"]}},"wesl3y:strength.32":{"add":{"component_groups":["wesl3y:strength.32"]}},"wesl3y:strength.33":{"add":{"component_groups":["wesl3y:strength.33"]}},"wesl3y:strength.34":{"add":{"component_groups":["wesl3y:strength.34"]}},"wesl3y:strength.35":{"add":{"component_groups":["wesl3y:strength.35"]}},"wesl3y:strength.36":{"add":{"component_groups":["wesl3y:strength.36"]}},"wesl3y:strength.37":{"add":{"component_groups":["wesl3y:strength.37"]}},"wesl3y:strength.38":{"add":{"component_groups":["wesl3y:strength.38"]}},"wesl3y:strength.39":{"add":{"component_groups":["wesl3y:strength.39"]}},"wesl3y:strength.40":{"add":{"component_groups":["wesl3y:strength.40"]}},"wesl3y:strength.41":{"add":{"component_groups":["wesl3y:strength.41"]}},"wesl3y:strength.42":{"add":{"component_groups":["wesl3y:strength.42"]}},"wesl3y:strength.43":{"add":{"component_groups":["wesl3y:strength.43"]}},"wesl3y:strength.44":{"add":{"component_groups":["wesl3y:strength.44"]}},"wesl3y:strength.45":{"add":{"component_groups":["wesl3y:strength.45"]}},"wesl3y:strength.46":{"add":{"component_groups":["wesl3y:strength.46"]}},"wesl3y:strength.47":{"add":{"component_groups":["wesl3y:strength.47"]}},"wesl3y:strength.48":{"add":{"component_groups":["wesl3y:strength.48"]}},"wesl3y:strength.49":{"add":{"component_groups":["wesl3y:strength.49"]}},"wesl3y:strength.50":{"add":{"component_groups":["wesl3y:strength.50"]}},"wesl3y:strength.51":{"add":{"component_groups":["wesl3y:strength.51"]}},"wesl3y:strength.52":{"add":{"component_groups":["wesl3y:strength.52"]}},"wesl3y:strength.53":{"add":{"component_groups":["wesl3y:strength.53"]}},"wesl3y:strength.54":{"add":{"component_groups":["wesl3y:strength.54"]}},"wesl3y:strength.55":{"add":{"component_groups":["wesl3y:strength.55"]}},"wesl3y:strength.56":{"add":{"component_groups":["wesl3y:strength.56"]}},"wesl3y:strength.57":{"add":{"component_groups":["wesl3y:strength.57"]}},"wesl3y:strength.58":{"add":{"component_groups":["wesl3y:strength.58"]}},"wesl3y:strength.59":{"add":{"component_groups":["wesl3y:strength.59"]}},"wesl3y:strength.60":{"add":{"component_groups":["wesl3y:strength.60"]}},"wesl3y:strength.61":{"add":{"component_groups":["wesl3y:strength.61"]}},"wesl3y:strength.62":{"add":{"component_groups":["wesl3y:strength.62"]}},"wesl3y:strength.63":{"add":{"component_groups":["wesl3y:strength.63"]}},"wesl3y:strength.64":{"add":{"component_groups":["wesl3y:strength.64"]}},"wesl3y:strength.65":{"add":{"component_groups":["wesl3y:strength.65"]}},"wesl3y:strength.66":{"add":{"component_groups":["wesl3y:strength.66"]}},"wesl3y:strength.67":{"add":{"component_groups":["wesl3y:strength.67"]}},"wesl3y:strength.68":{"add":{"component_groups":["wesl3y:strength.68"]}},"wesl3y:strength.69":{"add":{"component_groups":["wesl3y:strength.69"]}},"wesl3y:strength.70":{"add":{"component_groups":["wesl3y:strength.70"]}},"wesl3y:strength.71":{"add":{"component_groups":["wesl3y:strength.71"]}},"wesl3y:strength.72":{"add":{"component_groups":["wesl3y:strength.72"]}},"wesl3y:strength.73":{"add":{"component_groups":["wesl3y:strength.73"]}},"wesl3y:strength.74":{"add":{"component_groups":["wesl3y:strength.74"]}},"wesl3y:strength.75":{"add":{"component_groups":["wesl3y:strength.75"]}},"wesl3y:strength.76":{"add":{"component_groups":["wesl3y:strength.76"]}},"wesl3y:strength.77":{"add":{"component_groups":["wesl3y:strength.77"]}},"wesl3y:strength.78":{"add":{"component_groups":["wesl3y:strength.78"]}},"wesl3y:strength.79":{"add":{"component_groups":["wesl3y:strength.79"]}},"wesl3y:strength.80":{"add":{"component_groups":["wesl3y:strength.80"]}},"wesl3y:strength.81":{"add":{"component_groups":["wesl3y:strength.81"]}},"wesl3y:strength.82":{"add":{"component_groups":["wesl3y:strength.82"]}},"wesl3y:strength.83":{"add":{"component_groups":["wesl3y:strength.83"]}},"wesl3y:strength.84":{"add":{"component_groups":["wesl3y:strength.84"]}},"wesl3y:strength.85":{"add":{"component_groups":["wesl3y:strength.85"]}},"wesl3y:strength.86":{"add":{"component_groups":["wesl3y:strength.86"]}},"wesl3y:strength.87":{"add":{"component_groups":["wesl3y:strength.87"]}},"wesl3y:strength.88":{"add":{"component_groups":["wesl3y:strength.88"]}},"wesl3y:strength.89":{"add":{"component_groups":["wesl3y:strength.89"]}},"wesl3y:strength.90":{"add":{"component_groups":["wesl3y:strength.90"]}},"wesl3y:strength.91":{"add":{"component_groups":["wesl3y:strength.91"]}},"wesl3y:strength.92":{"add":{"component_groups":["wesl3y:strength.92"]}},"wesl3y:strength.93":{"add":{"component_groups":["wesl3y:strength.93"]}},"wesl3y:strength.94":{"add":{"component_groups":["wesl3y:strength.94"]}},"wesl3y:strength.95":{"add":{"component_groups":["wesl3y:strength.95"]}},"wesl3y:strength.96":{"add":{"component_groups":["wesl3y:strength.96"]}},"wesl3y:strength.97":{"add":{"component_groups":["wesl3y:strength.97"]}},"wesl3y:strength.98":{"add":{"component_groups":["wesl3y:strength.98"]}},"wesl3y:strength.99":{"add":{"component_groups":["wesl3y:strength.99"]}},"wesl3y:strength.100":{"add":{"component_groups":["wesl3y:strength.100"]}},"wesl3y:strength.101":{"add":{"component_groups":["wesl3y:strength.101"]}},"wesl3y:strength.102":{"add":{"component_groups":["wesl3y:strength.102"]}},"wesl3y:strength.103":{"add":{"component_groups":["wesl3y:strength.103"]}},"wesl3y:strength.104":{"add":{"component_groups":["wesl3y:strength.104"]}},"wesl3y:strength.105":{"add":{"component_groups":["wesl3y:strength.105"]}},"wesl3y:strength.106":{"add":{"component_groups":["wesl3y:strength.106"]}},"wesl3y:strength.107":{"add":{"component_groups":["wesl3y:strength.107"]}},"wesl3y:strength.108":{"add":{"component_groups":["wesl3y:strength.108"]}},"wesl3y:strength.109":{"add":{"component_groups":["wesl3y:strength.109"]}},"wesl3y:strength.110":{"add":{"component_groups":["wesl3y:strength.110"]}},"wesl3y:strength.111":{"add":{"component_groups":["wesl3y:strength.111"]}},"wesl3y:strength.112":{"add":{"component_groups":["wesl3y:strength.112"]}},"wesl3y:strength.113":{"add":{"component_groups":["wesl3y:strength.113"]}},"wesl3y:strength.114":{"add":{"component_groups":["wesl3y:strength.114"]}},"wesl3y:strength.115":{"add":{"component_groups":["wesl3y:strength.115"]}},"wesl3y:strength.116":{"add":{"component_groups":["wesl3y:strength.116"]}},"wesl3y:strength.117":{"add":{"component_groups":["wesl3y:strength.117"]}},"wesl3y:strength.118":{"add":{"component_groups":["wesl3y:strength.118"]}},"wesl3y:strength.119":{"add":{"component_groups":["wesl3y:strength.119"]}},"wesl3y:strength.120":{"add":{"component_groups":["wesl3y:strength.120"]}},"wesl3y:strength.121":{"add":{"component_groups":["wesl3y:strength.121"]}},"wesl3y:strength.122":{"add":{"component_groups":["wesl3y:strength.122"]}},"wesl3y:strength.123":{"add":{"component_groups":["wesl3y:strength.123"]}},"wesl3y:strength.124":{"add":{"component_groups":["wesl3y:strength.124"]}},"wesl3y:strength.125":{"add":{"component_groups":["wesl3y:strength.125"]}},"wesl3y:strength.126":{"add":{"component_groups":["wesl3y:strength.126"]}},"wesl3y:strength.127":{"add":{"component_groups":["wesl3y:strength.127"]}},"wesl3y:strength.128":{"add":{"component_groups":["wesl3y:strength.128"]}},"wesl3y:strength.129":{"add":{"component_groups":["wesl3y:strength.129"]}},"wesl3y:strength.130":{"add":{"component_groups":["wesl3y:strength.130"]}},"wesl3y:strength.131":{"add":{"component_groups":["wesl3y:strength.131"]}},"wesl3y:strength.132":{"add":{"component_groups":["wesl3y:strength.132"]}},"wesl3y:strength.133":{"add":{"component_groups":["wesl3y:strength.133"]}},"wesl3y:strength.134":{"add":{"component_groups":["wesl3y:strength.134"]}},"wesl3y:strength.135":{"add":{"component_groups":["wesl3y:strength.135"]}},"wesl3y:strength.136":{"add":{"component_groups":["wesl3y:strength.136"]}},"wesl3y:strength.137":{"add":{"component_groups":["wesl3y:strength.137"]}},"wesl3y:strength.138":{"add":{"component_groups":["wesl3y:strength.138"]}},"wesl3y:strength.139":{"add":{"component_groups":["wesl3y:strength.139"]}},"wesl3y:strength.140":{"add":{"component_groups":["wesl3y:strength.140"]}},"wesl3y:strength.141":{"add":{"component_groups":["wesl3y:strength.141"]}},"wesl3y:strength.142":{"add":{"component_groups":["wesl3y:strength.142"]}},"wesl3y:strength.143":{"add":{"component_groups":["wesl3y:strength.143"]}},"wesl3y:strength.144":{"add":{"component_groups":["wesl3y:strength.144"]}},"wesl3y:strength.145":{"add":{"component_groups":["wesl3y:strength.145"]}},"wesl3y:strength.146":{"add":{"component_groups":["wesl3y:strength.146"]}},"wesl3y:strength.147":{"add":{"component_groups":["wesl3y:strength.147"]}},"wesl3y:strength.148":{"add":{"component_groups":["wesl3y:strength.148"]}},"wesl3y:strength.149":{"add":{"component_groups":["wesl3y:strength.149"]}},"wesl3y:strength.150":{"add":{"component_groups":["wesl3y:strength.150"]}},"wesl3y:speed.1":{"add":{"component_groups":["wesl3y:speed.1"]}},"wesl3y:speed.2":{"add":{"component_groups":["wesl3y:speed.2"]}},"wesl3y:speed.3":{"add":{"component_groups":["wesl3y:speed.3"]}},"wesl3y:speed.4":{"add":{"component_groups":["wesl3y:speed.4"]}},"wesl3y:speed.5":{"add":{"component_groups":["wesl3y:speed.5"]}},"wesl3y:speed.6":{"add":{"component_groups":["wesl3y:speed.6"]}},"wesl3y:speed.7":{"add":{"component_groups":["wesl3y:speed.7"]}},"wesl3y:speed.8":{"add":{"component_groups":["wesl3y:speed.8"]}},"wesl3y:speed.9":{"add":{"component_groups":["wesl3y:speed.9"]}},"wesl3y:speed.10":{"add":{"component_groups":["wesl3y:speed.10"]}},"wesl3y:speed_jump.0":{"add":{"component_groups":["wesl3y:speed_jump.0"]}},"wesl3y:man":{"add":{"component_groups":["wesl3y:man"]},"remove":{"component_groups":["wesl3y:woman"]}},"wesl3y:woman":{"add":{"component_groups":["wesl3y:woman"]},"remove":{"component_groups":["wesl3y:man"]}},"wesl3y:haki_observation":{"add":{"component_groups":["wesl3y:haki_observation"]}},"wesl3y:haki_observation_advanced":{"add":{"component_groups":["wesl3y:haki_observation_advanced"]}},"wesl3y:remove_haki_observation":{"remove":{"component_groups":["wesl3y:haki_observation","wesl3y:haki_observation_advanced"]}},"wesl3y:human":{"add":{"component_groups":["wesl3y:human"]},"remove":{"component_groups":["wesl3y:dwarf","wesl3y:fishman","wesl3y:mink_dog","wesl3y:mink_rabbit","wesl3y:skypiea"]}},"wesl3y:dwarf":{"add":{"component_groups":["wesl3y:dwarf"]}},"wesl3y:fishman":{"add":{"component_groups":["wesl3y:fishman"]}},"wesl3y:mink_dog":{"add":{"component_groups":["wesl3y:mink_dog"]}},"wesl3y:mink_rabbit":{"add":{"component_groups":["wesl3y:mink_rabbit"]}},"wesl3y:skypiea":{"add":{"component_groups":["wesl3y:skypiea"]}},"wesl3y:base":{"add":{"component_groups":["wesl3y:base"]},"remove":{"component_groups":["wesl3y:tori_phoenix","wesl3y:tori_phoenix2","wesl3y:uo_dragon","wesl3y:uo_dragon2"]}},"wesl3y:particle":{"randomize":[{"filters":{"test":"is_family","subject":"other","operator":"not","value":"attack"},"run_command":{"command":["function fruit/logia"]}}]},"wesl3y:haki_obs":{"randomize":[{"run_command":{"command":["playanimation @s animation.haki_observation wesl3y"]}},{"run_command":{"command":["playanimation @s animation.haki_observation2 wesl3y"]}}]},"wesl3y:tags_fruit":{"run_command":{"command":["function player/tags_fruit"]}},"wesl3y:tags_style":{"run_command":{"command":["function player/tags_style"]}},"wesl3y:reset_fruit":{"add":{"component_groups":["wesl3y:no_fruit"]},"remove":{"component_groups":["wesl3y:fruit","wesl3y:bara_fruit","wesl3y:bomu_fruit","wesl3y:gomu_fruit","wesl3y:gura_fruit","wesl3y:hito_human_fruit","wesl3y:magu_fruit","wesl3y:suna_fruit","wesl3y:mera_fruit","wesl3y:tori_phoenix_fruit","wesl3y:uo_dragon_fruit"]}},"wesl3y:fruit":{"sequence":[{"filters":{"all_of":[{"test":"has_tag","operator":"==","value":"fruit"},{"test":"has_tag","operator":"==","value":"kairoseki"}]},"add":{"component_groups":["wesl3y:no_fruit"]},"remove":{"component_groups":["wesl3y:fruit","wesl3y:bara_fruit","wesl3y:bomu_fruit","wesl3y:gomu_fruit","wesl3y:gura_fruit","wesl3y:hito_human_fruit","wesl3y:magu_fruit","wesl3y:mera_fruit","wesl3y:suna_fruit","wesl3y:tori_phoenix_fruit","wesl3y:uo_dragon_fruit"]}},{"filters":{"all_of":[{"test":"has_tag","operator":"==","value":"bara_fruit"},{"test":"has_tag","operator":"!=","value":"kairoseki"}]},"add":{"component_groups":["wesl3y:bara_fruit"]},"remove":{"component_groups":["wesl3y:no_fruit"]}},{"filters":{"all_of":[{"test":"has_tag","operator":"==","value":"bomu_fruit"},{"test":"has_tag","operator":"!=","value":"kairoseki"}]},"add":{"component_groups":["wesl3y:bomu_fruit"]},"remove":{"component_groups":["wesl3y:no_fruit"]}},{"filters":{"all_of":[{"test":"has_tag","operator":"==","value":"gomu_fruit"},{"test":"has_tag","operator":"!=","value":"kairoseki"}]},"add":{"component_groups":["wesl3y:gomu_fruit"]},"remove":{"component_groups":["wesl3y:no_fruit"]}},{"filters":{"all_of":[{"test":"has_tag","operator":"==","value":"gura_fruit"},{"test":"has_tag","operator":"!=","value":"kairoseki"}]},"add":{"component_groups":["wesl3y:gura_fruit"]},"remove":{"component_groups":["wesl3y:no_fruit"]}},{"filters":{"all_of":[{"test":"has_tag","operator":"==","value":"hana_fruit"},{"test":"has_tag","operator":"!=","value":"kairoseki"}]},"add":{"component_groups":["wesl3y:fruit"]},"remove":{"component_groups":["wesl3y:no_fruit"]}},{"filters":{"all_of":[{"test":"has_tag","operator":"==","value":"hito_human_fruit"},{"test":"has_tag","operator":"!=","value":"kairoseki"}]},"add":{"component_groups":["wesl3y:hito_human_fruit"]},"remove":{"component_groups":["wesl3y:no_fruit"]}},{"filters":{"all_of":[{"test":"has_tag","operator":"==","value":"kilo_fruit"},{"test":"has_tag","operator":"!=","value":"kairoseki"}]},"add":{"component_groups":["wesl3y:fruit"]},"remove":{"component_groups":["wesl3y:no_fruit"]}},{"filters":{"all_of":[{"test":"has_tag","operator":"==","value":"magu_fruit"},{"test":"has_tag","operator":"!=","value":"kairoseki"}]},"add":{"component_groups":["wesl3y:magu_fruit"]},"remove":{"component_groups":["wesl3y:no_fruit"]}},{"filters":{"all_of":[{"test":"has_tag","operator":"==","value":"mera_fruit"},{"test":"has_tag","operator":"!=","value":"kairoseki"}]},"add":{"component_groups":["wesl3y:mera_fruit"]},"remove":{"component_groups":["wesl3y:no_fruit"]}},{"filters":{"all_of":[{"test":"has_tag","operator":"==","value":"suna_fruit"},{"test":"has_tag","operator":"!=","value":"kairoseki"}]},"add":{"component_groups":["wesl3y:suna_fruit"]},"remove":{"component_groups":["wesl3y:no_fruit"]}},{"filters":{"all_of":[{"test":"has_tag","operator":"==","value":"mogu_mole_fruit"},{"test":"has_tag","operator":"!=","value":"kairoseki"}]},"add":{"component_groups":["wesl3y:fruit"]},"remove":{"component_groups":["wesl3y:no_fruit"]}},{"filters":{"all_of":[{"test":"has_tag","operator":"==","value":"tori_phoenix_fruit"},{"test":"has_tag","operator":"!=","value":"kairoseki"}]},"add":{"component_groups":["wesl3y:tori_phoenix_fruit"]},"remove":{"component_groups":["wesl3y:no_fruit"]}},{"filters":{"all_of":[{"test":"has_tag","operator":"==","value":"uo_dragon_fruit"},{"test":"has_tag","operator":"!=","value":"kairoseki"}]},"add":{"component_groups":["wesl3y:uo_dragon_fruit"]},"remove":{"component_groups":["wesl3y:no_fruit"]}}]},"wesl3y:bara_damage":{"run_command":{"command":["playanimation @s animation.bara.damage wesl3y"]}},"wesl3y:bomu":{"add":{"component_groups":["wesl3y:bomu"]}},"wesl3y:gomu":{"add":{"component_groups":["wesl3y:gomu"]}},"wesl3y:gomu2":{"add":{"component_groups":["wesl3y:gomu2"]}},"wesl3y:gura":{"add":{"component_groups":["wesl3y:gura"]}},"wesl3y:gura2":{"add":{"component_groups":["wesl3y:gura2"]}},"wesl3y:magu":{"add":{"component_groups":["wesl3y:magu"]}},"wesl3y:magu2":{"add":{"component_groups":["wesl3y:magu2"]}},"wesl3y:mera":{"add":{"component_groups":["wesl3y:mera"]}},"wesl3y:mera2":{"add":{"component_groups":["wesl3y:mera2"]}},"wesl3y:suna":{"add":{"component_groups":["wesl3y:suna"]}},"wesl3y:suna2":{"add":{"component_groups":["wesl3y:suna2"]}},"wesl3y:tori_phoenix":{"add":{"component_groups":["wesl3y:tori_phoenix"]}},"wesl3y:tori_phoenix2":{"add":{"component_groups":["wesl3y:tori_phoenix2"]}},"wesl3y:tori_phoenix_skill2":{"add":{"component_groups":["wesl3y:tori_phoenix_skill2"]}},"wesl3y:uo_dragon":{"add":{"component_groups":["wesl3y:uo_dragon"]}},"wesl3y:uo_dragon2":{"add":{"component_groups":["wesl3y:uo_dragon2"]}},"wesl3y:uo_dragon_skill":{"add":{"component_groups":["wesl3y:uo_dragon_skill"]}},"wesl3y:shooter_kuja1":{"add":{"component_groups":["wesl3y:shooter_kuja1"]}},"wesl3y:shooter_kuja1_haki":{"add":{"component_groups":["wesl3y:shooter_kuja1_haki"]}},"wesl3y:shooter_kuja2":{"add":{"component_groups":["wesl3y:shooter_kuja2"]}},"wesl3y:shooter_kuja2_haki":{"add":{"component_groups":["wesl3y:shooter_kuja2_haki"]}},"wesl3y:shooter_ussop1":{"add":{"component_groups":["wesl3y:shooter_ussop1"]}},"wesl3y:shooter_ussop1_haki":{"add":{"component_groups":["wesl3y:shooter_ussop1_haki"]}},"wesl3y:shooter_ussop2":{"add":{"component_groups":["wesl3y:shooter_ussop2"]}},"wesl3y:shooter_ussop2_haki":{"add":{"component_groups":["wesl3y:shooter_ussop2_haki"]}},"wesl3y:shooter_ussop3":{"add":{"component_groups":["wesl3y:shooter_ussop3"]}},"wesl3y:shooter_ussop3_haki":{"add":{"component_groups":["wesl3y:shooter_ussop3_haki"]}},"wesl3y:shooter_ussop4":{"add":{"component_groups":["wesl3y:shooter_ussop4"]}},"wesl3y:shooter_ussop4_haki":{"add":{"component_groups":["wesl3y:shooter_ussop4_haki"]}},"wesl3y:style_zoro":{"add":{"component_groups":["wesl3y:style_zoro"]}},"wesl3y:style_zoro2":{"add":{"component_groups":["wesl3y:style_zoro2"]}},"minecraft:gain_bad_omen":{"add":{"component_groups":["minecraft:add_bad_omen"]}},"minecraft:clear_add_bad_omen":{"remove":{"component_groups":["minecraft:add_bad_omen"]},"add":{"component_groups":["minecraft:clear_bad_omen_spell_effect"]}},"minecraft:trigger_raid":{"add":{"component_groups":["minecraft:raid_trigger"]}},"minecraft:remove_raid_trigger":{"remove":{"component_groups":["minecraft:raid_trigger"]}}}}}