{
  "pools": [
    {
      "rolls": {
        "min": 2,
        "max": 4
      },

      "entries": [
        {
          "type": "item",
          "name": "minecraft:paper",
          "weight": 15
        },
        {
          "type": "item",
          "name": "minecraft:poisonous_potato",
          "weight": 10
        },
        {
          "type": "item",
          "name": "minecraft:bread",
          "weight": 3
        },
        {
          "type": "item",
          "name": "random:almond_water",
          "weight": 1
        },
        {
          "type": "item",
          "name": "minecraft:rotten_flesh",
          "weight": 20
        }
      ]
    }
  ]
}
