{
	"format_version": "1.8.0",
	"animations": {
		"animation.gomu1.attack2": {
			"loop": "hold_on_last_frame",
			"animation_length": 0.6,
			"override_previous_animation": true,
			"bones": {
				"body": {
					"rotation": [0, "180 * variable.is_first_person", 0]
				},
				"tudo": {
					"rotation": [0, 25, 0],
					"position": [0, -1, 0]
				},
				"waist": {
					"rotation": {
						"0.0": [0, 0, 0],
						"0.1": [0, 0, 0],
						"0.25": [0, -40, 0]
					}
				},
				"rightA": {
					"rotation": ["variable.is_third_person * query.target_x_rotation", "variable.is_third_person * query.target_y_rotation", 0]
				},
				"rightArm": {
					"rotation": {
						"0.0": [40, 12.5, 81],
						"0.1": [75, 12.5, 81],
						"0.25": [-75, 0, 90],
						"0.5": [-75, 0, 90],
						"0.6": [40, 12.5, 81]
					},
					"position": {
						"0.0": [1, 0, 1],
						"0.24": [1, 0, 1],
						"0.25": [-11, 0, -42],
						"0.4": [-11, 0, -42],
						"0.5": [0, 0, 1]
					},
					"scale": {
						"0.24": [1, 1, 1],
						"0.25": [1, 22, 1],
						"0.4": [1, 22, 1],
						"0.5": [1, 1, 1]
					}
				},
				"rightArm2": {
					"rotation": {
						"0.0": [-45, 0, 0],
						"0.1": [-45, 0, 0],
						"0.25": [0, 0, 0]
					}
				},
				"leftArm": {
					"rotation": {
						"0.0": [-60.63119, 1.8461, -80.36041],
						"0.25": [6.86881, 1.8461, -80.36041]
					}
				},
				"leftArm2": {
					"rotation": [-22.5, 0, 0]
				},
				"rightleg": {
					"rotation": [-17.7653, 13.08457, 7.39292],
					"position": {
						"0.0": [0, 0, 0],
						"0.1": [0, 0, 0],
						"0.25": [0.5, 0, -1]
					}
				},
				"rightLeg2": {
					"rotation": [20, 0, 0],
					"position": [0, 0, 0]
				},
				"leftLeg": {
					"rotation": [-9.88063, -28.03964, -5.61834],
					"position": {
						"0.0": [0, 0, 0],
						"0.1": [0, 0, 0],
						"0.25": [0, 0, 1]
					}
				},
				"leftLeg2": {
					"rotation": [10, 0, 0]
				}
			}
		},
		"animation.gomu2.attack2": {
			"loop": "hold_on_last_frame",
			"animation_length": 0.6,
			"override_previous_animation": true,
			"bones": {
				"waist": {
					"rotation": {
						"0.0": [15, 0, 0],
						"0.25": [-9.96271, 0.86717, 4.92442],
						"0.5": [-9.96271, 0.86717, 4.92442],
						"0.6": [0, 0, 0]
					}
				},
				"rightleg": {
					"rotation": {
						"0.0": [65, 0, 0],
						"0.25": [-90, 0, 0],
						"0.5": [-90, 0, 0],
						"0.6": [0, 0, 0]
					},
					"scale": {
						"0.24": [1, 1, 1],
						"0.25": [1, 20, 1],
						"0.5": [1, 1, 1]
					}
				},
				"rightLeg2": {
					"rotation": {
						"0.0": [25, 0, 0],
						"0.1": [0, 0, 0]
					}
				},
				"rightArm": {
					"rotation": {
						"0.0": [-57.26221, -5.3858, 15.86494],
						"0.1": [4.9574, -0.6518, 7.4718]
					}
				},
				"rightArm2": {
					"rotation": {
						"0.0": [-30, 0, 0],
						"0.1": [-17.5, 0, 0]
					}
				},
				"leftArm": {
					"rotation": {
						"0.0": [60, 0, 0],
						"0.1": [4.95744, 0.65182, -7.47178]
					}
				},
				"leftArm2": {
					"rotation": {
						"0.0": [-17.5, 0, 0],
						"0.1": [-17.5, 0, 0]
					}
				}
			}
		},
		"animation.gomu3.attack": {
			"loop": "hold_on_last_frame",
			"animation_length": 99999,
			"override_previous_animation": true,
			"bones": {
				"root": {
					"position": [0, 0, "2 * variable.is_third_person"]
				},
				"body": {
					"rotation": [0, "180 * variable.is_first_person", 0]
				},
				"waist": {
					"rotation": {
						"0.0": [15, 0, 0],
						"0.15": [15, 0, 0],
						"0.3": [-15, 0, 0]
					}
				},
				"rightArm": {
					"rotation": {
						"0.0": [-22.5, 0, 0],
						"0.15": [40, 0, 0],
						"0.3": [-95, 0, 0]
					},
					"position": {
						"0.3": [0, 0, 0],
						"0.35": [0, 2, -19]
					},
					"scale": {
						"0.3": [1, 1, 1],
						"0.35": [1, 10, 1]
					}
				},
				"rightArm2": {
					"rotation": {
						"0.0": [-22.5, 0, 0],
						"0.15": [-22.5, 0, 0],
						"0.3": [0, 0, 0]
					}
				},
				"leftArm": {
					"rotation": {
						"0.0": [-22.5, 0, 0],
						"0.16": [40, 0, 0],
						"0.3": [-95, 0, 0]
					},
					"position": {
						"0.3": [0, 0, 0],
						"0.35": [0, 2, -19]
					},
					"scale": {
						"0.3": [1, 1, 1],
						"0.35": [1, 10, 1]
					}
				},
				"leftArm2": {
					"rotation": {
						"0.0": [-22.5, 0, 0],
						"0.15": [-22.5, 0, 0],
						"0.3": [0, 0, 0]
					}
				},
				"rightleg": {
					"rotation": [-14.89638, 1.61888, 7.32417]
				},
				"rightLeg2": {
					"rotation": [12.5, 0, 0]
				},
				"leftLeg": {
					"rotation": [-15, 0, -7.5]
				},
				"leftLeg2": {
					"rotation": [12.5, 0, 0]
				}
			}
		},
		"animation.gomu3.attack2": {
			"loop": "hold_on_last_frame",
			"animation_length": 0.75,
			"override_previous_animation": true,
			"bones": {
				"root": {
					"position": {
						"0.0": [0, -1, 2],
						"0.3": [0, -0.7, 0.8],
						"0.5": [0, -0.7, -4.2]
					}
				},
				"waist": {
					"rotation": {
						"0.0": [-15, 0, 0],
						"0.2": [-2.5, 0, 0],
						"0.4": [-15, 0, 0]
					}
				},
				"body": {
					"rotation": [0, "180 * variable.is_first_person", 0]
				},
				"rightArm": {
					"rotation": {
						"0.0": [-95, 0, 0],
						"0.2": [-95, 0, 0],
						"0.3": [-95, 0, 0]
					},
					"position": {
						"0.0": [0, 2, -19],
						"0.2": [0, -1, 18],
						"0.3": [0, 0, 0]
					},
					"scale": {
						"0.0": [1, 10, 1],
						"0.2": [1, -10, 1],
						"0.3": [1, -1, 1]
					}
				},
				"rightArm2": {
					"rotation": [0, 0, 0]
				},
				"leftArm": {
					"rotation": {
						"0.0": [-95, 0, 0],
						"0.2": [-95, 0, 0],
						"0.3": [-95, 0, 0]
					},
					"position": {
						"0.0": [0, 2, -19],
						"0.2": [0, -1, 18],
						"0.3": [0, 0, 0]
					},
					"scale": {
						"0.0": [1, 10, 1],
						"0.2": [1, -10, 1],
						"0.3": [1, -1, 1]
					}
				},
				"leftArm2": {
					"rotation": [0, 0, 0]
				},
				"rightleg": {
					"rotation": {
						"0.0": [-14.89638, 1.61888, 7.32417],
						"0.2": [0, 0, 0]
					}
				},
				"rightLeg2": {
					"rotation": [12.5, 0, 0]
				},
				"leftleg": {
					"rotation": {
						"0.0": [-15, 0, -7.5],
						"0.2": [0, 0, 0]
					}
				},
				"leftLeg2": {
					"rotation": [12.5, 0, 0]
				},
				"tudo": {
					"rotation": [0, 0, 0],
					"position": [0, 0, 0]
				},
				"rightA": {
					"rotation": [-12.5, 0, 0]
				},
				"leftA": {
					"rotation": [-12.5, 0, 0]
				}
			}
		},
		"animation.gomu4.attack": {
			"loop": "hold_on_last_frame",
			"animation_length": 99999,
			"override_previous_animation": true,
			"bones": {
				"tudo": {
					"position": [0, -1, 0]
				},
				"waist": {
					"rotation": {
						"0.1": [22.5, 0, 0],
						"0.2": [-7.5, 0, 0]
					}
				},
				"rightArm": {
					"rotation": [-10, 0, 0],
					"position": [0, 0, 0]
				},
				"rightArm2": {
					"rotation": [-22.5, 0, 0]
				},
				"leftArm": {
					"rotation": [-10, 0, 0],
					"position": [0, 0, 0]
				},
				"leftArm2": {
					"rotation": [-22.5, 0, 0]
				},
				"rightleg": {
					"rotation": [-22.90956, 16.30967, 6.72529]
				},
				"rightLeg2": {
					"rotation": [22.5, 0, 0]
				},
				"leftLeg": {
					"rotation": [-22.90956, -16.30967, -6.72529]
				},
				"leftLeg2": {
					"rotation": [22.5, 0, 0]
				},
				"head": {
					"rotation": {
						"0.0": [0, 0, 0],
						"0.1": [22.5, 0, 0],
						"0.2": [0, 0, 0],
						"0.3": [-70, 0, 0],
						"0.4": [-70, 0, 0]
					},
					"position": {
						"0.1": [0, 0, 0],
						"0.2": [0, 0, 0],
						"0.3": [0, 0, 0],
						"0.4": [0, 27, 213]
					}
				},
				"neck": {
					"rotation": {
						"0.1": [0, 0, 0],
						"0.2": [0, 0, 0],
						"0.3": [-82.5, 0, 0],
						"0.4": [-82.5, 0, 0]
					},
					"position": {
						"0.2": [0, 0, 0],
						"0.3": [0, 0, -1],
						"0.4": [0, 0, 1]
					},
					"scale": {
						"0.2": [1, 1, 1],
						"0.3": [1, 1, 1],
						"0.4": [1, 70, 1]
					}
				}
			}
		},
		"animation.gomu4.attack2": {
			"loop": "hold_on_last_frame",
			"animation_length": 0.6,
			"override_previous_animation": true,
			"bones": {
				"tudo": {
					"position": [0, -1, 0]
				},
				"waist": {
					"rotation": {
						"0.1": [-7.5, 0, 0],
						"0.3": [22.5, 0, 0]
					}
				},
				"rightArm": {
					"rotation": [-10, 0, 0],
					"position": [0, 0, 0]
				},
				"rightArm2": {
					"rotation": [-22.5, 0, 0]
				},
				"leftArm": {
					"rotation": [-10, 0, 0],
					"position": [0, 0, 0]
				},
				"leftArm2": {
					"rotation": [-22.5, 0, 0]
				},
				"rightleg": {
					"rotation": [-22.90956, 16.30967, 6.72529]
				},
				"rightLeg2": {
					"rotation": [22.5, 0, 0]
				},
				"leftLeg": {
					"rotation": [-22.90956, -16.30967, -6.72529]
				},
				"leftLeg2": {
					"rotation": [22.5, 0, 0]
				},
				"head": {
					"rotation": {
						"0.0": [-70, 0, 0],
						"0.2": [-70, 0, 0],
						"0.3": [15, 0, 0]
					},
					"position": {
						"0.0": [0, 27, 213],
						"0.2": [0, 0, 0]
					}
				},
				"neck": {
					"rotation": {
						"0.0": [-82.5, 0, 0],
						"0.2": [-82.5, 0, 0],
						"0.3": [0, 0, 0]
					},
					"position": {
						"0.0": [0, 0, 1],
						"0.2": [0, 0, -1],
						"0.3": [0, 0, 0]
					},
					"scale": {
						"0.0": [1, 70, 1],
						"0.2": [1, 1, 1]
					}
				}
			}
		},
		"animation.gomu5.attack": {
			"loop": "hold_on_last_frame",
			"animation_length": 99999,
			"override_previous_animation": true,
			"bones": {
				"tudo": {
					"position": [0, -1, 0]
				},
				"body": {
					"rotation": [0, "180 * variable.is_first_person", 0]
				},
				"waist": {
					"rotation": {
						"0.0": [22.5, 0, 0],
						"0.2": [-7.5, 0, 0],
						"0.3": [22.5, 0, 0]
					}
				},
				"rightArm": {
					"rotation": {
						"0.0": [-22.5, 0, 0],
						"0.2": [-157.5, 0, 0],
						"0.3": [-90, 0, 0],
						"0.35": [-112.5, 0, 0]
					},
					"position": {
						"0.0": [0, 0, 0],
						"0.3": [0, 0, 0],
						"0.35": [0, 0, 0],
						"0.4": [0, -15.5, 37]
					},
					"scale": {
						"0.3": [1, 1, 1],
						"0.35": [1, 1, 1],
						"0.4": [1, -20, 1]
					}
				},
				"rightArm2": {
					"rotation": {
						"0.0": [-22.5, 0, 0],
						"0.2": [-22.5, 0, 0],
						"0.3": [0, 0, 0]
					}
				},
				"leftArm": {
					"rotation": {
						"0.0": [-22.5, 0, 0],
						"0.2": [-157.5, 0, 0],
						"0.3": [-90, 0, 0],
						"0.35": [-112.5, 0, 0]
					},
					"position": {
						"0.0": [0, 0, 0],
						"0.3": [0, 0, 0],
						"0.35": [0, 0, 0],
						"0.4": [0, -15.5, 37]
					},
					"scale": {
						"0.3": [1, 1, 1],
						"0.35": [1, 1, 1],
						"0.4": [1, -20, 1]
					}
				},
				"leftArm2": {
					"rotation": {
						"0.0": [-22.5, 0, 0],
						"0.2": [-22.5, 0, 0],
						"0.3": [0, 0, 0]
					}
				},
				"rightleg": {
					"rotation": [-22.90956, 16.30967, 6.72529]
				},
				"rightLeg2": {
					"rotation": [22.5, 0, 0]
				},
				"leftLeg": {
					"rotation": [-22.90956, -16.30967, -6.72529]
				},
				"leftLeg2": {
					"rotation": [22.5, 0, 0]
				}
			}
		},
		"animation.gomu5.attack2": {
			"loop": "hold_on_last_frame",
			"animation_length": 0.6,
			"override_previous_animation": true,
			"bones": {
				"tudo": {
					"position": [0, -1, 0]
				},
				"body": {
					"rotation": ["90 * variable.is_first_person", "180 * variable.is_first_person", 0]
				},
				"waist": {
					"rotation": {
						"0.0": ["22.5 * variable.is_third_person", 0, 0],
						"0.1": ["22.5 * variable.is_third_person", 0, 0],
						"0.3": ["22.5 * variable.is_third_person", 0, 0],
						"0.4": ["-7.5 * variable.is_third_person", 0, 0]
					}
				},
				"rightA": {
					"rotation": {
					    "0.0": [0, 0, 0],
					    "0.1": ["variable.is_third_person * query.target_x_rotation", "variable.is_third_person * query.target_y_rotation", 0],
					    "0.2": ["variable.is_third_person * query.target_x_rotation", "variable.is_third_person * query.target_y_rotation", 0],
					    "0.3": [0, 0, 0]
					}
				},
				"rightArm": {
					"rotation": {
						"0.0": ["-112.5 * variable.is_third_person", 0, 0],
						"0.3": ["-112.5 * variable.is_third_person", 0, 0],
						"0.4": ["-90  * variable.is_third_person", "120 * variable.is_third_person", 0]
					},
					"position": {
						"0.0": [0, "-15.5 * variable.is_third_person", "37 * variable.is_third_person"],
						"0.1": [0, "15.5 * variable.is_third_person", "-37 * variable.is_third_person"],
						"0.3": [0, 0, 0]
					},
					"scale": {
						"0.0": [1, -20, 1],
						"0.1": [1, 20, 1],
						"0.2": [1, 20, 1],
						"0.3": [1, 1, 1]
					}
				},
				"rightArm2": {
					"rotation": [0, 0, 0]
				},
				"leftA": {
					"rotation": {
					    "0.0": [0, 0, 0],
					    "0.1": ["variable.is_third_person * query.target_x_rotation", "variable.is_third_person * query.target_y_rotation", 0],
					    "0.2": ["variable.is_third_person * query.target_x_rotation", "variable.is_third_person * query.target_y_rotation", 0],
					    "0.3": [0, 0, 0]
					}
				},
				"leftArm": {
					"rotation": {
						"0.0": ["-112.5 * variable.is_third_person", 0, 0],
						"0.3": ["-112.5 * variable.is_third_person", 0, 0],
						"0.4": ["-90 * variable.is_third_person", "-120 * variable.is_third_person", 0]
					},
					"position": {
						"0.0": [0, "-15.5 * variable.is_third_person", "37 * variable.is_third_person"],
						"0.1": [0, "15.5 * variable.is_third_person", "-37 * variable.is_third_person"],
						"0.3": [0, 0, 0]
					},
					"scale": {
						"0.0": [1, -20, 1],
						"0.1": [1, 20, 1],
						"0.2": [1, 20, 1],
						"0.3": [1, 1, 1]
					}
				},
				"leftArm2": {
					"rotation": [0, 0, 0]
				},
				"rightleg": {
					"rotation": [-22.90956, 16.30967, 6.72529]
				},
				"rightLeg2": {
					"rotation": [22.5, 0, 0]
				},
				"leftLeg": {
					"rotation": [-22.90956, -16.30967, -6.72529]
				},
				"leftLeg2": {
					"rotation": [22.5, 0, 0]
				},
				"root": {
					"position": {
						"0.1": [0, 0, 0],
						"0.3": [0, 0, "2 * variable.is_third_person"]
					}
				}
			}
		},
		"animation.gomu6.attack2": {
			"loop": true,
			"animation_length": 0.44,
			"override_previous_animation": true,
			"bones": {
				"root": {
					"rotation": [0, "variable.is_third_person * query.target_y_rotation", 0]
				},
				"rightA": {
					"rotation": ["variable.is_third_person * query.target_x_rotation", 0, 0],
					"position": {
						"0.0": [0, 0, 0],
						"0.05": [0, "6.13 * variable.is_third_person", "-6-10 * variable.is_third_person"],
						"0.44": [0, "8.13 * variable.is_third_person", "-6-10 * variable.is_third_person"]
					}
				},
				"rightArm": {
					"rotation": {
						"0.0": [-125, 0, 0],
						"0.05": [-117.5, 0, 0]
					},
					"position": {
						"0.0": [0, 1, -1],
						"0.01": [0, -10, -1],
						"0.02": [-2, -14, -2],
						"0.03": [0, -10, -1],
						"0.04": [1, -10, -1],
						"0.05": [1, -10, -1],
						"0.06": [-1, -14, 1],
						"0.07": [11, -12, 2],
						"0.08": [-1, -10, -1],
						"0.09": [-3, -8, -8],
						"0.1": [-1, -14, 4],
						"0.11": [1, -12, -6],
						"0.12": [1, -10, 2],
						"0.13": [0, -10, -1],
						"0.14": [1, -15, -3],
						"0.15": [-4, -11, 0],
						"0.16": [-2, -12, -4],
						"0.17": [14, -16, -4],
						"0.18": [-2, -5, -6],
						"0.19": [15, -10, -4],
						"0.2": [-1, -18, -3],
						"0.21": [0, -11, -10],
						"0.22": [12, -17, 1],
						"0.23": [12, -8, -1],
						"0.24": [1, -11, -3],
						"0.25": [-1, -7, -10],
						"0.26": [-2, -11, -3],
						"0.27": [-1, -14, -1],
						"0.28": [14, -12, -3],
						"0.29": [3, -7, -5],
						"0.3": [13.5, -11, 0],
						"0.31": [10, -4, -9],
						"0.32": [11, -12, -3],
						"0.33": [-1, -10, -4],
						"0.34": [9, -8, -3],
						"0.35": [-3, -10, 2],
						"0.36": [-2, -8, -3],
						"0.37": [-2, -14, -2.33],
						"0.38": [1, -11.5, -3.16],
						"0.39": [13, -15, -1]
					},
					"scale": {
						"0.0": [1, 1, 1],
						"0.01": [1, 1.1, 1],
						"0.02": [1, 1.4, 1],
						"0.03": [1, 0.9, 1],
						"0.04": [1, 1.7, 1],
						"0.05": [1, 2.8, 1],
						"0.06": [1, 1.4, 1],
						"0.07": [1, 4.6, 1],
						"0.08": [1, 1.9, 1],
						"0.09": [1, 1, 1],
						"0.1": [1, 1, 1],
						"0.11": [1, 1.1, 1],
						"0.12": [1, 1.4, 1],
						"0.13": [1, 0.9, 1],
						"0.14": [1, 1.7, 1],
						"0.15": [1, 2.8, 1],
						"0.16": [1, 1.4, 1],
						"0.17": [1, 4.6, 1],
						"0.18": [1, 1.9, 1],
						"0.19": [1, 1.7, 1],
						"0.2": [1, 1, 1],
						"0.21": [1, 1.1, 1],
						"0.22": [1, 1.4, 1],
						"0.23": [1, 1.9, 1],
						"0.24": [1, 1.7, 1],
						"0.25": [1, 2.8, 1],
						"0.26": [1, 1.4, 1],
						"0.27": [1, 3.4, 1],
						"0.28": [1, 1.9, 1],
						"0.29": [1, 1, 1],
						"0.3": [1, 1.1, 1],
						"0.31": [1, 1.4, 1],
						"0.32": [1, 1.9, 1],
						"0.33": [1, 1.7, 1],
						"0.34": [1, 2.8, 1],
						"0.35": [1, 1.4, 1],
						"0.36": [1, 4.6, 1],
						"0.37": [1, 1.9, 1],
						"0.38": [1, 1.5, 1],
						"0.39": [1, 1.7, 1]
					}
				},
				"leftArm": {
					"rotation": {
						"0.0": [-125, 0, 0],
						"0.05": [-132.5, 0, 0]
					},
					"position": {
						"0.01": [0, 1, -1],
						"0.02": [5, 8, -9],
						"0.03": [-1, 10, -5],
						"0.04": [-12, 6, -14],
						"0.05": [2, 4, -12],
						"0.06": [3, 8, -6],
						"0.07": [-14, -1, -15],
						"0.08": [2, 10, -5],
						"0.09": [4, 5, -18],
						"0.1": [2, 10, -24],
						"0.11": [-1, 10, -8],
						"0.12": [-1, -1, -13],
						"0.13": [2, 9, -11],
						"0.14": [1, 8, -23],
						"0.15": [2, 5, -12],
						"0.16": [0, 10, -10],
						"0.17": [-14, 4, -11],
						"0.18": [2, 5, -14],
						"0.19": [-12, 5, -15],
						"0.2": [-1, 10, -10],
						"0.21": [-1, 6, -16],
						"0.22": [-15, 9, -11],
						"0.23": [-12, 18, -17],
						"0.24": [-5, 11, -11],
						"0.25": [2, 10, -8],
						"0.26": [1, 6, -16],
						"0.27": [0, 5, -5],
						"0.28": [-13, 7, -13],
						"0.29": [6, 4, -6],
						"0.3": [-14, 3, -10],
						"0.31": [-16, 2, -16],
						"0.32": [-15, 6, -13],
						"0.33": [3, 4, -14],
						"0.34": [-11, 6, -13],
						"0.35": [3, 6, -10],
						"0.36": [3, 3, -11],
						"0.37": [4, 8, -13],
						"0.38": [1, 11, -14],
						"0.39": [-13, 6, -14]
					},
					"scale": {
						"0.0": [1, 1, 1],
						"0.01": [1, 1.1, 1],
						"0.02": [1, 1.6, 1],
						"0.03": [1, 1.6, 1],
						"0.04": [1, 1.1, 1],
						"0.05": [1, 2.1, 1],
						"0.06": [1, 1.2, 1],
						"0.07": [1, 4, 1],
						"0.08": [1, 1, 1],
						"0.09": [1, 3.5, 1],
						"0.1": [1, 1, 1],
						"0.11": [1, 1.1, 1],
						"0.12": [1, 1.6, 1],
						"0.13": [1, 1.6, 1],
						"0.14": [1, 1.1, 1],
						"0.15": [1, 3.6, 1],
						"0.16": [1, 1.2, 1],
						"0.17": [1, 3.6, 1],
						"0.18": [1, 1, 1],
						"0.19": [1, 3.5, 1],
						"0.2": [1, 1, 1],
						"0.21": [1, 1.6, 1],
						"0.22": [1, 1.6, 1],
						"0.23": [1, 2.1, 1],
						"0.24": [1, 4.2, 1],
						"0.25": [1, 1.2, 1],
						"0.26": [1, 2.4, 1],
						"0.27": [1, 1, 1],
						"0.28": [1, 3.5, 1],
						"0.29": [1, 1, 1],
						"0.3": [1, 1.1, 1],
						"0.31": [1, 1.6, 1],
						"0.32": [1, 1.6, 1],
						"0.33": [1, 2.1, 1],
						"0.34": [1, 2.6, 1],
						"0.35": [1, 1.2, 1],
						"0.36": [1, 4, 1],
						"0.37": [1, 1, 1],
						"0.38": [1, 3.5, 1]
					}
				},
				"body": {
					"rotation": {
						"0.0": ["35 * variable.is_third_person", "300 * variable.is_first_person", 0],
						"0.11": ["35 * variable.is_third_person", "(300 * variable.is_first_person) * (5 * variable.is_third_person)", 5],
						"0.2": ["35 * variable.is_third_person", "300 * variable.is_first_person", 0],
						"0.31": ["35 * variable.is_third_person", "(300 * variable.is_first_person) * (-5 * variable.is_third_person)", -5],
						"0.44": ["35 * variable.is_third_person", "300 * variable.is_first_person", 0]
					},
					"position": [0, "(-4.7 * variable.is_third_person * ((query.owner_identifier) != 'minecraft:player'))", "-5.9 * variable.is_third_person"]
				},
				"rightleg": {
					"rotation": [30, 0, 0],
					"position": [0, -1.9, 1]
				},
				"rightLeg2": {
					"rotation": [-2.5, 0, 0]
				},
				"leftLeg": {
					"rotation": [-30, 0, 0],
					"position": [0, -2, 0]
				},
				"leftLeg2": {
					"rotation": [22.5, 0, 0]
				},
				"rightArm2": {
					"position": {
						"0.0": [0, 0, 0],
						"0.02": [-4, -2.8, 1.2],
						"0.03": [-4.33, -10.2, -5.2],
						"0.05": [-5, -5, -2],
						"0.07": [7.06, 0.43, -7],
						"0.1": [-4.86, -12.43, -4],
						"0.12": [-4, 0, 9],
						"0.13": [-5.24, -1, 7.21],
						"0.14": [-6.49, 0, -6.59],
						"0.15": [-4.73, 0, 7.12],
						"0.16": [-3.64, -5, -10.18],
						"0.17": [6.94, 0, 3.71],
						"0.18": [-4.48, 0, -2.41],
						"0.19": [7.1, 0, -6.53],
						"0.2": [-3.99, 0, -26.65],
						"0.21": [-3.99, 0, 3.23],
						"0.23": [8, 0, 3],
						"0.24": [-5.3, -1.36, -4.41],
						"0.25": [-7.11, 1.27, 6.18],
						"0.26": [-4.91, -5.09, -8.23],
						"0.28": [7.49, -8.82, -5.05],
						"0.3": [5.09, 0.45, 6.33],
						"0.31": [4.89, 5.09, 5.68],
						"0.32": [5.18, -2.27, 5.04],
						"0.33": [-8.52, -1.64, -4.61],
						"0.34": [9.08, -1, 5.08],
						"0.35": [-7, 0, 5],
						"0.36": [-7.25, 3, -5.5],
						"0.37": [-4.5, 0, -13],
						"0.38": [-5.75, 0, 7.5],
						"0.39": [5, -8, -6],
						"0.4": [5, -6, -5],
						"0.41": [6, -1.33, 3],
						"0.43": [5, -4, 3]
					},
					"scale": {
						"0.0": [1, 1, 1],
						"0.03": [1, 1.98, 1],
						"0.05": [1, 0.6, 1],
						"0.07": [1, 1.1286, 1],
						"0.1": [1, 2.1314, 1],
						"0.12": [1, 2.1, 1],
						"0.13": [1, 3.5182, 1],
						"0.16": [1, 2.9727, 1],
						"0.17": [1, 1.0966, 1],
						"0.2": [1, 3.1683, 1],
						"0.21": [1, 3.5922, 1],
						"0.23": [1, 2.3, 1],
						"0.24": [1, 2.6249, 1],
						"0.27": [1, 1.5994, 1],
						"0.28": [1, 2.1742, 1],
						"0.29": [1, 2.959, 1],
						"0.3": [1, 2.9439, 1],
						"0.34": [1, 2.6833, 1],
						"0.35": [1, 3.7, 1],
						"0.36": [1, 1.3833, 1],
						"0.38": [1, 3.85, 1],
						"0.41": [1, 4.6, 1],
						"0.44": [1, 3.5, 1]
					}
				},
				"leftA": {
					"rotation": ["variable.is_third_person * query.target_x_rotation", 0, 0],
					"position": {
						"0.0": [0, "1 * variable.is_third_person", 0],
						"0.05": [0, "4.6 * variable.is_third_person", "10.7 * variable.is_third_person"]
					}
				},
				"leftArm2": {
					"position": {
						"0.0": [0, 0, 0],
						"0.01": [4, 0, -12],
						"0.02": [3, 0, -12],
						"0.03": [3.5, -1.5, 4.5],
						"0.04": [-2, -3, -5],
						"0.05": [-6.5, -4.5, 2.5],
						"0.06": [-11, -6, -6],
						"0.07": [-4, 0.5, 1.16],
						"0.08": [3, 1, -7.67],
						"0.09": [4, 4.5, -8.5],
						"0.1": [-8, 0, 0],
						"0.11": [2.47, 0, -3.33],
						"0.12": [2.93, 0, -6.67],
						"0.13": [-6.6, 0, -5],
						"0.14": [3.87, -1, -2.92],
						"0.17": [-7.73, -2, 4.33],
						"0.18": [4.74, -3.67, 0.7],
						"0.19": [-6.8, 1.67, 5.08],
						"0.2": [3.67, 0, -4.54],
						"0.22": [4.6, 10, -1.06],
						"0.23": [-4.93, 15, -6.82],
						"0.24": [3.53, 1.5, 7.59],
						"0.25": [-6, 0, 8],
						"0.26": [-5, 2.5, -8.1],
						"0.27": [-6, -7, 3.8],
						"0.28": [-7, 0.33, -7.47],
						"0.29": [-20, 0.17, -6.24],
						"0.3": [-7, 0, -5],
						"0.31": [-7.92, 0, 5.92],
						"0.33": [-9.75, 0, 3.75],
						"0.34": [-8, -4, -4],
						"0.35": [5, -3, -9],
						"0.36": [5, 0, 5],
						"0.37": [-6, 1.74, 8.84],
						"0.38": [4, 1.47, -8.33],
						"0.39": [-9, -0.8, 9],
						"0.4": [-5, 0.6, -8],
						"0.41": [-9, 2, -11],
						"0.43": [-6, 2, -11]
					},
					"scale": {
						"0.0": [1, 1, 1],
						"0.02": [1, 3.1, 1],
						"0.06": [1, 2, 1],
						"0.07": [1, 1.2084, 1],
						"0.08": [1, 2.2167, 1],
						"0.09": [1, 1.425, 1],
						"0.1": [1, 2.3, 1],
						"0.13": [1, 3.44, 1],
						"0.14": [1, 3.4367, 1],
						"0.15": [1, 1.2334, 1],
						"0.17": [1, 1.0267, 1],
						"0.18": [1, 3.365, 1],
						"0.19": [1, 1.5034, 1],
						"0.2": [1, 2.9417, 1],
						"0.23": [1, 2.9767, 1],
						"0.24": [1, 1.6883, 1],
						"0.25": [1, 4, 1],
						"0.26": [1, 3.01, 1],
						"0.27": [1, 3.82, 1],
						"0.28": [1, 1.38, 1],
						"0.29": [1, 2.99, 1],
						"0.3": [1, 2.8, 1],
						"0.33": [1, 3.075, 1],
						"0.34": [1, 1.3, 1],
						"0.35": [1, 1.6, 1],
						"0.36": [1, 1.1, 1],
						"0.37": [1, 1.8933, 1],
						"0.39": [1, 1.88, 1],
						"0.41": [1, 1, 1]
					}
				},
				"waist": {
					"position": [0, "-4 * variable.is_third_person", 0]
				}
			}
		}
	}
}