{
	"format_version": "1.8.0",
	"animations": {
		"animation.gomu_second": {
			"loop": true,
			"bones": {
				"head": {
					"position": [0, 0, -1]
				},
				"root": {
					"rotation": [30, 0, 0],
					"position": [0, -3, 7]
				},
				"body2": {
					"position": [0, 0, -1],
					"scale": 1
				},
				"rightArm": {
					"rotation": [-30, 0, -2.5],
					"position": [2, 0, -1]
				},
				"leftArm": {
					"rotation": [-27.29887, -3.45533, -36.66067],
					"position": [0, 0, -1]
				},
				"rightleg": {
					"rotation": [-27.5, 0, 10],
					"position": [-2, 4, 0]
				},
				"leftLeg": {
					"rotation": [-27.5, 0, -10],
					"position": [2, 4, 0]
				},
				"waist": {
					"position": [0, 3, 0]
				},
				"body": {
					"position": [0, -2, -1]
				}
			}
		},
		"animation.gomu_second1.attack2": {
			"loop": "hold_on_last_frame",
			"animation_length": 0.5,
			"override_previous_animation": true,
			"bones": {
				"body": {
					"rotation": [0, "180 * variable.is_first_person", 0]
				},
				"tudo": {
					"rotation": [0, 35, 0],
					"position": [0, -1, 0]
				},
				"waist": {
					"rotation": {
						"0.0": [0, 0, 0],
						"0.05": [0, 0, 0],
						"0.20": [0, -50, 0]
					}
				},
				"rightA": {
					"rotation": ["variable.is_third_person * query.target_x_rotation", "variable.is_third_person * query.target_y_rotation", 0]
				},
				"rightArm": {
					"rotation": {
						"0.0": [40, 12.5, 81],
						"0.05": [75, 12.5, 81],
						"0.20": [-75, 0, 90],
						"0.4": [-75, 0, 90],
						"0.45": [40, 12.5, 81]
					},
					"position": {
						"0.0": [1, 0, 1],
						"0.19": [1, 0, 1],
						"0.20": [-11, 0, -42],
						"0.35": [-11, 0, -42],
						"0.40": [0, 0, 1]
					},
					"scale": {
						"0.19": [1, 1, 1],
						"0.20": [1, 22, 1],
						"0.35": [1, 22, 1],
						"0.40": [1, 1, 1]
					}
				},
				"rightArm2": {
					"rotation": {
						"0.0": [-45, 0, 0],
						"0.05": [-45, 0, 0],
						"0.20": [-22.5, 0, 0]
					}
				},
				"leftArm": {
					"rotation": {
						"0.0": [-60.63119, 1.8461, -80.36041],
						"0.20": [6.86881, 1.8461, -80.36041]
					}
				},
				"leftArm2": {
					"rotation": [-22.5, 0, 0]
				},
				"rightleg": {
					"rotation": [-17.7653, 13.08457, 7.39292],
					"position": {
						"0.0": [0, 0, 0],
						"0.05": [0, 0, 0],
						"0.20": [0.5, 0, -1]
					}
				},
				"rightLeg2": {
					"rotation": [20, 0, 0],
					"position": [0, 0, 0]
				},
				"leftLeg": {
					"rotation": [-9.88063, -28.03964, -5.61834],
					"position": {
						"0.0": [0, 0, 0],
						"0.05": [0, 0, 0],
						"0.20": [0, 0, 1]
					}
				},
				"leftLeg2": {
					"rotation": [10, 0, 0]
				}
			}
		},
		"animation.2gomu_second3.attack": {
			"loop": "hold_on_last_frame",
			"animation_length": 99999,
			"override_previous_animation": true,
			"bones": {
				"body": {
					"rotation": [0, "180 * variable.is_first_person", 0]
				},
				"tudo": {
					"rotation": [0, 35, 0],
					"position": [0, -1, 0]
				},
				"waist": {
					"rotation": {
						"0.0": [0, -50, 0],
						"0.2": [0, 7.5, 0]
					}
				},
				"rightArm": {
					"rotation": {
						"0.0": [-17.5, 12.5, 81],
						"0.05": [75, 12.5, 81],
						"0.2": [47.5, 0, 90]
					},
					"position": {
						"0.0": [1, 0, 1],
						"0.18": [1, 0, 1],
						"0.2": [-29, 0, 31]
					},
					"scale": {
						"0.19": [1, 1, 1],
						"0.2": [1, 22, 1]
					}
				},
				"rightArm2": {
					"rotation": {
						"0.0": [-45, 0, 0],
						"0.05": [-45, 0, 0],
						"0.2": [0, 0, 0]
					}
				},
				"leftArm": {
					"rotation": {
						"0.0": [-60.63119, 1.8461, -80.36041],
						"0.2": [6.86881, 1.8461, -80.36041]
					}
				},
				"leftArm2": {
					"rotation": [-22.5, 0, 0]
				},
				"rightleg": {
					"rotation": [-17.7653, 13.08457, 7.39292],
					"position": {
						"0.0": [0.5, 0, -1],
						"0.15": [0, 0, 0],
						"0.21": [0, 0, 0]
					}
				},
				"rightLeg2": {
					"rotation": [20, 0, 0],
					"position": [0, 0, 0]
				},
				"leftLeg": {
					"rotation": [-9.88063, -28.03964, -5.61834],
					"position": {
						"0.0": [0, 0, 1],
						"0.14": [0, 0, 0],
						"0.19": [0, 0, 0]
					}
				},
				"leftLeg2": {
					"rotation": [10, 0, 0]
				}
			}
		},
		"animation.2gomu_second3.attack2": {
			"loop": false,
			"animation_length": 0.5,
			"override_previous_animation": true,
			"bones": {
				"body": {
					"rotation": ["20 * variable.is_first_person", "180 * variable.is_first_person", 0]
				},
				"tudo": {
					"rotation": [0, 35, 0],
					"position": [0, -1, 0]
				},
				"waist": {
					"rotation": {
						"0.0": [0, 0, 0],
						"0.05": [0, 0, 0],
						"0.2": [15, -95, 0]
					}
				},
				"rightA": {
					"rotation": ["variable.is_third_person * query.target_x_rotation", "variable.is_third_person * query.target_y_rotation", 0]
				},
				"rightArm": {
					"rotation": {
						"0.0": [55.94548, 0.11906, 89.53728],
						"0.05": [55.9455, 0.1191, 89.5373],
						"0.2": [-29.78729, 3.74196, 96.50446],
						"0.4": [-29.7873, 3.742, 96.5045],
						"0.45": [40, 12.5, 81]
					},
					"position": {
						"0.0": [-22, 0, 34],
						"0.05": [-0.21, 0, 1.32],
						"0.19": [1, 0, 1],
						"0.2": [-38, 6, -23],
						"0.35": [-38, 6, -23],
						"0.4": [0, 0, 1]
					},
					"scale": {
						"0.0": [1, 20, 1],
						"0.05": [1, 1, 1],
						"0.19": [1, 1, 1],
						"0.2": [1, 22, 1],
						"0.35": [1, 22, 1],
						"0.4": [1, 1, 1]
					}
				},
				"rightArm2": {
					"rotation": {
						"0.0": [2.5, 0, 0],
						"0.05": [0, 0, 0],
						"0.2": [0, 0, 0]
					}
				},
				"leftArm": {
					"rotation": {
						"0.0": [-60.63119, 1.8461, -80.36041],
						"0.2": [6.86881, 1.8461, -80.36041]
					}
				},
				"leftArm2": {
					"rotation": [-22.5, 0, 0]
				},
				"rightleg": {
					"rotation": {
						"0.0": [-17.7653, 13.08457, 7.39292],
						"0.05": [-17.7653, 13.08457, 7.39292],
						"0.18": [-61.87953, -46.03798, 52.12028],
						"0.19": [-95.91439, -56.53961, 85.41352]
					},
					"position": {
						"0.0": [0, 0, 0],
						"0.05": [0, 0, 0],
						"0.18": [1.43, 0, -1.87],
						"0.2": [2.5, 0, -2]
					}
				},
				"rightLeg2": {
					"rotation": [20, 0, 0],
					"position": [0, 0, 0]
				},
				"leftLeg": {
					"rotation": {
						"0.0": [-9.88063, -28.03964, -5.61834],
						"0.05": [-9.88063, -28.03964, -5.61834],
						"0.18": [97.4252, -69.02513, -106.29727]
					},
					"position": {
						"0.0": [0, 0, 0],
						"0.05": [0, 0, 0],
						"0.2": [-2, 0, 2]
					}
				},
				"leftLeg2": {
					"rotation": [10, 0, 0]
				}
			},
			"particle_effects": {
				"0.2": [
					{
						"effect": "redhawk",
						"locator": "redhawk1"
					}
				],
				"0.21": [
					{
						"effect": "redhawk",
						"locator": "redhawk2"
					}
				],
				"0.22": [
					{
						"effect": "redhawk",
						"locator": "redhawk3"
					}
				],
				"0.23": [
					{
						"effect": "redhawk",
						"locator": "redhawk4"
					}
				],
				"0.24": [
					{
						"effect": "redhawk",
						"locator": "redhawk5"
					}
				],
				"0.25": [
					{
						"effect": "redhawk",
						"locator": "redhawk6"
					}
				]
			}
		}
	}
}