{
	"format_version": "1.8.0",
	"animations": {
		"animation.gura1.attack": {
			"loop": true,
			"animation_length": 9999,
			"override_previous_animation": true,
			"bones": {
				"rightArm": {
					"rotation": [-90, 0, 90],
					"position": [-1, -1, 0]
				},
				"gura1": {
					"position": [0, 0, 0],
					"scale": [1, 1, 1]
				},
				"leftArm": {
					"rotation": [-90, 0, -90],
					"position": [1, -1, 0]
				},
				"gura2": {
					"position": [0, 0, 0],
					"scale": [1, 1, 1]
				}
			}
		},
		"animation.gura1.attack2": {
			"loop": true,
			"animation_length": 2.0,
			"override_previous_animation": true,
			"bones": {
				"rightArm": {
					"rotation": {
						"0.0": [-90, 0, 90],
						"0.5": [0, 0, 90]
					},
					"position": [-1, -1, 0]
				},
				"gura1": {
					"position": {
						"0.0": [0, 0, 0],
						"0.5": [0, -0.5, 0]
					},
					"scale": {
						"0.0": [1, 1, 1],
						"0.5": [6, 1, 6]
					}
				},
				"leftArm": {
					"rotation": {
						"0.0": [-90, 0, -90],
						"0.5": [0, 0, -90]
					},
					"position": [1, -1, 0]
				},
				"gura2": {
					"position": {
						"0.0": [0, 0, 0],
						"0.5": [0, -0.5, 0]
					},
					"scale": {
						"0.0": [1, 1, 1],
						"0.5": [6, 1, 6]
					}
				}
			}
		},
		"animation.gura2.attack2": {
			"loop": true,
			"animation_length": 1.0,
			"override_previous_animation": true,
			"bones": {
				"rightArm": {
					"rotation": [-90, 0, 0]
				},
				"gura1": {
					"position": {
						"0.0": [0, 0, 0],
						"0.5": [0, -0.5, 0]
					},
					"scale": {
						"0.0": [1, 1, 1],
						"0.5": [6, 1, 6]
					}
				}
			}
		},
		"animation.gura3.attack": {
			"loop": true,
			"animation_length": 999.0,
			"override_previous_animation": true,
			"bones": {
				"gura1": {
					"scale": 2
				}
			}
		},
		"animation.gura4.attack": {
			"loop": true,
			"animation_length": 999.0,
			"override_previous_animation": true,
			"bones": {
				"gura2": {
					"scale": 2
				}
			}
		}
	}
}