{
	"format_version": "1.8.0",
	"animations": {
		"animation.magu2.attack": {
			"loop": true,
			"animation_length": 9999,
			"override_previous_animation": true,
			"bones": {
				"root": {
					"rotation": [ "0 * variable.is_first_person", "90 * variable.is_first_person", "0 * variable.is_first_person"],
					"position": ["8 * variable.is_first_person", 0, "2 * variable.is_first_person"]
				},
				"rightArm": {
					"rotation": [27.5, 0, 135],
					"position": [0, 0.25, 0.5]
				},
				"rightArm2": {
					"rotation": [-7.5, 0, 0],
					"position": [1, -1, 2],
					"scale": [2, 3, 2]
				},
				"rightPunch": {
					"rotation": [-7.5, 0, 0],
					"position": [0, -4, 0],
					"scale": [2, 3, 2]
				}
			}
		},
		"animation.magu2.attack2": {
			"loop": true,
			"animation_length": 0.5,
			"override_previous_animation": true,
			"bones": {
				"rightArm": {
					"rotation": [-90, 0, 90],
					"position": [0, 0, 0]
				},
				"rightArm2": {
					"rotation": [-5, 0, 0],
					"position": [1, -1, 2],
					"scale": [2, 3, 2]
				},
				"rightPunch": {
					"rotation": [-7.5, 0, 0],
					"position": [0, -4, 0],
					"scale": [2, 3, 2]
				}
			}
		},
		"animation.magu4.attack": {
            "loop": true,
	        "animation_length": 9999,
	        "particle_effects": {
		        "0.0": [
		            {
			            "effect": "magma_donut",
			            "locator": "rightarm"
		            }
		        ],
		        "0.05": [
		            {
			            "effect": "magma_donut",
			            "locator": "rightarm"
		            }
		        ],
		        "0.1": [
		            {
			            "effect": "magma_donut",
			            "locator": "rightarm"
		            }
		        ],
		        "0.15": [
		            {
			            "effect": "magma_donut",
			            "locator": "rightarm"
		            }
		        ],
		        "0.2": [
		            {
			            "effect": "magma_donut",
			            "locator": "rightarm"
		            }
		        ],
		        "0.25": [
		            {
			            "effect": "magma_donut",
			            "locator": "rightarm"
		            }
		        ],
		        "0.3": [
		            {
			            "effect": "magma_donut",
			            "locator": "rightarm"
		            }
		        ],
		        "0.35": [
		            {
			            "effect": "magma_donut",
			            "locator": "rightarm"
		            }
		        ],
		        "0.4": [
		            {
			            "effect": "magma_donut",
			            "locator": "rightarm"
		            }
		        ],
		        "0.45": [
		            {
			            "effect": "magma_donut",
			            "locator": "rightarm"
		            }
		        ],
		        "0.5": [
		            {
			            "effect": "magma_donut",
			            "locator": "rightarm"
		            }
		        ],
		        "0.55": [
		            {
			            "effect": "magma_donut",
			            "locator": "rightarm"
		            }
		        ],
		        "0.6": [
		            {
			            "effect": "magma_donut",
			            "locator": "rightarm"
		            }
		        ],
		        "0.65": [
		            {
			            "effect": "magma_donut",
			            "locator": "rightarm"
		            }
		        ],
		        "0.7": [
		            {
			            "effect": "magma_donut",
			            "locator": "rightarm"
		            }
		        ],
		        "0.75": [
		            {
			            "effect": "magma_donut",
			            "locator": "rightarm"
		            }
		        ],
		        "0.8": [
		            {
			            "effect": "magma_donut",
			            "locator": "rightarm"
		            }
		        ],
		        "0.85": [
		            {
			            "effect": "magma_donut",
			            "locator": "rightarm"
		            }
		        ],
		        "0.9": [
		            {
			            "effect": "magma_donut",
			            "locator": "rightarm"
		            }
		        ],
		        "0.95": [
		            {
			            "effect": "magma_donut",
			            "locator": "rightarm"
		            }
		        ],
		        "1.0": [
		            {
			            "effect": "magma_donut",
			            "locator": "rightarm"
		            }
		        ],
		        "1.05": [
		            {
			            "effect": "magma_donut",
			            "locator": "rightarm"
		            }
		        ],
		        "1.1": [
		            {
			            "effect": "magma_donut",
			            "locator": "rightarm"
		            }
		        ],
		        "1.15": [
		            {
			            "effect": "magma_donut",
			            "locator": "rightarm"
		            }
		        ],
		        "1.2": [
		            {
			            "effect": "magma_donut",
			            "locator": "rightarm"
		            }
		        ],
		        "1.25": [
		            {
			            "effect": "magma_donut",
			            "locator": "rightarm"
		            }
		        ],
		        "1.3": [
		            {
			            "effect": "magma_donut",
			            "locator": "rightarm"
		            }
		        ],
		        "1.35": [
		            {
			            "effect": "magma_donut",
			            "locator": "rightarm"
		            }
		        ],
		        "1.4": [
		            {
			            "effect": "magma_donut",
			            "locator": "rightarm"
		            }
		        ],
		        "1.45": [
		            {
			            "effect": "magma_donut",
			            "locator": "rightarm"
		            }
		        ],
		        "1.5": [
		            {
			            "effect": "magma_donut",
			            "locator": "rightarm"
		            }
		        ],
		        "1.55": [
		            {
			            "effect": "magma_donut",
			            "locator": "rightarm"
		            }
		        ],
		        "1.6": [
		            {
			            "effect": "magma_donut",
			            "locator": "rightarm"
		            }
		        ],
		        "1.65": [
		            {
			            "effect": "magma_donut",
			            "locator": "rightarm"
		            }
		        ],
		        "1.7": [
		            {
			            "effect": "magma_donut",
			            "locator": "rightarm"
		            }
		        ],
		        "1.75": [
		            {
			            "effect": "magma_donut",
			            "locator": "rightarm"
		            }
		        ],
		        "1.8": [
		            {
			            "effect": "magma_donut",
			            "locator": "rightarm"
		            }
		        ],
		        "1.85": [
		            {
			            "effect": "magma_donut",
			            "locator": "rightarm"
		            }
		        ],
		        "1.9": [
		            {
			            "effect": "magma_donut",
			            "locator": "rightarm"
		            }
		        ],
		        "1.95": [
		            {
			            "effect": "magma_donut",
			            "locator": "rightarm"
		            }
		        ],
		        "2.0": [
		            {
			            "effect": "magma_donut",
			            "locator": "rightarm"
		            }
		        ],
		        "2.05": [
		            {
			            "effect": "magma_donut",
			            "locator": "rightarm"
		            }
		        ],
		        "2.1": [
		            {
			            "effect": "magma_donut",
			            "locator": "rightarm"
		            }
		        ],
		        "2.15": [
		            {
			            "effect": "magma_donut",
			            "locator": "rightarm"
		            }
		        ],
		        "2.2": [
		            {
			            "effect": "magma_donut",
			            "locator": "rightarm"
		            }
		        ],
		        "2.25": [
		            {
			            "effect": "magma_donut",
			            "locator": "rightarm"
		            }
		        ],
		        "2.3": [
		            {
			            "effect": "magma_donut",
			            "locator": "rightarm"
		            }
		        ],
		        "2.35": [
		            {
			            "effect": "magma_donut",
			            "locator": "rightarm"
		            }
		        ],
		        "2.4": [
		            {
			            "effect": "magma_donut",
			            "locator": "rightarm"
		            }
		        ],
		        "2.45": [
		            {
			            "effect": "magma_donut",
			            "locator": "rightarm"
		            }
		        ],
		        "2.5": [
		            {
			            "effect": "magma_donut",
			            "locator": "rightarm"
		            }
		        ],
		        "2.55": [
		            {
			            "effect": "magma_donut",
			            "locator": "rightarm"
		            }
		        ],
		        "2.6": [
		            {
			            "effect": "magma_donut",
			            "locator": "rightarm"
		            }
		        ],
		        "2.65": [
		            {
			            "effect": "magma_donut",
			            "locator": "rightarm"
		            }
		        ],
		        "2.7": [
		            {
			            "effect": "magma_donut",
			            "locator": "rightarm"
		            }
		        ],
		        "2.75": [
		            {
			            "effect": "magma_donut",
			            "locator": "rightarm"
		            }
		        ],
		        "2.8": [
		            {
			            "effect": "magma_donut",
			            "locator": "rightarm"
		            }
		        ],
		        "2.85": [
		            {
			            "effect": "magma_donut",
			            "locator": "rightarm"
		            }
		        ],
		        "2.9": [
		            {
			            "effect": "magma_donut",
			            "locator": "rightarm"
		            }
		        ],
		        "2.95": [
		            {
			            "effect": "magma_donut",
			            "locator": "rightarm"
		            }
		        ],
		        "3.0": [
		            {
			            "effect": "magma_donut",
			            "locator": "rightarm"
		            }
		        ],
		        "3.05": [
		            {
			            "effect": "magma_donut",
			            "locator": "rightarm"
		            }
		        ],
		        "3.1": [
		            {
			            "effect": "magma_donut",
			            "locator": "rightarm"
		            }
		        ],
		        "3.15": [
		            {
			            "effect": "magma_donut",
			            "locator": "rightarm"
		            }
		        ],
		        "3.2": [
		            {
			            "effect": "magma_donut",
			            "locator": "rightarm"
		            }
		        ],
		        "3.25": [
		            {
			            "effect": "magma_donut",
			            "locator": "rightarm"
		            }
		        ],
		        "3.3": [
		            {
			            "effect": "magma_donut",
			            "locator": "rightarm"
		            }
		        ],
		        "3.35": [
		            {
			            "effect": "magma_donut",
			            "locator": "rightarm"
		            }
		        ],
		        "3.4": [
		            {
			            "effect": "magma_donut",
			            "locator": "rightarm"
		            }
		        ],
		        "3.45": [
		            {
			            "effect": "magma_donut",
			            "locator": "rightarm"
		            }
		        ],
		        "3.5": [
		            {
			            "effect": "magma_donut",
			            "locator": "rightarm"
		            }
		        ],
		        "3.55": [
		            {
			            "effect": "magma_donut",
			            "locator": "rightarm"
		            }
		        ],
		        "3.6": [
		            {
			            "effect": "magma_donut",
			            "locator": "rightarm"
		            }
		        ],
		        "3.65": [
		            {
			            "effect": "magma_donut",
			            "locator": "rightarm"
		            }
		        ],
		        "3.7": [
		            {
			            "effect": "magma_donut",
			            "locator": "rightarm"
		            }
		        ],
		        "3.75": [
		            {
			            "effect": "magma_donut",
			            "locator": "rightarm"
		            }
		        ],
		        "3.8": [
		            {
			            "effect": "magma_donut",
			            "locator": "rightarm"
		            }
		        ],
		        "3.85": [
		            {
			            "effect": "magma_donut",
			            "locator": "rightarm"
		            }
		        ],
		        "3.9": [
		            {
			            "effect": "magma_donut",
			            "locator": "rightarm"
		            }
		        ],
		        "3.95": [
		            {
			            "effect": "magma_donut",
			            "locator": "rightarm"
		            }
		        ],
		        "4.0": [
		            {
			            "effect": "magma_donut",
			            "locator": "rightarm"
		            }
		        ],
		        "4.05": [
		            {
			            "effect": "magma_donut",
			            "locator": "rightarm"
		            }
		        ],
		        "4.1": [
		            {
			            "effect": "magma_donut",
			            "locator": "rightarm"
		            }
		        ],
		        "4.15": [
		            {
			            "effect": "magma_donut",
			            "locator": "rightarm"
		            }
		        ],
		        "4.2": [
		            {
			            "effect": "magma_donut",
			            "locator": "rightarm"
		            }
		        ],
		        "4.25": [
		            {
			            "effect": "magma_donut",
			            "locator": "rightarm"
		            }
		        ],
		        "4.3": [
		            {
			            "effect": "magma_donut",
			            "locator": "rightarm"
		            }
		        ],
		        "4.35": [
		            {
			            "effect": "magma_donut",
			            "locator": "rightarm"
		            }
		        ],
		        "4.4": [
		            {
			            "effect": "magma_donut",
			            "locator": "rightarm"
		            }
		        ],
		        "4.45": [
		            {
			            "effect": "magma_donut",
			            "locator": "rightarm"
		            }
		        ],
		        "4.5": [
		            {
			            "effect": "magma_donut",
			            "locator": "rightarm"
		            }
		        ],
		        "4.55": [
		            {
			            "effect": "magma_donut",
			            "locator": "rightarm"
		            }
		        ],
		        "4.6": [
		            {
			            "effect": "magma_donut",
			            "locator": "rightarm"
		            }
		        ],
		        "4.65": [
		            {
			            "effect": "magma_donut",
			            "locator": "rightarm"
		            }
		        ],
		        "4.7": [
		            {
			            "effect": "magma_donut",
			            "locator": "rightarm"
		            }
		        ],
		        "4.75": [
		            {
			            "effect": "magma_donut",
			            "locator": "rightarm"
		            }
		        ],
		        "4.8": [
		            {
			            "effect": "magma_donut",
			            "locator": "rightarm"
		            }
		        ],
		        "4.85": [
		            {
			            "effect": "magma_donut",
			            "locator": "rightarm"
		            }
		        ],
		        "4.9": [
		            {
			            "effect": "magma_donut",
			            "locator": "rightarm"
		            }
		        ],
		        "4.95": [
		            {
			            "effect": "magma_donut",
			            "locator": "rightarm"
		            }
		        ],
		        "5.0": [
		            {
			            "effect": "magma_donut",
			            "locator": "rightarm"
		            }
		        ],
		        "5.05": [
		            {
			            "effect": "magma_donut",
			            "locator": "rightarm"
		            }
		        ],
		        "5.1": [
		            {
			            "effect": "magma_donut",
			            "locator": "rightarm"
		            }
		        ],
		        "5.15": [
		            {
			            "effect": "magma_donut",
			            "locator": "rightarm"
		            }
		        ],
		        "5.2": [
		            {
			            "effect": "magma_donut",
			            "locator": "rightarm"
		            }
		        ],
		        "5.25": [
		            {
			            "effect": "magma_donut",
			            "locator": "rightarm"
		            }
		        ],
		        "5.3": [
		            {
			            "effect": "magma_donut",
			            "locator": "rightarm"
		            }
		        ],
		        "5.35": [
		            {
			            "effect": "magma_donut",
			            "locator": "rightarm"
		            }
		        ],
		        "5.4": [
		            {
			            "effect": "magma_donut",
			            "locator": "rightarm"
		            }
		        ],
		        "5.45": [
		            {
			            "effect": "magma_donut",
			            "locator": "rightarm"
		            }
		        ],
		        "5.5": [
		            {
			            "effect": "magma_donut",
			            "locator": "rightarm"
		            }
		        ],
		        "5.55": [
		            {
			            "effect": "magma_donut",
			            "locator": "rightarm"
		            }
		        ],
		        "5.6": [
		            {
			            "effect": "magma_donut",
			            "locator": "rightarm"
		            }
		        ],
		        "5.65": [
		            {
			            "effect": "magma_donut",
			            "locator": "rightarm"
		            }
		        ],
		        "5.7": [
		            {
			            "effect": "magma_donut",
			            "locator": "rightarm"
		            }
		        ],
		        "5.75": [
		            {
			            "effect": "magma_donut",
			            "locator": "rightarm"
		            }
		        ],
		        "5.8": [
		            {
			            "effect": "magma_donut",
			            "locator": "rightarm"
		            }
		        ],
		        "5.85": [
		            {
			            "effect": "magma_donut",
			            "locator": "rightarm"
		            }
		        ],
		        "5.9": [
		            {
			            "effect": "magma_donut",
			            "locator": "rightarm"
		            }
		        ],
		        "5.95": [
		            {
			            "effect": "magma_donut",
			            "locator": "rightarm"
		            }
		        ],
		        "6.0": [
		            {
			            "effect": "magma_donut",
			            "locator": "rightarm"
		            }
		        ],
		        "6.05": [
		            {
			            "effect": "magma_donut",
			            "locator": "rightarm"
		            }
		        ],
		        "6.1": [
		            {
			            "effect": "magma_donut",
			            "locator": "rightarm"
		            }
		        ],
		        "6.15": [
		            {
			            "effect": "magma_donut",
			            "locator": "rightarm"
		            }
		        ],
		        "6.2": [
		            {
			            "effect": "magma_donut",
			            "locator": "rightarm"
		            }
		        ],
		        "6.25": [
		            {
			            "effect": "magma_donut",
			            "locator": "rightarm"
		            }
		        ],
		        "6.3": [
		            {
			            "effect": "magma_donut",
			            "locator": "rightarm"
		            }
		        ],
		        "6.35": [
		            {
			            "effect": "magma_donut",
			            "locator": "rightarm"
		            }
		        ],
		        "6.4": [
		            {
			            "effect": "magma_donut",
			            "locator": "rightarm"
		            }
		        ],
		        "6.45": [
		            {
			            "effect": "magma_donut",
			            "locator": "rightarm"
		            }
		        ],
		        "6.5": [
		            {
			            "effect": "magma_donut",
			            "locator": "rightarm"
		            }
		        ],
		        "6.55": [
		            {
			            "effect": "magma_donut",
			            "locator": "rightarm"
		            }
		        ],
		        "6.6": [
		            {
			            "effect": "magma_donut",
			            "locator": "rightarm"
		            }
		        ],
		        "6.65": [
		            {
			            "effect": "magma_donut",
			            "locator": "rightarm"
		            }
		        ],
		        "6.7": [
		            {
			            "effect": "magma_donut",
			            "locator": "rightarm"
		            }
		        ],
		        "6.75": [
		            {
			            "effect": "magma_donut",
			            "locator": "rightarm"
		            }
		        ],
		        "6.8": [
		            {
			            "effect": "magma_donut",
			            "locator": "rightarm"
		            }
		        ],
		        "6.85": [
		            {
			            "effect": "magma_donut",
			            "locator": "rightarm"
		            }
		        ],
		        "6.9": [
		            {
			            "effect": "magma_donut",
			            "locator": "rightarm"
		            }
		        ],
		        "6.95": [
		            {
			            "effect": "magma_donut",
			            "locator": "rightarm"
		            }
		        ],
		        "7.0": [
		            {
			            "effect": "magma_donut",
			            "locator": "rightarm"
		            }
		        ],
		        "7.05": [
		            {
			            "effect": "magma_donut",
			            "locator": "rightarm"
		            }
		        ],
		        "7.1": [
		            {
			            "effect": "magma_donut",
			            "locator": "rightarm"
		            }
		        ],
		        "7.15": [
		            {
			            "effect": "magma_donut",
			            "locator": "rightarm"
		            }
		        ],
		        "7.2": [
		            {
			            "effect": "magma_donut",
			            "locator": "rightarm"
		            }
		        ],
		        "7.25": [
		            {
			            "effect": "magma_donut",
			            "locator": "rightarm"
		            }
		        ],
		        "7.3": [
		            {
			            "effect": "magma_donut",
			            "locator": "rightarm"
		            }
		        ],
		        "7.35": [
		            {
			            "effect": "magma_donut",
			            "locator": "rightarm"
		            }
		        ],
		        "7.4": [
		            {
			            "effect": "magma_donut",
			            "locator": "rightarm"
		            }
		        ],
		        "7.45": [
		            {
			            "effect": "magma_donut",
			            "locator": "rightarm"
		            }
		        ],
		        "7.5": [
		            {
			            "effect": "magma_donut",
			            "locator": "rightarm"
		            }
		        ],
		        "7.55": [
		            {
			            "effect": "magma_donut",
			            "locator": "rightarm"
		            }
		        ],
		        "7.6": [
		            {
			            "effect": "magma_donut",
			            "locator": "rightarm"
		            }
		        ],
		        "7.65": [
		            {
			            "effect": "magma_donut",
			            "locator": "rightarm"
		            }
		        ],
		        "7.7": [
		            {
			            "effect": "magma_donut",
			            "locator": "rightarm"
		            }
		        ],
		        "7.75": [
		            {
			            "effect": "magma_donut",
			            "locator": "rightarm"
		            }
		        ],
		        "7.8": [
		            {
			            "effect": "magma_donut",
			            "locator": "rightarm"
		            }
		        ],
		        "7.85": [
		            {
			            "effect": "magma_donut",
			            "locator": "rightarm"
		            }
		        ],
		        "7.9": [
		            {
			            "effect": "magma_donut",
			            "locator": "rightarm"
		            }
		        ],
		        "7.95": [
		            {
			            "effect": "magma_donut",
			            "locator": "rightarm"
		            }
		        ],
		        "8.0": [
		            {
			            "effect": "magma_donut",
			            "locator": "rightarm"
		            }
		        ],
		        "8.05": [
		            {
			            "effect": "magma_donut",
			            "locator": "rightarm"
		            }
		        ],
		        "8.1": [
		            {
			            "effect": "magma_donut",
			            "locator": "rightarm"
		            }
		        ],
		        "8.15": [
		            {
			            "effect": "magma_donut",
			            "locator": "rightarm"
		            }
		        ],
		        "8.2": [
		            {
			            "effect": "magma_donut",
			            "locator": "rightarm"
		            }
		        ],
		        "8.25": [
		            {
			            "effect": "magma_donut",
			            "locator": "rightarm"
		            }
		        ],
		        "8.3": [
		            {
			            "effect": "magma_donut",
			            "locator": "rightarm"
		            }
		        ],
		        "8.35": [
		            {
			            "effect": "magma_donut",
			            "locator": "rightarm"
		            }
		        ],
		        "8.4": [
		            {
			            "effect": "magma_donut",
			            "locator": "rightarm"
		            }
		        ],
		        "8.45": [
		            {
			            "effect": "magma_donut",
			            "locator": "rightarm"
		            }
		        ],
		        "8.5": [
		            {
			            "effect": "magma_donut",
			            "locator": "rightarm"
		            }
		        ],
		        "8.55": [
		            {
			            "effect": "magma_donut",
			            "locator": "rightarm"
		            }
		        ],
		        "8.6": [
		            {
			            "effect": "magma_donut",
			            "locator": "rightarm"
		            }
		        ],
		        "8.65": [
		            {
			            "effect": "magma_donut",
			            "locator": "rightarm"
		            }
		        ],
		        "8.7": [
		            {
			            "effect": "magma_donut",
			            "locator": "rightarm"
		            }
		        ],
		        "8.75": [
		            {
			            "effect": "magma_donut",
			            "locator": "rightarm"
		            }
		        ],
		        "8.8": [
		            {
			            "effect": "magma_donut",
			            "locator": "rightarm"
		            }
		        ],
		        "8.85": [
		            {
			            "effect": "magma_donut",
			            "locator": "rightarm"
		            }
		        ],
		        "8.9": [
		            {
			            "effect": "magma_donut",
			            "locator": "rightarm"
		            }
		        ],
		        "8.95": [
		            {
			            "effect": "magma_donut",
			            "locator": "rightarm"
		            }
		        ],
		        "9.0": [
		            {
			            "effect": "magma_donut",
			            "locator": "rightarm"
		            }
		        ],
		        "9.05": [
		            {
			            "effect": "magma_donut",
			            "locator": "rightarm"
		            }
		        ],
		        "9.1": [
		            {
			            "effect": "magma_donut",
			            "locator": "rightarm"
		            }
		        ],
		        "9.15": [
		            {
			            "effect": "magma_donut",
			            "locator": "rightarm"
		            }
		        ],
		        "9.2": [
		            {
			            "effect": "magma_donut",
			            "locator": "rightarm"
		            }
		        ],
		        "9.25": [
		            {
			            "effect": "magma_donut",
			            "locator": "rightarm"
		            }
		        ],
		        "9.3": [
		            {
			            "effect": "magma_donut",
			            "locator": "rightarm"
		            }
		        ],
		        "9.35": [
		            {
			            "effect": "magma_donut",
			            "locator": "rightarm"
		            }
		        ],
		        "9.4": [
		            {
			            "effect": "magma_donut",
			            "locator": "rightarm"
		            }
		        ],
		        "9.45": [
		            {
			            "effect": "magma_donut",
			            "locator": "rightarm"
		            }
		        ],
		        "9.5": [
		            {
			            "effect": "magma_donut",
			            "locator": "rightarm"
		            }
		        ],
		        "9.55": [
		            {
			            "effect": "magma_donut",
			            "locator": "rightarm"
		            }
		        ],
		        "9.6": [
		            {
			            "effect": "magma_donut",
			            "locator": "rightarm"
		            }
		        ],
		        "9.65": [
		            {
			            "effect": "magma_donut",
			            "locator": "rightarm"
		            }
		        ],
		        "9.7": [
		            {
			            "effect": "magma_donut",
			            "locator": "rightarm"
		            }
		        ],
		        "9.75": [
		            {
			            "effect": "magma_donut",
			            "locator": "rightarm"
		            }
		        ],
		        "9.8": [
		            {
			            "effect": "magma_donut",
			            "locator": "rightarm"
		            }
		        ],
		        "9.85": [
		            {
			            "effect": "magma_donut",
			            "locator": "rightarm"
		            }
		        ],
		        "9.9": [
		            {
			            "effect": "magma_donut",
			            "locator": "rightarm"
		            }
		        ],
		        "9.95": [
		            {
			            "effect": "magma_donut",
			            "locator": "rightarm"
		            }
		        ],
		        "10.0": [
		            {
			            "effect": "magma_donut",
			            "locator": "rightarm"
		            }
		        ],
		        "10.05": [
		            {
			            "effect": "magma_donut",
			            "locator": "rightarm"
		            }
		        ],
		        "10.1": [
		            {
			            "effect": "magma_donut",
			            "locator": "rightarm"
		            }
		        ],
		        "10.15": [
		            {
			            "effect": "magma_donut",
			            "locator": "rightarm"
		            }
		        ],
		        "10.2": [
		            {
			            "effect": "magma_donut",
			            "locator": "rightarm"
		            }
		        ],
		        "10.25": [
		            {
			            "effect": "magma_donut",
			            "locator": "rightarm"
		            }
		        ],
		        "10.3": [
		            {
			            "effect": "magma_donut",
			            "locator": "rightarm"
		            }
		        ],
		        "10.35": [
		            {
			            "effect": "magma_donut",
			            "locator": "rightarm"
		            }
		        ],
		        "10.4": [
		            {
			            "effect": "magma_donut",
			            "locator": "rightarm"
		            }
		        ],
		        "10.45": [
		            {
			            "effect": "magma_donut",
			            "locator": "rightarm"
		            }
		        ],
		        "10.5": [
		            {
			            "effect": "magma_donut",
			            "locator": "rightarm"
		            }
		        ],
		        "10.55": [
		            {
			            "effect": "magma_donut",
			            "locator": "rightarm"
		            }
		        ],
		        "10.6": [
		            {
			            "effect": "magma_donut",
			            "locator": "rightarm"
		            }
		        ],
		        "10.65": [
		            {
			            "effect": "magma_donut",
			            "locator": "rightarm"
		            }
		        ],
		        "10.7": [
		            {
			            "effect": "magma_donut",
			            "locator": "rightarm"
		            }
		        ],
		        "10.75": [
		            {
			            "effect": "magma_donut",
			            "locator": "rightarm"
		            }
		        ],
		        "10.8": [
		            {
			            "effect": "magma_donut",
			            "locator": "rightarm"
		            }
		        ],
		        "10.85": [
		            {
			            "effect": "magma_donut",
			            "locator": "rightarm"
		            }
		        ],
		        "10.9": [
		            {
			            "effect": "magma_donut",
			            "locator": "rightarm"
		            }
		        ],
		        "10.95": [
		            {
			            "effect": "magma_donut",
			            "locator": "rightarm"
		            }
		        ],
		        "11.0": [
		            {
			            "effect": "magma_donut",
			            "locator": "rightarm"
		            }
		        ]
            }
        }
	}
}