{
	"format_version": "1.8.0",
	"animations": {
		"animation.mera3.attack2": {
			"loop": "hold_on_last_frame",
			"animation_length": 0.5,
			"override_previous_animation": true,
			"bones": {
				"body": {
					"rotation": ["20 * variable.is_first_person", "180 * variable.is_first_person", 0]
				},
				"tudo": {
					"rotation": [0, 35, 0],
					"position": [0, -1, 0]
				},
				"waist": {
					"rotation": {
						"0.0": [0, 0, 0],
						"0.05": [0, 0, 0],
						"0.2": [15, -95, 0]
					}
				},
				"rightArm": {
					"rotation": {
						"0.0": [55.94548, 0.11906, 89.53728],
						"0.05": [55.9455, 0.1191, 89.5373],
						"0.2": [-29.78729, 3.74196, 96.50446],
						"0.4": [-29.7873, 3.742, 96.5045]
					},
					"position": {
						"0.05": [-0.21, 0, 1.32],
						"0.2": [1, 0, 1]
					}
				},
				"rightArm2": {
					"rotation": {
						"0.0": [2.5, 0, 0],
						"0.05": [0, 0, 0],
						"0.2": [0, 0, 0]
					}
				},
				"leftArm": {
					"rotation": {
						"0.0": [-60.63119, 1.8461, -80.36041],
						"0.2": [6.86881, 1.8461, -80.36041]
					}
				},
				"leftArm2": {
					"rotation": [-22.5, 0, 0]
				},
				"rightleg": {
					"rotation": {
						"0.0": [-17.7653, 13.08457, 7.39292],
						"0.05": [-17.7653, 13.08457, 7.39292],
						"0.18": [-61.87953, -46.03798, 52.12028],
						"0.19": [-95.91439, -56.53961, 85.41352]
					},
					"position": {
						"0.0": [0, 0, 0],
						"0.05": [0, 0, 0],
						"0.18": [1.43, 0, -1.87],
						"0.2": [2.5, 0, -2]
					}
				},
				"rightLeg2": {
					"rotation": [20, 0, 0],
					"position": [0, 0, 0]
				},
				"leftLeg": {
					"rotation": {
						"0.0": [-9.88063, -28.03964, -5.61834],
						"0.05": [-9.88063, -28.03964, -5.61834],
						"0.18": [97.4252, -69.02513, -106.29727]
					},
					"position": {
						"0.0": [0, 0, 0],
						"0.05": [0, 0, 0],
						"0.2": [-2, 0, 2]
					}
				},
				"leftLeg2": {
					"rotation": [10, 0, 0]
				}
			}
		},
		"animation.mera4.attack2": {
			"loop": "hold_on_last_frame",
			"animation_length": 0.5,
			"override_previous_animation": true,
			"bones": {
				"body": {
					"rotation": ["20 * variable.is_first_person", "180 * variable.is_first_person", 0]
				},
				"tudo": {
					"rotation": [0, 35, 0],
					"position": [0, -1, 0]
				},
				"waist": {
					"rotation": {
						"0.0": [0, 0, 0],
						"0.05": [0, 0, 0],
						"0.2": [15, -95, 0]
					}
				},
				"rightArm": {
					"rotation": {
						"0.0": [55.94548, 0.11906, 89.53728],
						"0.05": [55.9455, 0.1191, 89.5373],
						"0.2": [-29.78729, 3.74196, 96.50446],
						"0.4": [-29.7873, 3.742, 96.5045]
					},
					"position": {
						"0.05": [-0.21, 0, 1.32],
						"0.2": [1, 0, 1]
					}
				},
				"rightArm2": {
					"rotation": {
						"0.0": [2.5, 0, 0],
						"0.05": [0, 0, 0],
						"0.2": [0, 0, 0]
					}
				},
				"leftArm": {
					"rotation": {
						"0.0": [-60.63119, 1.8461, -80.36041],
						"0.2": [6.86881, 1.8461, -80.36041]
					}
				},
				"leftArm2": {
					"rotation": [-22.5, 0, 0]
				},
				"rightleg": {
					"rotation": {
						"0.0": [-17.7653, 13.08457, 7.39292],
						"0.05": [-17.7653, 13.08457, 7.39292],
						"0.18": [-61.87953, -46.03798, 52.12028],
						"0.19": [-95.91439, -56.53961, 85.41352]
					},
					"position": {
						"0.0": [0, 0, 0],
						"0.05": [0, 0, 0],
						"0.18": [1.43, 0, -1.87],
						"0.2": [2.5, 0, -2]
					}
				},
				"rightLeg2": {
					"rotation": [20, 0, 0],
					"position": [0, 0, 0]
				},
				"leftLeg": {
					"rotation": {
						"0.0": [-9.88063, -28.03964, -5.61834],
						"0.05": [-9.88063, -28.03964, -5.61834],
						"0.18": [97.4252, -69.02513, -106.29727]
					},
					"position": {
						"0.0": [0, 0, 0],
						"0.05": [0, 0, 0],
						"0.2": [-2, 0, 2]
					}
				},
				"leftLeg2": {
					"rotation": [10, 0, 0]
				}
			}
		},
		"animation.mera7.attack": {
			"loop": "hold_on_last_frame",
			"animation_length": 9999.0,
			"override_previous_animation": true,
			"bones": {
				"rightArm": {
					"rotation": [0, 0, 160],
					"position": [-1, 1, 0]
				},
				"leftArm": {
					"rotation": [0, 0, -160],
					"position": [1, 1, 0]
				},
				"mera7": {
					"position": [0, 85, 0],
					"scale": {
					    "0.0": [1, 1, 1],
					    "1.5": [45, 45, 45]
					}
				}
			},
			"particle_effects": {
				"0.0": [
				    {
					    "effect": "enkai_hibashira1",
					    "locator": "1"
				    }
				],
				"0.1": [
				    {
					    "effect": "enkai_hibashira1",
					    "locator": "1"
				    }
				],
				"0.2": [
				    {
					    "effect": "enkai_hibashira1",
					    "locator": "1"
				    }
				],
				"0.3": [
				    {
					    "effect": "enkai_hibashira1",
					    "locator": "1"
				    }
				],
				"0.4": [
				    {
					    "effect": "enkai_hibashira1",
					    "locator": "1"
				    }
				],
				"0.5": [
				    {
					    "effect": "enkai_hibashira1",
					    "locator": "1"
				    }
				],
				"0.6": [
				    {
					    "effect": "enkai_hibashira1",
					    "locator": "1"
				    }
				],
				"0.7": [
				    {
					    "effect": "enkai_hibashira1",
					    "locator": "1"
				    }
				],
				"0.8": [
				    {
					    "effect": "enkai_hibashira1",
					    "locator": "1"
				    }
				],
				"0.9": [
				    {
					    "effect": "enkai_hibashira1",
					    "locator": "1"
				    }
				],
				"1.0": [
				    {
					    "effect": "enkai_hibashira1",
					    "locator": "1"
				    }
				]
			}
		},
		"animation.mera7.attack2": {
			"loop": "hold_on_last_frame",
			"animation_length": 1.0,
			"override_previous_animation": true,
			"bones": {
				"rightArm": {
					"rotation": {
						"0.0": [0, 0, 160],
						"0.5": [-92.5, 0, 160]
					},
					"position": {
						"0.0": [-1, 1, 0],
						"0.5": [-2, 0, -0.5]
					}
				},
				"leftArm": {
					"rotation": {
						"0.0": [0, 0, -160],
						"0.5": [-92.5, 0, -160]
					},
					"position": {
						"0.0": [1, 1, 0],
						"0.5": [2, 0, -0.5]
					}
				}
			}
		}
	}
}