{
	"format_version": "1.8.0",
	"animations": {
		"animation.tori_phoenix.sneak": {
			"loop": true,
			"animation_length": 2,
			"bones": {
				"wing_right": {
					"rotation": {
						"0.0": [0, 0, 0],
						"0.2": [0, -55, 0],
						"0.4": [0, 55.5, 0],
						"0.6": [0, 0, 0],
						"0.8": [0, -12.5, 0],
						"1.0": [0, 37.5, 0],
						"1.2": [0, 5, 0]
					}
				},
				"wing_right2": {
					"rotation": {
						"0.0": [0, 0, 0],
						"0.2": [0, -30, 0],
						"0.4": [0, -20, 0],
						"0.6": [0, 0, 0],
						"0.8": [0, -30, 0],
						"1.0": [0, -20, 0],
						"1.2": [0, -15, 0]
					}
				},
				"wing_left": {
					"rotation": {
						"0.0": [0, 0, 0],
						"0.2": [0, 55, 0],
						"0.4": [0, -55, 0],
						"0.6": [0, 0, 0],
						"0.8": [0, 12.5, 0],
						"1.0": [0, -37.5, 0],
						"1.2": [0, -5, 0]
					}
				},
				"wing_left2": {
					"rotation": {
						"0.0": [0, 0, 0],
						"0.2": [0, 30, 0],
						"0.4": [0, 20, 0],
						"0.6": [0, 0, 0],
						"0.8": [0, 30, 0],
						"1.0": [0, 20, 0],
						"1.2": [0, 15, 0]
					}
				},
				"garras": {
					"rotation": [50, -45, 0]
				},
				"garras2": {
					"rotation": [50, 45, 0]
				},
				"rightLeg": {
					"rotation": [0, 90, 0]
				},
				"leftLeg": {
					"rotation": [0, -90, 0]
				}
			}
		},
		"animation.tori_phoenix.moving": {
			"loop": true,
			"animation_length": 2,
			"bones": {
				"wing_right": {
					"rotation": {
						"0.0": [0, 55, 0],
						"0.4": [0, -67.5, 0],
						"0.6": [0, 5, 0],
						"0.8": [0, 22.5, 0],
						"1.0": [0, 37.5, 0],
						"1.2": [0, 5, 0],
						"1.8": [0, 5, 0],
						"2.0": [0, 55, 0]
					}
				},
				"wing_right2": {
					"rotation": {
						"0.0": [0, 0, 0],
						"0.2": [0, -30, 0],
						"0.4": [0, -20, 0],
						"0.6": [0, -15, 0],
						"0.8": [0, -30, 0],
						"1.0": [0, -20, 0],
						"1.2": [0, -15, 0],
						"1.8": [0, -15, 0],
						"2.0": [0, 0, 0]
					}
				},
				"wing_left": {
					"rotation": {
						"0.0": [0, -55, 0],
						"0.4": [0, 67.5, 0],
						"0.6": [0, -5, 0],
						"0.8": [0, -22.5, 0],
						"1.0": [0, -37.5, 0],
						"1.2": [0, -5, 0],
						"1.8": [0, -5, 0],
						"2.0": [0, -57.5, 0]
					}
				},
				"wing_left2": {
					"rotation": {
						"0.0": [0, 0, 0],
						"0.2": [0, 30, 0],
						"0.4": [0, 20, 0],
						"0.6": [0, 15, 0],
						"0.8": [0, 30, 0],
						"1.0": [0, 20, 0],
						"1.2": [0, 15, 0],
						"1.8": [0, 15, 0],
						"2.0": [0, 0, 0]
					}
				},
				"garras": {
					"rotation": [50, -45, 0]
				},
				"garras2": {
					"rotation": [50, 45, 0]
				},
				"tudo": {
					"rotation": ["query.target_x_rotation + 90", 0, 0],
					"position": {
						"0.0": [0, 0, 0],
						"0.2": [0, 0, 0],
						"0.4": [0, 2, 0],
						"0.6": [0, 0, 0]
					}
				},
				"pescoo": {
					"rotation": [-15, 0, 0],
					"position": [0, 0, 1]
				},
				"pes": {
					"rotation": [-15, 0, 0],
					"position": [0, 0, 0.5]
				},
				"head0": {
					"rotation": [-82.5, 0, 0],
					"position": [0, 1.5, 3.5]
				},
				"rightLeg": {
					"rotation": [0, 90, 0]
				},
				"leftLeg": {
					"rotation": [0, -90, 0]
				},
				"rightLeg2": {
					"rotation": [0, 0, 0]
				},
				"leftLeg2": {
					"rotation": [0, 0, 0]
				}
			}
		}
	}
}