{
	"format_version": "1.8.0",
	"animations": {
		"animation.tori_phoenix2.attack1": {
			"loop": true,
			"animation_length": 0.75,
			"override_previous_animation": true,
			"bones": {
				"tudo": {
					"rotation": [0, 90, 0],
					"position": [2, 0, 0]
				},
				"waist": {
					"rotation": [17.5, 0, -47.5]
				},
				"body": {
					"rotation": [0, 0, 9]
				},
				"rightleg": {
					"rotation": [0, 0, -25]
				},
				"rightleg2": {
					"rotation": [0, 0, 9]
				},
				"leftLeg": {
					"rotation": [0, 0, -85],
					"position": [-1.25, 1, 0]
				},
				"leftleg2": {
					"rotation": [0, 0, 9]
				}
			}
		},
		"animation.tori_phoenix2.sneak": {
			"loop": true,
			"animation_length": 2.0,
			"bones": {
				"wing_right": {
					"rotation": {
						"0.0": [0, 55, 0],
						"0.4": [0, -67.5, 0],
						"0.6": [0, 5, 0],
						"0.8": [0, 22.5, 0],
						"1.0": [0, 37.5, 0],
						"1.2": [0, 5, 0],
						"1.8": [0, 5, 0],
						"2.0": [0, 55, 0]
					}
				},
				"wing_right2": {
					"rotation": {
						"0.0": [0, 0, 0],
						"0.2": [0, -30, 0],
						"0.4": [0, -20, 0],
						"0.6": [0, -15, 0],
						"0.8": [0, -30, 0],
						"1.0": [0, -20, 0],
						"1.2": [0, -15, 0],
						"1.8": [0, -15, 0],
						"2.0": [0, 0, 0]
					}
				},
				"wing_left": {
					"rotation": {
						"0.0": [0, -55, 0],
						"0.4": [0, 67.5, 0],
						"0.6": [0, -5, 0],
						"0.8": [0, -22.5, 0],
						"1.0": [0, -37.5, 0],
						"1.2": [0, -5, 0],
						"1.8": [0, -5, 0],
						"2.0": [0, -57.5, 0]
					}
				},
				"wing_left2": {
					"rotation": {
						"0.0": [0, 0, 0],
						"0.2": [0, 30, 0],
						"0.4": [0, 20, 0],
						"0.6": [0, 15, 0],
						"0.8": [0, 30, 0],
						"1.0": [0, 20, 0],
						"1.2": [0, 15, 0],
						"1.8": [0, 15, 0],
						"2.0": [0, 0, 0]
					}
				},
				"rightLeg": {
					"rotation": [-12.5, 12.5, 5],
					"scale": 1
				},
				"rightLeg2": {
					"rotation": [22.5, 0, 0]
				},
				"leftLeg": {
					"rotation": [-12.5, -12.5, -5]
				},
				"leftLeg2": {
					"rotation": [22.5, 0, 0]
				}
			}
		},
		"animation.tori_phoenix2.moving": {
			"loop": true,
			"animation_length": 2,
			"bones": {
				"wing_right": {
					"rotation": {
						"0.0": [0, 55, 0],
						"0.4": [0, -67.5, 0],
						"0.6": [0, 5, 0],
						"0.8": [0, 22.5, 0],
						"1.0": [0, 37.5, 0],
						"1.2": [0, 5, 0],
						"1.8": [0, 5, 0],
						"2.0": [0, 55, 0]
					}
				},
				"wing_right2": {
					"rotation": {
						"0.0": [0, 0, 0],
						"0.2": [0, -30, 0],
						"0.4": [0, -20, 0],
						"0.6": [0, -15, 0],
						"0.8": [0, -30, 0],
						"1.0": [0, -20, 0],
						"1.2": [0, -15, 0],
						"1.8": [0, -15, 0],
						"2.0": [0, 0, 0]
					}
				},
				"wing_left": {
					"rotation": {
						"0.0": [0, -55, 0],
						"0.4": [0, 67.5, 0],
						"0.6": [0, -5, 0],
						"0.8": [0, -22.5, 0],
						"1.0": [0, -37.5, 0],
						"1.2": [0, -5, 0],
						"1.8": [0, -5, 0],
						"2.0": [0, -57.5, 0]
					}
				},
				"wing_left2": {
					"rotation": {
						"0.0": [0, 0, 0],
						"0.2": [0, 30, 0],
						"0.4": [0, 20, 0],
						"0.6": [0, 15, 0],
						"0.8": [0, 30, 0],
						"1.0": [0, 20, 0],
						"1.2": [0, 15, 0],
						"1.8": [0, 15, 0],
						"2.0": [0, 0, 0]
					}
				},
				"tudo": {
					"rotation": ["query.target_x_rotation + 75", 0, 0],
					"position": {
						"0.0": [0, 0, 0],
						"0.2": [0, 0, 0],
						"0.4": [0, 2, 0],
						"1.0": [0, 0, 0]
					}
				},
				"rightLeg": {
					"rotation": [-12.5, 12.5, 5],
					"scale": 1
				},
				"rightLeg2": {
					"rotation": [22.5, 0, 0]
				},
				"leftLeg": {
					"rotation": [-12.5, -12.5, -5]
				},
				"leftLeg2": {
					"rotation": [22.5, 0, 0]
				}
			}
		},
		"animation.tori_phoenix2.stopped": {
			"loop": "hold_on_last_frame",
			"bones": {
				"wing_right": {
					"rotation": [10, 20, 0]
				},
				"wing_right2": {
					"rotation": [0, -40, 0]
				},
				"wing_left": {
					"rotation": [10, -20, 0]
				},
				"wing_left2": {
					"rotation": [0, 40, 0]
				}
			}
		}
	}
}