{
	"format_version": "1.8.0",
	"animations": {
		"animation.uo_dragon.first": {
			"loop": true,
			"animation_length": 0.1,
			"override_previous_animation": true,
			"bones": {
				"root": {
					"position": [0, -5, 0]
				}
			}
		},
		"animation.uo_dragon.stopped": {
			"loop": true,
			"animation_length": 1.5,
			"bones": {
				"root": {
					"position": {
						"0.0": [0, 36, 0],
						"0.75": [0, 38, 0],
						"1.5": [0, 36, 0]
					}
				},
				"headDragon": {
					"rotation": ["10 + query.target_x_rotation", "query.target_y_rotation", 0]
				},
				"bodyDragon1": {
					"rotation": [-62.5, 0, 0],
					"position": [0, 2, -1]
				},
				"bodyDragon2": {
					"rotation": [-42.5, 0, 0]
				},
				"rightArmDragon": {
					"rotation": [20.15874, 7.04533, 2.57816],
					"position": [0, 0, -2]
				},
				"rightForeArmDragon": {
					"rotation": [70, 7.5, -55]
				},
				"leftArmDragon": {
					"rotation": [20.15874, -7.04533, -2.57816],
					"position": [0, 0, -2]
				},
				"leftForeArmDragon": {
					"rotation": [70, -7.5, 55]
				},
				"bodyDragon3": {
					"rotation": [72.10756, 9.08661, 26.06663],
					"position": [0, -1, -2]
				},
				"bodyDragon4": {
					"rotation": [48.63781, 35.79744, 33.59794]
				},
				"bodyDragon5": {
					"rotation": [-6.1656, -21.9734, 10.53359]
				},
				"bodyDragon6": {
					"rotation": [5, -45, 0]
				},
				"bodyDragon7": {
					"rotation": [0, -45, 0]
				},
				"bodyDragon8": {
					"rotation": [-7.30441, -48.20587, 15.38799]
				},
				"bodyDragon9": {
					"rotation": [-5.64115, -29.21893, -7.12284]
				},
				"bodyDragon10": {
					"rotation": [9.96476, -19.44147, -6.79792]
				},
				"bodyDragon11": {
					"rotation": [-2.5, 20, 0]
				},
				"bodyDragon12": {
					"rotation": [-10.8758, 54.28169, -4.13865]
				},
				"rightLegDragon": {
					"rotation": [0, 0, -30]
				},
				"rightLegDragon2": {
					"rotation": [0, 0, -40]
				},
				"leftLegDragon": {
					"rotation": [0, 0, 30]
				},
				"leftLegDragon2": {
					"rotation": [0, 0, 40]
				},
				"bodyDragon13": {
					"rotation": [22.79496, 37.48941, 0.54695]
				},
				"bodyDragon14": {
					"rotation": [4.65389, 51.86576, 12.20302]
				},
				"bodyDragon15": {
					"rotation": [5, 35, 0]
				},
				"bodyDragon16": {
					"rotation": [10.04922, 37.17002, 9.39153]
				},
				"bodyDragon17": {
					"rotation": [-15, -2.5, 0]
				},
				"bodyDragon18": {
					"rotation": [-4.19416, -5.95655, -17.69762]
				},
				"bodyDragon20": {
					"rotation": [15, 0, 0]
				},
				"bodyDragon21": {
					"rotation": [13.4936, 21.93857, 5.123]
				},
				"bodyDragon22": {
					"rotation": [2.5, 42.5, 0]
				},
				"jaw2": {
					"rotation": {
						"0.0": [25, 0, 0],
						"0.5": [30, 0, 0],
						"1.5": [25, 0, 0]
					},
					"position": {
						"0.0": [0, -0.5, 0],
						"0.5": [0, -0.5, 0]
					}
				},
				"leftHandDragon": {
					"rotation": [-15, 0, -95],
					"position": [-0.5, 3, 0]
				},
				"rightHandDragon": {
					"rotation": [-15, 0, 95],
					"position": [0.5, 3, 0]
				},
				"cape_suit": {
					"rotation": [22.5, 0, 0],
					"position": [0, -26, -3.5]
				}
			}
		},
		"animation.uo_dragon.moving": {
			"loop": true,
			"animation_length": 1.5,
			"bones": {
				"tudo": {
					"rotation": ["(query.get_equipped_item_name !='uo_dragon_fly') * query.target_x_rotation", "(query.get_equipped_item_name !='uo_dragon_fly') * query.target_y_rotation", 0]
				},
				"bodyDragon": {
					"rotation": {
						"0.0": [-22.5, 0, 0],
						"0.25": [-22.5, 0, 0],
						"0.5": [0, 0, 0],
						"0.75": [22.5, 0, 0],
						"1.0": [33.75, 0, 0],
						"1.25": [0, 0, 0],
						"1.5": [-22.5, 0, 0]
					},
					"position": [0, -3, 0]
				},
				"bodyDragon2": {
					"rotation": {
						"0.0": [22.5, 0, 0],
						"0.25": [0, 0, 0],
						"0.5": [-22.5, 0, 0],
						"0.75": [-22.5, 0, 0],
						"1.0": [0, 0, 0],
						"1.25": [22.5, 0, 0],
						"1.5": [22.5, 0, 0]
					}
				},
				"bodyDragon3": {
					"rotation": {
						"0.0": [22.5, 0, 0],
						"0.25": [22.5, 0, 0],
						"0.5": [0, 0, 0],
						"0.75": [-22.5, 0, 0],
						"1.0": [-33.75, 0, 0],
						"1.25": [0, 0, 0],
						"1.5": [22.5, 0, 0]
					}
				},
				"bodyDragon4": {
					"rotation": {
						"0.0": [0, 0, 0],
						"0.25": [22.5, 0, 0],
						"0.5": [22.5, 0, 0],
						"0.75": [0, 0, 0],
						"1.0": [-22.5, 0, 0],
						"1.25": [-22.5, 0, 0],
						"1.5": [0, 0, 0]
					}
				},
				"bodyDragon5": {
					"rotation": {
						"0.0": [-22.5, 0, 0],
						"0.25": [0, 0, 0],
						"0.5": [22.5, 0, 0],
						"0.75": [22.5, 0, 0],
						"1.0": [0, 0, 0],
						"1.25": [-22.5, 0, 0],
						"1.5": [-22.5, 0, 0]
					}
				},
				"bodyDragon6": {
					"rotation": {
						"0.0": [-22.5, 0, 0],
						"0.25": [-22.5, 0, 0],
						"0.5": [0, 0, 0],
						"0.75": [22.5, 0, 0],
						"1.0": [22.5, 0, 0],
						"1.25": [0, 0, 0],
						"1.5": [-22.5, 0, 0]
					}
				},
				"bodyDragon7": {
					"rotation": {
						"0.0": [0, 0, 0],
						"0.25": [-22.5, 0, 0],
						"0.5": [-22.5, 0, 0],
						"0.75": [0, 0, 0],
						"1.0": [22.5, 0, 0],
						"1.25": [22.5, 0, 0],
						"1.5": [0, 0, 0]
					}
				},
				"bodyDragon8": {
					"rotation": {
						"0.0": [22.5, 0, 0],
						"0.25": [0, 0, 0],
						"0.5": [-22.5, 0, 0],
						"0.75": [-22.5, 0, 0],
						"1.0": [0, 0, 0],
						"1.25": [22.5, 0, 0],
						"1.5": [22.5, 0, 0]
					}
				},
				"bodyDragon9": {
					"rotation": {
						"0.0": [22.5, 0, 0],
						"0.25": [22.5, 0, 0],
						"0.5": [0, 0, 0],
						"0.75": [-22.5, 0, 0],
						"1.0": [-22.5, 0, 0],
						"1.25": [0, 0, 0],
						"1.5": [22.5, 0, 0]
					}
				},
				"bodyDragon10": {
					"rotation": {
						"0.0": [0, 0, 0],
						"0.25": [22.5, 0, 0],
						"0.5": [22.5, 0, 0],
						"0.75": [0, 0, 0],
						"1.0": [-22.5, 0, 0],
						"1.25": [-22.5, 0, 0],
						"1.5": [0, 0, 0]
					}
				},
				"bodyDragon11": {
					"rotation": {
						"0.0": [-22.5, 0, 0],
						"0.25": [0, 0, 0],
						"0.5": [22.5, 0, 0],
						"0.75": [22.5, 0, 0],
						"1.0": [0, 0, 0],
						"1.25": [-22.5, 0, 0],
						"1.5": [-22.5, 0, 0]
					}
				},
				"bodyDragon12": {
					"rotation": {
						"0.0": [-22.5, 0, 0],
						"0.25": [-22.5, 0, 0],
						"0.5": [0, 0, 0],
						"0.75": [22.5, 0, 0],
						"1.0": [22.5, 0, 0],
						"1.25": [0, 0, 0],
						"1.5": [-22.5, 0, 0]
					}
				},
				"bodyDragon13": {
					"rotation": {
						"0.0": [0, 0, 0],
						"0.25": [-22.5, 0, 0],
						"0.5": [-22.5, 0, 0],
						"0.75": [0, 0, 0],
						"1.0": [22.5, 0, 0],
						"1.25": [22.5, 0, 0],
						"1.5": [0, 0, 0]
					}
				},
				"bodyDragon14": {
					"rotation": {
						"0.0": [22.5, 0, 0],
						"0.25": [0, 0, 0],
						"0.5": [-22.5, 0, 0],
						"0.75": [-22.5, 0, 0],
						"1.0": [0, 0, 0],
						"1.25": [22.5, 0, 0],
						"1.5": [22.5, 0, 0]
					}
				},
				"bodyDragon15": {
					"rotation": {
						"0.0": [22.5, 0, 0],
						"0.25": [22.5, 0, 0],
						"0.5": [0, 0, 0],
						"0.75": [-22.5, 0, 0],
						"1.0": [-22.5, 0, 0],
						"1.25": [0, 0, 0],
						"1.5": [22.5, 0, 0]
					}
				},
				"bodyDragon16": {
					"rotation": {
						"0.0": [0, 0, 0],
						"0.25": [22.5, 0, 0],
						"0.5": [22.5, 0, 0],
						"0.75": [0, 0, 0],
						"1.0": [-22.5, 0, 0],
						"1.25": [-22.5, 0, 0],
						"1.5": [0, 0, 0]
					}
				},
				"bodyDragon17": {
					"rotation": {
						"0.0": [-22.5, 0, 0],
						"0.25": [0, 0, 0],
						"0.5": [22.5, 0, 0],
						"0.75": [22.5, 0, 0],
						"1.0": [0, 0, 0],
						"1.25": [-22.5, 0, 0],
						"1.5": [-22.5, 0, 0]
					}
				},
				"bodyDragon18": {
					"rotation": {
						"0.0": [-22.5, 0, 0],
						"0.25": [-22.5, 0, 0],
						"0.5": [0, 0, 0],
						"0.75": [22.5, 0, 0],
						"1.0": [22.5, 0, 0],
						"1.25": [0, 0, 0],
						"1.5": [-22.5, 0, 0]
					}
				},
				"headDragon": {
					"rotation": {
						"0.0": [0, 0, 0],
						"0.25": [22.5, 0, 0],
						"0.5": [22.5, 0, 0],
						"0.75": [0, 0, 0],
						"1.0": [-22.5, 0, 0],
						"1.25": [-22.5, 0, 0],
						"1.5": [0, 0, 0]
					}
				},
				"root": {
					"position": {
						"0.0": [0, 0, 0],
						"0.25": [0, 6, 0],
						"0.5": [0, 6, 0],
						"0.75": [0, 0, 0],
						"1.0": [0, -6, 0],
						"1.25": [0, -6, 0],
						"1.5": [0, 0, 0]
					}
				},
				"jaw2": {
					"rotation": [30, 0, 0],
					"position": [0, -0.5, -0.5]
				},
				"cape_suit": {
					"rotation": {
						"0.0": [102.5, 0, 0],
						"1.0": [137.5, 0, 0],
						"1.25": [102.5, 0, 0]
					},
					"position": {
						"0.0": [0, -25.5, 1],
						"0.25": [0, -24.5, 1],
						"0.5": [0, -22.5, 1],
						"0.75": [0, -19.5, 1],
						"1.0": [0, -17.5, 1],
						"1.25": [0, -21.5, 1],
						"1.5": [0, -25.5, 1]
					}
				}
			}
		},
		"animation.uo_dragon1.attack2": {
			"loop": true,
			"animation_length": 1,
			"override_previous_animation": true,
			"bones": {
				"bodyDragon": {
					"rotation": ["query.target_x_rotation * variable.is_third_person", "query.target_y_rotation * variable.is_third_person", 0]
				},
				"root": {
					"rotation": ["2.5 * variable.is_third_person", 0, 0],
					"position": [0, "7.5 * variable.is_third_person", "24 * variable.is_third_person"]
				},
				"headDragon": {
					"rotation": ["-7.5 * variable.is_third_person", 0, 0]
				},
				"bodyDragon1": {
					"rotation": ["-2.5 * variable.is_third_person", 0, 0]
				},
				"bodyDragon2": {
					"rotation": ["10 * variable.is_third_person", 0, 0]
				},
				"rightArmDragon": {
					"rotation": ["20.15874 * variable.is_third_person", "7.04533 * variable.is_third_person", "2.57816 * variable.is_third_person"],
					"position": [0, 0, "-2 * variable.is_third_person"]
				},
				"rightForeArmDragon": {
					"rotation": ["70 * variable.is_third_person", "7.5 * variable.is_third_person", "-55 * variable.is_third_person"]
				},
				"leftArmDragon": {
					"rotation": ["20.15874 * variable.is_third_person", "-7.04533 * variable.is_third_person", "-2.57816 * variable.is_third_person"],
					"position": [0, 0, "-2 * variable.is_third_person"]
				},
				"leftForeArmDragon": {
					"rotation": ["70 * variable.is_third_person", "-7.5 * variable.is_third_person", "55 * variable.is_third_person"]
				},
				"bodyDragon3": {
					"rotation": ["-3.71959 * variable.is_third_person", "23.72932 * variable.is_third_person", "-18.54193 * variable.is_third_person"],
					"position": [0, "-1 * variable.is_third_person", "-3 * variable.is_third_person"]
				},
				"bodyDragon4": {
					"rotation": ["-1.47866 * variable.is_third_person", "37.9559 * variable.is_third_person", "8.66613 * variable.is_third_person"]
				},
				"bodyDragon5": {
					"rotation": [-6.1656, -21.9734, 10.53359]
				},
				"bodyDragon6": {
					"rotation": [5, -45, 0]
				},
				"bodyDragon7": {
					"rotation": [0, -45, 0]
				},
				"bodyDragon8": {
					"rotation": [-7.30441, -48.20587, 15.38799]
				},
				"bodyDragon9": {
					"rotation": [-5.64115, -29.21893, -7.12284]
				},
				"bodyDragon10": {
					"rotation": [9.96476, -19.44147, -6.79792]
				},
				"bodyDragon11": {
					"rotation": [-2.5, 20, 0]
				},
				"bodyDragon12": {
					"rotation": [-10.8758, 54.28169, -4.13865]
				},
				"rightLegDragon": {
					"rotation": [0, 0, -30]
				},
				"rightLegDragon2": {
					"rotation": [0, 0, -40]
				},
				"leftLegDragon": {
					"rotation": [0, 0, 30]
				},
				"leftLegDragon2": {
					"rotation": [0, 0, 40]
				},
				"bodyDragon13": {
					"rotation": [22.79496, 37.48941, 0.54695]
				},
				"bodyDragon14": {
					"rotation": [4.65389, 51.86576, 12.20302]
				},
				"bodyDragon15": {
					"rotation": [5, 35, 0]
				},
				"bodyDragon16": {
					"rotation": [10.04922, 37.17002, 9.39153]
				},
				"bodyDragon17": {
					"rotation": [-15, -2.5, 0]
				},
				"bodyDragon18": {
					"rotation": [-4.19416, -5.95655, -17.69762]
				},
				"bodyDragon20": {
					"rotation": [15, 0, 0]
				},
				"bodyDragon21": {
					"rotation": [13.4936, 21.93857, 5.123]
				},
				"bodyDragon22": {
					"rotation": [2.5, 42.5, 0]
				},
				"jaw2": {
					"rotation": [70, 0, 0],
					"position": [0, -1, -1.25]
				},
				"leftHandDragon": {
					"rotation": [-14.13272, -5.07855, -84.37006],
					"position": [0.5, 0, 0]
				},
				"rightHandDragon": {
					"rotation": [-15, 0, 95]
				},
				"cape_suit": {
					"rotation": [95, 0, 0],
					"position": [0, -20, 0]
				}
			}
		}
	}
}