{
  "format_version":"1.16.100",
  "animation_controllers":{
    "controller.animation.blackmamba_e":{
      "states":{
        "default":{
          "transitions":[
            {"1":"(1.0)"}
          ]
        },
        "1":{
          "transitions":[
            {"2":"variable.time = (variable.time ?? 0);variable.time = variable.time < 5 ? variable.time + 1:0;return variable.time == 0;"}
          ],
          "on_entry":[
            "/summon onepiece_addon:blackmamba_attack"
          ]
        },
        "2":{
          "transitions":[
            {"1":"(1.0)"}
          ]
        }
      }
    }
  }
}