{
  "format_version":"1.16.100",
  "animation_controllers":{
    "controller.animation.borobreath_p2":{
      "states":{
        "default":{
          "transitions":[
            {"1":"(1.0)"}
          ]
        },
        "1":{
          "transitions":[
            {"default":"(1.0)"}
          ],
          "on_entry":[
            "/particle onepiece_addon:borobreath_particle3 ~~1~",
            "/particle onepiece_addon:borobreath_particle3 ~1~1~",
            "/particle onepiece_addon:borobreath_particle3 ~-1~1~",
            "/particle onepiece_addon:borobreath_particle3 ~~1~1",
            "/particle onepiece_addon:borobreath_particle3 ~~1~-1",
            "/particle onepiece_addon:borobreath_particle2 ~2~1~",
            "/particle onepiece_addon:borobreath_particle2 ~-2~1~",
            "/particle onepiece_addon:borobreath_particle2 ~~1~2",
            "/particle onepiece_addon:borobreath_particle2 ~~1~-2",
            "/particle onepiece_addon:borobreath_particle1 ~3~1~",
            "/particle onepiece_addon:borobreath_particle1 ~-3~1~",
            "/particle onepiece_addon:borobreath_particle1 ~~1~3",
            "/particle onepiece_addon:borobreath_particle1 ~~1~-3"
          ]
        }
      }
    }
  }
}