{
  "format_version":"1.16.100",
  "animation_controllers":{
    "controller.animation.borobreath_p":{
      "states":{
        "default":{
          "transitions":[
            {"1":"(1.0)"}
          ]
        },
        "1":{
          "transitions":[
            {"default":"(1.0)"}
          ],
          "on_entry":[
            "/particle onepiece_addon:borobreath_particle3 ~~2~",
            "/particle onepiece_addon:borobreath_particle3 ~2~2~",
            "/particle onepiece_addon:borobreath_particle3 ~-2~2~",
            "/particle onepiece_addon:borobreath_particle3 ~~2~2",
            "/particle onepiece_addon:borobreath_particle3 ~~2~-2",
            "/particle onepiece_addon:borobreath_particle2 ~3~2~",
            "/particle onepiece_addon:borobreath_particle2 ~-3~2~",
            "/particle onepiece_addon:borobreath_particle2 ~~2~3",
            "/particle onepiece_addon:borobreath_particle2 ~~2~-3",
            "/particle onepiece_addon:borobreath_particle1 ~4~2~",
            "/particle onepiece_addon:borobreath_particle1 ~-4~2~",
            "/particle onepiece_addon:borobreath_particle1 ~~2~4",
            "/particle onepiece_addon:borobreath_particle1 ~~2~-4"
          ]
        }
      }
    }
  }
}