{
  "format_version":"1.16.100",
  "animation_controllers":{
    "controller.animation.daifunka_attack":{
      "states":{
        "default":{
          "transitions":[
            {"1":"(1.0)"}
          ]
        },
        "1":{
          "transitions":[
            {"2":"(1.0)"}
          ],
          "on_entry":[
            "/tag @e[r=2] add daifunka_attack"
          ]
        },
        "2":{
          "transitions":[
            {"3":"(1.0)"}
          ],
          "on_entry":[
            "/execute @e[tag=daifunka,r=2] ~~~ fill ~~~ ~~~ lava"
          ]
        },
        "3":{
          "on_entry":[
            "/tag @e[r=2,tag=daifunka] remove daifunka"
          ]
        }
      }
    }
  }
}