{
  "format_version":"1.16.100",
  "animation_controllers":{
    "controller.animation.fezantbeck_p1":{
      "states":{
        "default":{
          "transitions":[
            {"1":"(1.0)"}
          ],
          "on_entry":[
            "/tp @s ^^^0.2 facing @e[type=onepiece_addon:fezantbeck_m] true" 
          ]
        },
        "1":{
          "transitions":[
            {"default":"(1.0)"}
          ],
          "on_entry":[
            "/tp @s ^^^0.2 facing @e[type=onepiece_addon:fezantbeck_m] true" 
          ]
        }
      }
    }
  }
}