{
  "format_version":"1.16.100",
  "animation_controllers":{
    "controller.animation.hououin_p":{
      "states":{
        "default":{
          "transitions":[
            {"1":"(1.0)"}
          ]
        },
        "1":{
          "transitions":[
            {"default":"(1.0)"}
          ],
          "on_entry":[
            "/particle onepiece_addon:toritori_particle1 ~~~",
            "/particle onepiece_addon:toritori_particle1 ~~~1",
            "/particle onepiece_addon:toritori_particle1 ~1~~",
            "/particle onepiece_addon:toritori_particle1 ~~1~",
            "/particle onepiece_addon:toritori_particle1 ~~~-1",
            "/particle onepiece_addon:toritori_particle1 ~-1~~",
            "/particle onepiece_addon:toritori_particle1 ~~-1~",
            "/particle onepiece_addon:toritori_particle2 ~~~",
            "/particle onepiece_addon:toritori_particle2 ~~~1",
            "/particle onepiece_addon:toritori_particle2 ~1~~",
            "/particle onepiece_addon:toritori_particle2 ~~1~",
            "/particle onepiece_addon:toritori_particle2 ~~~-1",
            "/particle onepiece_addon:toritori_particle2 ~-1~~",
            "/particle onepiece_addon:toritori_particle2 ~~-1~"
          ]
        }
      }
    }
  }
}