{
  "format_version":"1.16.100",
  "animation_controllers":{
    "controller.animation.juzika_p":{
      "states":{
        "default":{
          "transitions":[
            {"1":"variable.time = (variable.time ?? 0);variable.time = variable.time < 1 ? variable.time + 1:0;return variable.time == 0;"}
          ]
        },
        "1":{
          "transitions":[
            {"default":"(1.0)"}
          ],
          "on_entry":[
            "/particle onepiece_addon:juzika_particle ~~~"
          ]
        }
      }
    }
  }
}