{
  "format_version":"1.16.100",
  "animation_controllers":{
    "controller.animation.radicalbeam_p":{
      "states":{
        "default":{
          "transitions":[
            {"1":"(1.0)"}
          ]
        },
        "1":{
          "transitions":[
            {"default":"(1.0)"}
          ],
          "on_entry":[
            "/particle onepiece_addon:pikapika_particle ~~~",
            "/particle onepiece_addon:pikapika_particle ~~~-1",
            "/particle onepiece_addon:pikapika_particle ~~~1",
            "/particle onepiece_addon:pikapika_particle ~-1~~",
            "/particle onepiece_addon:pikapika_particle ~1~~",
            "/particle onepiece_addon:pikapika_particle ~~1~",
            "/particle onepiece_addon:pikapika_particle ~~-1~"
          ]
        }
      }
    }
  }
}