{
  "format_version":"1.16.100",
  "animation_controllers":{
    "controller.animation.rasupa-da_attack":{
      "states":{
        "default":{
          "transitions":[
            {"1":"(1.0)"}
          ]
        },
        "1":{
          "transitions":[
            {"default":"(1.0)"}
          ],
          "on_entry":[
            "/particle onepiece_addon:sunasuna ~~~",
            "/particle onepiece_addon:sunasuna ~4~~",
            "/particle onepiece_addon:sunasuna ~-4~~",
            "/particle onepiece_addon:sunasuna ~~~4",
            "/particle onepiece_addon:sunasuna ~~~-4"
          ]
        }
      }
    }
  }
}