{
  "format_version":"1.16.100",
  "animation_controllers":{
    "controller.animation.redhawk_attack":{
      "states":{
        "default":{
          "transitions":[
            {"1":"(1.0)"}
          ]
        },
        "1":{
          "transitions":[
            {"2":"(1.0)"}
          ],
          "on_entry":[
            "/tag @e[r=2,tag=!gomgom,family=!gomgom] add redhawk"
          ]
        },
        "2":{
          "transitions":[
            {"3":"(1.0)"}
          ],
          "on_entry":[
            "/execute @e[tag=redhawk] ~~~ setblock ~~~ fire"
          ]
        },
        "3":{
          "on_entry":[
            "/tag @e[tag=redhawk] remove redhawk"
          ]
        }
      }
    }
  }
}