{
  "format_version":"1.16.100",
  "animation_controllers":{
    "controller.animation.zangeki1":{
      "states":{
        "default":{
          "transitions":[
            {"zangeki1_1":"(1.0)"}
          ]
        },
        "zangeki1_1":{
          "transitions":[
            {"default":"(1.0)"}
          ],
          "on_entry":[
            "/execute @e[type=onepiece_addon:zangeki_enma] ~~~ particle minecraft:knockback_roar_particle ~1~~",
            "/execute @e[type=onepiece_addon:zangeki_enma] ~~~ particle minecraft:knockback_roar_particle ~-1~~",
            "/execute @e[type=onepiece_addon:zangeki_enma] ~~~ particle minecraft:knockback_roar_particle ~~1~",
            "/execute @e[type=onepiece_addon:zangeki_enma] ~~~ particle minecraft:knockback_roar_particle ~~-1~",
            "/execute @e[type=onepiece_addon:zangeki_enma] ~~~ particle minecraft:knockback_roar_particle ~~~1",
            "/execute @e[type=onepiece_addon:zangeki_enma] ~~~ particle minecraft:knockback_roar_particle ~~~-1"
          ]
        }
      }
    }
  }
}