{
  "format_version": "1.16.0",
  "minecraft:entity": {
    "description": {
      "identifier": "onepiece_addon:prometheus_neo",
      "is_spawnable": false,
      "is_summonable": true,
      "is_experimental": false
    },
    "component_groups":{
      "onepiece_addon:prometheus_neo_tame":{
        "minecraft:attack":{
          "damage":5
        },
        "minecraft:behavior.stay_while_sitting": {
          "priority": 1
        },
        "minecraft:behavior.melee_attack": {
          "priority": 4,
          "track_target": true,
          "speed_multiplier": 1.25
        },
        "minecraft:is_tamed": {},
        "minecraft:behavior.owner_hurt_by_target": {
          "priority": 1
        },
        "minecraft:behavior.owner_hurt_target": {
          "priority": 2
        },
        "minecraft:behavior.follow_owner": {
          "priority": 2,
          "speed_multiplier": 1.0,
          "start_distance": 32,
          "stop_distance": 2
        },
        "minecraft:sittable": {},
        "minecraft:navigation.float": {
          "can_path_over_water": true
        },
        "minecraft:behavior.float_wander": {
          "priority": 2,
          "must_reach": true
        },
        "minecraft:can_fly": {
        }
      },
      "onepiece_addon:exploding": {
        "minecraft:explode": {
          "fuse_length": 5,
          "fuse_lit": true,
          "power": 5,
          "causes_fire": true,
          "destroy_affected_by_griefing": true
        }
      },
      "onepiece_addon:charged_prometheus": {
        "minecraft:is_charged": {
        }
      },
      "onepiece_addon:charged_exploding": {
        "minecraft:explode": {
          "fuse_length": 10,
          "fuse_lit": true,
          "power": 10,
          "causes_fire": true,
          "destroy_affected_by_griefing": true
        }
      }
    },

    "components": {
      "minecraft:is_baby":{},
      "minecraft:scale":{
        "value":2
      },
      "minecraft:hurt_on_condition": {
        "damage_conditions": [
          {
            "filters": {
              "test": "in_water_or_rain",
              "operator": "==",
              "value": true
            },
            "cause": "drowning",
            "damage_per_tick": 1
          }
        ]
      },
      "minecraft:experience_reward": {
        "on_death": "query.last_hit_by_player ? 5 + (query.equipment_count * Math.Random(1,3)) : 0"
      },
      "minecraft:breathable": {
        "total_supply": 15,
        "suffocate_time": 0
      },
      "minecraft:fire_immune": {
      },
      "minecraft:nameable": {
      },
      "minecraft:health": {
        "value": 100,
        "max": 100
      },
      "minecraft:collision_box": {
        "width": 1,
        "height": 0.5
      },
      "minecraft:movement": {
        "value": 0.03
      },
      "minecraft:type_family": {
        "family": ["player","sorusoru","sorusoru1"]
      },
      "minecraft:damage_sensor": {
        "triggers": {
          "cause": "fall",
          "deals_damage": false
        }
      },
      "minecraft:movement.basic": {
      },
      "minecraft:can_climb": {
      },
      "minecraft:jump.static": {
      },
      "minecraft:despawn": {
        "despawn_from_distance": {}
      },
      "minecraft:behavior.float": {
        "priority": 2
      },
      "minecraft:follow_range": {
        "value": 64,
        "max": 64
      },
      "minecraft:behavior.hurt_by_target": {
        "priority": 1
      },
      "minecraft:target_nearby_sensor": {
        "inside_range": 2.5,
        "outside_range": 6.0,
        "must_see": true,
        "on_inside_range": {
          "event": "onepiece_addon:start_exploding",
          "target": "self"
        },
        "on_outside_range": {
          "event": "onepiece_addon:stop_exploding",
          "target": "self"
        },
        "on_vision_lost_inside_range": {
            "event": "onepiece_addon:stop_exploding",
            "target": "self"
        }
      },
      "minecraft:physics": {
      },
      "minecraft:pushable": {
        "is_pushable": false,
        "is_pushable_by_piston": false
      },
      "minecraft:conditional_bandwidth_optimization": {
      },
      "minecraft:on_target_escape": {
        "event": "onepiece_addon:stop_exploding",
        "target": "self"
      },
      "minecraft:tameable": {
        "probability": 1,
        "tame_items": "onepiece_addon:soul",
        "tame_event": {
          "event": "onepiece_addon:on_tame",
          "target": "self"
        }
      }
    },
    "events":{
      "onepiece_addon:on_tame":{
        "add": {
          "component_groups": [
            "onepiece_addon:prometheus_neo_tame"
          ]
        }
      },
      "onepiece_addon:start_exploding": {
        "sequence": [
          {
            "filters": {
              "test": "has_component",
              "operator": "!=",
              "value": "onepiece_addon:is_charged"
            },
            "add": {
              "component_groups": [
                "onepiece_addon:exploding"
              ]
            }
          },
          {
            "filters": {
              "test": "has_component",
              "value": "onepiece_addon:is_charged"
            },
            "add": {
              "component_groups": [
                "onepiece_addon:charged_exploding"
              ]
            }
          }
        ]
      },
      "onepiece_addon:stop_exploding": {
        "remove": {
          "component_groups": [
            "onepiece_addon:exploding"
          ]
        }
      },
      "onepiece_addon:become_charged": {
        "remove": {
          "component_groups": [
            "onepiece_addon:exploding"
          ]
        },
        "add": {
          "component_groups": [
            "onepiece_addon:charged_prometheus"
          ]
        }
      }
    }
  }
}