{
  "format_version": "1.16.0",
  "minecraft:entity": {
    "description": {
      "identifier": "onepiece_addon:zeus_neo",
      "is_spawnable": false,
      "is_summonable": true,
      "is_experimental": false
    },
    "component_groups":{
      "onepiece_addon:zeus_neo_tame":{
        "minecraft:is_tamed": {},
        "minecraft:behavior.stay_while_sitting": {
          "priority": 1
        },
        "minecraft:behavior.owner_hurt_by_target": {
          "priority": 1
        },
        "minecraft:behavior.owner_hurt_target": {
          "priority": 2
        },
        "minecraft:behavior.follow_owner": {
          "priority": 2,
          "speed_multiplier": 1.0,
          "start_distance": 32,
          "stop_distance": 2
        },
        "minecraft:sittable": {},
        "minecraft:navigation.float": {
          "can_path_over_water": true
        },
        "minecraft:behavior.float_wander": {
          "priority": 2,
          "must_reach": true
        },
        "minecraft:can_fly": {
        }
      }
    },

    "components": {
      "minecraft:is_baby":{},
      "minecraft:damage_sensor": {
        "triggers": [
          {
            "cause": "fall",
            "deals_damage": false
          },
          {
            "cause": "lightning",
            "deals_damage": false
          }
        ]
      },
      "minecraft:scale":{
        "value":1
      },
      "minecraft:hurt_on_condition": {
        "damage_conditions": [
          {
            "filters": { "test": "in_lava", "subject": "self", "operator": "==", "value": true },
            "cause": "lava",
            "damage_per_tick": 4
          }
        ]
      },
      "minecraft:experience_reward": {
        "on_death": "query.last_hit_by_player ? 5 + (query.equipment_count * Math.Random(1,3)) : 0"
      },
      "minecraft:breathable": {
        "total_supply": 15,
        "suffocate_time": 0
      },
      "minecraft:nameable": {
      },
      "minecraft:health": {
        "value": 100,
        "max": 100
      },
      "minecraft:collision_box": {
        "width": 1.2,
        "height": 0.5
      },
      "minecraft:movement": {
        "value": 0.03
      },
      "minecraft:shooter": {
        "def": "onepiece_addon:zeus_shoot"
      },
      "minecraft:type_family": {
        "family": [ "sorusoru","player"]
      },
      "minecraft:jump.static": {
      },
      "minecraft:despawn": {
        "despawn_from_distance": {}
      },
      "minecraft:behavior.float": {
        "priority": 0
      },
      "minecraft:behavior.ranged_attack": {
        "priority": 2,
        "attack_radius": 64,
        "charge_shoot_trigger": 2,
        "charge_charged_trigger": 1
      },
      "minecraft:follow_range": {
        "value": 64,
        "max": 64
      },
      "minecraft:behavior.hurt_by_target": {
        "priority": 1
      },
      "minecraft:physics": {
      },
      "minecraft:pushable": {
        "is_pushable": false,
        "is_pushable_by_piston": false
      },
      "minecraft:conditional_bandwidth_optimization": {
      },
      "minecraft:movement.basic": {
      },
      "minecraft:can_climb": {
      },
      "minecraft:tameable": {
        "probability": 1,
        "tame_items": "onepiece_addon:soul",
        "tame_event": {
          "event": "onepiece_addon:on_tame",
          "target": "self"
        }
      }
    },
    
    "events":{
      "onepiece_addon:on_tame":{
        "add": {
          "component_groups": [
            "onepiece_addon:zeus_neo_tame"
          ]
        }
      }
    }
  }
}