{
  "format_version": "1.13.0",
  "minecraft:entity": {
    "description": {
      "identifier": "onepiece_addon:hikarinokeri_attack",
      "is_spawnable": false,
      "is_summonable": true,
      "is_experimental": false
    },
    "component_groups": {
    },

    "components": {
      "minecraft:transformation": {
        "into": "onepiece_addon:despawn",
        "delay": 0.5
      },
      "minecraft:behavior.knockback_roar": {
        "duration": 999,
        "attack_time": 0.1,
        "knockback_damage": 18,
        "knockback_strength": 5,
        "knockback_range": 3,
        "knockback_filters": {
          "all_of":[
            {
              "test": "is_family",
              "subject": "other",
              "operator": "!=",
              "value": "pikapika"
            },
            {
              "test":"has_tag",
              "subject":"other",
              "operator":"!=",
              "value":"pikapika"
            }
          ]
        },
        "damage_filters": {
          "all_of":[
            {
              "test": "is_family",
              "subject": "other",
              "operator": "!=",
              "value": "pikapika"
            },
            {
              "test":"has_tag",
              "subject":"other",
              "operator":"!=",
              "value":"pikapika"
            }
          ]
        }
      },
      "minecraft:collision_box": {
        "width":0,
        "height":0
      },
      "minecraft:physics": {
      },
      "minecraft:pushable": {
        "is_pushable": false,
        "is_pushable_by_piston": false
      },
      "minecraft:damage_sensor": {
        "triggers": {
            "on_damage": {"filters": {}},
            "deals_damage": false
        }
      }
    },

    "events": {
    }

  }
}