{
  "format_version": "1.17.100",
  "minecraft:item": {
    "description": {
      "identifier": "wesl3y:bullet",
      "category": "items"
    },
    "components": {
      "minecraft:allow_off_hand": true,
      "minecraft:hand_equipped": true,
      "minecraft:max_stack_size": 64,
      "minecraft:icon": {
        "texture": "bullet"
      },
      "minecraft:display_name": {
        "value": "§7Bullet\n§7(Off Hand)"
      },
      "minecraft:render_offsets": {
		"off_hand": {
		  "first_person": { 
			"scale": [0.0,0.0,0.0]
		  },
		  "third_person": { 
			"scale": [0.0,0.0,0.0]
	      }
	    }
	  }
    },
    "events": {}
  }
}