{
  "format_version": "1.16.100",
  "minecraft:item": {
	"description": {
      "identifier": "wesl3y:ginga_pachinko",
      "category": "Equipment"
    },
    "components": {
      "tag:arm": {},
      "tag:shooter": {},
      "minecraft:icon": {
        "texture": "ginga_pachinko"
      },
      "minecraft:display_name": {
        "value":"Ginga Pachinko\n§7(Hold to Use)"
      },
      "minecraft:food": {
        "can_always_eat": true
      },
      "minecraft:use_duration": 99999,
      "minecraft:max_stack_size": 1,
      "minecraft:hand_equipped": true,
      "minecraft:render_offsets": {
	    "main_hand": {
		  "first_person": { 
		    "scale": [0.0,0.0,0.0]
		  },
		  "third_person": { 
			"scale": [0.0,0.0,0.0]
		  }
		},
		"off_hand": {
		  "first_person": { 
			"scale": [0.0,0.0,0.0]
		  },
		  "third_person": { 
			"scale": [0.0,0.0,0.0]
	      }
	    }
	  }
    },
    "events": {}
  }
}
