{
  "format_version": "1.16.100",
  "minecraft:item": {
	"description": {
      "identifier": "wesl3y:pistol",
      "category": "Equipment"
    },
    "components": {
      "tag:arm": {},
      "tag:shooter": {},
      "minecraft:icon": {
        "texture": "pistol"
      },
      "minecraft:display_name": {
        "value":"Pistol\n§7(Hold to Use)"
      },
	  "minecraft:cooldown": {
		"category": "pistol",
		"duration": 0.5
	  },
      "minecraft:on_use": {
        "on_use": {
          "event": "wg",
          "target": "self"
        }
      },
      "minecraft:use_duration": 99999,
      "minecraft:max_stack_size": 1,
      "minecraft:hand_equipped": true,
      "minecraft:render_offsets": {
	    "main_hand": {
		  "first_person": { 
		    "scale": [0.0,0.0,0.0]
		  },
		  "third_person": { 
			"scale": [0.0,0.0,0.0]
		  }
		},
		"off_hand": {
		  "first_person": { 
			"scale": [0.0,0.0,0.0]
		  },
		  "third_person": { 
			"scale": [0.0,0.0,0.0]
	      }
	    }
	  }
    },
    "events": {
      "wg": {
        "sequence": [
          {
            "randomize": [
              {
                "condition": "query.get_equipped_item_name('off_hand') != 'bullet'",
                "run_command": {
                  "command": [
                    "tellraw @s{\"rawtext\":[{\"text\":\"Bullet OffHand!\"}]}"
                  ]
                }
              },
              {
                "condition": "query.get_equipped_item_name('off_hand') == 'bullet' && !query.equipped_item_any_tag('slot.armor.legs','shooter_yasopp') && !query.equipped_item_any_tag('slot.armor.feet','haki_armament')",
                "shoot": {
                  "projectile": "wesl3y:style_yasopp<wesl3y:pistol1>",
                  "launch_power": 0.5
                },
                "run_command": {
                  "command": [
                    "clear @s wesl3y:bullet 0 1",
                    "playanimation @s animation.pistol.shoot wesl3y"
                  ]
                }
              },
              {
                "condition": "query.get_equipped_item_name('off_hand') == 'bullet' && query.equipped_item_any_tag('slot.armor.legs','shooter_yasopp') && !query.equipped_item_any_tag('slot.armor.feet','haki_armament')",
                "shoot": {
                  "projectile": "wesl3y:style_yasopp<wesl3y:pistol2>",
                  "launch_power": 1.0
                },
                "run_command": {
                  "command": [
                    "clear @s wesl3y:bullet 0 1",
                    "playanimation @s animation.pistol.shoot wesl3y"
                  ]
                }
              },
              {
                "condition": "query.get_equipped_item_name('off_hand') == 'bullet' && !query.equipped_item_any_tag('slot.armor.legs','shooter_yasopp') && query.equipped_item_any_tag('slot.armor.feet','haki_armament')",
                "shoot": {
                  "projectile": "wesl3y:style_yasopp<wesl3y:pistol1_haki>",
                  "launch_power": 0.5
                },
                "run_command": {
                  "command": [
                    "clear @s wesl3y:bullet 0 1",
                    "playanimation @s animation.pistol.shoot wesl3y"
                  ]
                }
              },
              {
                "condition": "query.get_equipped_item_name('off_hand') == 'bullet' && query.equipped_item_any_tag('slot.armor.legs','shooter_yasopp') && query.equipped_item_any_tag('slot.armor.feet','haki_armament')",
                "shoot": {
                  "projectile": "wesl3y:style_yasopp<wesl3y:pistol2_haki>",
                  "launch_power": 1.0
                },
                "run_command": {
                  "command": [
                    "clear @s wesl3y:bullet 0 1",
                    "playanimation @s animation.pistol.shoot wesl3y"
                  ]
                }
              }
            ]
          }
        ]
	  }
	}
  }
}