{
	"format_version": "1.10.0",
	"animation_controllers": {
		"controller.animation.backrooms_portal_commands": {
			"states": {
				"default": {
					"transitions": [
						{
							"tp": "query.skin_id == 1"
						}
					]
				},
				"tp": {
					"transitions": [
						{
							"default": "query.skin_id != 1"
						}
					],
					"on_entry": [
						"/structure load backrooms_room1 ~-10 ~19 ~-10",
						"/teleport @p ~~20~",
						"/effect @p blindness 5",
						"/effect @p slowness 2 10",
						"/title @p actionbar You No-Clipepd out of reality...",
						"/playsound ambient.cave @p ~ ~20 ~ 100",
						"@s execute_no_commands"
					]
				}
			}
		}
	}
}
