{
  "format_version":"1.16.100",
  "animation_controllers":{
    "controller.animation.kaizoku_sunasuna":{
      "states":{
        "default":{
          "transitions":[
            {"1":"query.has_target && !query.is_in_water_or_rain"}
          ]
        },
        "1":{
          "transitions":[
            {"default":"(1.0)"}
          ],
          "on_entry":[
            "/effect @s speed 10 1 true",
            "/particle onepiece_addon:sunasuna2 ~~~"
          ]
        }
      }
    }
  }
}