{
	"format_version": "1.12.0",
	"minecraft:geometry": [
		{
			"description": {
				"identifier": "geometry.bazooka_bullet",
				"texture_width": 16,
				"texture_height": 16,
				"visible_bounds_width": 2,
				"visible_bounds_height": 1.5,
				"visible_bounds_offset": [0, 0.25, 0]
			},
			"bones": [
				{
					"name": "body",
					"pivot": [0, 0, 0],
					"cubes": [
						{
							"origin": [-1.79514, -2.6159, -3],
							"size": [2.84375, 5.875, 10],
							"pivot": [-0.37326, 0.3841, 2],
							"rotation": [0, 0, -45],
							"uv": {
								"north": {"uv": [0, 0], "uv_size": [4, 4]},
								"east": {"uv": [0, 0], "uv_size": [4, 4]},
								"south": {"uv": [0, 0], "uv_size": [4, 4]},
								"west": {"uv": [0, 0], "uv_size": [4, 4]},
								"up": {"uv": [4, 4], "uv_size": [-4, -4]},
								"down": {"uv": [4, 4], "uv_size": [-4, -4]}
							}
						},
						{
							"origin": [-2, -2, -5],
							"size": [4, 4, 2],
							"uv": {
								"north": {"uv": [4, 0], "uv_size": [4, 4]},
								"east": {"uv": [4, 0], "uv_size": [4, 4]},
								"south": {"uv": [4, 0], "uv_size": [4, 4]},
								"west": {"uv": [4, 0], "uv_size": [4, 4]},
								"up": {"uv": [8, 4], "uv_size": [-4, -4]},
								"down": {"uv": [8, 4], "uv_size": [-4, -4]}
							}
						},
						{
							"origin": [-2.53492, -2, -4.31075],
							"size": [4, 4, 2],
							"pivot": [-0.53492, 0, -3.31075],
							"rotation": [0, -22.5, 0],
							"uv": {
								"north": {"uv": [4, 0], "uv_size": [4, 4]},
								"east": {"uv": [4, 0], "uv_size": [4, 4]},
								"south": {"uv": [4, 0], "uv_size": [4, 4]},
								"west": {"uv": [4, 0], "uv_size": [4, 4]},
								"up": {"uv": [8, 4], "uv_size": [-4, -4]},
								"down": {"uv": [8, 4], "uv_size": [-4, -4]}
							}
						},
						{
							"origin": [-1.46508, -2, -4.31075],
							"size": [4, 4, 2],
							"pivot": [0.53492, 0, -3.31075],
							"rotation": [0, 22.5, 0],
							"uv": {
								"north": {"uv": [4, 0], "uv_size": [4, 4]},
								"east": {"uv": [4, 0], "uv_size": [4, 4]},
								"south": {"uv": [4, 0], "uv_size": [4, 4]},
								"west": {"uv": [4, 0], "uv_size": [4, 4]},
								"up": {"uv": [8, 4], "uv_size": [-4, -4]},
								"down": {"uv": [8, 4], "uv_size": [-4, -4]}
							}
						},
						{
							"origin": [-2, -1.3694, -4.32978],
							"size": [4, 4, 2.5],
							"pivot": [0, 0.6306, -3.07978],
							"rotation": [22.5, 0, 0],
							"uv": {
								"north": {"uv": [4, 0], "uv_size": [4, 4]},
								"east": {"uv": [4, 0], "uv_size": [4, 4]},
								"south": {"uv": [4, 0], "uv_size": [4, 4]},
								"west": {"uv": [4, 0], "uv_size": [4, 4]},
								"up": {"uv": [8, 4], "uv_size": [-4, -4]},
								"down": {"uv": [8, 4], "uv_size": [-4, -4]}
							}
						},
						{
							"origin": [-2, -2.6306, -4.32978],
							"size": [4, 4, 2.5],
							"pivot": [0, -0.6306, -3.07978],
							"rotation": [-22.5, 0, 0],
							"uv": {
								"north": {"uv": [4, 0], "uv_size": [4, 4]},
								"east": {"uv": [4, 0], "uv_size": [4, 4]},
								"south": {"uv": [4, 0], "uv_size": [4, 4]},
								"west": {"uv": [4, 0], "uv_size": [4, 4]},
								"up": {"uv": [8, 4], "uv_size": [-4, -4]},
								"down": {"uv": [8, 4], "uv_size": [-4, -4]}
							}
						},
						{
							"origin": [-1.09281, -2.5976, -3],
							"size": [2.84375, 5.875, 10],
							"pivot": [0.32907, 0.3399, 2],
							"rotation": [0, 0, 45],
							"uv": {
								"north": {"uv": [0, 0], "uv_size": [4, 4]},
								"east": {"uv": [0, 0], "uv_size": [4, 4]},
								"south": {"uv": [0, 0], "uv_size": [4, 4]},
								"west": {"uv": [0, 0], "uv_size": [4, 4]},
								"up": {"uv": [4, 4], "uv_size": [-4, -4]},
								"down": {"uv": [4, 4], "uv_size": [-4, -4]}
							}
						},
						{
							"origin": [-1.09281, -3.2774, -3],
							"size": [2.84375, 5.875, 10],
							"pivot": [0.32907, -0.3399, 2],
							"rotation": [0, 0, -45],
							"uv": {
								"north": {"uv": [0, 0], "uv_size": [4, 4]},
								"east": {"uv": [0, 0], "uv_size": [4, 4]},
								"south": {"uv": [0, 0], "uv_size": [4, 4]},
								"west": {"uv": [0, 0], "uv_size": [4, 4]},
								"up": {"uv": [4, 4], "uv_size": [-4, -4]},
								"down": {"uv": [4, 4], "uv_size": [-4, -4]}
							}
						},
						{
							"origin": [-1.75094, -3.2774, -3],
							"size": [2.84375, 5.875, 10],
							"pivot": [-0.32907, -0.3399, 2],
							"rotation": [0, 0, 45],
							"uv": {
								"north": {"uv": [0, 0], "uv_size": [4, 4]},
								"east": {"uv": [0, 0], "uv_size": [4, 4]},
								"south": {"uv": [0, 0], "uv_size": [4, 4]},
								"west": {"uv": [0, 0], "uv_size": [4, 4]},
								"up": {"uv": [4, 4], "uv_size": [-4, -4]},
								"down": {"uv": [4, 4], "uv_size": [-4, -4]}
							}
						},
						{
							"origin": [-3.375, -1.5, -3],
							"size": [6.75, 3, 10],
							"uv": {
								"north": {"uv": [0, 0], "uv_size": [4, 4]},
								"east": {"uv": [0, 0], "uv_size": [4, 4]},
								"south": {"uv": [0, 0], "uv_size": [4, 4]},
								"west": {"uv": [0, 0], "uv_size": [4, 4]},
								"up": {"uv": [4, 4], "uv_size": [-4, -4]},
								"down": {"uv": [4, 4], "uv_size": [-4, -4]}
							}
						},
						{
							"origin": [-3.375, -1.5, -3],
							"size": [6.75, 3, 10],
							"pivot": [0, 0, 2],
							"rotation": [0, 0, 90],
							"uv": {
								"north": {"uv": [0, 0], "uv_size": [4, 4]},
								"east": {"uv": [0, 0], "uv_size": [4, 4]},
								"south": {"uv": [0, 0], "uv_size": [4, 4]},
								"west": {"uv": [0, 0], "uv_size": [4, 4]},
								"up": {"uv": [4, 4], "uv_size": [-4, -4]},
								"down": {"uv": [4, 4], "uv_size": [-4, -4]}
							}
						}
					]
				}
			]
		}
	]
}