{
	"format_version": "1.12.0",
	"minecraft:geometry": [
		{
			"description": {
				"identifier": "geometry.dwarf",
				"texture_width": 64,
				"texture_height": 64,
				"visible_bounds_width": 3,
				"visible_bounds_height": 4.5,
				"visible_bounds_offset": [0, 0.75, 0]
			},
			"bones": [
				{
					"name": "root",
					"pivot": [0, 0, 0]
				},
				{
					"name": "tudo",
					"parent": "root",
					"pivot": [0, 12, 0]
				},
				{
					"name": "waist",
					"parent": "tudo",
					"pivot": [0, 12, 0]
				},
				{
					"name": "body",
					"parent": "waist",
					"pivot": [0, 24, 0],
					"cubes": [
						{
							"origin": [-1.5, 11.5, 2],
							"size": [3, 3, 1.5],
							"uv": {
								"north": {"uv": [8, 0], "uv_size": [8, 8]},
								"east": {"uv": [8, 0], "uv_size": [8, 8]},
								"south": {"uv": [8, 0], "uv_size": [8, 8]},
								"west": {"uv": [8, 0], "uv_size": [8, 8]},
								"up": {"uv": [16, 0], "uv_size": [-8, 8]},
								"down": {"uv": [16, 8], "uv_size": [-8, -8]}
							}
						},
						{
							"origin": [-1.5, 11.5, 8.5],
							"size": [3, 3.25, 0.5],
							"uv": {
								"north": {"uv": [8, 0], "uv_size": [8, 8]},
								"east": {"uv": [8, 0], "uv_size": [8, 8]},
								"south": {"uv": [8, 0], "uv_size": [8, 8]},
								"west": {"uv": [8, 0], "uv_size": [8, 8]},
								"up": {"uv": [16, 0], "uv_size": [-8, 8]},
								"down": {"uv": [16, 8], "uv_size": [-8, -8]}
							}
						},
						{
							"origin": [-1, 12, 9],
							"size": [2, 2.5, 0.5],
							"uv": {
								"north": {"uv": [8, 0], "uv_size": [8, 8]},
								"east": {"uv": [8, 0], "uv_size": [8, 8]},
								"south": {"uv": [8, 0], "uv_size": [8, 8]},
								"west": {"uv": [8, 0], "uv_size": [8, 8]},
								"up": {"uv": [16, 0], "uv_size": [-8, 8]},
								"down": {"uv": [16, 8], "uv_size": [-8, -8]}
							}
						},
						{
							"origin": [-0.25, 13, 10],
							"size": [0.5, 1, 0.5],
							"uv": {
								"north": {"uv": [8, 0], "uv_size": [8, 8]},
								"east": {"uv": [8, 0], "uv_size": [8, 8]},
								"south": {"uv": [8, 0], "uv_size": [8, 8]},
								"west": {"uv": [8, 0], "uv_size": [8, 8]},
								"up": {"uv": [16, 0], "uv_size": [-8, 8]},
								"down": {"uv": [16, 8], "uv_size": [-8, -8]}
							}
						},
						{
							"origin": [-0.5, 12.5, 9.5],
							"size": [1, 1.75, 0.5],
							"uv": {
								"north": {"uv": [8, 0], "uv_size": [8, 8]},
								"east": {"uv": [8, 0], "uv_size": [8, 8]},
								"south": {"uv": [8, 0], "uv_size": [8, 8]},
								"west": {"uv": [8, 0], "uv_size": [8, 8]},
								"up": {"uv": [16, 0], "uv_size": [-8, 8]},
								"down": {"uv": [16, 8], "uv_size": [-8, -8]}
							}
						},
						{
							"origin": [-1.5, 11, 3.5],
							"size": [3, 4, 5],
							"uv": {
								"north": {"uv": [8, 0], "uv_size": [8, 8]},
								"east": {"uv": [8, 0], "uv_size": [8, 8]},
								"south": {"uv": [8, 0], "uv_size": [8, 8]},
								"west": {"uv": [8, 0], "uv_size": [8, 8]},
								"up": {"uv": [16, 0], "uv_size": [-8, 8]},
								"down": {"uv": [16, 8], "uv_size": [-8, -8]}
							}
						},
						{
							"origin": [-1.5, 10.5, 5],
							"size": [3, 5, 3],
							"uv": {
								"north": {"uv": [8, 0], "uv_size": [8, 8]},
								"east": {"uv": [8, 0], "uv_size": [8, 8]},
								"south": {"uv": [8, 0], "uv_size": [8, 8]},
								"west": {"uv": [8, 0], "uv_size": [8, 8]},
								"up": {"uv": [16, 0], "uv_size": [-8, 8]},
								"down": {"uv": [16, 8], "uv_size": [-8, -8]}
							}
						},
						{
							"origin": [-2, 11.5, 3.5],
							"size": [4, 3, 5],
							"uv": {
								"north": {"uv": [8, 0], "uv_size": [8, 8]},
								"east": {"uv": [8, 0], "uv_size": [8, 8]},
								"south": {"uv": [8, 0], "uv_size": [8, 8]},
								"west": {"uv": [8, 0], "uv_size": [8, 8]},
								"up": {"uv": [16, 0], "uv_size": [-8, 8]},
								"down": {"uv": [16, 8], "uv_size": [-8, -8]}
							}
						},
						{
							"origin": [-2.5, 11.5, 5],
							"size": [5, 3, 3],
							"uv": {
								"north": {"uv": [8, 0], "uv_size": [8, 8]},
								"east": {"uv": [8, 0], "uv_size": [8, 8]},
								"south": {"uv": [8, 0], "uv_size": [8, 8]},
								"west": {"uv": [8, 0], "uv_size": [8, 8]},
								"up": {"uv": [16, 0], "uv_size": [-8, 8]},
								"down": {"uv": [16, 8], "uv_size": [-8, -8]}
							}
						},
						{
							"origin": [-2, 11, 5],
							"size": [4, 4, 3],
							"uv": {
								"north": {"uv": [8, 0], "uv_size": [8, 8]},
								"east": {"uv": [8, 0], "uv_size": [8, 8]},
								"south": {"uv": [8, 0], "uv_size": [8, 8]},
								"west": {"uv": [8, 0], "uv_size": [8, 8]},
								"up": {"uv": [16, 0], "uv_size": [-8, 8]},
								"down": {"uv": [16, 8], "uv_size": [-8, -8]}
							}
						}
					]
				},
				{
					"name": "head",
					"parent": "body",
					"pivot": [0, 24.5, 0.5],
					"cubes": [
						{
							"origin": [0, 26.5, -5],
							"size": [0, 1, 1.5],
							"uv": {
								"north": {"uv": [64, 64], "uv_size": [0, 0]},
								"east": {"uv": [0, 32], "uv_size": [8, 6]},
								"south": {"uv": [64, 64], "uv_size": [0, 0]},
								"west": {"uv": [8, 32], "uv_size": [-8, 6]},
								"up": {"uv": [64, 64], "uv_size": [0, 0]},
								"down": {"uv": [64, 64], "uv_size": [0, 0]}
							}
						}
					]
				}
			]
		}
	]
}