{
	"format_version": "1.12.0",
	"minecraft:geometry": [
		{
			"description": {
				"identifier": "geometry.fishman",
				"texture_width": 64,
				"texture_height": 64,
				"visible_bounds_width": 3,
				"visible_bounds_height": 4.5,
				"visible_bounds_offset": [0, 0.75, 0]
			},
			"bones": [
				{
					"name": "root",
					"pivot": [0, 0, 0]
				},
				{
					"name": "tudo",
					"parent": "root",
					"pivot": [0, 12, 0]
				},
				{
					"name": "waist",
					"parent": "tudo",
					"pivot": [0, 12, 0]
				},
				{
					"name": "body",
					"parent": "waist",
					"pivot": [0, 24, 0]
				},
				{
					"name": "barbatana",
					"parent": "body",
					"pivot": [0, 20.41632, 2.30223],
					"cubes": [
						{
							"origin": [-0.71, 19.4901, 1.84933],
							"size": [1.42, 3.045, 2.07],
							"inflate": 0.2,
							"uv": {
								"north": {"uv": [16, 60], "uv_size": [4, 4]},
								"east": {"uv": [16, 60], "uv_size": [4, 4]},
								"south": {"uv": [16, 60], "uv_size": [4, 4]},
								"west": {"uv": [16, 60], "uv_size": [4, 4]},
								"up": {"uv": [20, 64], "uv_size": [-4, -4]},
								"down": {"uv": [20, 64], "uv_size": [-4, -4]}
							}
						},
						{
							"origin": [-0.71, 19.4901, 1.84933],
							"size": [1.42, 1.42, 3.695],
							"inflate": 0.2,
							"uv": {
								"north": {"uv": [16, 60], "uv_size": [4, 4]},
								"east": {"uv": [16, 60], "uv_size": [4, 4]},
								"south": {"uv": [16, 60], "uv_size": [4, 4]},
								"west": {"uv": [16, 60], "uv_size": [4, 4]},
								"up": {"uv": [20, 64], "uv_size": [-4, -4]},
								"down": {"uv": [20, 64], "uv_size": [-4, -4]}
							}
						},
						{
							"origin": [-0.71, 19.92153, 3.65124],
							"size": [1.42, 2.07, 2.72],
							"inflate": 0.2,
							"pivot": [0, 20.95653, 5.01123],
							"rotation": [-25, 0, 0],
							"uv": {
								"north": {"uv": [16, 60], "uv_size": [4, 4]},
								"east": {"uv": [16, 60], "uv_size": [4, 4]},
								"south": {"uv": [16, 60], "uv_size": [4, 4]},
								"west": {"uv": [16, 60], "uv_size": [4, 4]},
								"up": {"uv": [20, 64], "uv_size": [-4, -4]},
								"down": {"uv": [20, 64], "uv_size": [-4, -4]}
							}
						},
						{
							"origin": [-0.71, 19.62382, 3.36908],
							"size": [1.42, 1.095, 4.345],
							"inflate": 0.2,
							"pivot": [0, 20.17132, 5.54158],
							"rotation": [-25, 0, 0],
							"uv": {
								"north": {"uv": [16, 60], "uv_size": [4, 4]},
								"east": {"uv": [16, 60], "uv_size": [4, 4]},
								"south": {"uv": [16, 60], "uv_size": [4, 4]},
								"west": {"uv": [16, 60], "uv_size": [4, 4]},
								"up": {"uv": [20, 64], "uv_size": [-4, -4]},
								"down": {"uv": [20, 64], "uv_size": [-4, -4]}
							}
						},
						{
							"origin": [-0.71, 19.19352, 6.01714],
							"size": [1.42, 1.095, 2.72],
							"inflate": 0.2,
							"pivot": [0, 19.74102, 7.37714],
							"rotation": [-50, 0, 0],
							"uv": {
								"north": {"uv": [16, 60], "uv_size": [4, 4]},
								"east": {"uv": [16, 60], "uv_size": [4, 4]},
								"south": {"uv": [16, 60], "uv_size": [4, 4]},
								"west": {"uv": [16, 60], "uv_size": [4, 4]},
								"up": {"uv": [20, 64], "uv_size": [-4, -4]},
								"down": {"uv": [20, 64], "uv_size": [-4, -4]}
							}
						}
					]
				},
				{
					"name": "rightA",
					"parent": "body",
					"pivot": [-6, 24, 0]
				},
				{
					"name": "rightArm",
					"parent": "rightA",
					"pivot": [-5, 22, 0]
				},
				{
					"name": "right_barbatana",
					"parent": "rightArm",
					"pivot": [-6, 19.16632, 4.30223],
					"cubes": [
						{
							"origin": [-6.5, 18.5, 2],
							"size": [1, 2.25, 1.5],
							"inflate": 0.2,
							"uv": {
								"north": {"uv": [16, 60], "uv_size": [4, 4]},
								"east": {"uv": [16, 60], "uv_size": [4, 4]},
								"south": {"uv": [16, 60], "uv_size": [4, 4]},
								"west": {"uv": [16, 60], "uv_size": [4, 4]},
								"up": {"uv": [20, 64], "uv_size": [-4, -4]},
								"down": {"uv": [20, 64], "uv_size": [-4, -4]}
							}
						},
						{
							"origin": [-6.5, 18.5, 2],
							"size": [1, 1, 2.75],
							"inflate": 0.2,
							"uv": {
								"north": {"uv": [16, 60], "uv_size": [4, 4]},
								"east": {"uv": [16, 60], "uv_size": [4, 4]},
								"south": {"uv": [16, 60], "uv_size": [4, 4]},
								"west": {"uv": [16, 60], "uv_size": [4, 4]},
								"up": {"uv": [20, 64], "uv_size": [-4, -4]},
								"down": {"uv": [20, 64], "uv_size": [-4, -4]}
							}
						},
						{
							"origin": [-6.5, 18.83187, 3.38608],
							"size": [1, 1.5, 2],
							"inflate": 0.2,
							"pivot": [-6, 19.58187, 4.38608],
							"rotation": [-25, 0, 0],
							"uv": {
								"north": {"uv": [16, 60], "uv_size": [4, 4]},
								"east": {"uv": [16, 60], "uv_size": [4, 4]},
								"south": {"uv": [16, 60], "uv_size": [4, 4]},
								"west": {"uv": [16, 60], "uv_size": [4, 4]},
								"up": {"uv": [20, 64], "uv_size": [-4, -4]},
								"down": {"uv": [20, 64], "uv_size": [-4, -4]}
							}
						},
						{
							"origin": [-6.5, 18.60286, 3.16904],
							"size": [1, 0.75, 3.25],
							"inflate": 0.2,
							"pivot": [-6, 18.97786, 4.79404],
							"rotation": [-25, 0, 0],
							"uv": {
								"north": {"uv": [16, 60], "uv_size": [4, 4]},
								"east": {"uv": [16, 60], "uv_size": [4, 4]},
								"south": {"uv": [16, 60], "uv_size": [4, 4]},
								"west": {"uv": [16, 60], "uv_size": [4, 4]},
								"up": {"uv": [20, 64], "uv_size": [-4, -4]},
								"down": {"uv": [20, 64], "uv_size": [-4, -4]}
							}
						},
						{
							"origin": [-6.5, 18.27186, 5.20601],
							"size": [1, 0.75, 2],
							"inflate": 0.2,
							"pivot": [-6, 18.64686, 6.20601],
							"rotation": [-50, 0, 0],
							"uv": {
								"north": {"uv": [16, 60], "uv_size": [4, 4]},
								"east": {"uv": [16, 60], "uv_size": [4, 4]},
								"south": {"uv": [16, 60], "uv_size": [4, 4]},
								"west": {"uv": [16, 60], "uv_size": [4, 4]},
								"up": {"uv": [20, 64], "uv_size": [-4, -4]},
								"down": {"uv": [20, 64], "uv_size": [-4, -4]}
							}
						}
					]
				},
				{
					"name": "leftA",
					"parent": "body",
					"pivot": [6, 24, 0]
				},
				{
					"name": "leftArm",
					"parent": "leftA",
					"pivot": [5, 22, 0]
				},
				{
					"name": "left_barbatana",
					"parent": "leftArm",
					"pivot": [6, 19.16632, 4.30223],
					"cubes": [
						{
							"origin": [5.5, 18.5, 2],
							"size": [1, 2.25, 1.5],
							"inflate": 0.2,
							"uv": {
								"north": {"uv": [16, 60], "uv_size": [4, 4]},
								"east": {"uv": [16, 60], "uv_size": [4, 4]},
								"south": {"uv": [16, 60], "uv_size": [4, 4]},
								"west": {"uv": [16, 60], "uv_size": [4, 4]},
								"up": {"uv": [20, 64], "uv_size": [-4, -4]},
								"down": {"uv": [20, 64], "uv_size": [-4, -4]}
							}
						},
						{
							"origin": [5.5, 18.5, 2],
							"size": [1, 1, 2.75],
							"inflate": 0.2,
							"uv": {
								"north": {"uv": [16, 60], "uv_size": [4, 4]},
								"east": {"uv": [16, 60], "uv_size": [4, 4]},
								"south": {"uv": [16, 60], "uv_size": [4, 4]},
								"west": {"uv": [16, 60], "uv_size": [4, 4]},
								"up": {"uv": [20, 64], "uv_size": [-4, -4]},
								"down": {"uv": [20, 64], "uv_size": [-4, -4]}
							}
						},
						{
							"origin": [5.5, 18.83187, 3.38608],
							"size": [1, 1.5, 2],
							"inflate": 0.2,
							"pivot": [6, 19.58187, 4.38608],
							"rotation": [-25, 0, 0],
							"uv": {
								"north": {"uv": [16, 60], "uv_size": [4, 4]},
								"east": {"uv": [16, 60], "uv_size": [4, 4]},
								"south": {"uv": [16, 60], "uv_size": [4, 4]},
								"west": {"uv": [16, 60], "uv_size": [4, 4]},
								"up": {"uv": [20, 64], "uv_size": [-4, -4]},
								"down": {"uv": [20, 64], "uv_size": [-4, -4]}
							}
						},
						{
							"origin": [5.5, 18.60286, 3.16904],
							"size": [1, 0.75, 3.25],
							"inflate": 0.2,
							"pivot": [6, 18.97786, 4.79404],
							"rotation": [-25, 0, 0],
							"uv": {
								"north": {"uv": [16, 60], "uv_size": [4, 4]},
								"east": {"uv": [16, 60], "uv_size": [4, 4]},
								"south": {"uv": [16, 60], "uv_size": [4, 4]},
								"west": {"uv": [16, 60], "uv_size": [4, 4]},
								"up": {"uv": [20, 64], "uv_size": [-4, -4]},
								"down": {"uv": [20, 64], "uv_size": [-4, -4]}
							}
						},
						{
							"origin": [5.5, 18.27186, 5.20601],
							"size": [1, 0.75, 2],
							"inflate": 0.2,
							"pivot": [6, 18.64686, 6.20601],
							"rotation": [-50, 0, 0],
							"uv": {
								"north": {"uv": [16, 60], "uv_size": [4, 4]},
								"east": {"uv": [16, 60], "uv_size": [4, 4]},
								"south": {"uv": [16, 60], "uv_size": [4, 4]},
								"west": {"uv": [16, 60], "uv_size": [4, 4]},
								"up": {"uv": [20, 64], "uv_size": [-4, -4]},
								"down": {"uv": [20, 64], "uv_size": [-4, -4]}
							}
						}
					]
				}
			]
		}
	]
}