{
	"format_version": "1.12.0",
	"minecraft:geometry": [
		{
			"description": {
				"identifier": "geometry.handcuffs_kairoseki",
				"texture_width": 64,
				"texture_height": 64,
				"visible_bounds_width": 3,
				"visible_bounds_height": 4.5,
				"visible_bounds_offset": [0, 0.75, 0]
			},
			"bones": [
				{
					"name": "root",
					"pivot": [0, 0, 0]
				},
				{
					"name": "tudo",
					"parent": "root",
					"pivot": [0, 12, 0]
				},
				{
					"name": "waist",
					"parent": "tudo",
					"pivot": [0, 12, 0]
				},
				{
					"name": "body",
					"parent": "waist",
					"pivot": [0, 24, 0]
				},
				{
					"name": "handcuffs_kairoseki",
					"parent": "body",
					"pivot": [0, 13.625, 0],
					"cubes": [
						{
							"origin": [-7.775, 13.2, -3.4],
							"size": [3.4, 0.85, 1.7],
							"uv": {
								"north": {"uv": [60, 24], "uv_size": [-8, 2]},
								"east": {"uv": [58, 24], "uv_size": [2, 4]},
								"south": {"uv": [52, 26], "uv_size": [8, 2]},
								"west": {"uv": [52, 24], "uv_size": [2, 4]},
								"up": {"uv": [60, 28], "uv_size": [-8, -4]},
								"down": {"uv": [60, 24], "uv_size": [-8, 4]}
							}
						},
						{
							"origin": [4.375, 13.2, -3.4],
							"size": [3.4, 0.85, 1.7],
							"uv": {
								"north": {"uv": [52, 24], "uv_size": [8, 2]},
								"east": {"uv": [52, 28], "uv_size": [2, -4]},
								"south": {"uv": [60, 26], "uv_size": [-8, 2]},
								"west": {"uv": [58, 28], "uv_size": [2, -4]},
								"up": {"uv": [52, 28], "uv_size": [8, -4]},
								"down": {"uv": [52, 24], "uv_size": [8, 4]}
							}
						},
						{
							"origin": [-4.375, 13.2, -2.55],
							"size": [0.85, 0.85, 5.1],
							"uv": {
								"north": {"uv": [52, 26], "uv_size": [-2, 2]},
								"east": {"uv": [50, 26], "uv_size": [2, 12]},
								"south": {"uv": [50, 36], "uv_size": [2, 2]},
								"west": {"uv": [50, 26], "uv_size": [2, 12]},
								"up": {"uv": [52, 38], "uv_size": [-2, -12]},
								"down": {"uv": [52, 26], "uv_size": [-2, 12]}
							}
						},
						{
							"origin": [3.525, 13.2, -2.55],
							"size": [0.85, 0.85, 5.1],
							"uv": {
								"north": {"uv": [50, 26], "uv_size": [2, 2]},
								"east": {"uv": [50, 38], "uv_size": [2, -12]},
								"south": {"uv": [52, 36], "uv_size": [-2, 2]},
								"west": {"uv": [50, 38], "uv_size": [2, -12]},
								"up": {"uv": [50, 38], "uv_size": [2, -12]},
								"down": {"uv": [50, 26], "uv_size": [2, 12]}
							}
						},
						{
							"origin": [-8.625, 13.2, -2.55],
							"size": [0.85, 0.85, 5.1],
							"uv": {
								"north": {"uv": [62, 26], "uv_size": [-2, 2]},
								"east": {"uv": [60, 26], "uv_size": [2, 12]},
								"south": {"uv": [60, 36], "uv_size": [2, 2]},
								"west": {"uv": [60, 26], "uv_size": [2, 12]},
								"up": {"uv": [62, 38], "uv_size": [-2, -12]},
								"down": {"uv": [62, 26], "uv_size": [-2, 12]}
							}
						},
						{
							"origin": [7.775, 13.2, -2.55],
							"size": [0.85, 0.85, 5.1],
							"uv": {
								"north": {"uv": [60, 26], "uv_size": [2, 2]},
								"east": {"uv": [60, 38], "uv_size": [2, -12]},
								"south": {"uv": [62, 36], "uv_size": [-2, 2]},
								"west": {"uv": [60, 38], "uv_size": [2, -12]},
								"up": {"uv": [60, 38], "uv_size": [2, -12]},
								"down": {"uv": [60, 26], "uv_size": [2, 12]}
							}
						},
						{
							"origin": [-3.525, 13.2, -1.7],
							"size": [0.85, 0.85, 3.4],
							"uv": {
								"north": {"uv": [50, 28], "uv_size": [-2, 2]},
								"east": {"uv": [48, 28], "uv_size": [2, 8]},
								"south": {"uv": [48, 34], "uv_size": [2, 2]},
								"west": {"uv": [48, 28], "uv_size": [2, 8]},
								"up": {"uv": [50, 36], "uv_size": [-2, -8]},
								"down": {"uv": [50, 28], "uv_size": [-2, 8]}
							}
						},
						{
							"origin": [2.675, 13.2, -1.7],
							"size": [0.85, 0.85, 3.4],
							"uv": {
								"north": {"uv": [48, 28], "uv_size": [2, 2]},
								"east": {"uv": [48, 36], "uv_size": [2, -8]},
								"south": {"uv": [50, 34], "uv_size": [-2, 2]},
								"west": {"uv": [48, 36], "uv_size": [2, -8]},
								"up": {"uv": [48, 36], "uv_size": [2, -8]},
								"down": {"uv": [48, 28], "uv_size": [2, 8]}
							}
						},
						{
							"origin": [-9.475, 13.2, -1.7],
							"size": [0.85, 0.85, 3.4],
							"uv": {
								"north": {"uv": [64, 28], "uv_size": [-2, 2]},
								"east": {"uv": [62, 28], "uv_size": [2, 8]},
								"south": {"uv": [62, 34], "uv_size": [2, 2]},
								"west": {"uv": [62, 28], "uv_size": [2, 8]},
								"up": {"uv": [64, 36], "uv_size": [-2, -8]},
								"down": {"uv": [64, 28], "uv_size": [-2, 8]}
							}
						},
						{
							"origin": [8.625, 13.2, -1.7],
							"size": [0.85, 0.85, 3.4],
							"uv": {
								"north": {"uv": [62, 28], "uv_size": [2, 2]},
								"east": {"uv": [62, 36], "uv_size": [2, -8]},
								"south": {"uv": [64, 34], "uv_size": [-2, 2]},
								"west": {"uv": [62, 36], "uv_size": [2, -8]},
								"up": {"uv": [62, 36], "uv_size": [2, -8]},
								"down": {"uv": [62, 28], "uv_size": [2, 8]}
							}
						},
						{
							"origin": [1.825, 13.2, -0.85],
							"size": [0.85, 0.85, 0.85],
							"uv": {
								"north": {"uv": [38, 30], "uv_size": [-2, 2]},
								"east": {"uv": [36, 30], "uv_size": [2, 2]},
								"south": {"uv": [36, 30], "uv_size": [2, 2]},
								"west": {"uv": [36, 30], "uv_size": [2, 2]},
								"up": {"uv": [38, 32], "uv_size": [-2, -2]},
								"down": {"uv": [38, 30], "uv_size": [-2, 2]}
							}
						},
						{
							"origin": [0, 13.2, -0.85],
							"size": [0.975, 0.85, 0.85],
							"uv": {
								"north": {"uv": [42, 30], "uv_size": [-2, 2]},
								"east": {"uv": [40, 30], "uv_size": [2, 2]},
								"south": {"uv": [40, 30], "uv_size": [2, 2]},
								"west": {"uv": [40, 30], "uv_size": [2, 2]},
								"up": {"uv": [42, 32], "uv_size": [-2, -2]},
								"down": {"uv": [42, 30], "uv_size": [-2, 2]}
							}
						},
						{
							"origin": [-1.825, 13.2, -0.85],
							"size": [0.85, 0.85, 0.85],
							"uv": {
								"north": {"uv": [46, 30], "uv_size": [-2, 2]},
								"east": {"uv": [44, 30], "uv_size": [2, 2]},
								"south": {"uv": [44, 30], "uv_size": [2, 2]},
								"west": {"uv": [44, 30], "uv_size": [2, 2]},
								"up": {"uv": [46, 32], "uv_size": [-2, -2]},
								"down": {"uv": [46, 30], "uv_size": [-2, 2]}
							}
						},
						{
							"origin": [0.975, 13.2, 0],
							"size": [0.85, 0.85, 0.85],
							"uv": {
								"north": {"uv": [40, 32], "uv_size": [-2, 2]},
								"east": {"uv": [38, 32], "uv_size": [2, 2]},
								"south": {"uv": [38, 32], "uv_size": [2, 2]},
								"west": {"uv": [38, 32], "uv_size": [2, 2]},
								"up": {"uv": [40, 34], "uv_size": [-2, -2]},
								"down": {"uv": [40, 32], "uv_size": [-2, 2]}
							}
						},
						{
							"origin": [-0.975, 13.2, 0],
							"size": [0.975, 0.85, 0.85],
							"uv": {
								"north": {"uv": [44, 32], "uv_size": [-2, 2]},
								"east": {"uv": [42, 32], "uv_size": [2, 2]},
								"south": {"uv": [42, 32], "uv_size": [2, 2]},
								"west": {"uv": [42, 32], "uv_size": [2, 2]},
								"up": {"uv": [44, 34], "uv_size": [-2, -2]},
								"down": {"uv": [44, 32], "uv_size": [-2, 2]}
							}
						},
						{
							"origin": [-2.675, 13.2, 0],
							"size": [0.85, 0.85, 0.85],
							"uv": {
								"north": {"uv": [48, 32], "uv_size": [-2, 2]},
								"east": {"uv": [46, 32], "uv_size": [2, 2]},
								"south": {"uv": [46, 32], "uv_size": [2, 2]},
								"west": {"uv": [46, 32], "uv_size": [2, 2]},
								"up": {"uv": [48, 34], "uv_size": [-2, -2]},
								"down": {"uv": [48, 32], "uv_size": [-2, 2]}
							}
						},
						{
							"origin": [-7.775, 13.2, 1.7],
							"size": [3.4, 0.85, 1.7],
							"uv": {
								"north": {"uv": [60, 36], "uv_size": [-8, 2]},
								"east": {"uv": [58, 36], "uv_size": [2, 4]},
								"south": {"uv": [52, 38], "uv_size": [8, 2]},
								"west": {"uv": [52, 36], "uv_size": [2, 4]},
								"up": {"uv": [60, 40], "uv_size": [-8, -4]},
								"down": {"uv": [60, 36], "uv_size": [-8, 4]}
							}
						},
						{
							"origin": [4.375, 13.2, 1.7],
							"size": [3.4, 0.85, 1.7],
							"uv": {
								"north": {"uv": [52, 36], "uv_size": [8, 2]},
								"east": {"uv": [52, 40], "uv_size": [2, -4]},
								"south": {"uv": [60, 38], "uv_size": [-8, 2]},
								"west": {"uv": [58, 40], "uv_size": [2, -4]},
								"up": {"uv": [52, 40], "uv_size": [8, -4]},
								"down": {"uv": [52, 36], "uv_size": [8, 4]}
							}
						}
					]
				}
			]
		}
	]
}