{
	"format_version": "1.12.0",
	"minecraft:geometry": [
		{
			"description": {
				"identifier": "geometry.knife_projetil",
				"texture_width": 64,
				"texture_height": 64,
				"visible_bounds_width": 4,
				"visible_bounds_height": 3.5,
				"visible_bounds_offset": [0, 1.25, 0]
			},
			"bones": [
				{
					"name": "root",
					"pivot": [0, 0, 0]
				},
				{
					"name": "tudo",
					"parent": "root",
					"pivot": [0, 12, 0]
				},
				{
					"name": "waist",
					"parent": "tudo",
					"pivot": [0, 12, 0]
				},
				{
					"name": "body",
					"parent": "waist",
					"pivot": [0, 0, 0]
				},
				{
					"name": "katana",
					"parent": "body",
					"pivot": [-1, 0.5, -2],
					"rotation": [0, 0, 90]
				},
				{
					"name": "cable",
					"parent": "katana",
					"pivot": [-1, 0.5, -4],
					"cubes": [
						{
							"origin": [-1, -0.5, -4],
							"size": [1, 2, 9],
							"uv": {
								"north": {"uv": [16, 8], "uv_size": [-8, 8]},
								"east": {"uv": [16, 8], "uv_size": [-8, 8]},
								"south": {"uv": [16, 8], "uv_size": [-8, 8]},
								"west": {"uv": [16, 8], "uv_size": [-8, 8]},
								"up": {"uv": [8, 16], "uv_size": [8, -8]},
								"down": {"uv": [8, 16], "uv_size": [8, -8]}
							}
						},
						{
							"origin": [-1, -0.5, 4],
							"size": [1, 2, 1],
							"inflate": 0.1,
							"uv": {
								"north": {"uv": [8, 8], "uv_size": [-8, 8]},
								"east": {"uv": [8, 8], "uv_size": [-8, 8]},
								"south": {"uv": [8, 8], "uv_size": [-8, 8]},
								"west": {"uv": [8, 8], "uv_size": [-8, 8]},
								"up": {"uv": [0, 16], "uv_size": [8, -8]},
								"down": {"uv": [0, 16], "uv_size": [8, -8]}
							}
						},
						{
							"origin": [-1, -0.5, -4],
							"size": [1, 2, 1],
							"inflate": 0.1,
							"uv": {
								"north": {"uv": [8, 8], "uv_size": [-8, 8]},
								"east": {"uv": [8, 8], "uv_size": [-8, 8]},
								"south": {"uv": [8, 8], "uv_size": [-8, 8]},
								"west": {"uv": [8, 8], "uv_size": [-8, 8]},
								"up": {"uv": [0, 16], "uv_size": [8, -8]},
								"down": {"uv": [0, 16], "uv_size": [8, -8]}
							}
						},
						{
							"origin": [-1.5, -1, -4],
							"size": [2, 3, 0.5],
							"inflate": 0.1,
							"uv": {
								"north": {"uv": [8, 8], "uv_size": [-8, 8]},
								"east": {"uv": [8, 8], "uv_size": [-8, 8]},
								"south": {"uv": [8, 8], "uv_size": [-8, 8]},
								"west": {"uv": [8, 8], "uv_size": [-8, 8]},
								"up": {"uv": [0, 16], "uv_size": [8, -8]},
								"down": {"uv": [0, 16], "uv_size": [8, -8]}
							}
						},
						{
							"origin": [-1, -0.5, 0],
							"size": [1, 2, 2],
							"inflate": 0.01,
							"uv": {
								"north": {"uv": [8, 56], "uv_size": [-8, 8]},
								"east": {"uv": [24, 16], "uv_size": [-8, 8]},
								"south": {"uv": [8, 56], "uv_size": [-8, 8]},
								"west": {"uv": [24, 16], "uv_size": [-8, 8]},
								"up": {"uv": [0, 64], "uv_size": [8, -8]},
								"down": {"uv": [0, 64], "uv_size": [8, -8]}
							}
						}
					]
				},
				{
					"name": "blade",
					"parent": "katana",
					"pivot": [-1, 0.5, -4],
					"cubes": [
						{
							"origin": [-0.5, -0.25, -15],
							"size": [0, 1.5, 11],
							"inflate": 0.01,
							"uv": {
								"north": {"uv": [0, 64], "uv_size": [0, 0]},
								"east": {"uv": [32, 0], "uv_size": [32, 8]},
								"south": {"uv": [0, 64], "uv_size": [0, 0]},
								"west": {"uv": [64, 0], "uv_size": [-32, 8]},
								"up": {"uv": [0, 64], "uv_size": [0, 0]},
								"down": {"uv": [0, 64], "uv_size": [0, 0]}
							}
						}
					]
				}
			]
		}
	]
}