{
	"format_version": "1.12.0",
	"minecraft:geometry": [
		{
			"description": {
				"identifier": "geometry.mink_dog",
				"texture_width": 64,
				"texture_height": 64,
				"visible_bounds_width": 3,
				"visible_bounds_height": 4.5,
				"visible_bounds_offset": [0, 0.75, 0]
			},
			"bones": [
				{
					"name": "root",
					"pivot": [0, 0, 0]
				},
				{
					"name": "tudo",
					"parent": "root",
					"pivot": [0, 12, 0]
				},
				{
					"name": "waist",
					"parent": "tudo",
					"pivot": [0, 12, 0]
				},
				{
					"name": "body",
					"parent": "waist",
					"pivot": [0, 24, 0]
				},
				{
					"name": "head",
					"parent": "body",
					"pivot": [0, 24, 0],
					"cubes": [
						{
							"origin": [-3.75, 24, -4],
							"size": [7.5, 8, 8],
							"inflate": 0.01,
							"uv": {
								"north": {"uv": [0, 0], "uv_size": [32, 32]},
								"east": {"uv": [64, 64], "uv_size": [0, 0]},
								"south": {"uv": [64, 64], "uv_size": [0, 0]},
								"west": {"uv": [64, 64], "uv_size": [0, 0]},
								"up": {"uv": [64, 64], "uv_size": [0, 0]},
								"down": {"uv": [64, 64], "uv_size": [0, 0]}
							}
						},
						{
							"origin": [-0.5, 26, -4.25],
							"size": [1, 0.5, 0.5],
							"uv": {
								"north": {"uv": [12, 60], "uv_size": [4, 4]},
								"east": {"uv": [12, 60], "uv_size": [4, 4]},
								"south": {"uv": [12, 60], "uv_size": [4, 4]},
								"west": {"uv": [12, 60], "uv_size": [4, 4]},
								"up": {"uv": [16, 64], "uv_size": [-4, -4]},
								"down": {"uv": [16, 64], "uv_size": [-4, -4]}
							}
						},
						{
							"origin": [1, 32, -2],
							"size": [3, 6, 0],
							"uv": {
								"north": {"uv": [52, 39], "uv_size": [12, 25]},
								"east": {"uv": [64, 64], "uv_size": [0, 0]},
								"south": {"uv": [64, 64], "uv_size": [0, 0]},
								"west": {"uv": [64, 64], "uv_size": [0, 0]},
								"up": {"uv": [64, 64], "uv_size": [0, 0]},
								"down": {"uv": [64, 64], "uv_size": [0, 0]}
							}
						},
						{
							"origin": [-4, 32, -2],
							"size": [3, 6, 0],
							"uv": {
								"north": {"uv": [64, 39], "uv_size": [-12, 25]},
								"east": {"uv": [64, 64], "uv_size": [0, 0]},
								"south": {"uv": [64, 64], "uv_size": [0, 0]},
								"west": {"uv": [64, 64], "uv_size": [0, 0]},
								"up": {"uv": [64, 64], "uv_size": [0, 0]},
								"down": {"uv": [64, 64], "uv_size": [0, 0]}
							}
						}
					]
				}
			]
		}
	]
}