{
	"format_version": "1.12.0",
	"minecraft:geometry": [
		{
			"description": {
				"identifier": "geometry.player_woman2",
				"texture_width": 64,
				"texture_height": 64,
				"visible_bounds_width": 3,
				"visible_bounds_height": 4.5,
				"visible_bounds_offset": [0, 0.75, 0]
			},
			"bones": [
				{
					"name": "root",
					"pivot": [0, 0, 0]
				},
				{
					"name": "tudo",
					"parent": "root",
					"pivot": [0, 12, 0]
				},
				{
					"name": "waist",
					"parent": "tudo",
					"pivot": [0, 12, 0]
				},
				{
					"name": "body",
					"parent": "waist",
					"pivot": [0, 24, 0],
					"cubes": [
						{
							"origin": [-4, 12, -2],
							"size": [8, 12, 4],
							"uv": {
								"north": {"uv": [20, 20], "uv_size": [8, 12]},
								"east": {"uv": [16, 20], "uv_size": [4, 12]},
								"south": {"uv": [32, 20], "uv_size": [8, 12]},
								"west": {"uv": [28, 20], "uv_size": [4, 12]},
								"up": {"uv": [20, 16], "uv_size": [8, 4]},
								"down": {"uv": [20, 20], "uv_size": [8, -4]}
							}
						},
						{
							"origin": [-4, 19.79289, -3.29289],
							"size": [8, 2, 4],
							"pivot": [0, 20.79289, -1.29289],
							"rotation": [-45, 0, 0],
							"uv": {
								"north": {"uv": [20, 21], "uv_size": [8, 2]},
								"east": {"uv": [16, 21], "uv_size": [4, 2]},
								"south": {"uv": [32, 21], "uv_size": [8, 2]},
								"west": {"uv": [28, 21], "uv_size": [4, 2]},
								"up": {"uv": [20, 17], "uv_size": [8, 4]},
								"down": {"uv": [20, 23], "uv_size": [8, 3]}
							}
						},
						{
							"origin": [-4, 18, -3.41421],
							"size": [8, 3.5, 4],
							"uv": {
								"north": {"uv": [20, 23], "uv_size": [8, 3]},
								"east": {"uv": [16, 23], "uv_size": [4, 3]},
								"south": {"uv": [32, 23], "uv_size": [8, 3]},
								"west": {"uv": [28, 23], "uv_size": [4, 3]},
								"up": {"uv": [20, 19], "uv_size": [8, 4]},
								"down": {"uv": [20, 26], "uv_size": [8, 3]}
							}
						}
					],
					"locators": {
						"body": [0, 12, 0]
					}
				},
				{
					"name": "handcuffs_kairoseki",
					"parent": "body",
					"pivot": [0, 13.625, 0]
				},
				{
					"name": "head",
					"parent": "body",
					"pivot": [0, 24, 0],
					"cubes": [
						{
							"origin": [-4, 24, -4],
							"size": [8, 8, 8],
							"uv": {
								"north": {"uv": [8, 8], "uv_size": [8, 8]},
								"east": {"uv": [0, 8], "uv_size": [8, 8]},
								"south": {"uv": [24, 8], "uv_size": [8, 8]},
								"west": {"uv": [16, 8], "uv_size": [8, 8]},
								"up": {"uv": [8, 0], "uv_size": [8, 8]},
								"down": {"uv": [16, 8], "uv_size": [8, -8]}
							}
						}
					]
				},
				{
					"name": "hat",
					"parent": "head",
					"pivot": [0, 24, 0],
					"cubes": [
						{
							"origin": [-4, 24, -4],
							"size": [8, 8, 8],
							"inflate": 0.25,
							"uv": {
								"north": {"uv": [40, 8], "uv_size": [8, 8]},
								"east": {"uv": [32, 8], "uv_size": [8, 8]},
								"south": {"uv": [56, 8], "uv_size": [8, 8]},
								"west": {"uv": [48, 8], "uv_size": [8, 8]},
								"up": {"uv": [40, 0], "uv_size": [8, 8]},
								"down": {"uv": [48, 8], "uv_size": [8, -8]}
							}
						}
					]
				},
				{
					"name": "neck",
					"parent": "body",
					"pivot": [0, 24, 0],
					"cubes": [
						{
							"origin": [-2, 24, -2],
							"size": [4, 3, 4],
							"uv": {
								"north": {"uv": [22, 18], "uv_size": [4, 3]},
								"east": {"uv": [22, 18], "uv_size": [4, 3]},
								"south": {"uv": [22, 18], "uv_size": [4, 3]},
								"west": {"uv": [22, 18], "uv_size": [4, 3]},
								"up": {"uv": [22, 18], "uv_size": [0, 3]},
								"down": {"uv": [22, 21], "uv_size": [0, -3]}
							}
						}
					]
				},
				{
					"name": "jacket",
					"parent": "body",
					"pivot": [0, 24, 0],
					"cubes": [
						{
							"origin": [-4, 12, -2],
							"size": [8, 12, 4],
							"inflate": 0.2,
							"uv": {
								"north": {"uv": [20, 36], "uv_size": [8, 12]},
								"east": {"uv": [16, 36], "uv_size": [4, 12]},
								"south": {"uv": [32, 36], "uv_size": [8, 12]},
								"west": {"uv": [28, 36], "uv_size": [4, 12]},
								"up": {"uv": [20, 32], "uv_size": [8, 4]},
								"down": {"uv": [28, 36], "uv_size": [8, -4]}
							}
						},
						{
							"origin": [-4, 19.79289, -3.29289],
							"size": [8, 2, 4],
							"inflate": 0.25,
							"pivot": [0, 20.79289, -1.29289],
							"rotation": [-45, 0, 0],
							"uv": {
								"north": {"uv": [20, 36], "uv_size": [8, 2]},
								"east": {"uv": [16, 36], "uv_size": [4, 2]},
								"south": {"uv": [32, 36], "uv_size": [8, 2]},
								"west": {"uv": [28, 36], "uv_size": [4, 2]},
								"up": {"uv": [20, 32], "uv_size": [8, 4]},
								"down": {"uv": [20, 38], "uv_size": [8, 3]}
							}
						},
						{
							"origin": [-4, 18, -3.41421],
							"size": [8, 3.5, 4],
							"inflate": 0.25,
							"uv": {
								"north": {"uv": [20, 39], "uv_size": [8, 3]},
								"east": {"uv": [16, 39], "uv_size": [4, 3]},
								"south": {"uv": [32, 39], "uv_size": [8, 3]},
								"west": {"uv": [28, 39], "uv_size": [4, 3]},
								"up": {"uv": [20, 35], "uv_size": [8, 4]},
								"down": {"uv": [20, 42], "uv_size": [8, 3]}
							}
						}
					]
				},
				{
					"name": "rightA",
					"parent": "body",
					"pivot": [-6, 24, 0]
				},
				{
					"name": "rightArm",
					"parent": "rightA",
					"pivot": [-5, 22, 0],
					"cubes": [
						{
							"origin": [-7, 18, -2],
							"size": [3, 6, 4],
							"uv": {
								"north": {"uv": [44, 20], "uv_size": [3, 6]},
								"east": {"uv": [40, 20], "uv_size": [4, 6]},
								"south": {"uv": [51, 20], "uv_size": [3, 6]},
								"west": {"uv": [47, 20], "uv_size": [4, 6]},
								"up": {"uv": [44, 16], "uv_size": [3, 4]},
								"down": {"uv": [44, 26], "uv_size": [3, -1]}
							}
						}
					],
					"locators": {
						"rightarm": [-5, 24, 0]
					}
				},
				{
					"name": "rightArm2",
					"parent": "rightArm",
					"pivot": [-5, 18, 2],
					"cubes": [
						{
							"origin": [-7, 12, -2],
							"size": [3, 6, 4],
							"uv": {
								"north": {"uv": [44, 26], "uv_size": [3, 6]},
								"east": {"uv": [40, 26], "uv_size": [4, 6]},
								"south": {"uv": [51, 26], "uv_size": [3, 6]},
								"west": {"uv": [47, 26], "uv_size": [4, 6]},
								"up": {"uv": [44, 26], "uv_size": [3, 1]},
								"down": {"uv": [47, 20], "uv_size": [3, -4]}
							}
						}
					],
					"locators": {
						"rightarm2": [-5, 20, 2]
					}
				},
				{
					"name": "rightPunch",
					"parent": "rightArm2",
					"pivot": [-6, 15.875, 0],
					"cubes": [
						{
							"origin": [-7.125, 11.875, -2.125],
							"size": [3.25, 4, 4.25],
							"uv": {
								"north": {"uv": [44, 28], "uv_size": [3, 4]},
								"east": {"uv": [40, 28], "uv_size": [4, 4]},
								"south": {"uv": [51, 28], "uv_size": [3, 4]},
								"west": {"uv": [47, 28], "uv_size": [4, 4]},
								"up": {"uv": [44, 28], "uv_size": [3, 1]},
								"down": {"uv": [47, 20], "uv_size": [3, -4]}
							}
						}
					]
				},
				{
					"name": "rightItem",
					"parent": "rightPunch",
					"pivot": [-6, 15, 1]
				},
				{
					"name": "rightSleeve2",
					"parent": "rightArm2",
					"pivot": [-5, 18, 0],
					"cubes": [
						{
							"origin": [-7, 12, -2],
							"size": [3, 6, 4],
							"inflate": 0.2,
							"uv": {
								"north": {"uv": [44, 42], "uv_size": [3, 6]},
								"east": {"uv": [40, 42], "uv_size": [4, 6]},
								"south": {"uv": [51, 42], "uv_size": [3, 6]},
								"west": {"uv": [47, 42], "uv_size": [4, 6]},
								"up": {"uv": [44, 42], "uv_size": [3, 1]},
								"down": {"uv": [47, 36], "uv_size": [3, -4]}
							}
						}
					]
				},
				{
					"name": "rightSleeve",
					"parent": "rightArm",
					"pivot": [-5, 22, 0],
					"cubes": [
						{
							"origin": [-7, 18, -2],
							"size": [3, 6, 4],
							"inflate": 0.2,
							"uv": {
								"north": {"uv": [44, 36], "uv_size": [3, 6]},
								"east": {"uv": [40, 36], "uv_size": [4, 6]},
								"south": {"uv": [51, 36], "uv_size": [3, 6]},
								"west": {"uv": [47, 36], "uv_size": [4, 6]},
								"up": {"uv": [44, 32], "uv_size": [3, 4]},
								"down": {"uv": [44, 42], "uv_size": [3, -1]}
							}
						}
					]
				},
				{
					"name": "leftA",
					"parent": "body",
					"pivot": [6, 24, 0]
				},
				{
					"name": "leftArm",
					"parent": "leftA",
					"pivot": [5, 22, 0],
					"cubes": [
						{
							"origin": [4, 18, -2],
							"size": [3, 6, 4],
							"uv": {
								"north": {"uv": [36, 52], "uv_size": [3, 6]},
								"east": {"uv": [32, 52], "uv_size": [4, 6]},
								"south": {"uv": [43, 52], "uv_size": [3, 6]},
								"west": {"uv": [39, 52], "uv_size": [4, 6]},
								"up": {"uv": [36, 48], "uv_size": [3, 4]},
								"down": {"uv": [36, 58], "uv_size": [3, -1]}
							}
						}
					],
					"locators": {
						"leftarm": [5, 24, 0]
					}
				},
				{
					"name": "leftArm2",
					"parent": "leftArm",
					"pivot": [5, 18, 2],
					"cubes": [
						{
							"origin": [4, 12, -2],
							"size": [3, 6, 4],
							"uv": {
								"north": {"uv": [36, 58], "uv_size": [3, 6]},
								"east": {"uv": [32, 58], "uv_size": [4, 6]},
								"south": {"uv": [43, 58], "uv_size": [3, 6]},
								"west": {"uv": [39, 58], "uv_size": [4, 6]},
								"up": {"uv": [36, 58], "uv_size": [3, 1]},
								"down": {"uv": [39, 52], "uv_size": [3, -4]}
							}
						}
					],
					"locators": {
						"leftarm2": [5, 20, 2]
					}
				},
				{
					"name": "leftSleeve2",
					"parent": "leftArm2",
					"pivot": [5, 18, 0],
					"cubes": [
						{
							"origin": [4, 12, -2],
							"size": [3, 6, 4],
							"inflate": 0.2,
							"uv": {
								"north": {"uv": [52, 58], "uv_size": [3, 6]},
								"east": {"uv": [48, 58], "uv_size": [4, 6]},
								"south": {"uv": [59, 58], "uv_size": [3, 6]},
								"west": {"uv": [55, 58], "uv_size": [4, 6]},
								"up": {"uv": [52, 58], "uv_size": [3, 1]},
								"down": {"uv": [55, 52], "uv_size": [3, -4]}
							}
						}
					]
				},
				{
					"name": "leftPunch",
					"parent": "leftArm2",
					"pivot": [6, 15.875, 0],
					"cubes": [
						{
							"origin": [3.875, 11.875, -2.125],
							"size": [3.25, 4, 4.25],
							"uv": {
								"north": {"uv": [36, 60], "uv_size": [3, 4]},
								"east": {"uv": [32, 60], "uv_size": [4, 4]},
								"south": {"uv": [43, 60], "uv_size": [3, 4]},
								"west": {"uv": [40, 60], "uv_size": [3, 4]},
								"up": {"uv": [36, 60], "uv_size": [3, 1]},
								"down": {"uv": [39, 52], "uv_size": [3, -4]}
							}
						}
					]
				},
				{
					"name": "leftSleeve",
					"parent": "leftArm",
					"pivot": [5, 22, 0],
					"cubes": [
						{
							"origin": [4, 18, -2],
							"size": [3, 6, 4],
							"inflate": 0.2,
							"uv": {
								"north": {"uv": [52, 52], "uv_size": [3, 6]},
								"east": {"uv": [48, 52], "uv_size": [4, 6]},
								"south": {"uv": [59, 52], "uv_size": [3, 6]},
								"west": {"uv": [55, 52], "uv_size": [4, 6]},
								"up": {"uv": [52, 48], "uv_size": [3, 4]},
								"down": {"uv": [52, 58], "uv_size": [3, -1]}
							}
						}
					]
				},
				{
					"name": "rightleg",
					"parent": "tudo",
					"pivot": [-1.9, 12, 0],
					"cubes": [
						{
							"origin": [-4, 6, -2],
							"size": [4, 6, 4],
							"uv": {
								"north": {"uv": [4, 20], "uv_size": [4, 6]},
								"east": {"uv": [0, 20], "uv_size": [4, 6]},
								"south": {"uv": [12, 20], "uv_size": [4, 6]},
								"west": {"uv": [8, 20], "uv_size": [4, 6]},
								"up": {"uv": [4, 16], "uv_size": [4, 4]},
								"down": {"uv": [8, 20], "uv_size": [4, -4]}
							}
						}
					],
					"locators": {
						"rightleg": [-1.9, 14, 0]
					}
				},
				{
					"name": "rightLeg2",
					"parent": "rightleg",
					"pivot": [-1.9, 6, -2],
					"cubes": [
						{
							"origin": [-4, 0, -2],
							"size": [4, 6, 4],
							"uv": {
								"north": {"uv": [4, 26], "uv_size": [4, 6]},
								"east": {"uv": [0, 26], "uv_size": [4, 6]},
								"south": {"uv": [12, 26], "uv_size": [4, 6]},
								"west": {"uv": [8, 26], "uv_size": [4, 6]},
								"up": {"uv": [4, 22], "uv_size": [4, 4]},
								"down": {"uv": [8, 20], "uv_size": [4, -4]}
							}
						}
					],
					"locators": {
						"rightleg2": [-1.9, 8, -2]
					}
				},
				{
					"name": "rightPants2",
					"parent": "rightLeg2",
					"pivot": [-1.9, 6, -2],
					"cubes": [
						{
							"origin": [-4, 0, -2],
							"size": [4, 6, 4],
							"inflate": 0.2,
							"uv": {
								"north": {"uv": [4, 42], "uv_size": [4, 6]},
								"east": {"uv": [0, 42], "uv_size": [4, 6]},
								"south": {"uv": [12, 42], "uv_size": [4, 6]},
								"west": {"uv": [8, 42], "uv_size": [4, 6]},
								"up": {"uv": [4, 38], "uv_size": [4, 4]},
								"down": {"uv": [8, 36], "uv_size": [4, -4]}
							}
						}
					]
				},
				{
					"name": "rightPants",
					"parent": "rightleg",
					"pivot": [-1.9, 12, 0],
					"cubes": [
						{
							"origin": [-4, 6, -2],
							"size": [4, 6, 4],
							"inflate": 0.2,
							"uv": {
								"north": {"uv": [4, 36], "uv_size": [4, 6]},
								"east": {"uv": [0, 36], "uv_size": [4, 6]},
								"south": {"uv": [12, 36], "uv_size": [4, 6]},
								"west": {"uv": [8, 36], "uv_size": [4, 6]},
								"up": {"uv": [4, 32], "uv_size": [4, 4]},
								"down": {"uv": [8, 36], "uv_size": [4, -4]}
							}
						}
					]
				},
				{
					"name": "leftLeg",
					"parent": "tudo",
					"pivot": [1.9, 12, 0],
					"cubes": [
						{
							"origin": [0, 6, -2],
							"size": [4, 6, 4],
							"uv": {
								"north": {"uv": [20, 52], "uv_size": [4, 6]},
								"east": {"uv": [16, 52], "uv_size": [4, 6]},
								"south": {"uv": [28, 52], "uv_size": [4, 6]},
								"west": {"uv": [24, 52], "uv_size": [4, 6]},
								"up": {"uv": [20, 48], "uv_size": [4, 4]},
								"down": {"uv": [24, 52], "uv_size": [4, -4]}
							}
						}
					],
					"locators": {
						"leftleg": [1.9, 14, 0]
					}
				},
				{
					"name": "leftLeg2",
					"parent": "leftLeg",
					"pivot": [1.9, 6, -2],
					"cubes": [
						{
							"origin": [0, 0, -2],
							"size": [4, 6, 4],
							"uv": {
								"north": {"uv": [20, 58], "uv_size": [4, 6]},
								"east": {"uv": [16, 58], "uv_size": [4, 6]},
								"south": {"uv": [28, 58], "uv_size": [4, 6]},
								"west": {"uv": [24, 58], "uv_size": [4, 6]},
								"up": {"uv": [20, 54], "uv_size": [4, 4]},
								"down": {"uv": [24, 52], "uv_size": [4, -4]}
							}
						}
					],
					"locators": {
						"leftleg2": [1.9, 8, -2]
					}
				},
				{
					"name": "leftPants2",
					"parent": "leftLeg2",
					"pivot": [1.9, 6, -2],
					"cubes": [
						{
							"origin": [0, 0, -2],
							"size": [4, 6, 4],
							"inflate": 0.2,
							"uv": {
								"north": {"uv": [4, 58], "uv_size": [4, 6]},
								"east": {"uv": [0, 58], "uv_size": [4, 6]},
								"south": {"uv": [12, 58], "uv_size": [4, 6]},
								"west": {"uv": [8, 58], "uv_size": [4, 6]},
								"up": {"uv": [4, 54], "uv_size": [4, 4]},
								"down": {"uv": [8, 52], "uv_size": [4, -4]}
							}
						}
					]
				},
				{
					"name": "leftPants",
					"parent": "leftLeg",
					"pivot": [1.9, 12, 0],
					"cubes": [
						{
							"origin": [0, 6, -2],
							"size": [4, 6, 4],
							"inflate": 0.2,
							"uv": {
								"north": {"uv": [4, 52], "uv_size": [4, 6]},
								"east": {"uv": [0, 52], "uv_size": [4, 6]},
								"south": {"uv": [12, 52], "uv_size": [4, 6]},
								"west": {"uv": [8, 52], "uv_size": [4, 6]},
								"up": {"uv": [4, 48], "uv_size": [4, 4]},
								"down": {"uv": [8, 52], "uv_size": [4, -4]}
							}
						}
					]
				}
			]
		}
	]
}