{
	"format_version": "1.12.0",
	"minecraft:geometry": [
		{
			"description": {
				"identifier": "geometry.smoke_player",
				"texture_width": 16,
				"texture_height": 16,
				"visible_bounds_width": 3,
				"visible_bounds_height": 4.5,
				"visible_bounds_offset": [0, 0.75, 0]
			},
			"bones": [
				{
					"name": "root",
					"pivot": [0, 0, 0]
				},
				{
					"name": "tudo",
					"parent": "root",
					"pivot": [0, 12, 0]
				},
				{
					"name": "rightSmoker",
					"parent": "tudo",
					"pivot": [0, 12, 0]
				},
				{
					"name": "rightSmokerP",
					"parent": "rightSmoker",
					"pivot": [-4.96875, 24.125, 0.0625]
				},
				{
					"name": "smokep1",
					"parent": "rightSmokerP",
					"pivot": [-5, 14.5, -4.5],
					"cubes": [
						{
							"origin": [-6.25, 13.25, -5.5],
							"size": [1.5, 3, 1.5],
							"uv": {
								"north": {"uv": [0, 0], "uv_size": [8, 8]},
								"east": {"uv": [0, 0], "uv_size": [8, 8]},
								"south": {"uv": [0, 0], "uv_size": [8, 8]},
								"west": {"uv": [0, 0], "uv_size": [8, 8]},
								"up": {"uv": [8, 8], "uv_size": [-8, -8]},
								"down": {"uv": [8, 8], "uv_size": [-8, -8]}
							}
						},
						{
							"origin": [-6.25, 13.25, -5.5],
							"size": [1.5, 3, 1.5],
							"inflate": 0.15,
							"uv": {
								"north": {"uv": [8, 0], "uv_size": [8, 8]},
								"east": {"uv": [8, 0], "uv_size": [8, 8]},
								"south": {"uv": [8, 0], "uv_size": [8, 8]},
								"west": {"uv": [8, 0], "uv_size": [8, 8]},
								"up": {"uv": [16, 8], "uv_size": [-8, -8]},
								"down": {"uv": [16, 8], "uv_size": [-8, -8]}
							}
						}
					]
				},
				{
					"name": "smokep2",
					"parent": "rightSmokerP",
					"pivot": [-5.5, 20, -5],
					"cubes": [
						{
							"origin": [-6.5, 19, -5.75],
							"size": [1.5, 2, 1.5],
							"uv": {
								"north": {"uv": [0, 0], "uv_size": [8, 8]},
								"east": {"uv": [0, 0], "uv_size": [8, 8]},
								"south": {"uv": [0, 0], "uv_size": [8, 8]},
								"west": {"uv": [0, 0], "uv_size": [8, 8]},
								"up": {"uv": [8, 8], "uv_size": [-8, -8]},
								"down": {"uv": [8, 8], "uv_size": [-8, -8]}
							}
						},
						{
							"origin": [-6.5, 19, -5.75],
							"size": [1.5, 2, 1.5],
							"inflate": 0.15,
							"uv": {
								"north": {"uv": [8, 0], "uv_size": [8, 8]},
								"east": {"uv": [8, 0], "uv_size": [8, 8]},
								"south": {"uv": [8, 0], "uv_size": [8, 8]},
								"west": {"uv": [8, 0], "uv_size": [8, 8]},
								"up": {"uv": [16, 8], "uv_size": [-8, -8]},
								"down": {"uv": [16, 8], "uv_size": [-8, -8]}
							}
						}
					]
				},
				{
					"name": "smokep3",
					"parent": "rightSmokerP",
					"pivot": [-6, 25, -4],
					"cubes": [
						{
							"origin": [-6.75, 24, -5],
							"size": [1.75, 2, 2],
							"uv": {
								"north": {"uv": [0, 0], "uv_size": [8, 8]},
								"east": {"uv": [0, 0], "uv_size": [8, 8]},
								"south": {"uv": [0, 0], "uv_size": [8, 8]},
								"west": {"uv": [0, 0], "uv_size": [8, 8]},
								"up": {"uv": [8, 8], "uv_size": [-8, -8]},
								"down": {"uv": [8, 8], "uv_size": [-8, -8]}
							}
						},
						{
							"origin": [-6.75, 24, -5],
							"size": [1.75, 2, 2],
							"inflate": 0.15,
							"uv": {
								"north": {"uv": [8, 0], "uv_size": [8, 8]},
								"east": {"uv": [8, 0], "uv_size": [8, 8]},
								"south": {"uv": [8, 0], "uv_size": [8, 8]},
								"west": {"uv": [8, 0], "uv_size": [8, 8]},
								"up": {"uv": [16, 8], "uv_size": [-8, -8]},
								"down": {"uv": [16, 8], "uv_size": [-8, -8]}
							}
						}
					]
				},
				{
					"name": "smokep5",
					"parent": "rightSmokerP",
					"pivot": [-6, 26.5, 0.5],
					"cubes": [
						{
							"origin": [-6.75, 25.75, -0.5],
							"size": [1.5, 1.5, 2],
							"uv": {
								"north": {"uv": [0, 0], "uv_size": [8, 8]},
								"east": {"uv": [0, 0], "uv_size": [8, 8]},
								"south": {"uv": [0, 0], "uv_size": [8, 8]},
								"west": {"uv": [0, 0], "uv_size": [8, 8]},
								"up": {"uv": [8, 8], "uv_size": [-8, -8]},
								"down": {"uv": [8, 8], "uv_size": [-8, -8]}
							}
						},
						{
							"origin": [-6.75, 25.75, -0.5],
							"size": [1.5, 1.5, 2],
							"inflate": 0.15,
							"uv": {
								"north": {"uv": [8, 0], "uv_size": [8, 8]},
								"east": {"uv": [8, 0], "uv_size": [8, 8]},
								"south": {"uv": [8, 0], "uv_size": [8, 8]},
								"west": {"uv": [8, 0], "uv_size": [8, 8]},
								"up": {"uv": [16, 8], "uv_size": [-8, -8]},
								"down": {"uv": [16, 8], "uv_size": [-8, -8]}
							}
						}
					]
				},
				{
					"name": "smokep6",
					"parent": "rightSmokerP",
					"pivot": [-5.5, 27, 5.5],
					"cubes": [
						{
							"origin": [-6.25, 26.25, 4.5],
							"size": [1.5, 1.5, 2],
							"uv": {
								"north": {"uv": [0, 0], "uv_size": [8, 8]},
								"east": {"uv": [0, 0], "uv_size": [8, 8]},
								"south": {"uv": [0, 0], "uv_size": [8, 8]},
								"west": {"uv": [0, 0], "uv_size": [8, 8]},
								"up": {"uv": [8, 8], "uv_size": [-8, -8]},
								"down": {"uv": [8, 8], "uv_size": [-8, -8]}
							}
						},
						{
							"origin": [-6.25, 26.25, 4.5],
							"size": [1.5, 1.5, 2],
							"inflate": 0.15,
							"uv": {
								"north": {"uv": [8, 0], "uv_size": [8, 8]},
								"east": {"uv": [8, 0], "uv_size": [8, 8]},
								"south": {"uv": [8, 0], "uv_size": [8, 8]},
								"west": {"uv": [8, 0], "uv_size": [8, 8]},
								"up": {"uv": [16, 8], "uv_size": [-8, -8]},
								"down": {"uv": [16, 8], "uv_size": [-8, -8]}
							}
						}
					]
				},
				{
					"name": "smokep7",
					"parent": "rightSmokerP",
					"pivot": [-4.5, 28, 6.5],
					"cubes": [
						{
							"origin": [-5.5, 27.25, 5.75],
							"size": [2, 1.5, 1.5],
							"uv": {
								"north": {"uv": [0, 0], "uv_size": [8, 8]},
								"east": {"uv": [0, 0], "uv_size": [8, 8]},
								"south": {"uv": [0, 0], "uv_size": [8, 8]},
								"west": {"uv": [0, 0], "uv_size": [8, 8]},
								"up": {"uv": [8, 8], "uv_size": [-8, -8]},
								"down": {"uv": [8, 8], "uv_size": [-8, -8]}
							}
						},
						{
							"origin": [-5.5, 27.25, 5.75],
							"size": [2, 1.5, 1.5],
							"inflate": 0.15,
							"uv": {
								"north": {"uv": [8, 0], "uv_size": [8, 8]},
								"east": {"uv": [8, 0], "uv_size": [8, 8]},
								"south": {"uv": [8, 0], "uv_size": [8, 8]},
								"west": {"uv": [8, 0], "uv_size": [8, 8]},
								"up": {"uv": [16, 8], "uv_size": [-8, -8]},
								"down": {"uv": [16, 8], "uv_size": [-8, -8]}
							}
						}
					]
				},
				{
					"name": "smokep8",
					"parent": "rightSmokerP",
					"pivot": [-0.25, 28, 6.5],
					"cubes": [
						{
							"origin": [-0.5, 27.25, 5.75],
							"size": [0.5, 1.5, 1.5],
							"uv": {
								"north": {"uv": [0, 0], "uv_size": [8, 8]},
								"east": {"uv": [0, 0], "uv_size": [8, 8]},
								"south": {"uv": [0, 0], "uv_size": [8, 8]},
								"west": {"uv": [0, 0], "uv_size": [8, 8]},
								"up": {"uv": [8, 8], "uv_size": [-8, -8]},
								"down": {"uv": [8, 8], "uv_size": [-8, -8]}
							}
						},
						{
							"origin": [-0.5, 27.25, 5.75],
							"size": [0.5, 1.5, 1.5],
							"inflate": 0.15,
							"uv": {
								"north": {"uv": [8, 0], "uv_size": [8, 8]},
								"east": {"uv": [8, 0], "uv_size": [8, 8]},
								"south": {"uv": [8, 0], "uv_size": [8, 8]},
								"west": {"uv": [8, 0], "uv_size": [8, 8]},
								"up": {"uv": [16, 8], "uv_size": [-8, -8]},
								"down": {"uv": [16, 8], "uv_size": [-8, -8]}
							}
						}
					]
				},
				{
					"name": "rightSmokerG",
					"parent": "rightSmoker",
					"pivot": [-5.1, 24, -0.4]
				},
				{
					"name": "smokeg1",
					"parent": "rightSmokerG",
					"pivot": [-5, 17.5, -4.5],
					"cubes": [
						{
							"origin": [-6.75, 16.25, -6],
							"size": [2.5, 2.5, 2.5],
							"uv": {
								"north": {"uv": [0, 0], "uv_size": [8, 8]},
								"east": {"uv": [0, 0], "uv_size": [8, 8]},
								"south": {"uv": [0, 0], "uv_size": [8, 8]},
								"west": {"uv": [0, 0], "uv_size": [8, 8]},
								"up": {"uv": [8, 8], "uv_size": [-8, -8]},
								"down": {"uv": [8, 8], "uv_size": [-8, -8]}
							}
						},
						{
							"origin": [-6.75, 16.25, -6],
							"size": [2.5, 2.5, 2.5],
							"inflate": 0.15,
							"uv": {
								"north": {"uv": [8, 0], "uv_size": [8, 8]},
								"east": {"uv": [8, 0], "uv_size": [8, 8]},
								"south": {"uv": [8, 0], "uv_size": [8, 8]},
								"west": {"uv": [8, 0], "uv_size": [8, 8]},
								"up": {"uv": [16, 8], "uv_size": [-8, -8]},
								"down": {"uv": [16, 8], "uv_size": [-8, -8]}
							}
						}
					]
				},
				{
					"name": "smokeg2",
					"parent": "rightSmokerG",
					"pivot": [-5.5, 22.5, -5],
					"cubes": [
						{
							"origin": [-7, 21.25, -6.25],
							"size": [2.5, 2.5, 2.5],
							"uv": {
								"north": {"uv": [0, 0], "uv_size": [8, 8]},
								"east": {"uv": [0, 0], "uv_size": [8, 8]},
								"south": {"uv": [0, 0], "uv_size": [8, 8]},
								"west": {"uv": [0, 0], "uv_size": [8, 8]},
								"up": {"uv": [8, 8], "uv_size": [-8, -8]},
								"down": {"uv": [8, 8], "uv_size": [-8, -8]}
							}
						},
						{
							"origin": [-7, 21.25, -6.25],
							"size": [2.5, 2.5, 2.5],
							"inflate": 0.15,
							"uv": {
								"north": {"uv": [8, 0], "uv_size": [8, 8]},
								"east": {"uv": [8, 0], "uv_size": [8, 8]},
								"south": {"uv": [8, 0], "uv_size": [8, 8]},
								"west": {"uv": [8, 0], "uv_size": [8, 8]},
								"up": {"uv": [16, 8], "uv_size": [-8, -8]},
								"down": {"uv": [16, 8], "uv_size": [-8, -8]}
							}
						}
					]
				},
				{
					"name": "smokeg3",
					"parent": "rightSmokerG",
					"pivot": [-6, 26, -2],
					"cubes": [
						{
							"origin": [-7.25, 24.75, -3.25],
							"size": [2.5, 2.5, 2.5],
							"uv": {
								"north": {"uv": [0, 0], "uv_size": [8, 8]},
								"east": {"uv": [0, 0], "uv_size": [8, 8]},
								"south": {"uv": [0, 0], "uv_size": [8, 8]},
								"west": {"uv": [0, 0], "uv_size": [8, 8]},
								"up": {"uv": [8, 8], "uv_size": [-8, -8]},
								"down": {"uv": [8, 8], "uv_size": [-8, -8]}
							}
						},
						{
							"origin": [-7.25, 24.75, -3.25],
							"size": [2.5, 2.5, 2.5],
							"inflate": 0.15,
							"uv": {
								"north": {"uv": [8, 0], "uv_size": [8, 8]},
								"east": {"uv": [8, 0], "uv_size": [8, 8]},
								"south": {"uv": [8, 0], "uv_size": [8, 8]},
								"west": {"uv": [8, 0], "uv_size": [8, 8]},
								"up": {"uv": [16, 8], "uv_size": [-8, -8]},
								"down": {"uv": [16, 8], "uv_size": [-8, -8]}
							}
						}
					]
				},
				{
					"name": "smokeg4",
					"parent": "rightSmokerG",
					"pivot": [-6, 26.5, 3],
					"cubes": [
						{
							"origin": [-7.25, 25.25, 1.75],
							"size": [2.5, 2.5, 2.5],
							"uv": {
								"north": {"uv": [0, 0], "uv_size": [8, 8]},
								"east": {"uv": [0, 0], "uv_size": [8, 8]},
								"south": {"uv": [0, 0], "uv_size": [8, 8]},
								"west": {"uv": [0, 0], "uv_size": [8, 8]},
								"up": {"uv": [8, 8], "uv_size": [-8, -8]},
								"down": {"uv": [8, 8], "uv_size": [-8, -8]}
							}
						},
						{
							"origin": [-7.25, 25.25, 1.75],
							"size": [2.5, 2.5, 2.5],
							"inflate": 0.15,
							"uv": {
								"north": {"uv": [8, 0], "uv_size": [8, 8]},
								"east": {"uv": [8, 0], "uv_size": [8, 8]},
								"south": {"uv": [8, 0], "uv_size": [8, 8]},
								"west": {"uv": [8, 0], "uv_size": [8, 8]},
								"up": {"uv": [16, 8], "uv_size": [-8, -8]},
								"down": {"uv": [16, 8], "uv_size": [-8, -8]}
							}
						}
					]
				},
				{
					"name": "smokeg5",
					"parent": "rightSmokerG",
					"pivot": [-2, 28, 6.5],
					"cubes": [
						{
							"origin": [-3.25, 26.75, 5.25],
							"size": [2.5, 2.5, 2.5],
							"uv": {
								"north": {"uv": [0, 0], "uv_size": [8, 8]},
								"east": {"uv": [0, 0], "uv_size": [8, 8]},
								"south": {"uv": [0, 0], "uv_size": [8, 8]},
								"west": {"uv": [0, 0], "uv_size": [8, 8]},
								"up": {"uv": [8, 8], "uv_size": [-8, -8]},
								"down": {"uv": [8, 8], "uv_size": [-8, -8]}
							}
						},
						{
							"origin": [-3.25, 26.75, 5.25],
							"size": [2.5, 2.5, 2.5],
							"inflate": 0.15,
							"uv": {
								"north": {"uv": [8, 0], "uv_size": [8, 8]},
								"east": {"uv": [8, 0], "uv_size": [8, 8]},
								"south": {"uv": [8, 0], "uv_size": [8, 8]},
								"west": {"uv": [8, 0], "uv_size": [8, 8]},
								"up": {"uv": [16, 8], "uv_size": [-8, -8]},
								"down": {"uv": [16, 8], "uv_size": [-8, -8]}
							}
						}
					]
				},
				{
					"name": "leftSmoker",
					"parent": "tudo",
					"pivot": [0, 12, 0]
				},
				{
					"name": "leftSmokerP",
					"parent": "leftSmoker",
					"pivot": [4.96875, 24.125, 0.0625]
				},
				{
					"name": "smokep4",
					"parent": "leftSmokerP",
					"pivot": [5, 14.5, -4.5],
					"cubes": [
						{
							"origin": [4.75, 13.25, -5.5],
							"size": [1.5, 3, 1.5],
							"uv": {
								"north": {"uv": [8, 0], "uv_size": [-8, 8]},
								"east": {"uv": [8, 0], "uv_size": [-8, 8]},
								"south": {"uv": [8, 0], "uv_size": [-8, 8]},
								"west": {"uv": [8, 0], "uv_size": [-8, 8]},
								"up": {"uv": [0, 8], "uv_size": [8, -8]},
								"down": {"uv": [0, 8], "uv_size": [8, -8]}
							}
						},
						{
							"origin": [4.75, 13.25, -5.5],
							"size": [1.5, 3, 1.5],
							"inflate": 0.15,
							"uv": {
								"north": {"uv": [16, 0], "uv_size": [-8, 8]},
								"east": {"uv": [16, 0], "uv_size": [-8, 8]},
								"south": {"uv": [16, 0], "uv_size": [-8, 8]},
								"west": {"uv": [16, 0], "uv_size": [-8, 8]},
								"up": {"uv": [8, 8], "uv_size": [8, -8]},
								"down": {"uv": [8, 8], "uv_size": [8, -8]}
							}
						}
					]
				},
				{
					"name": "smokep9",
					"parent": "leftSmokerP",
					"pivot": [5.5, 20, -5],
					"cubes": [
						{
							"origin": [5, 19, -5.75],
							"size": [1.5, 2, 1.5],
							"uv": {
								"north": {"uv": [8, 0], "uv_size": [-8, 8]},
								"east": {"uv": [8, 0], "uv_size": [-8, 8]},
								"south": {"uv": [8, 0], "uv_size": [-8, 8]},
								"west": {"uv": [8, 0], "uv_size": [-8, 8]},
								"up": {"uv": [0, 8], "uv_size": [8, -8]},
								"down": {"uv": [0, 8], "uv_size": [8, -8]}
							}
						},
						{
							"origin": [5, 19, -5.75],
							"size": [1.5, 2, 1.5],
							"inflate": 0.15,
							"uv": {
								"north": {"uv": [16, 0], "uv_size": [-8, 8]},
								"east": {"uv": [16, 0], "uv_size": [-8, 8]},
								"south": {"uv": [16, 0], "uv_size": [-8, 8]},
								"west": {"uv": [16, 0], "uv_size": [-8, 8]},
								"up": {"uv": [8, 8], "uv_size": [8, -8]},
								"down": {"uv": [8, 8], "uv_size": [8, -8]}
							}
						}
					]
				},
				{
					"name": "smokep10",
					"parent": "leftSmokerP",
					"pivot": [6, 25, -4],
					"cubes": [
						{
							"origin": [5, 24, -5],
							"size": [1.75, 2, 2],
							"uv": {
								"north": {"uv": [8, 0], "uv_size": [-8, 8]},
								"east": {"uv": [8, 0], "uv_size": [-8, 8]},
								"south": {"uv": [8, 0], "uv_size": [-8, 8]},
								"west": {"uv": [8, 0], "uv_size": [-8, 8]},
								"up": {"uv": [0, 8], "uv_size": [8, -8]},
								"down": {"uv": [0, 8], "uv_size": [8, -8]}
							}
						},
						{
							"origin": [5, 24, -5],
							"size": [1.75, 2, 2],
							"inflate": 0.15,
							"uv": {
								"north": {"uv": [16, 0], "uv_size": [-8, 8]},
								"east": {"uv": [16, 0], "uv_size": [-8, 8]},
								"south": {"uv": [16, 0], "uv_size": [-8, 8]},
								"west": {"uv": [16, 0], "uv_size": [-8, 8]},
								"up": {"uv": [8, 8], "uv_size": [8, -8]},
								"down": {"uv": [8, 8], "uv_size": [8, -8]}
							}
						}
					]
				},
				{
					"name": "smokep11",
					"parent": "leftSmokerP",
					"pivot": [6, 26.5, 0.5],
					"cubes": [
						{
							"origin": [5.25, 25.75, -0.5],
							"size": [1.5, 1.5, 2],
							"uv": {
								"north": {"uv": [8, 0], "uv_size": [-8, 8]},
								"east": {"uv": [8, 0], "uv_size": [-8, 8]},
								"south": {"uv": [8, 0], "uv_size": [-8, 8]},
								"west": {"uv": [8, 0], "uv_size": [-8, 8]},
								"up": {"uv": [0, 8], "uv_size": [8, -8]},
								"down": {"uv": [0, 8], "uv_size": [8, -8]}
							}
						},
						{
							"origin": [5.25, 25.75, -0.5],
							"size": [1.5, 1.5, 2],
							"inflate": 0.15,
							"uv": {
								"north": {"uv": [16, 0], "uv_size": [-8, 8]},
								"east": {"uv": [16, 0], "uv_size": [-8, 8]},
								"south": {"uv": [16, 0], "uv_size": [-8, 8]},
								"west": {"uv": [16, 0], "uv_size": [-8, 8]},
								"up": {"uv": [8, 8], "uv_size": [8, -8]},
								"down": {"uv": [8, 8], "uv_size": [8, -8]}
							}
						}
					]
				},
				{
					"name": "smokep12",
					"parent": "leftSmokerP",
					"pivot": [5.5, 27, 5.5],
					"cubes": [
						{
							"origin": [4.75, 26.25, 4.5],
							"size": [1.5, 1.5, 2],
							"uv": {
								"north": {"uv": [8, 0], "uv_size": [-8, 8]},
								"east": {"uv": [8, 0], "uv_size": [-8, 8]},
								"south": {"uv": [8, 0], "uv_size": [-8, 8]},
								"west": {"uv": [8, 0], "uv_size": [-8, 8]},
								"up": {"uv": [0, 8], "uv_size": [8, -8]},
								"down": {"uv": [0, 8], "uv_size": [8, -8]}
							}
						},
						{
							"origin": [4.75, 26.25, 4.5],
							"size": [1.5, 1.5, 2],
							"inflate": 0.15,
							"uv": {
								"north": {"uv": [16, 0], "uv_size": [-8, 8]},
								"east": {"uv": [16, 0], "uv_size": [-8, 8]},
								"south": {"uv": [16, 0], "uv_size": [-8, 8]},
								"west": {"uv": [16, 0], "uv_size": [-8, 8]},
								"up": {"uv": [8, 8], "uv_size": [8, -8]},
								"down": {"uv": [8, 8], "uv_size": [8, -8]}
							}
						}
					]
				},
				{
					"name": "smokep13",
					"parent": "leftSmokerP",
					"pivot": [4.5, 28, 6.5],
					"cubes": [
						{
							"origin": [3.5, 27.25, 5.75],
							"size": [2, 1.5, 1.5],
							"uv": {
								"north": {"uv": [8, 0], "uv_size": [-8, 8]},
								"east": {"uv": [8, 0], "uv_size": [-8, 8]},
								"south": {"uv": [8, 0], "uv_size": [-8, 8]},
								"west": {"uv": [8, 0], "uv_size": [-8, 8]},
								"up": {"uv": [0, 8], "uv_size": [8, -8]},
								"down": {"uv": [0, 8], "uv_size": [8, -8]}
							}
						},
						{
							"origin": [3.5, 27.25, 5.75],
							"size": [2, 1.5, 1.5],
							"inflate": 0.15,
							"uv": {
								"north": {"uv": [16, 0], "uv_size": [-8, 8]},
								"east": {"uv": [16, 0], "uv_size": [-8, 8]},
								"south": {"uv": [16, 0], "uv_size": [-8, 8]},
								"west": {"uv": [16, 0], "uv_size": [-8, 8]},
								"up": {"uv": [8, 8], "uv_size": [8, -8]},
								"down": {"uv": [8, 8], "uv_size": [8, -8]}
							}
						}
					]
				},
				{
					"name": "smokep14",
					"parent": "leftSmokerP",
					"pivot": [0.25, 28, 6.5],
					"cubes": [
						{
							"origin": [0, 27.25, 5.75],
							"size": [0.5, 1.5, 1.5],
							"uv": {
								"north": {"uv": [8, 0], "uv_size": [-8, 8]},
								"east": {"uv": [8, 0], "uv_size": [-8, 8]},
								"south": {"uv": [8, 0], "uv_size": [-8, 8]},
								"west": {"uv": [8, 0], "uv_size": [-8, 8]},
								"up": {"uv": [0, 8], "uv_size": [8, -8]},
								"down": {"uv": [0, 8], "uv_size": [8, -8]}
							}
						},
						{
							"origin": [0, 27.25, 5.75],
							"size": [0.5, 1.5, 1.5],
							"inflate": 0.15,
							"uv": {
								"north": {"uv": [16, 0], "uv_size": [-8, 8]},
								"east": {"uv": [16, 0], "uv_size": [-8, 8]},
								"south": {"uv": [16, 0], "uv_size": [-8, 8]},
								"west": {"uv": [16, 0], "uv_size": [-8, 8]},
								"up": {"uv": [8, 8], "uv_size": [8, -8]},
								"down": {"uv": [8, 8], "uv_size": [8, -8]}
							}
						}
					]
				},
				{
					"name": "leftSmokerG",
					"parent": "leftSmoker",
					"pivot": [5.1, 24, -0.4]
				},
				{
					"name": "smokeg6",
					"parent": "leftSmokerG",
					"pivot": [5, 17.5, -4.5],
					"cubes": [
						{
							"origin": [4.25, 16.25, -6],
							"size": [2.5, 2.5, 2.5],
							"uv": {
								"north": {"uv": [8, 0], "uv_size": [-8, 8]},
								"east": {"uv": [8, 0], "uv_size": [-8, 8]},
								"south": {"uv": [8, 0], "uv_size": [-8, 8]},
								"west": {"uv": [8, 0], "uv_size": [-8, 8]},
								"up": {"uv": [0, 8], "uv_size": [8, -8]},
								"down": {"uv": [0, 8], "uv_size": [8, -8]}
							}
						},
						{
							"origin": [4.25, 16.25, -6],
							"size": [2.5, 2.5, 2.5],
							"inflate": 0.15,
							"uv": {
								"north": {"uv": [16, 0], "uv_size": [-8, 8]},
								"east": {"uv": [16, 0], "uv_size": [-8, 8]},
								"south": {"uv": [16, 0], "uv_size": [-8, 8]},
								"west": {"uv": [16, 0], "uv_size": [-8, 8]},
								"up": {"uv": [8, 8], "uv_size": [8, -8]},
								"down": {"uv": [8, 8], "uv_size": [8, -8]}
							}
						}
					]
				},
				{
					"name": "smokeg7",
					"parent": "leftSmokerG",
					"pivot": [5.5, 22.5, -5],
					"cubes": [
						{
							"origin": [4.5, 21.25, -6.25],
							"size": [2.5, 2.5, 2.5],
							"uv": {
								"north": {"uv": [8, 0], "uv_size": [-8, 8]},
								"east": {"uv": [8, 0], "uv_size": [-8, 8]},
								"south": {"uv": [8, 0], "uv_size": [-8, 8]},
								"west": {"uv": [8, 0], "uv_size": [-8, 8]},
								"up": {"uv": [0, 8], "uv_size": [8, -8]},
								"down": {"uv": [0, 8], "uv_size": [8, -8]}
							}
						},
						{
							"origin": [4.5, 21.25, -6.25],
							"size": [2.5, 2.5, 2.5],
							"inflate": 0.15,
							"uv": {
								"north": {"uv": [16, 0], "uv_size": [-8, 8]},
								"east": {"uv": [16, 0], "uv_size": [-8, 8]},
								"south": {"uv": [16, 0], "uv_size": [-8, 8]},
								"west": {"uv": [16, 0], "uv_size": [-8, 8]},
								"up": {"uv": [8, 8], "uv_size": [8, -8]},
								"down": {"uv": [8, 8], "uv_size": [8, -8]}
							}
						}
					]
				},
				{
					"name": "smokeg8",
					"parent": "leftSmokerG",
					"pivot": [6, 26, -2],
					"cubes": [
						{
							"origin": [4.75, 24.75, -3.25],
							"size": [2.5, 2.5, 2.5],
							"uv": {
								"north": {"uv": [8, 0], "uv_size": [-8, 8]},
								"east": {"uv": [8, 0], "uv_size": [-8, 8]},
								"south": {"uv": [8, 0], "uv_size": [-8, 8]},
								"west": {"uv": [8, 0], "uv_size": [-8, 8]},
								"up": {"uv": [0, 8], "uv_size": [8, -8]},
								"down": {"uv": [0, 8], "uv_size": [8, -8]}
							}
						},
						{
							"origin": [4.75, 24.75, -3.25],
							"size": [2.5, 2.5, 2.5],
							"inflate": 0.15,
							"uv": {
								"north": {"uv": [16, 0], "uv_size": [-8, 8]},
								"east": {"uv": [16, 0], "uv_size": [-8, 8]},
								"south": {"uv": [16, 0], "uv_size": [-8, 8]},
								"west": {"uv": [16, 0], "uv_size": [-8, 8]},
								"up": {"uv": [8, 8], "uv_size": [8, -8]},
								"down": {"uv": [8, 8], "uv_size": [8, -8]}
							}
						}
					]
				},
				{
					"name": "smokeg9",
					"parent": "leftSmokerG",
					"pivot": [6, 26.5, 3],
					"cubes": [
						{
							"origin": [4.75, 25.25, 1.75],
							"size": [2.5, 2.5, 2.5],
							"uv": {
								"north": {"uv": [8, 0], "uv_size": [-8, 8]},
								"east": {"uv": [8, 0], "uv_size": [-8, 8]},
								"south": {"uv": [8, 0], "uv_size": [-8, 8]},
								"west": {"uv": [8, 0], "uv_size": [-8, 8]},
								"up": {"uv": [0, 8], "uv_size": [8, -8]},
								"down": {"uv": [0, 8], "uv_size": [8, -8]}
							}
						},
						{
							"origin": [4.75, 25.25, 1.75],
							"size": [2.5, 2.5, 2.5],
							"inflate": 0.15,
							"uv": {
								"north": {"uv": [16, 0], "uv_size": [-8, 8]},
								"east": {"uv": [16, 0], "uv_size": [-8, 8]},
								"south": {"uv": [16, 0], "uv_size": [-8, 8]},
								"west": {"uv": [16, 0], "uv_size": [-8, 8]},
								"up": {"uv": [8, 8], "uv_size": [8, -8]},
								"down": {"uv": [8, 8], "uv_size": [8, -8]}
							}
						}
					]
				},
				{
					"name": "smokeg10",
					"parent": "leftSmokerG",
					"pivot": [2, 28, 6.5],
					"cubes": [
						{
							"origin": [0.75, 26.75, 5.25],
							"size": [2.5, 2.5, 2.5],
							"uv": {
								"north": {"uv": [8, 0], "uv_size": [-8, 8]},
								"east": {"uv": [8, 0], "uv_size": [-8, 8]},
								"south": {"uv": [8, 0], "uv_size": [-8, 8]},
								"west": {"uv": [8, 0], "uv_size": [-8, 8]},
								"up": {"uv": [0, 8], "uv_size": [8, -8]},
								"down": {"uv": [0, 8], "uv_size": [8, -8]}
							}
						},
						{
							"origin": [0.75, 26.75, 5.25],
							"size": [2.5, 2.5, 2.5],
							"inflate": 0.15,
							"uv": {
								"north": {"uv": [16, 0], "uv_size": [-8, 8]},
								"east": {"uv": [16, 0], "uv_size": [-8, 8]},
								"south": {"uv": [16, 0], "uv_size": [-8, 8]},
								"west": {"uv": [16, 0], "uv_size": [-8, 8]},
								"up": {"uv": [8, 8], "uv_size": [8, -8]},
								"down": {"uv": [8, 8], "uv_size": [8, -8]}
							}
						}
					]
				}
			]
		}
	]
}