{
	"format_version": "1.12.0",
	"minecraft:geometry": [
		{
			"description": {
				"identifier": "geometry.wanted1",
				"texture_width": 16,
				"texture_height": 16,
				"visible_bounds_width": 3,
				"visible_bounds_height": 3.5,
				"visible_bounds_offset": [0, 1.25, 0]
			},
			"bones": [
				{
					"name": "root",
					"pivot": [0, 0, 0]
				},
				{
					"name": "waist",
					"parent": "root",
					"pivot": [0, 12, 0]
				},
				{
					"name": "body",
					"parent": "waist",
					"pivot": [0, 24, 0]
				},
				{
					"name": "rightA",
					"parent": "body",
					"pivot": [-6, 24, 0]
				},
				{
					"name": "rightArm",
					"parent": "rightA",
					"pivot": [-5, 22, 0]
				},
				{
					"name": "rightArm2",
					"parent": "rightArm",
					"pivot": [-5, 18, 2],
					"cubes": [
						{
							"origin": [-10, 13, -13.5],
							"size": [8, 0.01, 11.5],
							"uv": {
								"north": {"uv": [0, 0], "uv_size": [0, 0]},
								"east": {"uv": [0, 0], "uv_size": [0, 0]},
								"south": {"uv": [0, 0], "uv_size": [0, 0]},
								"west": {"uv": [0, 0], "uv_size": [0, 0]},
								"up": {"uv": [13.5, 16], "uv_size": [-11, -16]},
								"down": {"uv": [0.5, 16], "uv_size": [-0.5, -0.5]}
							}
						}
					]
				}
			]
		}
	]
}