{
	"format_version": "1.12.0",
	"minecraft:geometry": [
		{
			"description": {
				"identifier": "geometry.sea_beast_name_bar",
				"texture_width": 16,
				"texture_height": 16,
				"visible_bounds_width": 3,
				"visible_bounds_height": 5.5,
				"visible_bounds_offset": [0, 2.25, 0]
			},
			"bones": [
				{
					"name": "root",
					"pivot": [0, 0, 0],
					"cubes": [
						{
							"origin": [-57.5, 208.5, -13.8],
							"size": [108, 48, 0.01],
							"uv": {
								"north": {"uv": [0, 0], "uv_size": [16, 16]},
								"east": {"uv": [16, 0], "uv_size": [0, 0]},
								"south": {"uv": [16, 0], "uv_size": [0, 0]},
								"west": {"uv": [16, 0], "uv_size": [0, 0]},
								"up": {"uv": [16, 0], "uv_size": [0, 0]},
								"down": {"uv": [16, 0], "uv_size": [0, 0]}
							}
						}
					]
				}
			]
		}
	]
}