{"format_version":"1.10.0","animation_controllers":{"controller.animation.player.root":{"initial_state":"first_person","states":{"first_person":{"animations":["first_person_swap_item","first_person_base_pose",{"first_person_empty_hand":"query.get_equipped_item_name(0, 1) != 'map' || !variable.all_swords1 || !variable.all_swords2 || query.get_equipped_item_name !='pistol' || query.get_equipped_item_name !='sniper'"},{"first_person_walk":"variable.bob_animation"},{"first_person_map_controller":"(query.get_equipped_item_name(0, 1) == 'map' || query.get_equipped_item_name('off_hand') == 'map')"},{"first_person_crossbow_equipped":"query.get_equipped_item_name == 'crossbow' && (variable.item_use_normalized > 0 && variable.item_use_normalized < 1.0)"},{"first_person_crossbow_hold":"query.get_equipped_item_name == 'crossbow' && query.item_is_charged"},{"first_person_breathing_bob":"variable.attack_time <= 0.0"}],"transitions":[{"paperdoll":"variable.is_paperdoll"},{"map_player":"variable.map_face_icon"},{"third_person":"!variable.is_first_person"}]},"map_player":{"transitions":[{"paperdoll":"variable.is_paperdoll"},{"first_person":"variable.is_first_person"},{"third_person":"!variable.map_face_icon && !variable.is_first_person"}]},"paperdoll":{"animations":["humanoid_base_pose","look_at_target_ui","move.arms","move.legs","cape"],"transitions":[{"first_person":"!variable.is_paperdoll && variable.is_first_person"},{"map_player":"variable.map_face_icon"},{"third_person":"!variable.is_paperdoll && !variable.is_first_person"}]},"third_person":{"animations":["humanoid_base_pose",{"look_at_target":"!query.is_sleeping"},"cape",{"riding.arms":"query.is_riding && !(variable.hana || variable.magu || variable.mera || variable.tori_phoenix || variable.uo_dragon)"},{"riding.legs":"query.is_riding && !(variable.hana || variable.magu || variable.mera || variable.tori_phoenix || variable.uo_dragon)"},{"holding":"query.get_equipped_item_name != 'pistol' && query.get_equipped_item_name != 'sniper' && !variable.all_swords1 && query.get_equipped_item_name('off_hand') != 'handcuffs_kairoseki'"},{"brandish_spear":"variable.is_brandishing_spear"},{"charging":"query.is_charging"},{"sneaking":"query.is_sneaking && !query.is_sleeping"},{"bob":"!(query.equipped_item_any_tag('slot.weapon.mainhand','arm') || query.equipped_item_any_tag('slot.weapon.mainhand','modo') || query.equipped_item_any_tag('slot.weapon.mainhand','skill')) && !(query.equipped_item_any_tag('slot.armor.legs','black_leg')) && !(query.get_equipped_item_name == 'sniper' && !query.modified_move_speed < 0.1)"},{"damage_nearby_mobs":"variable.damage_nearby_mobs"},{"bow_and_arrow":"query.has_target"},{"swimming":"variable.swim_amount > 0.0"},{"swimming.legs":"variable.swim_amount > 0.0"},{"use_item_progress":"( variable.use_item_interval_progress > 0.0 ) || ( variable.use_item_startup_progress > 0.0 ) && !variable.is_brandishing_spear && !(query.equipped_item_any_tag('slot.weapon.mainhand','arm') || query.equipped_item_any_tag('slot.weapon.mainhand','modo') || query.equipped_item_any_tag('slot.weapon.mainhand','skill'))"},{"sleeping":"query.is_sleeping && query.is_alive"},{"shield_block_main_hand":"query.blocking && query.get_equipped_item_name('off_hand') != 'shield' && query.get_equipped_item_name == 'shield'"},{"shield_block_off_hand":"query.blocking && query.get_equipped_item_name('off_hand') == 'shield'"},{"crossbow_controller":"query.get_equipped_item_name == 'crossbow'"},{"third_person_bow_equipped":"query.get_equipped_item_name == 'bow' && (variable.item_use_normalized > 0 && variable.item_use_normalized < 1.0)"}],"transitions":[{"paperdoll":"variable.is_paperdoll"},{"first_person":"variable.is_first_person"},{"map_player":"variable.map_face_icon"}]}}}}}