{
  "format_version": "1.16.100",
  "minecraft:item": {
    "description": {
      "identifier": "wesl3y:suna_skill3",
      "category": "commands"
    },
    "components": {
      "tag:arm": {},
      "minecraft:icon": {
        "texture": "suna_skill3"
      },
      "minecraft:display_name": {
        "value":"Skill 3\n§e(Suna Suna)\n§7(Crouch to change/Agache para Mudar)"
      },
      "tag:skill": {},
      "minecraft:use_duration": 99999,
      "minecraft:max_stack_size": 1,
      "minecraft:hand_equipped": true,
      "minecraft:food": {
        "can_always_eat": true
      },
      "minecraft:on_use": {
        "on_use": {
          "event": "using",
          "target": "self"
        }
      },
      "minecraft:render_offsets": {
	    "main_hand": {
		  "first_person": { 
		    "scale": [0.0,0.0,0.0]
		  },
		  "third_person": { 
			"scale": [0.0,0.0,0.0]
		  }
		},
		"off_hand": {
		  "first_person": { 
			"scale": [0.0,0.0,0.0]
		  },
		  "third_person": { 
			"scale": [0.0,0.0,0.0]
	      }
	    }
	  }
    },
    "events": {
      "using": {
        "sequence": [
          {
            "randomize": [
              {
                "condition": "query.scoreboard('cooldown_skill3') == 0 && !query.is_sneaking",
                "run_command": {
                  "command": [
                    "playanimation @s animation.suna5.attack2 wesl3y",
                    "tag @s add suna5",
                    "tag @s[scores={fruit=..10}] add dano27",
                    "tag @s[scores={fruit=11..20}] add dano30",
                    "tag @s[scores={fruit=21..30}] add dano32",
                    "tag @s[scores={fruit=31..40}] add dano35",
                    "tag @s[scores={fruit=41..50}] add dano37",
                    "tag @s[scores={fruit=51..60}] add dano40",
                    "tag @s[scores={fruit=61..70}] add dano42",
                    "tag @s[scores={fruit=71..80}] add dano45",
                    "tag @s[scores={fruit=81..}] add dano47",
                    "event entity @s wesl3y:suna2",
                    "scoreboard players set @s cooldown_skill3 110",
                    "scoreboard players add @s xp_fruit 1"
                  ]
                }
              }
            ]
          }
        ]
      }
    }
  }
}