{
  "resource_pack_name": "vanilla",
  "texture_name": "atlas.items",
  "texture_data": {
    "egg_camel": {
      "textures": "textures/items/egg_camel"
    },
    "egg_lion": {
      "textures": "textures/items/egg_lion"
    },
    "egg_penguin": {
      "textures": "textures/items/egg_penguin"
    },
    "egg_tiger": {
      "textures": "textures/items/egg_tiger"
    },
    "egg_elephant": {
      "textures": "textures/items/egg_elephant"
    },
    "egg_deer": {
      "textures": "textures/items/egg_deer"
    },
    "egg_panther": {
      "textures": "textures/items/egg_panther"
    },
    "egg_frog": {
      "textures": "textures/items/egg_frog"
    },
    "egg_crocodile": {
      "textures": "textures/items/egg_crocodile"
    },
    "egg_mouse": {
      "textures": "textures/items/egg_mouse"
    },
    "gallardo": {
      "textures": "textures/items/gallardo"
    },
    "bench": {
      "textures": "textures/items/bench"
    },
    "christmas_tree": {
      "textures": "textures/items/christmas_tree"
    },
    "tivi": {
      "textures": "textures/items/tivi"
    },
    "closet": {
      "textures": "textures/items/closet"
    },
    "laptop": {
      "textures": "textures/items/laptop"
    },
    "piano": {
      "textures": "textures/items/piano"
    },
    "armchairs": {
      "textures": "textures/items/armchairs"
    },
    "chair": {
      "textures": "textures/items/chair"
    },
    "big_table": {
      "textures": "textures/items/big_table"
    },
    "small_table": {
      "textures": "textures/items/small_table"
    },
    "drone": {
      "textures": "textures/items/drone"
    },
    "colorful_gifts": {
      "textures": "textures/items/colorful_gifts"
    },
    "mn_chainsaw_man": {
      "textures": [
        "textures/items/pamobile/mn_chainsaw_man"
      ]
    },
    "mn:sngue": {
      "textures": "textures/items/pamobile/mn_sngue"
    },
    "mn_shark_devill": {
      "textures": [
        "textures/items/pamobile/mn_shark_devill"
      ]
    },
    "mn_demon_blod": {
      "textures": [
        "textures/items/pamobile/mn_demon_blod"
      ]
    },
    "mn_katana_man": {
      "textures": [
        "textures/items/pamobile/mn_katana_man"
      ]
    },
    "mn:chainsaw_craft": {
      "textures": "textures/items/pamobile/mn_chainsaw_craft"
    },
    "mn:katana_craft": {
      "textures": "textures/items/pamobile/mn_katana_craft"
    },
    "mn:shark_craft": {
      "textures": "textures/items/pamobile/mn_shark_craft"
    },
    "mn:pochita": {
      "textures": "textures/items/pamobile/mn_pochita"
    },
    "mn:chainsawman": {
      "textures": "textures/items/pamobile/mn_chainsawman"
    },
    "mn:katanaman": {
      "textures": "textures/items/pamobile/mn_katanaman"
    },
    "mn:sharkdevil": {
      "textures": "textures/items/pamobile/mn_sharkdevil"
    },
    "mn_pochita_w": {
      "textures": "textures/items/pamobile/mn_pochita_w"
    },
    "mn_motoserra_sangue": {
      "textures": "textures/items/pamobile/mn_motoserra_sangue"
    },
    "mn_motoserra": {
      "textures": "textures/items/pamobile/mn_motoserra"
    }
  }
}