{"format_version":"1.10.0","animation_controllers":{"controller.animation.morph":{"states":{"default":{"transitions":[{"working":"query.mark_variant==1"},{"remove":"!query.has_rider"},{"is_riding":"query.has_rider"}]},"remove":{"on_entry":["/title @p actbar sawakas"],"transitions":[{"default":"1.0"}]},"is_riding":{"on_entry":["/effect @p invisibility 1 1 true","/effect @p strength 1 56 true"],"transitions":[{"default":"1.0"}]}}},"controller.animation.figure":{"states":{"default":{"transitions":[{"working":"query.mark_variant==1"},{"remove":"!query.has_rider"},{"is_riding":"query.has_rider"}]},"remove":{"on_entry":["/title @p actbar sawakas"],"transitions":[{"default":"1.0"}]},"is_riding":{"on_entry":["/effect @p invisibility 1 1 true","/effect @p strength 1 56 true","/effect @p blindness 1 1 true"],"transitions":[{"default":"1.0"}]}}}}}