{
  "format_version":"1.16.100",
  "animation_controllers":{
    "controller.animation.fujitora":{
      "states":{
        "default":{
          "transitions":[
            {"k":"query.variant == 27000"},
            {"kurouzu":"query.variant == 270"},
            {"zusizusi":"query.has_target && !query.is_in_water"}
          ]
        },
        "zusizusi":{
          "transitions":[
            {"k":"query.variant == 27000"},
            {"2":"variable.time = (variable.time ?? 0);variable.time = variable.time < 100 ? variable.time + 1:0;return variable.time == 0;"}
          ],
          "on_entry":[
            "/execute @e[r=10,tag=kaizoku10] ~~~ fill ~1~~1 ~-1~~-1 onepiece_addon:gravity",
            "/execute @e[r=10,tag=kaizoku10] ~~~ fill ~~2~ ~~2~ onepiece_addon:gravity",
            "/execute @e[r=10,tag=kaizoku20] ~~~ fill ~1~~1 ~-1~~-1 onepiece_addon:gravity",
            "/execute @e[r=10,tag=kaizoku20] ~~~ fill ~~2~ ~~2~ onepiece_addon:gravity",
            "/execute @e[r=10,family=kaizoku] ~~~ fill ~1~~1 ~-1~~-1 onepiece_addon:gravity",
            "/execute @e[r=10,family=kaizoku] ~~~ fill ~~2~ ~~2~ onepiece_addon:gravity",
            "/effect @e[r=10,family=kaizoku] slowness 10 4 true",
            "/effect @e[r=10,family=kaizoku] mining_fatigue 10 4 true",
            "/effect @e[r=10,tag=kaizoku10] slowness 10 4 true",
            "/effect @e[r=10,tag=kaizoku10] mining_fatigue 10 4 true",
            "/effect @e[r=10,tag=kaizoku20] slowness 10 4 true",
            "/effect @e[r=10,tag=kaizoku20] mining_fatigue 10 4 true"
          ]
        },
        "2":{
          "transitions":[
            {"default":"variable.time = (variable.time ?? 0);variable.time = variable.time < 100 ? variable.time + 1:0;return variable.time == 0;"}
          ],
          "on_entry":[
            "/fill ~13~5~13 ~-13~-2~-13 air 0 replace onepiece_addon:gravity"
          ]
        },
        "kurouzu":{
          "transitions":[
            {"default":"query.variant == 0"}
          ]
        },
        "k":{}
        
      }
    }
  }
}