{
	"format_version": "1.8.0",
	"animations": {
		"animation.bane.default": {
			"loop": true,
			"bones": {
				"rightArm": {
					"rotation": [0, 0, 17.5]
				},
				"leftArm": {
					"rotation": [0, 0, -17.5]
				}
			}
		},
		"animation.babe.ranged": {
			"loop": true,
			"animation_length": 2,
			"override_previous_animation": true,
			"bones": {
				"root": {
					"rotation": [0, 27.5, 0]
				},
				"waist": {
					"rotation": {
						"0.0": [0, 0, 0],
						"0.25": [0, -32.5, 0]
					}
				},
				"rightArm": {
					"rotation": {
						"0.0": [-111.16172, 20.61913, -46.52156],
						"0.25": [-30.55204, 5.46165, -76.15002]
					},
					"position": {
						"0.0": [2.5, -1, -1],
						"0.25": [1, 0.5, -5]
					}
				},
				"rightArm2": {
					"rotation": {
						"0.0": [-15, 0, 0],
						"0.25": [-2.5, 0, 0]
					}
				},
				"leftArm": {
					"rotation": {
						"0.0": [-160.63723, 41.21509, -84.57934],
						"0.25": [-87.66831, 16.46796, -88.69067]
					},
					"position": {
						"0.0": [-4.5, -2, -4.5],
						"0.25": [-0.5, -2, -2]
					}
				},
				"leftArm2": {
					"rotation": [-12.5, 0, 0]
				},
				"leftLeg": {
					"rotation": [0, -30, 0]
				}
			}
		}
	}
}