{
	"format_version": "1.8.0",
	"animations": {
		"animation.dugong.default": {
			"loop": "hold_on_last_frame",
			"bones": {
				"body2": {
					"rotation": [45, 0, 0]
				},
				"body3": {
					"rotation": [32.5, 0, 0]
				},
				"body4": {
					"rotation": [10, 0, 0]
				},
				"rightArm": {
					"rotation": [0, 0, 10]
				},
				"rightForeArm": {
					"rotation": [-15, 0, 0]
				},
				"leftArm": {
					"rotation": [0, 0, -10]
				},
				"leftForeArm": {
					"rotation": [-15, 0, 0]
				}
			}
		},
		"animation.dugong.swimming": {
			"loop": true,
			"animation_length": 1,
			"bones": {
				"waist": {
					"rotation": ["query.target_x_rotation + 80", 0, 0]
				},
				"body2": {
					"rotation": {
						"0.0": [2.5, 0, 0],
						"0.25": [0, 0, 0],
						"0.5": [-2.5, 0, 0],
						"0.75": [0, 0, 0],
						"1.0": [2.5, 0, 0]
					}
				},
				"body3": {
					"rotation": {
						"0.0": [2.5, 0, 0],
						"0.25": [0, 0, 0],
						"0.5": [-2.5, 0, 0],
						"0.75": [0, 0, 0],
						"1.0": [2.5, 0, 0]
					}
				},
				"body4": {
					"rotation": {
						"0.0": [2.5, 0, 0],
						"0.25": [0, 0, 0],
						"0.5": [-2.5, 0, 0],
						"0.75": [0, 0, 0],
						"1.0": [2.5, 0, 0]
					}
				},
				"body5": {
					"rotation": {
						"0.0": [5, 0, 0],
						"0.25": [2.5, 0, 0],
						"0.5": [-5, 0, 0],
						"0.75": [-2.5, 0, 0],
						"1.0": [5, 0, 0]
					}
				},
				"body6": {
					"rotation": {
						"0.0": [5, 0, 0],
						"0.25": [2.5, 0, 0],
						"0.5": [-5, 0, 0],
						"0.75": [-2.5, 0, 0],
						"1.0": [5, 0, 0]
					}
				},
				"body7": {
					"rotation": {
						"0.0": [5, 0, 0],
						"0.25": [2.5, 0, 0],
						"0.5": [-5, 0, 0],
						"0.75": [-2.5, 0, 0],
						"1.0": [5, 0, 0]
					}
				},
				"body8": {
					"rotation": {
						"0.0": [7.5, 0, 0],
						"0.25": [5, 0, 0],
						"0.5": [-7.5, 0, 0],
						"0.75": [-5, 0, 0],
						"1.0": [7.5, 0, 0]
					}
				}
			}
		}
	}
}