{
	"format_version": "1.8.0",
	"animations": {
		"animation.gorilla.default": {
			"loop": "hold_on_last_frame",
			"bones": {
				"root": {
					"position": [0, 0, 2]
				},
				"waist": {
					"rotation": [27.5, 0, 0],
					"position": [0, 1, -1]
				},
				"body": {
					"rotation": [5, 0, 0]
				},
				"rightArm": {
					"rotation": [-25, 0, 7.5]
				},
				"rightArm2": {
					"rotation": [-7.5, 0, -7.5]
				},
				"leftArm": {
					"rotation": [-25, 0, -7.5]
				},
				"leftArm2": {
					"rotation": [-7.5, 0, 7.5]
				},
				"rightLeg": {
					"rotation": [-5, 0, 0],
					"position": [0, 0, 2.5]
				},
				"rightLeg2": {
					"rotation": [5, 0, 0]
				},
				"leftLeg": {
					"rotation": [-5, 0, 0],
					"position": [0, 0, 2.5]
				},
				"leftLeg2": {
					"rotation": [5, 0, 0]
				}
			}
		}
	}
}