{
	"format_version": "1.8.0",
	"animations": {
		"animation.mob.hana_fleur6": {
			"loop": "hold_on_last_frame",
			"animation_length": 0.5,
			"bones": {
				"rightArm": {
					"rotation": {
						"0.0": [0, -67.5, 0],
						"0.25": [0, 67.5, 0]
					}
				}
			}
		},
		"animation.mob.hana_fleur7": {
			"loop": true,
			"animation_length": 0.8,
			"bones": {
				"rightLeg": {
					"rotation": [0, -7.5, 0],
					"position": [-8, 0, 0]
				},
				"rightLeg2": {
					"rotation": {
						"0.0": [0, 0, 0],
						"0.2": [-30, 0, 0],
						"0.4": [0, 0, 0],
						"0.6": [-30, 0, 0],
						"0.8": [0, 0, 0]
					}
				},
				"leftLeg": {
					"rotation": [0, 7.5, 0],
					"position": [8, 0, 0]
				},
				"leftLeg2": {
					"rotation": {
						"0.0": [-30, 0, 0],
						"0.2": [0, 0, 0],
						"0.4": [-30, 0, 0],
						"0.6": [0, 0, 0],
						"0.8": [-30, 0, 0]
					}
				}
			}
		}
	}
}