{
	"format_version": "1.8.0",
	"animations": {
		"animation.sea_beast_mohmoo.default": {
			"loop": true,
			"bones": {
				"root": {
					"position": [0, 34, -40]
				},
				"body1": {
					"rotation": [-20, 0, 0],
					"position": [0, 0, -2]
				},
				"body2": {
					"rotation": [-37.5, 0, 0],
					"position": [0, 1, -6]
				},
				"body3": {
					"rotation": [25, 0, 0],
					"position": [0, -1, -5]
				},
				"body4": {
					"rotation": [32.5, 0, 0],
					"position": [0, -2, -6]
				},
				"body6": {
					"rotation": [7.5, 0, 0]
				},
				"body7": {
					"rotation": [12.5, 0, 0]
				},
				"body8": {
					"rotation": [15, 0, 0]
				},
				"body9": {
					"rotation": [15, 0, 0]
				},
				"body10": {
					"rotation": [10, 0, 0]
				},
				"rightFin": {
					"rotation": [24.5, 22, -40],
					"position": [0, 4, -8]
				},
				"rightFin3": {
					"rotation": [0, 0, 22.5]
				},
				"leftFin": {
					"rotation": [24.5, -22, 40],
					"position": [0, 4, -8]
				},
				"leftFin3": {
					"rotation": [0, 0, -22.5]
				}
			}
		},
		"animation.sea_beast_mohmoo.swimming": {
			"loop": true,
			"animation_length": 2.45833,
			"bones": {
				"head": {
					"rotation": {
						"0.0": [8.96337, 1.97599, 0.69446],
						"0.625": [14.96337, 1.97599, 0.69446],
						"1.2083": [8.96337, 1.97599, 0.69446],
						"1.8333": [14.96337, 1.97599, 0.69446],
						"2.4167": [8.96337, 1.97599, 0.69446]
					}
				},
				"body2": {
					"rotation": {
						"0.0": [0, -2.5, 0],
						"0.625": [7.5, 0, 0],
						"1.2083": [0, -2.5, 0],
						"1.8333": [7.5, 0, 0],
						"2.4167": [0, -2.5, 0]
					}
				},
				"body4": {
					"rotation": {
						"0.0": [0, 0, 0],
						"0.625": [-17.5, 0, 0],
						"1.2083": [0, 0, 0],
						"1.8333": [-17.5, 0, 0],
						"2.4167": [0, 0, 0]
					}
				},
				"body5": {
					"rotation": {
						"0.0": [15, 0, 0],
						"0.625": [-20, 0, 0],
						"1.2083": [15, 0, 0],
						"1.8333": [-20, 0, 0],
						"2.4167": [15, 0, 0]
					}
				},
				"body8": {
					"rotation": {
						"0.0": [15, 0, 0],
						"0.625": [-17.5, 0, 0],
						"1.2083": [15, 0, 0],
						"1.8333": [-17.5, 0, 0],
						"2.4167": [15, 0, 0]
					}
				},
				"body10": {
					"rotation": {
						"0.0": [0, 0, 0],
						"0.625": [-25, 0, 0],
						"1.2083": [0, 0, 0],
						"1.8333": [-25, 0, 0],
						"2.4167": [0, 0, 0]
					}
				},
				"rightFin": {
					"rotation": {
						"0.0": [0, 0, 10],
						"0.625": [0, 0, -12.5],
						"1.2083": [0, 0, 10],
						"1.8333": [0, 0, -12.5],
						"2.4167": [0, 0, 10]
					}
				},
				"rightFin2": {
					"rotation": {
						"0.0": [0, 0, 0],
						"0.625": [0, 0, -25],
						"1.2083": [0, 0, 0],
						"1.8333": [0, 0, -25],
						"2.4167": [0, 0, 0]
					}
				},
				"rightFin4": {
					"rotation": {
						"0.0": [0, 0, 14.5],
						"0.625": [0.90711, -0.84074, -22.17934],
						"1.2083": [0, 0, 14.5],
						"1.8333": [0.90711, -0.84074, -22.17934],
						"2.4167": [0, 0, 14.5]
					}
				},
				"leftFin": {
					"rotation": {
						"0.0": [0, 0, -10],
						"0.625": [0, 0, 12.5],
						"1.2083": [0, 0, -10],
						"1.8333": [0, 0, 12.5],
						"2.4167": [0, 0, -10]
					}
				},
				"leftFin2": {
					"rotation": {
						"0.0": [0, 0, 0],
						"0.625": [0, 0, 25],
						"1.2083": [0, 0, 0],
						"1.8333": [0, 0, 25],
						"2.4167": [0, 0, 0]
					}
				},
				"leftFin4": {
					"rotation": {
						"0.0": [0, 0, -14.5],
						"0.625": [0.90711, -0.84074, 14.5],
						"1.2083": [0, 0, -14.5],
						"1.8333": [0.90711, -0.84074, 14.5],
						"2.4167": [0, 0, -14.5]
					}
				}
			}
		}
	}
}