{
	"format_version": "1.8.0",
	"animations": {
		"animation.sea_beast_eel.default": {
			"loop": true,
			"animation_length": 2.70833,
			"bones": {
				"head": {
					"rotation": {
						"0.0": [15, 0, 0],
						"1.1667": [-2.5, 0, 0],
						"2.7083": [15, 0, 0]
					},
					"position": {
						"0.0": [0, 66, 12],
						"2.7083": [0, 66, 12]
					}
				},
				"body1": {
					"rotation": {
						"0.0": [-55, 0, 0],
						"2.7083": [-55, 0, 0]
					},
					"position": {
						"0.0": [0, 68, 4],
						"2.7083": [0, 68, 4]
					}
				},
				"body2": {
					"rotation": {
						"0.0": [15, 0, 0],
						"2.7083": [15, 0, 0]
					}
				},
				"body3": {
					"rotation": {
						"0.0": [20.06397, 7.43547, 0.98448],
						"1.375": [22.56397, -7.43547, -0.98448],
						"2.7083": [20.06397, 7.43547, 0.98448]
					}
				},
				"body4": {
					"rotation": {
						"0.0": [15.12353, 7.24305, 1.95155],
						"1.375": [15.0547, -4.82922, -1.29717],
						"2.7083": [15.12353, 7.24305, 1.95155]
					}
				},
				"body5": {
					"rotation": {
						"0.0": [15.34721, 12.06754, 3.28396],
						"1.375": [15.50409, -14.47751, -3.96713],
						"2.7083": [15.34721, 12.06754, 3.28396]
					},
					"position": {
						"0.0": [7, 16, -3],
						"1.375": [-5, 16, -3],
						"2.7083": [7, 16, -3]
					}
				},
				"body": {
					"position": [0, 7, 0]
				}
			}
		},
		"animation.sea_beast_eel.swimming": {
			"loop": true,
			"animation_length": 2.5,
			"bones": {
				"pt1": {
					"rotation": {
						"0.0": [-31.88034, 6.6782, 10.59061],
						"1.25": [-32.30605, -3.75443, -5.91222],
						"2.5": [-31.88034, 6.6782, 10.59061]
					},
					"position": {
						"0.0": [-2.7, 8.4, -5.7],
						"1.25": [-8.7, 8.4, -5.7],
						"2.5": [-2.7, 8.4, -5.7]
					}
				},
				"pt2": {
					"rotation": {
						"0.0": [-4.8814, 5.49296, 18.61688],
						"1.25": [-6.02666, -4.20381, -12.79828],
						"2.5": [-4.8814, 5.49296, 18.61688]
					},
					"position": {
						"0.0": [0, -11.1, -6.2],
						"1.25": [-10.8, -11.1, -6.2],
						"2.5": [0, -11.1, -6.2]
					}
				},
				"pt3": {
					"rotation": {
						"0.0": [-8.0662, 12.16545, 18.50652],
						"1.25": [-10.59561, -10.04835, -18.36606],
						"2.5": [-8.0662, 12.16545, 18.50652]
					},
					"position": {
						"0.0": [5, -17.2, -8.6],
						"1.25": [-15.1, -17.2, -8.6],
						"2.5": [5, -17.2, -8.6]
					}
				},
				"pt4": {
					"rotation": {
						"0.0": [-11.25672, 20.06742, 18.1804],
						"1.25": [-12.484, -19.34722, -23.75528],
						"2.5": [-11.25672, 20.06742, 18.1804]
					},
					"position": {
						"0.0": [15, -26.8, -14.5],
						"1.25": [-22.6, -26.8, -14.5],
						"2.5": [15, -26.8, -14.5]
					}
				},
				"pt6": {
					"rotation": {
						"0.0": [7.09999, 21.40584, 18.84359],
						"1.25": [9.56315, -20.46277, -25.72998],
						"2.5": [7.09999, 21.40584, 18.84359]
					},
					"position": {
						"0.0": [29, -31.2, -22.7],
						"1.25": [-37.5, -31.2, -22.7],
						"2.5": [29, -31.2, -22.7]
					}
				},
				"pt5": {
					"rotation": {
						"0.0": [0, 0, 15],
						"1.25": [0, 0, -12.5],
						"2.5": [0, 0, 15]
					},
					"position": {
						"0.0": [1, 17.3, 11.4],
						"1.25": [-8.9, 17.3, 11.4],
						"2.5": [1, 17.3, 11.4]
					}
				},
				"body1": {
					"rotation": {
						"0.0": [-28, -9, 4.5],
						"1.25": [-28.20455, 6.61792, -3.53679],
						"2.5": [-28.36514, -8.8195, 4.73218]
					}
				},
				"body2": {
					"rotation": {
						"0.0": [10, 0, 0],
						"2.5": [10, 0, 0]
					}
				},
				"body3": {
					"rotation": {
						"0.0": [7.0598, -7.44378, -0.9192],
						"1.25": [7.0681, 7.93998, 0.98124],
						"2.5": [7.0598, -7.44378, -0.9192]
					}
				},
				"body4": {
					"rotation": {
						"0.0": [4.09679, -12.46906, -0.88599],
						"1.25": [4.0497, 8.9779, 0.633],
						"2.5": [4.09679, -12.46906, -0.88599]
					}
				},
				"body5": {
					"rotation": {
						"0.0": [7.16821, -12.40534, -1.54763],
						"1.25": [7.18223, 12.90142, 1.61163],
						"2.5": [7.16821, -12.40534, -1.54763]
					},
					"position": {
						"0.0": [-11.4, 0, 0],
						"1.25": [7.9, 0, 0],
						"2.5": [-11.4, 0, 0]
					}
				},
				"body6": {
					"rotation": {
						"0.0": [5.17544, -14.94159, -1.3378],
						"1.25": [5.12076, 12.45167, 1.10693],
						"2.5": [5.17544, -14.94159, -1.3378]
					}
				},
				"body": {
					"rotation": [8.54116, -9, 4.5],
					"position": [0, 24, 0]
				}
			}
		}
	}
}