{
	"format_version": "1.8.0",
	"animations": {
		"animation.ussop.ginga_pachinko.using": {
			"loop": "hold_on_last_frame",
			"animation_length": 10000,
			"bones": {
				"root": {
					"rotation": [0, "query.target_y_rotation", 0]
				},
				"tudo": {
					"rotation": [0, -80, 0]
				},
				"rightA": {
					"rotation": [-90, 0, 0]
				},
				"rightArm": {
					"rotation": [5, 0, 72.5],
					"position": [0, 1, 2.5]
				},
				"leftArm": {
					"rotation": [-90, 80, 0],
					"position": {
						"0.0": [-3, 2, -2],
						"0.15": [-2, 0, -2]
					}
				},
				"leftArm2": {
					"rotation": [0, 0, 10]
				},
				"slingshot": {
					"rotation": [0, 0, 17.5]
				},
				"line": {
					"rotation": [-5, 0, 0],
					"scale": [1, 2.4, 1]
				}
			}
		}
	}
}