{
  "format_version": "1.8.0",
  "animations": {
    "animation.mn_pochita.new": {
      "loop": true,
      "animation_length": 0.5,
      "bones": {
        "bone": {
          "rotation": {
            "0.0": [
              -32.5,
              0,
              0
            ],
            "0.25": [
              20,
              0,
              0
            ],
            "0.5": [
              -32.5,
              0,
              0
            ]
          }
        },
        "bone7": {
          "rotation": {
            "0.0": [
              -30,
              0,
              0
            ],
            "0.25": [
              20,
              0,
              0
            ],
            "0.5": [
              -32.5,
              0,
              0
            ]
          }
        },
        "bone8": {
          "rotation": {
            "0.0": [
              30,
              0,
              0
            ],
            "0.25": [
              -20,
              0,
              0
            ],
            "0.5": [
              30,
              0,
              0
            ]
          }
        },
        "bone9": {
          "rotation": {
            "0.0": [
              10,
              0,
              0
            ],
            "0.25": [
              -40,
              0,
              0
            ],
            "0.5": [
              12.5,
              0,
              0
            ]
          }
        }
      }
    }
  }
}