{
 "format_version": "1.10.0",
 "animation_controllers": {
  "controller.animation.meow": {
    "initial_state" : "default",
   "states": {
    "default": {
     "transitions": [
       { "on_timer": "query.is_sprinting" },
       { "off_timer": "!query.is_sprinting" }
      ]
    },
    "on_timer": {
     "animations" : [ "timer1" ],
     "transitions": [ { "on": "query.all_animations_finished" } ],
     "on_entry": [ "@s event:on" ]
    },
    "on": {
     "transitions": [ { "off_timer": "!query.is_sprinting" } ]
    },
    "off_timer": {
     "animations" : [ "timer1" ],
     "transitions": [ { "off": "query.all_animations_finished" } ],
     "on_entry": [ "@s event:off" ]
    },
    "off": {
     "transitions": [ { "on_timer": "query.is_sprinting" } ]
    }
   }
  }
 }
}