{
  "mob.al_a.death": {
    "category": " neutral",
    "sounds": [
      "sounds/mob/al_a/death"
    ]
  },
  "mob.al_f.say": {
    "category": " neutral",
    "sounds": [
      "sounds/mob/al_f/say"
    ]
  },
  "mob.al_c.say": {
    "category": " neutral",
    "sounds": [
      "sounds/mob/al_c/say"
    ]
  },
  "mob.al_c.death": {
    "category": " neutral",
    "sounds": [
      "sounds/mob/al_c/death"
    ]
  },
  "mob.al_a.say": {
    "category": " neutral",
    "sounds": [
      "sounds/mob/al_a/say"
    ]
  },
  "mob.al_b.say": {
    "category": " neutral",
    "sounds": [
      "sounds/mob/al_b/say"
    ]
  },
  "mob.al_b.death": {
    "category": " neutral",
    "sounds": [
      "sounds/mob/al_b/death"
    ]
  },
  "mob.al_f.death": {
    "category": " neutral",
    "sounds": [
      "sounds/mob/al_f/death"
    ]
  },
  "mob.al_d.death": {
    "category": " neutral",
    "sounds": [
      "sounds/mob/al_d/death"
    ]
  },
  "mob.al_e.say": {
    "category": " neutral",
    "sounds": [
      "sounds/mob/al_e/say"
    ]
  },
  "mob.al_e.death": {
    "category": " neutral",
    "sounds": [
      "sounds/mob/al_e/death"
    ]
  },
  "mob.al_d.say": {
    "category": " neutral",
    "sounds": [
      "sounds/mob/al_d/say"
    ]
  },
  "mob.al_i.death": {
    "category": " neutral",
    "sounds": [
      "sounds/mob/al_i/death"
    ]
  },
  "mob.al_i.say": {
    "category": " neutral",
    "sounds": [
      "sounds/mob/al_i/say"
    ]
  },
  "mob.al_g.death": {
    "category": " neutral",
    "sounds": [
      "sounds/mob/al_g/death"
    ]
  },
  "mob.al_g.say": {
    "category": " neutral",
    "sounds": [
      "sounds/mob/al_g/say"
    ]
  },
  "mob.al_j.death": {
    "category": " neutral",
    "sounds": [
      "sounds/mob/al_j/death"
    ]
  },
  "mob.al_h.say": {
    "category": " neutral",
    "sounds": [
      "sounds/mob/al_h/say"
    ]
  },
  "mob.al_j.say": {
    "category": " neutral",
    "sounds": [
      "sounds/mob/al_j/say"
    ]
  },
  "mob.al_h.death": {
    "category": " neutral",
    "sounds": [
      "sounds/mob/al_h/death"
    ]
  },
  "mob.al_k.say": {
    "category": " neutral",
    "sounds": [
      "sounds/mob/al_k/say"
    ]
  },
  "mob.al_k.death": {
    "category": " neutral",
    "sounds": [
      "sounds/mob/al_k/death"
    ]
  },
  "mob.al_l.say": {
    "category": " neutral",
    "sounds": [
      "sounds/mob/al_l/say"
    ]
  },
  "mob.al_l.death": {
    "category": " neutral",
    "sounds": [
      "sounds/mob/al_l/death"
    ]
  },
  "mob.al_m.death": {
    "category": " neutral",
    "sounds": [
      "sounds/mob/al_m/death"
    ]
  },
  "mob.al_m.say": {
    "category": " neutral",
    "sounds": [
      "sounds/mob/al_m/say"
    ]
  },
  "mob.al_p.say": {
    "category": " neutral",
    "sounds": [
      "sounds/mob/al_p/say"
    ]
  },
  "mob.al_p.death": {
    "category": " neutral",
    "sounds": [
      "sounds/mob/al_p/death"
    ]
  },
  "mob.al_r.death": {
    "category": " neutral",
    "sounds": [
      "sounds/mob/al_r/death"
    ]
  },
  "mob.al_r.say": {
    "category": " neutral",
    "sounds": [
      "sounds/mob/al_r/say"
    ]
  },
  "mob.al_o.death": {
    "category": " neutral",
    "sounds": [
      "sounds/mob/al_o/death"
    ]
  },
  "mob.al_n.say": {
    "category": " neutral",
    "sounds": [
      "sounds/mob/al_n/say"
    ]
  },
  "mob.al_o.say": {
    "category": " neutral",
    "sounds": [
      "sounds/mob/al_o/say"
    ]
  },
  "mob.al_n.death": {
    "category": " neutral",
    "sounds": [
      "sounds/mob/al_n/death"
    ]
  },
  "mob.al_q.say": {
    "category": " neutral",
    "sounds": [
      "sounds/mob/al_q/say"
    ]
  },
  "mob.al_q.death": {
    "category": " neutral",
    "sounds": [
      "sounds/mob/al_q/death"
    ]
  },
  "mob.al_s.death": {
    "category": " neutral",
    "sounds": [
      "sounds/mob/al_s/death"
    ]
  },
  "mob.al_v.death": {
    "category": " neutral",
    "sounds": [
      "sounds/mob/al_v/death"
    ]
  },
  "mob.al_s.say": {
    "category": " neutral",
    "sounds": [
      "sounds/mob/al_s/say"
    ]
  },
  "mob.al_t.say": {
    "category": " neutral",
    "sounds": [
      "sounds/mob/al_t/say"
    ]
  },
  "mob.al_t.death": {
    "category": " neutral",
    "sounds": [
      "sounds/mob/al_t/death"
    ]
  },
  "mob.al_x.death": {
    "category": " neutral",
    "sounds": [
      "sounds/mob/al_x/death"
    ]
  },
  "mob.al_v.say": {
    "category": " neutral",
    "sounds": [
      "sounds/mob/al_v/say"
    ]
  },
  "mob.al_u.death": {
    "category": " neutral",
    "sounds": [
      "sounds/mob/al_u/death"
    ]
  },
  "mob.al_w.say": {
    "category": " neutral",
    "sounds": [
      "sounds/mob/al_w/say"
    ]
  },
  "mob.al_x.say": {
    "category": " neutral",
    "sounds": [
      "sounds/mob/al_x/say"
    ]
  },
  "mob.al_u.say": {
    "category": " neutral",
    "sounds": [
      "sounds/mob/al_u/say"
    ]
  },
  "mob.al_w.death": {
    "category": " neutral",
    "sounds": [
      "sounds/mob/al_w/death"
    ]
  },
  "mob.al_z.say": {
    "category": " neutral",
    "sounds": [
      "sounds/mob/al_z/say"
    ]
  },
  "mob.al_z.death": {
    "category": " neutral",
    "sounds": [
      "sounds/mob/al_z/death"
    ]
  },
  "mob.al_y.death": {
    "category": " neutral",
    "sounds": [
      "sounds/mob/al_y/death"
    ]
  },
  "mob.al_y.say": {
    "category": " neutral",
    "sounds": [
      "sounds/mob/al_y/say"
    ]
  }
}