{"resource_pack_name":"vanilla","texture_name":"atlas.items","texture_data":{"yg:a":{"textures":"textures/items/spawn_eggs/yg_a"},"yg:b":{"textures":"textures/items/spawn_eggs/yg_b"},"yg:c":{"textures":"textures/items/spawn_eggs/yg_c"},"yg:f":{"textures":"textures/items/spawn_eggs/yg_f"},"yg:e":{"textures":"textures/items/spawn_eggs/yg_e"},"yg:d":{"textures":"textures/items/spawn_eggs/yg_d"},"yg:g":{"textures":"textures/items/spawn_eggs/yg_g"},"yg:h":{"textures":"textures/items/spawn_eggs/yg_h"},"yg:k":{"textures":"textures/items/spawn_eggs/yg_k"},"yg:j":{"textures":"textures/items/spawn_eggs/yg_j"},"yg:i":{"textures":"textures/items/spawn_eggs/yg_i"},"yg:l":{"textures":"textures/items/spawn_eggs/yg_l"},"yg:m":{"textures":"textures/items/spawn_eggs/yg_m"},"yg:q":{"textures":"textures/items/spawn_eggs/yg_q"},"yg:r":{"textures":"textures/items/spawn_eggs/yg_r"},"yg:n":{"textures":"textures/items/spawn_eggs/yg_n"},"yg:o":{"textures":"textures/items/spawn_eggs/yg_o"},"yg:p":{"textures":"textures/items/spawn_eggs/yg_p"},"yg:s":{"textures":"textures/items/spawn_eggs/yg_s"},"yg:u":{"textures":"textures/items/spawn_eggs/yg_u"},"yg:v":{"textures":"textures/items/spawn_eggs/yg_v"},"yg:t":{"textures":"textures/items/spawn_eggs/yg_t"},"yg:x":{"textures":"textures/items/spawn_eggs/yg_x"},"yg:w":{"textures":"textures/items/spawn_eggs/yg_w"},"yg:y":{"textures":"textures/items/spawn_eggs/yg_y"},"yg:z":{"textures":"textures/items/spawn_eggs/yg_z"}}}