{
  "format_version": "1.16.100",
  "minecraft:item": {
    "description": {
      "identifier": "wesl3y:clava",
      "category": "equipment"
    },
    "components": {
      "minecraft:icon": {
        "texture": "clava"
      },
      "minecraft:creative_category": {
        "parent": "itemGroup.name.sword"
      },
      "minecraft:display_name": {
        "value": "Clava"
      },
      "minecraft:weapon": {},
      "tag:arm": {},
      "tag:minecraft:is_sword": {},
      "minecraft:damage": 8,
      "minecraft:allow_off_hand": true,
      "minecraft:use_duration": 9999,
      "minecraft:max_stack_size": 1,
      "minecraft:hand_equipped": true,
      "minecraft:food": {
        "can_always_eat": true
      },
      "minecraft:render_offsets": {}
    },
    "events": {}
  }
}