{
  "format_version": "1.16.100",
  "minecraft:item": {
    "description": {
      "identifier": "wesl3y:cutlass",
      "category": "equipment"
    },
    "components": {
      "minecraft:icon": {
        "texture": "cutlass"
      },
      "minecraft:creative_category": {
        "parent": "itemGroup.name.sword"
      },
      "minecraft:display_name": {
        "value": "Cutlass"
      },
      "tag:arm": {},
      "tag:minecraft:is_sword": {},
      "minecraft:damage": 7,
      "minecraft:allow_off_hand": false,
      "minecraft:use_duration": 9999,
      "minecraft:max_stack_size": 1,
      "minecraft:hand_equipped": true,
      "minecraft:render_offsets": {}
    },
    "events": {}
  }
}