{
  "format_version": "1.16.100",
  "minecraft:item": {
    "description": {
      "identifier": "wesl3y:hook",
      "category": "equipment"
    },
    "components": {
      "minecraft:icon": {
        "texture": "hook"
      },
      "minecraft:creative_category": {
        "parent": "itemGroup.name.sword"
      },
      "minecraft:display_name": {
        "value": "Hook"
      },
      "tag:arm": {},
      "tag:minecraft:is_sword": {},
      "minecraft:damage": 7,
      "minecraft:allow_off_hand": true,
      "minecraft:use_duration": 9999,
      "minecraft:max_stack_size": 1,
      "minecraft:hand_equipped": true,
      "minecraft:food": {
        "can_always_eat": true
      },
      "minecraft:render_offsets": {},
      "minecraft:weapon":{
        "on_hurt_entity":{
          "event":"wg"
        }
      }
    },
    "events": {
      "wg":{
        "sequence": [
          {
            "randomize": [
              {
                "weight": 40,
                "run_command":{
                  "command": [
                    "effect @s wither 5 5 true"
                  ],
                  "target": "other"
                }
              },
              {
                "weight": 50,
                "run_command":{
                  "command": [
                    ""
                  ]
                }
              }
            ]
          }
        ]
      }
    }
  }
}