{
  "format_version": "1.17.100",
  "minecraft:item": {
    "description": {
      "identifier": "wesl3y:katana_sheath",
      "category": "items"
    },
    "components": {
      "minecraft:use_duration":1,
      "minecraft:use_animation":"eat",
      "minecraft:max_stack_size": 1,
      "minecraft:allow_off_hand": true,
      "minecraft:hand_equipped": true,
	  "minecraft:wearable": {
	    "slot": "slot.armor.head"
	  },
      "minecraft:icon": {
        "texture": "katana_sheath"
      },
      "minecraft:display_name": {
        "value": "Katana Sheath\n§7(Squat to Sword)"
      },
      "minecraft:render_offsets": {}
    },
    "events": {}
  }
}