{
  "format_version": "1.16.100",
  "minecraft:item": {
    "description": {
      "identifier": "wesl3y:kiribachi",
      "category": "equipment"
    },
    "components": {
      "minecraft:icon": {
        "texture": "kiribachi"
      },
      "minecraft:creative_category": {
        "parent": "itemGroup.name.sword"
      },
      "minecraft:display_name": {
        "value": "Kiribachi"
      },
      "tag:arm": {},
      "tag:katana": {},
      "tag:minecraft:is_sword": {},
      "minecraft:damage": 10,
      "minecraft:allow_off_hand": false,
      "minecraft:use_duration": 9999,
      "minecraft:max_stack_size": 1,
      "minecraft:hand_equipped": true,
      "minecraft:food": {
        "can_always_eat": true
      },
      "minecraft:render_offsets": {},
      "minecraft:weapon":{
        "on_hurt_entity":{
          "event":"wg"
        }
      }
    },
    "events": {
      "wg":{
        "sequence": [
          {
            "randomize": [
              {
                "weight": 40,
                "run_command":{
                  "command": [
                    "particle wesl3y:white_hit ^^1^1.5"
                  ]
                }
              },
              {
                "weight": 50,
                "run_command":{
                  "command": [
                    ""
                  ]
                }
              }
            ]
          }
        ]
      }
    }
  }
}