{
  "format_version": "1.16.100",
  "minecraft:item": {
    "description": {
      "identifier": "wesl3y:sandai_kitetsu",
      "category": "equipment"
    },
    "components": {
      "minecraft:icon": {
        "texture": "sandai_kitetsu"
      },
      "minecraft:creative_category": {
        "parent": "itemGroup.name.sword"
      },
      "minecraft:display_name": {
        "value": "Meito Sandai Kitetsu\n§e(3 of Kitetsu)\n§7(Craft to Sheath)\n(Squat and Hit to Head)"
      },
      "tag:arm": {},
      "tag:katana": {},
      "tag:minecraft:is_sword": {},
      "minecraft:damage": 12,
      "minecraft:allow_off_hand": true,
      "minecraft:use_duration": 9999,
      "minecraft:max_stack_size": 1,
      "minecraft:hand_equipped": true,
      "minecraft:food": {
        "can_always_eat": true
      },
      "minecraft:render_offsets": {},
      "minecraft:on_use": {
        "on_use": {
          "event": "using",
          "target": "self"
        }
      },
      "minecraft:weapon":{
        "on_hurt_entity":{
          "event":"attacking"
        }
      }
    },
    "events": {
      "attacking":{
        "sequence": [
          {
            "randomize": [
              {
                "weight": 40,
                "run_command":{
                  "command": [
                    "particle wesl3y:red_hit ^^1^1.5"
                  ]
                }
              },
              {
                "weight": 50,
                "run_command":{
                  "command": [
                    ""
                  ]
                }
              }
            ]
          }
        ]
      },
      "using": {
        "sequence": [
          {
            "randomize": [
              {
                "condition": "query.is_item_name_any('slot.armor.legs','wesl3y:sword_ittoryu_zoro') && !query.equipped_item_any_tag('slot.weapon.offhand','katana') && !query.equipped_item_any_tag('slot.armor.head','katana') && query.scoreboard('cooldown_skill1') == 0 && query.scoreboard('skill1') <= 1 && !query.is_sneaking",
                "run_command": {
                  "command": [
                    "execute @s[scores={style=..14}] ~~~ function style/sanjuroku_pound_ho",
                    "execute @s[scores={style=15..}] ~~~ function style/sanbyakurokuju_pound_ho"
                  ]
                }
              },
              {
                "condition": "query.is_item_name_any('slot.armor.legs','wesl3y:sword_ittoryu_zoro') && !query.equipped_item_any_tag('slot.weapon.offhand','katana') && !query.equipped_item_any_tag('slot.armor.head','katana') && query.scoreboard('cooldown_skill1') == 0 && query.scoreboard('skill1') >= 2 && !query.is_sneaking",
                "run_command": {
                  "command": [
                    "execute @s[scores={style=..19}] ~~~ function style/shishi_sonson",
                    "execute @s[scores={style=20..}] ~~~ function style/shi_shishi_sonson"
                  ]
                }
              },
              {
                "condition": "query.is_item_name_any('slot.armor.legs','wesl3y:sword_nitoryu_zoro') && query.equipped_item_any_tag('slot.weapon.offhand','katana') && !query.equipped_item_any_tag('slot.armor.head','katana') && query.scoreboard('cooldown_skill1') == 0 && query.scoreboard('skill1') <= 1 && !query.is_sneaking",
                "run_command": {
                  "command": [
                    "execute @s[scores={style=..14}] ~~~ function style/taka_nami",
                    "execute @s[scores={style=15..}] ~~~ function style/taka_nami2"
                  ]
                }
              },
              {
                "condition": "query.is_item_name_any('slot.armor.legs','wesl3y:sword_nitoryu_zoro') && query.equipped_item_any_tag('slot.weapon.offhand','katana') && !query.equipped_item_any_tag('slot.armor.head','katana') && query.scoreboard('cooldown_skill1') == 0 && query.scoreboard('skill1') == 2 && !query.is_sneaking",
                "run_command": {
                  "command": [
                    "function style/rashomon"
                  ]
                }
              },
              {
                "condition": "query.is_item_name_any('slot.armor.legs','wesl3y:sword_santoryu_zoro') && query.equipped_item_any_tag('slot.weapon.offhand','katana') && query.equipped_item_any_tag('slot.armor.head','katana') && query.scoreboard('cooldown_skill1') == 0 && query.scoreboard('skill1') == 2 && !query.is_sneaking",
                "run_command": {
                  "command": [
                    "execute @s[scores={style=..19}] ~~~ function style/tatsumaki",
                    "execute @s[scores={style=20..}] ~~~ function style/kokujo_o_tatsumaki"
                  ]
                }
              },
              {
                "condition": "query.is_item_name_any('slot.armor.legs','wesl3y:sword_santoryu_zoro') && query.equipped_item_any_tag('slot.weapon.offhand','katana') && query.equipped_item_any_tag('slot.armor.head','katana') && query.scoreboard('cooldown_skill1') == 0 && query.scoreboard('skill1') == 3 && !query.is_sneaking",
                "run_command": {
                  "command": [
                    "execute @s[scores={style=..24}] ~~~ function style/hyakuhachi_pound_ho",
                    "execute @s[scores={style=25..}] ~~~ function style/senhachiju_pound_ho"
                  ]
                }
              },
              {
                "condition": "query.is_item_name_any('slot.armor.legs','wesl3y:sword_santoryu_zoro') && query.equipped_item_any_tag('slot.weapon.offhand','katana') && query.equipped_item_any_tag('slot.armor.head','katana') && query.scoreboard('cooldown_skill1') == 0 && query.scoreboard('skill1') == 4 && !query.is_sneaking",
                "run_command": {
                  "command": [
                    "execute @s[scores={style=..29}] ~~~ function style/enbima_yonezu_oni_giri",
                    "execute @s[scores={style=30..}] ~~~ function style/rengoku_oni_giri"
                  ]
                }
              }
            ]
          }
        ]
      }
    }
  }
}