{
  "pools": [
    {
      "rolls": 1,
      "entries": [
        {
          "type": "item",
          "name": "wesl3y:pirate_haori",
          "weight": 1
        }
      ]
    },
    {
      "rolls": 1,
      "entries": [
        {
          "type": "item",
          "name": "",
          "weight": 1
        },
        {
          "type": "item",
          "name": "wesl3y:cutlass",
          "weight": 1
        },
        {
          "type": "item",
          "name": "wesl3y:pistol",
          "weight": 1
        }
      ]
    }
  ]
}