{
	"format_version": "1.12.0",
	"minecraft:geometry": [
		{
			"description": {
				"identifier": "geometry.crocodile_haori",
				"texture_width": 64,
				"texture_height": 64,
				"visible_bounds_width": 3,
				"visible_bounds_height": 4.5,
				"visible_bounds_offset": [0, 0.75, 0]
			},
			"bones": [
				{
					"name": "root",
					"pivot": [0, 0, 0]
				},
				{
					"name": "tudo",
					"parent": "root",
					"pivot": [0, 12, 0]
				},
				{
					"name": "waist",
					"parent": "tudo",
					"pivot": [0, 12, 0]
				},
				{
					"name": "body",
					"parent": "waist",
					"pivot": [0, 24, 0]
				},
				{
					"name": "newcape",
					"parent": "body",
					"pivot": [0, 24, 0],
					"cubes": [
						{
							"origin": [4.5, 24, -4],
							"size": [0.5, 2.5, 8.5],
							"pivot": [4.75, 24.25, 0],
							"rotation": [0, 0, 7.5],
							"uv": {
								"north": {"uv": [32.5, 8.5], "uv_size": [7, 7]},
								"east": {"uv": [32.5, 8.5], "uv_size": [7, 7]},
								"south": {"uv": [32.5, 8.5], "uv_size": [7, 7]},
								"west": {"uv": [32.5, 8.5], "uv_size": [7, 7]},
								"up": {"uv": [39.5, 15.5], "uv_size": [-7, -7]},
								"down": {"uv": [39.5, 15.5], "uv_size": [-7, -7]}
							}
						},
						{
							"origin": [-5, 24, 4],
							"size": [10, 2.5, 0.5],
							"pivot": [0, 24.25, 4.25],
							"rotation": [-7.5, 0, 0],
							"uv": {
								"north": {"uv": [32.5, 8.5], "uv_size": [7, 7]},
								"east": {"uv": [32.5, 8.5], "uv_size": [7, 7]},
								"south": {"uv": [32.5, 8.5], "uv_size": [7, 7]},
								"west": {"uv": [32.5, 8.5], "uv_size": [7, 7]},
								"up": {"uv": [39.5, 15.5], "uv_size": [-7, -7]},
								"down": {"uv": [39.5, 15.5], "uv_size": [-7, -7]}
							}
						},
						{
							"origin": [-5, 24, 2],
							"size": [10, 0.5, 2],
							"uv": {
								"north": {"uv": [32.5, 8.5], "uv_size": [7, 7]},
								"east": {"uv": [32.5, 8.5], "uv_size": [7, 7]},
								"south": {"uv": [32.5, 8.5], "uv_size": [7, 7]},
								"west": {"uv": [32.5, 8.5], "uv_size": [7, 7]},
								"up": {"uv": [39.5, 15.5], "uv_size": [-7, -7]},
								"down": {"uv": [39.5, 15.5], "uv_size": [-7, -7]}
							}
						},
						{
							"origin": [-5, 24, -4],
							"size": [0.5, 2.5, 8.5],
							"pivot": [-4.75, 24.25, 0],
							"rotation": [0, 0, -7.5],
							"uv": {
								"north": {"uv": [39.5, 8.5], "uv_size": [-7, 7]},
								"east": {"uv": [39.5, 8.5], "uv_size": [-7, 7]},
								"south": {"uv": [39.5, 8.5], "uv_size": [-7, 7]},
								"west": {"uv": [39.5, 8.5], "uv_size": [-7, 7]},
								"up": {"uv": [32.5, 15.5], "uv_size": [7, -7]},
								"down": {"uv": [32.5, 15.5], "uv_size": [7, -7]}
							}
						},
						{
							"origin": [-9.3656, 1.01616, -2.125],
							"size": [4.5, 23.5, 4.5],
							"pivot": [-7.1156, 12.76616, 0.125],
							"rotation": [0, 0, 2.5],
							"uv": {
								"north": {"uv": [0, 64], "uv_size": [0, 0]},
								"east": {"uv": [32.5, 8.5], "uv_size": [7, 7]},
								"south": {"uv": [0, 64], "uv_size": [0, 0]},
								"west": {"uv": [0, 64], "uv_size": [0, 0]},
								"up": {"uv": [39.5, 15.5], "uv_size": [-7, -7]},
								"down": {"uv": [0, 64], "uv_size": [0, 0]}
							}
						},
						{
							"origin": [4.8656, 1.01616, -2.125],
							"size": [4.5, 23.5, 4.5],
							"pivot": [7.1156, 12.76616, 0.125],
							"rotation": [0, 0, -2.5],
							"uv": {
								"north": {"uv": [0, 64], "uv_size": [0, 0]},
								"east": {"uv": [0, 64], "uv_size": [0, 0]},
								"south": {"uv": [0, 64], "uv_size": [0, 0]},
								"west": {"uv": [39.5, 8.5], "uv_size": [-7, 7]},
								"up": {"uv": [32.5, 15.5], "uv_size": [7, -7]},
								"down": {"uv": [0, 64], "uv_size": [0, 0]}
							}
						},
						{
							"origin": [-6.43083, 24.44121, -3.125],
							"size": [1.5, 1, 5.5],
							"uv": {
								"north": {"uv": [47.5, 16.5], "uv_size": [-7, 7]},
								"east": {"uv": [47.5, 16.5], "uv_size": [-7, 7]},
								"south": {"uv": [40.5, 16.5], "uv_size": [7, 7]},
								"west": {"uv": [40.5, 16.5], "uv_size": [7, 7]},
								"up": {"uv": [47.5, 16.5], "uv_size": [-7, 7]},
								"down": {"uv": [47.5, 23.5], "uv_size": [-7, -7]}
							}
						},
						{
							"origin": [4.93083, 24.44121, -3.125],
							"size": [1.5, 1, 5.5],
							"uv": {
								"north": {"uv": [40.5, 16.5], "uv_size": [7, 7]},
								"east": {"uv": [47.5, 16.5], "uv_size": [-7, 7]},
								"south": {"uv": [47.5, 16.5], "uv_size": [-7, 7]},
								"west": {"uv": [40.5, 16.5], "uv_size": [7, 7]},
								"up": {"uv": [40.5, 16.5], "uv_size": [7, 7]},
								"down": {"uv": [40.5, 23.5], "uv_size": [7, -7]}
							}
						}
					]
				},
				{
					"name": "newcape1",
					"parent": "newcape",
					"pivot": [0, 24, 0],
					"cubes": [
						{
							"origin": [-9.3656, 1.01616, -2.625],
							"size": [4.5, 23.5, 4.5],
							"pivot": [-7.1156, 12.76616, -0.125],
							"rotation": [0, 0, 2.5],
							"uv": {
								"north": {"uv": [39.5, 8.5], "uv_size": [-7, 7]},
								"east": {"uv": [39.5, 8.5], "uv_size": [-7, 7]},
								"south": {"uv": [0, 64], "uv_size": [0, 0]},
								"west": {"uv": [0, 64], "uv_size": [0, 0]},
								"up": {"uv": [39.5, 8.5], "uv_size": [-7, 7]},
								"down": {"uv": [0, 64], "uv_size": [0, 0]}
							}
						},
						{
							"origin": [-6.03988, 15.94359, -3.625],
							"size": [1.5, 8.5, 1.5],
							"pivot": [-5.28988, 20.19359, -2.875],
							"rotation": [0, 0, 2.5],
							"uv": {
								"north": {"uv": [47.5, 16.5], "uv_size": [-7, 7]},
								"east": {"uv": [47.5, 16.5], "uv_size": [-7, 7]},
								"south": {"uv": [40.5, 16.5], "uv_size": [7, 7]},
								"west": {"uv": [40.5, 16.5], "uv_size": [7, 7]},
								"up": {"uv": [47.5, 16.5], "uv_size": [-7, 7]},
								"down": {"uv": [47.5, 23.5], "uv_size": [-7, -7]}
							}
						},
						{
							"origin": [-6.43083, 20.94121, -4.125],
							"size": [2.5, 3.5, 2],
							"pivot": [-5.18083, 22.69121, -3.125],
							"rotation": [0, 0, 2.5],
							"uv": {
								"north": {"uv": [47.5, 16.5], "uv_size": [-7, 7]},
								"east": {"uv": [47.5, 16.5], "uv_size": [-7, 7]},
								"south": {"uv": [40.5, 16.5], "uv_size": [7, 7]},
								"west": {"uv": [40.5, 16.5], "uv_size": [7, 7]},
								"up": {"uv": [47.5, 16.5], "uv_size": [-7, 7]},
								"down": {"uv": [47.5, 23.5], "uv_size": [-7, -7]}
							}
						},
						{
							"origin": [3.93083, 20.94121, -4.125],
							"size": [2.5, 3.5, 2],
							"pivot": [5.18083, 22.69121, -3.125],
							"rotation": [0, 0, -2.5],
							"uv": {
								"north": {"uv": [40.5, 16.5], "uv_size": [7, 7]},
								"east": {"uv": [47.5, 16.5], "uv_size": [-7, 7]},
								"south": {"uv": [47.5, 16.5], "uv_size": [-7, 7]},
								"west": {"uv": [40.5, 16.5], "uv_size": [7, 7]},
								"up": {"uv": [40.5, 16.5], "uv_size": [7, 7]},
								"down": {"uv": [40.5, 23.5], "uv_size": [7, -7]}
							}
						},
						{
							"origin": [4.53988, 15.94359, -3.625],
							"size": [1.5, 8.5, 1.5],
							"pivot": [5.28988, 20.19359, -2.875],
							"rotation": [0, 0, -2.5],
							"uv": {
								"north": {"uv": [40.5, 16.5], "uv_size": [7, 7]},
								"east": {"uv": [47.5, 16.5], "uv_size": [-7, 7]},
								"south": {"uv": [47.5, 16.5], "uv_size": [-7, 7]},
								"west": {"uv": [40.5, 16.5], "uv_size": [7, 7]},
								"up": {"uv": [40.5, 16.5], "uv_size": [7, 7]},
								"down": {"uv": [40.5, 23.5], "uv_size": [7, -7]}
							}
						},
						{
							"origin": [4.8656, 1.01616, -2.625],
							"size": [4.5, 23.5, 4.5],
							"pivot": [7.1156, 12.76616, -0.125],
							"rotation": [0, 0, -2.5],
							"uv": {
								"north": {"uv": [32.5, 8.5], "uv_size": [7, 7]},
								"east": {"uv": [0, 64], "uv_size": [0, 0]},
								"south": {"uv": [0, 64], "uv_size": [0, 0]},
								"west": {"uv": [32.5, 8.5], "uv_size": [7, 7]},
								"up": {"uv": [32.5, 8.5], "uv_size": [7, 7]},
								"down": {"uv": [0, 64], "uv_size": [0, 0]}
							}
						}
					]
				},
				{
					"name": "newcape2",
					"parent": "newcape",
					"pivot": [0, 24, 0],
					"rotation": [2.5, 0, 0],
					"cubes": [
						{
							"origin": [-5.125, 1, 1.875],
							"size": [10.25, 23.5, 1.5],
							"uv": {
								"north": {"uv": [0, 64], "uv_size": [0, 0]},
								"east": {"uv": [0, 64], "uv_size": [0, 0]},
								"south": {"uv": [32.5, 8.5], "uv_size": [7, 7]},
								"west": {"uv": [0, 64], "uv_size": [0, 0]},
								"up": {"uv": [39.5, 15.5], "uv_size": [-7, -7]},
								"down": {"uv": [0, 64], "uv_size": [0, 0]}
							}
						},
						{
							"origin": [-5.125, 1, 1.875],
							"size": [10.25, 23.5, 1.5],
							"inflate": -0.01,
							"uv": {
								"north": {"uv": [0, 64], "uv_size": [0, 0]},
								"east": {"uv": [0, 64], "uv_size": [0, 0]},
								"south": {"uv": [24.5, 8.5], "uv_size": [7, 7]},
								"west": {"uv": [0, 64], "uv_size": [0, 0]},
								"up": {"uv": [39.5, 15.5], "uv_size": [-7, -7]},
								"down": {"uv": [0, 64], "uv_size": [0, 0]}
							}
						},
						{
							"origin": [-9.3656, 1.01616, -2.125],
							"size": [4.5, 23.5, 4.5],
							"pivot": [-7.1156, 12.76616, 0.125],
							"rotation": [0, 0, 2.5],
							"uv": {
								"north": {"uv": [0, 64], "uv_size": [0, 0]},
								"east": {"uv": [32.5, 8.5], "uv_size": [7, 7]},
								"south": {"uv": [32.5, 8.5], "uv_size": [7, 7]},
								"west": {"uv": [0, 64], "uv_size": [0, 0]},
								"up": {"uv": [39.5, 15.5], "uv_size": [-7, -7]},
								"down": {"uv": [0, 64], "uv_size": [0, 0]}
							}
						},
						{
							"origin": [-9.3656, 1.01616, -2.125],
							"size": [5, 23.5, 4.5],
							"inflate": -0.01,
							"pivot": [-7.1156, 12.76616, 0.125],
							"rotation": [0, 0, 2.5],
							"uv": {
								"north": {"uv": [0, 64], "uv_size": [0, 0]},
								"east": {"uv": [24.5, 8.5], "uv_size": [7, 7]},
								"south": {"uv": [24.5, 8.5], "uv_size": [7, 7]},
								"west": {"uv": [0, 64], "uv_size": [0, 0]},
								"up": {"uv": [31.5, 15.5], "uv_size": [-7, -7]},
								"down": {"uv": [0, 64], "uv_size": [0, 0]}
							}
						},
						{
							"origin": [4.3656, 1.01616, -2.125],
							"size": [5, 23.5, 4.5],
							"inflate": -0.01,
							"pivot": [7.1156, 12.76616, 0.125],
							"rotation": [0, 0, -2.5],
							"uv": {
								"north": {"uv": [0, 64], "uv_size": [0, 0]},
								"east": {"uv": [0, 64], "uv_size": [0, 0]},
								"south": {"uv": [31.5, 8.5], "uv_size": [-7, 7]},
								"west": {"uv": [31.5, 8.5], "uv_size": [-7, 7]},
								"up": {"uv": [24.5, 15.5], "uv_size": [7, -7]},
								"down": {"uv": [0, 64], "uv_size": [0, 0]}
							}
						},
						{
							"origin": [4.8656, 1.01616, -2.125],
							"size": [4.5, 23.5, 4.5],
							"pivot": [7.1156, 12.76616, 0.125],
							"rotation": [0, 0, -2.5],
							"uv": {
								"north": {"uv": [0, 64], "uv_size": [0, 0]},
								"east": {"uv": [0, 64], "uv_size": [0, 0]},
								"south": {"uv": [39.5, 8.5], "uv_size": [-7, 7]},
								"west": {"uv": [39.5, 8.5], "uv_size": [-7, 7]},
								"up": {"uv": [32.5, 15.5], "uv_size": [7, -7]},
								"down": {"uv": [0, 64], "uv_size": [0, 0]}
							}
						},
						{
							"origin": [-8.875, 1, -2.125],
							"size": [4.125, 23.5, 4.5],
							"pivot": [-8.875, 12.75, 2.375],
							"rotation": [0, -14, 0],
							"uv": {
								"north": {"uv": [0, 64], "uv_size": [0, 0]},
								"east": {"uv": [0, 64], "uv_size": [0, 0]},
								"south": {"uv": [32.5, 8.5], "uv_size": [7, 7]},
								"west": {"uv": [0, 64], "uv_size": [0, 0]},
								"up": {"uv": [39.5, 15.5], "uv_size": [-7, -7]},
								"down": {"uv": [0, 64], "uv_size": [0, 0]}
							}
						},
						{
							"origin": [-8.875, 1, -2.125],
							"size": [4.125, 23.5, 4.5],
							"inflate": -0.01,
							"pivot": [-8.875, 12.75, 2.375],
							"rotation": [0, -14, 0],
							"uv": {
								"north": {"uv": [0, 64], "uv_size": [0, 0]},
								"east": {"uv": [0, 64], "uv_size": [0, 0]},
								"south": {"uv": [24.5, 8.5], "uv_size": [7, 7]},
								"west": {"uv": [0, 64], "uv_size": [0, 0]},
								"up": {"uv": [31.5, 15.5], "uv_size": [-7, -7]},
								"down": {"uv": [0, 64], "uv_size": [0, 0]}
							}
						},
						{
							"origin": [4.75, 1, -2.125],
							"size": [4.125, 23.5, 4.5],
							"inflate": -0.01,
							"pivot": [8.875, 12.75, 2.375],
							"rotation": [0, 14, 0],
							"uv": {
								"north": {"uv": [0, 64], "uv_size": [0, 0]},
								"east": {"uv": [0, 64], "uv_size": [0, 0]},
								"south": {"uv": [31.5, 8.5], "uv_size": [-7, 7]},
								"west": {"uv": [0, 64], "uv_size": [0, 0]},
								"up": {"uv": [24.5, 15.5], "uv_size": [7, -7]},
								"down": {"uv": [0, 64], "uv_size": [0, 0]}
							}
						},
						{
							"origin": [4.75, 1, -2.125],
							"size": [4.125, 23.5, 4.5],
							"pivot": [8.875, 12.75, 2.375],
							"rotation": [0, 14, 0],
							"uv": {
								"north": {"uv": [0, 64], "uv_size": [0, 0]},
								"east": {"uv": [0, 64], "uv_size": [0, 0]},
								"south": {"uv": [39.5, 8.5], "uv_size": [-7, 7]},
								"west": {"uv": [0, 64], "uv_size": [0, 0]},
								"up": {"uv": [32.5, 15.5], "uv_size": [7, -7]},
								"down": {"uv": [0, 64], "uv_size": [0, 0]}
							}
						}
					]
				}
			]
		}
	]
}