{
	"format_version": "1.12.0",
	"minecraft:geometry": [
		{
			"description": {
				"identifier": "geometry.mugiwara",
				"texture_width": 64,
				"texture_height": 64,
				"visible_bounds_width": 5,
				"visible_bounds_height": 3.5,
				"visible_bounds_offset": [0, 1.25, 0]
			},
			"bones": [
				{
					"name": "root",
					"pivot": [0, 0, 0]
				},
				{
					"name": "waist",
					"parent": "root",
					"pivot": [0, 12, 0]
				},
				{
					"name": "body",
					"parent": "waist",
					"pivot": [0, 24, 0]
				},
				{
					"name": "mugiwara2",
					"parent": "body",
					"pivot": [0, 23, 3.5],
					"rotation": [-97.5, 0, 0],
					"cubes": [
						{
							"origin": [-4, 22, -0.5],
							"size": [8, 3, 8],
							"inflate": 0.2,
							"uv": {
								"north": {"uv": [8, 8], "uv_size": [8, 3]},
								"east": {"uv": [0, 8], "uv_size": [8, 3]},
								"south": {"uv": [24, 8], "uv_size": [8, 3]},
								"west": {"uv": [16, 8], "uv_size": [8, 3]},
								"up": {"uv": [8, 0], "uv_size": [8, 8]},
								"down": {"uv": [16, 8], "uv_size": [8, -8]}
							}
						},
						{
							"origin": [-5, 22, -1.5],
							"size": [10, 1, 10],
							"inflate": 0.15,
							"uv": {
								"north": {"uv": [40, 8], "uv_size": [8, 1]},
								"east": {"uv": [32, 8], "uv_size": [8, 1]},
								"south": {"uv": [56, 8], "uv_size": [8, 1]},
								"west": {"uv": [48, 8], "uv_size": [8, 1]},
								"up": {"uv": [40, 0], "uv_size": [8, 8]},
								"down": {"uv": [48, 8], "uv_size": [8, -8]}
							}
						}
					]
				},
				{
					"name": "head",
					"parent": "body",
					"pivot": [0, 24, 0]
				},
				{
					"name": "mugiwara",
					"parent": "head",
					"pivot": [0, 30, 0],
					"cubes": [
						{
							"origin": [-4, 29, -4],
							"size": [8, 3, 8],
							"inflate": 0.2,
							"uv": {
								"north": {"uv": [8, 8], "uv_size": [8, 3]},
								"east": {"uv": [0, 8], "uv_size": [8, 3]},
								"south": {"uv": [24, 8], "uv_size": [8, 3]},
								"west": {"uv": [16, 8], "uv_size": [8, 3]},
								"up": {"uv": [8, 0], "uv_size": [8, 8]},
								"down": {"uv": [16, 8], "uv_size": [8, -8]}
							}
						},
						{
							"origin": [-5, 29, -5],
							"size": [10, 1, 10],
							"inflate": 0.15,
							"uv": {
								"north": {"uv": [40, 8], "uv_size": [8, 1]},
								"east": {"uv": [32, 8], "uv_size": [8, 1]},
								"south": {"uv": [56, 8], "uv_size": [8, 1]},
								"west": {"uv": [48, 8], "uv_size": [8, 1]},
								"up": {"uv": [40, 0], "uv_size": [8, 8]},
								"down": {"uv": [48, 8], "uv_size": [8, -8]}
							}
						}
					]
				}
			]
		}
	]
}