{
	"format_version": "1.12.0",
	"minecraft:geometry": [
		{
			"description": {
				"identifier": "geometry.pirate_haori",
				"texture_width": 64,
				"texture_height": 64,
				"visible_bounds_width": 3,
				"visible_bounds_height": 4.5,
				"visible_bounds_offset": [0, 0.75, 0]
			},
			"bones": [
				{
					"name": "root",
					"pivot": [0, 0, 0]
				},
				{
					"name": "tudo",
					"parent": "root",
					"pivot": [0, 12, 0]
				},
				{
					"name": "waist",
					"parent": "tudo",
					"pivot": [0, 12, 0]
				},
				{
					"name": "body",
					"parent": "waist",
					"pivot": [0, 24, 0]
				},
				{
					"name": "newcape",
					"parent": "body",
					"pivot": [0, 24, 0],
					"cubes": [
						{
							"origin": [-9.3656, 1.01616, -2.125],
							"size": [4.5, 23.5, 4.5],
							"pivot": [-7.1156, 12.76616, 0.125],
							"rotation": [0, 0, 2.5],
							"uv": {
								"north": {"uv": [0, 64], "uv_size": [0, 0]},
								"east": {"uv": [16.5, 8.5], "uv_size": [7, 7]},
								"south": {"uv": [0, 64], "uv_size": [0, 0]},
								"west": {"uv": [0, 64], "uv_size": [0, 0]},
								"up": {"uv": [23.5, 15.5], "uv_size": [-7, -7]},
								"down": {"uv": [0, 64], "uv_size": [0, 0]}
							}
						},
						{
							"origin": [4.8656, 1.01616, -2.125],
							"size": [4.5, 23.5, 4.5],
							"pivot": [7.1156, 12.76616, 0.125],
							"rotation": [0, 0, -2.5],
							"uv": {
								"north": {"uv": [0, 64], "uv_size": [0, 0]},
								"east": {"uv": [0, 64], "uv_size": [0, 0]},
								"south": {"uv": [0, 64], "uv_size": [0, 0]},
								"west": {"uv": [23.5, 8.5], "uv_size": [-7, 7]},
								"up": {"uv": [16.5, 15.5], "uv_size": [7, -7]},
								"down": {"uv": [0, 64], "uv_size": [0, 0]}
							}
						},
						{
							"origin": [-9.74084, 0.88026, -2.625],
							"size": [0.75, 23.75, 0.75],
							"pivot": [-9.36584, 12.75526, -2.5],
							"rotation": [0, 0, 2.5],
							"uv": {
								"north": {"uv": [24.5, 8.5], "uv_size": [7, 7]},
								"east": {"uv": [24.5, 8.5], "uv_size": [7, 7]},
								"south": {"uv": [24.5, 8.5], "uv_size": [7, 7]},
								"west": {"uv": [24.5, 8.5], "uv_size": [7, 7]},
								"up": {"uv": [31.5, 15.5], "uv_size": [-7, -7]},
								"down": {"uv": [31.5, 15.5], "uv_size": [-7, -7]}
							}
						},
						{
							"origin": [8.99084, 0.88026, -2.625],
							"size": [0.75, 23.75, 0.75],
							"pivot": [9.36584, 12.75526, -2.5],
							"rotation": [0, 0, -2.5],
							"uv": {
								"north": {"uv": [31.5, 8.5], "uv_size": [-7, 7]},
								"east": {"uv": [31.5, 8.5], "uv_size": [-7, 7]},
								"south": {"uv": [31.5, 8.5], "uv_size": [-7, 7]},
								"west": {"uv": [31.5, 8.5], "uv_size": [-7, 7]},
								"up": {"uv": [24.5, 15.5], "uv_size": [7, -7]},
								"down": {"uv": [24.5, 15.5], "uv_size": [7, -7]}
							}
						},
						{
							"origin": [-8.875, 24, -2.625],
							"size": [4.75, 0.75, 0.75],
							"uv": {
								"north": {"uv": [24.5, 8.5], "uv_size": [7, 7]},
								"east": {"uv": [24.5, 8.5], "uv_size": [7, 7]},
								"south": {"uv": [24.5, 8.5], "uv_size": [7, 7]},
								"west": {"uv": [24.5, 8.5], "uv_size": [7, 7]},
								"up": {"uv": [31.5, 15.5], "uv_size": [-7, -7]},
								"down": {"uv": [31.5, 15.5], "uv_size": [-7, -7]}
							}
						},
						{
							"origin": [4.125, 24, -2.625],
							"size": [4.75, 0.75, 0.75],
							"uv": {
								"north": {"uv": [31.5, 8.5], "uv_size": [-7, 7]},
								"east": {"uv": [31.5, 8.5], "uv_size": [-7, 7]},
								"south": {"uv": [31.5, 8.5], "uv_size": [-7, 7]},
								"west": {"uv": [31.5, 8.5], "uv_size": [-7, 7]},
								"up": {"uv": [24.5, 15.5], "uv_size": [7, -7]},
								"down": {"uv": [24.5, 15.5], "uv_size": [7, -7]}
							}
						}
					]
				},
				{
					"name": "newcape2",
					"parent": "newcape",
					"pivot": [0, 24, 0],
					"cubes": [
						{
							"origin": [-5.125, 1, 1.875],
							"size": [10.25, 23.5, 1.5],
							"uv": {
								"north": {"uv": [0, 64], "uv_size": [0, 0]},
								"east": {"uv": [0, 64], "uv_size": [0, 0]},
								"south": {"uv": [40, 40], "uv_size": [12, 24]},
								"west": {"uv": [0, 64], "uv_size": [0, 0]},
								"up": {"uv": [23.5, 15.5], "uv_size": [-7, -7]},
								"down": {"uv": [0, 64], "uv_size": [0, 0]}
							}
						},
						{
							"origin": [-5.125, 1, 1.875],
							"size": [10.25, 23.5, 1.5],
							"inflate": -0.01,
							"uv": {
								"north": {"uv": [0, 64], "uv_size": [0, 0]},
								"east": {"uv": [0, 64], "uv_size": [0, 0]},
								"south": {"uv": [16.5, 8.5], "uv_size": [7, 7]},
								"west": {"uv": [0, 64], "uv_size": [0, 0]},
								"up": {"uv": [23.5, 15.5], "uv_size": [-7, -7]},
								"down": {"uv": [0, 64], "uv_size": [0, 0]}
							}
						},
						{
							"origin": [-9.3656, 1.01616, -2.125],
							"size": [4.5, 23.5, 4.5],
							"pivot": [-7.1156, 12.76616, 0.125],
							"rotation": [0, 0, 2.5],
							"uv": {
								"north": {"uv": [0, 64], "uv_size": [0, 0]},
								"east": {"uv": [16.5, 8.5], "uv_size": [7, 7]},
								"south": {"uv": [16.5, 8.5], "uv_size": [7, 7]},
								"west": {"uv": [0, 64], "uv_size": [0, 0]},
								"up": {"uv": [23.5, 15.5], "uv_size": [-7, -7]},
								"down": {"uv": [0, 64], "uv_size": [0, 0]}
							}
						},
						{
							"origin": [4.8656, 1.01616, -2.125],
							"size": [4.5, 23.5, 4.5],
							"pivot": [7.1156, 12.76616, 0.125],
							"rotation": [0, 0, -2.5],
							"uv": {
								"north": {"uv": [0, 64], "uv_size": [0, 0]},
								"east": {"uv": [0, 64], "uv_size": [0, 0]},
								"south": {"uv": [23.5, 8.5], "uv_size": [-7, 7]},
								"west": {"uv": [23.5, 8.5], "uv_size": [-7, 7]},
								"up": {"uv": [16.5, 15.5], "uv_size": [7, -7]},
								"down": {"uv": [0, 64], "uv_size": [0, 0]}
							}
						},
						{
							"origin": [-8.875, 25.25, -2.25],
							"size": [5, 0.25, 5],
							"uv": {
								"north": {"uv": [16.5, 0.5], "uv_size": [7, 7]},
								"east": {"uv": [16.5, 0.5], "uv_size": [7, 7]},
								"south": {"uv": [16.5, 0.5], "uv_size": [7, 7]},
								"west": {"uv": [16.5, 0.5], "uv_size": [7, 7]},
								"up": {"uv": [23.5, 7.5], "uv_size": [-7, -7]},
								"down": {"uv": [23.5, 7.5], "uv_size": [-7, -7]}
							}
						},
						{
							"origin": [3.875, 25.25, -2.25],
							"size": [5, 0.25, 5],
							"uv": {
								"north": {"uv": [23.5, 0.5], "uv_size": [-7, 7]},
								"east": {"uv": [23.5, 0.5], "uv_size": [-7, 7]},
								"south": {"uv": [23.5, 0.5], "uv_size": [-7, 7]},
								"west": {"uv": [23.5, 0.5], "uv_size": [-7, 7]},
								"up": {"uv": [16.5, 7.5], "uv_size": [7, -7]},
								"down": {"uv": [16.5, 7.5], "uv_size": [7, -7]}
							}
						},
						{
							"origin": [-8.875, 1, -2.125],
							"size": [4.125, 23.5, 4.5],
							"pivot": [-8.875, 12.75, 2.375],
							"rotation": [0, -14, 0],
							"uv": {
								"north": {"uv": [0, 64], "uv_size": [0, 0]},
								"east": {"uv": [0, 64], "uv_size": [0, 0]},
								"south": {"uv": [16.5, 8.5], "uv_size": [7, 7]},
								"west": {"uv": [0, 64], "uv_size": [0, 0]},
								"up": {"uv": [23.5, 15.5], "uv_size": [-7, -7]},
								"down": {"uv": [0, 64], "uv_size": [0, 0]}
							}
						},
						{
							"origin": [-9.125, 25, -2.5],
							"size": [5.25, 0.25, 5.5],
							"uv": {
								"north": {"uv": [16.5, 0.5], "uv_size": [7, 7]},
								"east": {"uv": [16.5, 0.5], "uv_size": [7, 7]},
								"south": {"uv": [16.5, 0.5], "uv_size": [7, 7]},
								"west": {"uv": [16.5, 0.5], "uv_size": [7, 7]},
								"up": {"uv": [23.5, 7.5], "uv_size": [-7, -7]},
								"down": {"uv": [23.5, 7.5], "uv_size": [-7, -7]}
							}
						},
						{
							"origin": [3.875, 25, -2.5],
							"size": [5.25, 0.25, 5.5],
							"uv": {
								"north": {"uv": [23.5, 0.5], "uv_size": [-7, 7]},
								"east": {"uv": [23.5, 0.5], "uv_size": [-7, 7]},
								"south": {"uv": [23.5, 0.5], "uv_size": [-7, 7]},
								"west": {"uv": [23.5, 0.5], "uv_size": [-7, 7]},
								"up": {"uv": [16.5, 7.5], "uv_size": [7, -7]},
								"down": {"uv": [16.5, 7.5], "uv_size": [7, -7]}
							}
						},
						{
							"origin": [-9.375, 23.25, -2.75],
							"size": [5.5, 1.75, 6.25],
							"uv": {
								"north": {"uv": [48, 16.5], "uv_size": [16, 7.5]},
								"east": {"uv": [48, 16.5], "uv_size": [16, 7.5]},
								"south": {"uv": [64, 16.5], "uv_size": [-16, 7.5]},
								"west": {"uv": [0, 64], "uv_size": [0, 0]},
								"up": {"uv": [23.5, 7.5], "uv_size": [-7, -7]},
								"down": {"uv": [0, 64], "uv_size": [0, 0]}
							}
						},
						{
							"origin": [3.875, 23.25, -2.75],
							"size": [5.5, 1.75, 6.25],
							"uv": {
								"north": {"uv": [64, 16.5], "uv_size": [-16, 7.5]},
								"east": {"uv": [0, 64], "uv_size": [0, 0]},
								"south": {"uv": [48, 16.5], "uv_size": [16, 7.5]},
								"west": {"uv": [64, 16.5], "uv_size": [-16, 7.5]},
								"up": {"uv": [16.5, 7.5], "uv_size": [7, -7]},
								"down": {"uv": [0, 64], "uv_size": [0, 0]}
							}
						},
						{
							"origin": [4.75, 1, -2.125],
							"size": [4.125, 23.5, 4.5],
							"pivot": [8.875, 12.75, 2.375],
							"rotation": [0, 14, 0],
							"uv": {
								"north": {"uv": [0, 64], "uv_size": [0, 0]},
								"east": {"uv": [0, 64], "uv_size": [0, 0]},
								"south": {"uv": [23.5, 8.5], "uv_size": [-7, 7]},
								"west": {"uv": [0, 64], "uv_size": [0, 0]},
								"up": {"uv": [16.5, 15.5], "uv_size": [7, -7]},
								"down": {"uv": [0, 64], "uv_size": [0, 0]}
							}
						}
					]
				},
				{
					"name": "newcapeArm",
					"parent": "newcape2",
					"pivot": [-9, 24.5, 2],
					"cubes": [
						{
							"origin": [-12.35815, 12.68575, 2.57212],
							"size": [4, 12, 4],
							"pivot": [-10.80391, 15.62762, 5.22642],
							"rotation": [15, 0, 12.5],
							"uv": {
								"north": {"uv": [16.5, 8.5], "uv_size": [7, 7]},
								"east": {"uv": [16.5, 8.5], "uv_size": [7, 7]},
								"south": {"uv": [23.5, 8.5], "uv_size": [-7, 7]},
								"west": {"uv": [16.5, 8.5], "uv_size": [7, 7]},
								"up": {"uv": [23.5, 15.5], "uv_size": [-7, -7]},
								"down": {"uv": [0, 64], "uv_size": [0, 0]}
							}
						},
						{
							"origin": [-12.89437, 12.66008, 7.27916],
							"size": [4, 1, 0.5],
							"inflate": 0.01,
							"pivot": [-10.89437, 13.16008, 7.52916],
							"rotation": [15, 0, 12.5],
							"uv": {
								"north": {"uv": [48.5, 0.5], "uv_size": [7, 7]},
								"east": {"uv": [48.5, 0.5], "uv_size": [7, 7]},
								"south": {"uv": [48.5, 0.5], "uv_size": [7, 7]},
								"west": {"uv": [48.5, 0.5], "uv_size": [7, 7]},
								"up": {"uv": [55.5, 7.5], "uv_size": [-7, -7]},
								"down": {"uv": [55.5, 7.5], "uv_size": [-7, -7]}
							}
						},
						{
							"origin": [-13.14645, 11.523, 2.93249],
							"size": [4, 1, 0.5],
							"inflate": 0.01,
							"pivot": [-11.14645, 12.023, 3.18249],
							"rotation": [15, 0, 12.5],
							"uv": {
								"north": {"uv": [48.5, 0.5], "uv_size": [7, 7]},
								"east": {"uv": [48.5, 0.5], "uv_size": [7, 7]},
								"south": {"uv": [48.5, 0.5], "uv_size": [7, 7]},
								"west": {"uv": [48.5, 0.5], "uv_size": [7, 7]},
								"up": {"uv": [55.5, 7.5], "uv_size": [-7, -7]},
								"down": {"uv": [55.5, 7.5], "uv_size": [-7, -7]}
							}
						},
						{
							"origin": [-13.46708, 12.57853, 3.35583],
							"size": [0.5, 1, 4],
							"inflate": 0.01,
							"pivot": [-13.21708, 13.07853, 5.35583],
							"rotation": [15, 0, 12.5],
							"uv": {
								"north": {"uv": [48.5, 0.5], "uv_size": [7, 7]},
								"east": {"uv": [48.5, 0.5], "uv_size": [7, 7]},
								"south": {"uv": [48.5, 0.5], "uv_size": [7, 7]},
								"west": {"uv": [48.5, 0.5], "uv_size": [7, 7]},
								"up": {"uv": [55.5, 7.5], "uv_size": [-7, -7]},
								"down": {"uv": [55.5, 7.5], "uv_size": [-7, -7]}
							}
						},
						{
							"origin": [-9.07375, 11.60455, 3.35583],
							"size": [0.5, 1, 4],
							"inflate": 0.01,
							"pivot": [-8.82375, 12.10455, 5.35583],
							"rotation": [15, 0, 12.5],
							"uv": {
								"north": {"uv": [48.5, 0.5], "uv_size": [7, 7]},
								"east": {"uv": [48.5, 0.5], "uv_size": [7, 7]},
								"south": {"uv": [48.5, 0.5], "uv_size": [7, 7]},
								"west": {"uv": [48.5, 0.5], "uv_size": [7, 7]},
								"up": {"uv": [55.5, 7.5], "uv_size": [-7, -7]},
								"down": {"uv": [55.5, 7.5], "uv_size": [-7, -7]}
							}
						}
					]
				},
				{
					"name": "newcapeArm2",
					"parent": "newcape2",
					"pivot": [9, 24.5, 2],
					"cubes": [
						{
							"origin": [8.35815, 12.68575, 2.57212],
							"size": [4, 12, 4],
							"pivot": [10.80391, 15.62762, 5.22642],
							"rotation": [15, 0, -12.5],
							"uv": {
								"north": {"uv": [23.5, 8.5], "uv_size": [-7, 7]},
								"east": {"uv": [23.5, 8.5], "uv_size": [-7, 7]},
								"south": {"uv": [16.5, 8.5], "uv_size": [7, 7]},
								"west": {"uv": [23.5, 8.5], "uv_size": [-7, 7]},
								"up": {"uv": [16.5, 15.5], "uv_size": [7, -7]},
								"down": {"uv": [0, 64], "uv_size": [0, 0]}
							}
						},
						{
							"origin": [8.89437, 12.66008, 7.27916],
							"size": [4, 1, 0.5],
							"inflate": 0.01,
							"pivot": [10.89437, 13.16008, 7.52916],
							"rotation": [15, 0, -12.5],
							"uv": {
								"north": {"uv": [55.5, 0.5], "uv_size": [-7, 7]},
								"east": {"uv": [55.5, 0.5], "uv_size": [-7, 7]},
								"south": {"uv": [55.5, 0.5], "uv_size": [-7, 7]},
								"west": {"uv": [55.5, 0.5], "uv_size": [-7, 7]},
								"up": {"uv": [48.5, 7.5], "uv_size": [7, -7]},
								"down": {"uv": [48.5, 7.5], "uv_size": [7, -7]}
							}
						},
						{
							"origin": [9.14645, 11.523, 2.93249],
							"size": [4, 1, 0.5],
							"inflate": 0.01,
							"pivot": [11.14645, 12.023, 3.18249],
							"rotation": [15, 0, -12.5],
							"uv": {
								"north": {"uv": [55.5, 0.5], "uv_size": [-7, 7]},
								"east": {"uv": [55.5, 0.5], "uv_size": [-7, 7]},
								"south": {"uv": [55.5, 0.5], "uv_size": [-7, 7]},
								"west": {"uv": [55.5, 0.5], "uv_size": [-7, 7]},
								"up": {"uv": [48.5, 7.5], "uv_size": [7, -7]},
								"down": {"uv": [48.5, 7.5], "uv_size": [7, -7]}
							}
						},
						{
							"origin": [12.96708, 12.57853, 3.35583],
							"size": [0.5, 1, 4],
							"inflate": 0.01,
							"pivot": [13.21708, 13.07853, 5.35583],
							"rotation": [15, 0, -12.5],
							"uv": {
								"north": {"uv": [55.5, 0.5], "uv_size": [-7, 7]},
								"east": {"uv": [55.5, 0.5], "uv_size": [-7, 7]},
								"south": {"uv": [55.5, 0.5], "uv_size": [-7, 7]},
								"west": {"uv": [55.5, 0.5], "uv_size": [-7, 7]},
								"up": {"uv": [48.5, 7.5], "uv_size": [7, -7]},
								"down": {"uv": [48.5, 7.5], "uv_size": [7, -7]}
							}
						},
						{
							"origin": [8.57375, 11.60455, 3.35583],
							"size": [0.5, 1, 4],
							"inflate": 0.01,
							"pivot": [8.82375, 12.10455, 5.35583],
							"rotation": [15, 0, -12.5],
							"uv": {
								"north": {"uv": [55.5, 0.5], "uv_size": [-7, 7]},
								"east": {"uv": [55.5, 0.5], "uv_size": [-7, 7]},
								"south": {"uv": [55.5, 0.5], "uv_size": [-7, 7]},
								"west": {"uv": [55.5, 0.5], "uv_size": [-7, 7]},
								"up": {"uv": [48.5, 7.5], "uv_size": [7, -7]},
								"down": {"uv": [48.5, 7.5], "uv_size": [7, -7]}
							}
						}
					]
				}
			]
		}
	]
}