{
	"format_version": "1.12.0",
	"minecraft:geometry": [
		{
			"description": {
				"identifier": "geometry.weapons_armor",
				"texture_width": 32,
				"texture_height": 32,
				"visible_bounds_width": 3,
				"visible_bounds_height": 3.5,
				"visible_bounds_offset": [0, 1.25, 0]
			},
			"bones": [
				{
					"name": "root",
					"pivot": [0, 0, 0]
				},
				{
					"name": "tudo",
					"parent": "root",
					"pivot": [0, 12, 0]
				},
				{
					"name": "waist",
					"parent": "tudo",
					"pivot": [0, 12, 0]
				},
				{
					"name": "body",
					"parent": "waist",
					"pivot": [0, 24, 0],
					"cubes": [
						{
							"origin": [-4, 12, -2],
							"size": [8, 12, 4],
							"inflate": 0.2,
							"uv": {
								"north": {"uv": [0, 0], "uv_size": [12, 12]},
								"east": {"uv": [0, 0], "uv_size": [12, 12]},
								"south": {"uv": [0, 0], "uv_size": [12, 12]},
								"west": {"uv": [0, 0], "uv_size": [12, 12]},
								"up": {"uv": [12, 12], "uv_size": [-12, -12]},
								"down": {"uv": [12, 12], "uv_size": [-12, -12]}
							}
						},
						{
							"origin": [3.5625, 11.89175, -2],
							"size": [0.25, 1.25, 4],
							"inflate": 0.3,
							"pivot": [3.6875, 12.51675, 0],
							"rotation": [0, 0, -30],
							"uv": {
								"north": {"uv": [12, 0], "uv_size": [12, 12]},
								"east": {"uv": [12, 0], "uv_size": [12, 12]},
								"south": {"uv": [12, 0], "uv_size": [12, 12]},
								"west": {"uv": [12, 0], "uv_size": [12, 12]},
								"up": {"uv": [24, 12], "uv_size": [-12, -12]},
								"down": {"uv": [24, 12], "uv_size": [-12, -12]}
							}
						},
						{
							"origin": [3.15694, 13.40532, -2],
							"size": [0.25, 1.25, 4],
							"inflate": 0.3,
							"uv": {
								"north": {"uv": [12, 0], "uv_size": [12, 12]},
								"east": {"uv": [12, 0], "uv_size": [12, 12]},
								"south": {"uv": [12, 0], "uv_size": [12, 12]},
								"west": {"uv": [12, 0], "uv_size": [12, 12]},
								"up": {"uv": [24, 12], "uv_size": [-12, -12]},
								"down": {"uv": [24, 12], "uv_size": [-12, -12]}
							}
						},
						{
							"origin": [-3.40694, 13.40532, -2],
							"size": [0.25, 1.25, 4],
							"inflate": 0.3,
							"uv": {
								"north": {"uv": [24, 0], "uv_size": [-12, 12]},
								"east": {"uv": [24, 0], "uv_size": [-12, 12]},
								"south": {"uv": [24, 0], "uv_size": [-12, 12]},
								"west": {"uv": [24, 0], "uv_size": [-12, 12]},
								"up": {"uv": [12, 12], "uv_size": [12, -12]},
								"down": {"uv": [12, 12], "uv_size": [12, -12]}
							}
						},
						{
							"origin": [-3.8125, 11.89175, -2],
							"size": [0.25, 1.25, 4],
							"inflate": 0.3,
							"pivot": [-3.6875, 12.51675, 0],
							"rotation": [0, 0, 30],
							"uv": {
								"north": {"uv": [12, 0], "uv_size": [12, 12]},
								"east": {"uv": [12, 0], "uv_size": [12, 12]},
								"south": {"uv": [12, 0], "uv_size": [12, 12]},
								"west": {"uv": [12, 0], "uv_size": [12, 12]},
								"up": {"uv": [24, 12], "uv_size": [-12, -12]},
								"down": {"uv": [24, 12], "uv_size": [-12, -12]}
							}
						},
						{
							"origin": [-3.75, 20.5, -2.25],
							"size": [3.5, 3, 0],
							"inflate": 0.2,
							"uv": {
								"north": {"uv": [0, 0], "uv_size": [12, 12]},
								"east": {"uv": [0, 0], "uv_size": [12, 12]},
								"south": {"uv": [0, 0], "uv_size": [12, 12]},
								"west": {"uv": [0, 0], "uv_size": [12, 12]},
								"up": {"uv": [12, 12], "uv_size": [-12, -12]},
								"down": {"uv": [12, 12], "uv_size": [-12, -12]}
							}
						},
						{
							"origin": [0.25, 20.5, -2.25],
							"size": [3.5, 3, 0],
							"inflate": 0.2,
							"uv": {
								"north": {"uv": [0, 0], "uv_size": [12, 12]},
								"east": {"uv": [0, 0], "uv_size": [12, 12]},
								"south": {"uv": [0, 0], "uv_size": [12, 12]},
								"west": {"uv": [0, 0], "uv_size": [12, 12]},
								"up": {"uv": [12, 12], "uv_size": [-12, -12]},
								"down": {"uv": [12, 12], "uv_size": [-12, -12]}
							}
						},
						{
							"origin": [-3.25, 18, -2.25],
							"size": [6.5, 1.5, 0],
							"inflate": 0.2,
							"uv": {
								"north": {"uv": [0, 0], "uv_size": [12, 12]},
								"east": {"uv": [0, 0], "uv_size": [12, 12]},
								"south": {"uv": [0, 0], "uv_size": [12, 12]},
								"west": {"uv": [0, 0], "uv_size": [12, 12]},
								"up": {"uv": [12, 12], "uv_size": [-12, -12]},
								"down": {"uv": [12, 12], "uv_size": [-12, -12]}
							}
						},
						{
							"origin": [-3.25, 15.75, -2.25],
							"size": [6.5, 1.5, 0],
							"inflate": 0.2,
							"uv": {
								"north": {"uv": [0, 0], "uv_size": [12, 12]},
								"east": {"uv": [0, 0], "uv_size": [12, 12]},
								"south": {"uv": [0, 0], "uv_size": [12, 12]},
								"west": {"uv": [0, 0], "uv_size": [12, 12]},
								"up": {"uv": [12, 12], "uv_size": [-12, -12]},
								"down": {"uv": [12, 12], "uv_size": [-12, -12]}
							}
						},
						{
							"origin": [-3.25, 13.5, -2.25],
							"size": [6.5, 1.5, 0],
							"inflate": 0.2,
							"uv": {
								"north": {"uv": [0, 0], "uv_size": [12, 12]},
								"east": {"uv": [0, 0], "uv_size": [12, 12]},
								"south": {"uv": [0, 0], "uv_size": [12, 12]},
								"west": {"uv": [0, 0], "uv_size": [12, 12]},
								"up": {"uv": [12, 12], "uv_size": [-12, -12]},
								"down": {"uv": [12, 12], "uv_size": [-12, -12]}
							}
						}
					]
				},
				{
					"name": "rightA",
					"parent": "body",
					"pivot": [-6, 24, 0]
				},
				{
					"name": "rightArm",
					"parent": "rightA",
					"pivot": [-5, 22, 0],
					"cubes": [
						{
							"origin": [-9.49692, 22.45779, -3],
							"size": [6, 2.5, 6],
							"pivot": [-6.49692, 23.70779, 0],
							"rotation": [0, 0, -17.5],
							"uv": {
								"north": {"uv": [0, 0], "uv_size": [12, 12]},
								"east": {"uv": [0, 0], "uv_size": [12, 12]},
								"south": {"uv": [0, 0], "uv_size": [12, 12]},
								"west": {"uv": [0, 0], "uv_size": [12, 12]},
								"up": {"uv": [12, 12], "uv_size": [-12, -12]},
								"down": {"uv": [12, 12], "uv_size": [-12, -12]}
							}
						},
						{
							"origin": [-9.27139, 22.49251, -3],
							"size": [6, 1, 6],
							"inflate": 0.1,
							"pivot": [-6.27139, 22.99251, 0],
							"rotation": [0, 0, -17.5],
							"uv": {
								"north": {"uv": [12, 0], "uv_size": [12, 12]},
								"east": {"uv": [12, 0], "uv_size": [12, 12]},
								"south": {"uv": [12, 0], "uv_size": [12, 12]},
								"west": {"uv": [12, 0], "uv_size": [12, 12]},
								"up": {"uv": [24, 12], "uv_size": [-12, -12]},
								"down": {"uv": [24, 12], "uv_size": [-12, -12]}
							}
						},
						{
							"origin": [-9.5872, 23.95938, -2.5],
							"size": [5.5, 1.5, 5],
							"pivot": [-6.8372, 24.70938, 0],
							"rotation": [0, 0, -17.5],
							"uv": {
								"north": {"uv": [0, 0], "uv_size": [12, 12]},
								"east": {"uv": [0, 0], "uv_size": [12, 12]},
								"south": {"uv": [0, 0], "uv_size": [12, 12]},
								"west": {"uv": [0, 0], "uv_size": [12, 12]},
								"up": {"uv": [12, 12], "uv_size": [-12, -12]},
								"down": {"uv": [12, 12], "uv_size": [-12, -12]}
							}
						},
						{
							"origin": [-8.89477, 24.74074, -1.96384],
							"size": [4, 1, 4],
							"pivot": [-6.89477, 25.24074, 0.03616],
							"rotation": [0, 0, -17.5],
							"uv": {
								"north": {"uv": [0, 0], "uv_size": [12, 12]},
								"east": {"uv": [0, 0], "uv_size": [12, 12]},
								"south": {"uv": [0, 0], "uv_size": [12, 12]},
								"west": {"uv": [0, 0], "uv_size": [12, 12]},
								"up": {"uv": [12, 12], "uv_size": [-12, -12]},
								"down": {"uv": [12, 12], "uv_size": [-12, -12]}
							}
						}
					]
				},
				{
					"name": "rightArm2",
					"parent": "rightArm",
					"pivot": [-5, 18, 2],
					"cubes": [
						{
							"origin": [-8.5, 14, -2],
							"size": [5, 2, 4],
							"uv": {
								"north": {"uv": [0, 0], "uv_size": [12, 12]},
								"east": {"uv": [0, 0], "uv_size": [12, 12]},
								"south": {"uv": [0, 0], "uv_size": [12, 12]},
								"west": {"uv": [0, 0], "uv_size": [12, 12]},
								"up": {"uv": [12, 12], "uv_size": [-12, -12]},
								"down": {"uv": [12, 12], "uv_size": [-12, -12]}
							}
						},
						{
							"origin": [-8.5, 13.75, -2],
							"size": [5, 0.5, 4],
							"inflate": 0.1,
							"uv": {
								"north": {"uv": [12, 0], "uv_size": [12, 12]},
								"east": {"uv": [12, 0], "uv_size": [12, 12]},
								"south": {"uv": [12, 0], "uv_size": [12, 12]},
								"west": {"uv": [12, 0], "uv_size": [12, 12]},
								"up": {"uv": [24, 12], "uv_size": [-12, -12]},
								"down": {"uv": [24, 12], "uv_size": [-12, -12]}
							}
						},
						{
							"origin": [-8.625, 15.5, -0.625],
							"size": [0.75, 0.75, 1.25],
							"uv": {
								"north": {"uv": [0, 0], "uv_size": [12, 12]},
								"east": {"uv": [0, 0], "uv_size": [12, 12]},
								"south": {"uv": [0, 0], "uv_size": [12, 12]},
								"west": {"uv": [0, 0], "uv_size": [12, 12]},
								"up": {"uv": [12, 12], "uv_size": [-12, -12]},
								"down": {"uv": [12, 12], "uv_size": [-12, -12]}
							}
						},
						{
							"origin": [-8.375, 16, -0.375],
							"size": [0.5, 0.75, 0.75],
							"uv": {
								"north": {"uv": [0, 0], "uv_size": [12, 12]},
								"east": {"uv": [0, 0], "uv_size": [12, 12]},
								"south": {"uv": [0, 0], "uv_size": [12, 12]},
								"west": {"uv": [0, 0], "uv_size": [12, 12]},
								"up": {"uv": [12, 12], "uv_size": [-12, -12]},
								"down": {"uv": [12, 12], "uv_size": [-12, -12]}
							}
						},
						{
							"origin": [-8.5, 15.75, -0.5],
							"size": [0.5, 0.75, 1],
							"uv": {
								"north": {"uv": [0, 0], "uv_size": [12, 12]},
								"east": {"uv": [0, 0], "uv_size": [12, 12]},
								"south": {"uv": [0, 0], "uv_size": [12, 12]},
								"west": {"uv": [0, 0], "uv_size": [12, 12]},
								"up": {"uv": [12, 12], "uv_size": [-12, -12]},
								"down": {"uv": [12, 12], "uv_size": [-12, -12]}
							}
						},
						{
							"origin": [-8, 14, -2.5],
							"size": [4, 2, 5],
							"uv": {
								"north": {"uv": [0, 0], "uv_size": [12, 12]},
								"east": {"uv": [0, 0], "uv_size": [12, 12]},
								"south": {"uv": [0, 0], "uv_size": [12, 12]},
								"west": {"uv": [0, 0], "uv_size": [12, 12]},
								"up": {"uv": [12, 12], "uv_size": [-12, -12]},
								"down": {"uv": [12, 12], "uv_size": [-12, -12]}
							}
						},
						{
							"origin": [-8, 13.75, -2.5],
							"size": [4, 0.5, 5],
							"inflate": 0.1,
							"uv": {
								"north": {"uv": [12, 0], "uv_size": [12, 12]},
								"east": {"uv": [12, 0], "uv_size": [12, 12]},
								"south": {"uv": [12, 0], "uv_size": [12, 12]},
								"west": {"uv": [12, 0], "uv_size": [12, 12]},
								"up": {"uv": [24, 12], "uv_size": [-12, -12]},
								"down": {"uv": [24, 12], "uv_size": [-12, -12]}
							}
						},
						{
							"origin": [-8, 16.5, -2.5],
							"size": [4, 1, 5],
							"uv": {
								"north": {"uv": [0, 0], "uv_size": [12, 12]},
								"east": {"uv": [0, 0], "uv_size": [12, 12]},
								"south": {"uv": [0, 0], "uv_size": [12, 12]},
								"west": {"uv": [0, 0], "uv_size": [12, 12]},
								"up": {"uv": [12, 12], "uv_size": [-12, -12]},
								"down": {"uv": [12, 12], "uv_size": [-12, -12]}
							}
						},
						{
							"origin": [-8.25, 14, -2.25],
							"size": [4.5, 2, 4.5],
							"uv": {
								"north": {"uv": [0, 0], "uv_size": [12, 12]},
								"east": {"uv": [0, 0], "uv_size": [12, 12]},
								"south": {"uv": [0, 0], "uv_size": [12, 12]},
								"west": {"uv": [0, 0], "uv_size": [12, 12]},
								"up": {"uv": [12, 12], "uv_size": [-12, -12]},
								"down": {"uv": [12, 12], "uv_size": [-12, -12]}
							}
						},
						{
							"origin": [-8.25, 13.75, -2.25],
							"size": [4.5, 0.5, 4.5],
							"inflate": 0.1,
							"uv": {
								"north": {"uv": [12, 0], "uv_size": [12, 12]},
								"east": {"uv": [12, 0], "uv_size": [12, 12]},
								"south": {"uv": [12, 0], "uv_size": [12, 12]},
								"west": {"uv": [12, 0], "uv_size": [12, 12]},
								"up": {"uv": [24, 12], "uv_size": [-12, -12]},
								"down": {"uv": [24, 12], "uv_size": [-12, -12]}
							}
						},
						{
							"origin": [-8.25, 16.5, -2.25],
							"size": [4.5, 1, 4.5],
							"uv": {
								"north": {"uv": [0, 0], "uv_size": [12, 12]},
								"east": {"uv": [0, 0], "uv_size": [12, 12]},
								"south": {"uv": [0, 0], "uv_size": [12, 12]},
								"west": {"uv": [0, 0], "uv_size": [12, 12]},
								"up": {"uv": [12, 12], "uv_size": [-12, -12]},
								"down": {"uv": [12, 12], "uv_size": [-12, -12]}
							}
						}
					]
				},
				{
					"name": "leftA",
					"parent": "body",
					"pivot": [6, 24, 0]
				},
				{
					"name": "leftArm",
					"parent": "leftA",
					"pivot": [5, 22, 0],
					"cubes": [
						{
							"origin": [3.49692, 22.45779, -3],
							"size": [6, 2.5, 6],
							"pivot": [6.49692, 23.70779, 0],
							"rotation": [0, 0, 17.5],
							"uv": {
								"north": {"uv": [12, 0], "uv_size": [-12, 12]},
								"east": {"uv": [12, 0], "uv_size": [-12, 12]},
								"south": {"uv": [12, 0], "uv_size": [-12, 12]},
								"west": {"uv": [12, 0], "uv_size": [-12, 12]},
								"up": {"uv": [0, 12], "uv_size": [12, -12]},
								"down": {"uv": [0, 12], "uv_size": [12, -12]}
							}
						},
						{
							"origin": [3.27139, 22.49251, -3],
							"size": [6, 1, 6],
							"inflate": 0.1,
							"pivot": [6.27139, 22.99251, 0],
							"rotation": [0, 0, 17.5],
							"uv": {
								"north": {"uv": [24, 0], "uv_size": [-12, 12]},
								"east": {"uv": [24, 0], "uv_size": [-12, 12]},
								"south": {"uv": [24, 0], "uv_size": [-12, 12]},
								"west": {"uv": [24, 0], "uv_size": [-12, 12]},
								"up": {"uv": [12, 12], "uv_size": [12, -12]},
								"down": {"uv": [12, 12], "uv_size": [12, -12]}
							}
						},
						{
							"origin": [4.0872, 23.95938, -2.5],
							"size": [5.5, 1.5, 5],
							"pivot": [6.8372, 24.70938, 0],
							"rotation": [0, 0, 17.5],
							"uv": {
								"north": {"uv": [12, 0], "uv_size": [-12, 12]},
								"east": {"uv": [12, 0], "uv_size": [-12, 12]},
								"south": {"uv": [12, 0], "uv_size": [-12, 12]},
								"west": {"uv": [12, 0], "uv_size": [-12, 12]},
								"up": {"uv": [0, 12], "uv_size": [12, -12]},
								"down": {"uv": [0, 12], "uv_size": [12, -12]}
							}
						},
						{
							"origin": [4.89477, 24.74074, -1.96384],
							"size": [4, 1, 4],
							"pivot": [6.89477, 25.24074, 0.03616],
							"rotation": [0, 0, 17.5],
							"uv": {
								"north": {"uv": [12, 0], "uv_size": [-12, 12]},
								"east": {"uv": [12, 0], "uv_size": [-12, 12]},
								"south": {"uv": [12, 0], "uv_size": [-12, 12]},
								"west": {"uv": [12, 0], "uv_size": [-12, 12]},
								"up": {"uv": [0, 12], "uv_size": [12, -12]},
								"down": {"uv": [0, 12], "uv_size": [12, -12]}
							}
						}
					]
				},
				{
					"name": "leftArm2",
					"parent": "leftArm",
					"pivot": [5, 18, 2],
					"cubes": [
						{
							"origin": [3.5, 14, -2],
							"size": [5, 2, 4],
							"uv": {
								"north": {"uv": [12, 0], "uv_size": [-12, 12]},
								"east": {"uv": [12, 0], "uv_size": [-12, 12]},
								"south": {"uv": [12, 0], "uv_size": [-12, 12]},
								"west": {"uv": [12, 0], "uv_size": [-12, 12]},
								"up": {"uv": [0, 12], "uv_size": [12, -12]},
								"down": {"uv": [0, 12], "uv_size": [12, -12]}
							}
						},
						{
							"origin": [3.5, 13.75, -2],
							"size": [5, 0.5, 4],
							"inflate": 0.1,
							"uv": {
								"north": {"uv": [24, 0], "uv_size": [-12, 12]},
								"east": {"uv": [24, 0], "uv_size": [-12, 12]},
								"south": {"uv": [24, 0], "uv_size": [-12, 12]},
								"west": {"uv": [24, 0], "uv_size": [-12, 12]},
								"up": {"uv": [12, 12], "uv_size": [12, -12]},
								"down": {"uv": [12, 12], "uv_size": [12, -12]}
							}
						},
						{
							"origin": [7.875, 15.5, -0.625],
							"size": [0.75, 0.75, 1.25],
							"uv": {
								"north": {"uv": [12, 0], "uv_size": [-12, 12]},
								"east": {"uv": [12, 0], "uv_size": [-12, 12]},
								"south": {"uv": [12, 0], "uv_size": [-12, 12]},
								"west": {"uv": [12, 0], "uv_size": [-12, 12]},
								"up": {"uv": [0, 12], "uv_size": [12, -12]},
								"down": {"uv": [0, 12], "uv_size": [12, -12]}
							}
						},
						{
							"origin": [7.875, 16, -0.375],
							"size": [0.5, 0.75, 0.75],
							"uv": {
								"north": {"uv": [12, 0], "uv_size": [-12, 12]},
								"east": {"uv": [12, 0], "uv_size": [-12, 12]},
								"south": {"uv": [12, 0], "uv_size": [-12, 12]},
								"west": {"uv": [12, 0], "uv_size": [-12, 12]},
								"up": {"uv": [0, 12], "uv_size": [12, -12]},
								"down": {"uv": [0, 12], "uv_size": [12, -12]}
							}
						},
						{
							"origin": [8, 15.75, -0.5],
							"size": [0.5, 0.75, 1],
							"uv": {
								"north": {"uv": [12, 0], "uv_size": [-12, 12]},
								"east": {"uv": [12, 0], "uv_size": [-12, 12]},
								"south": {"uv": [12, 0], "uv_size": [-12, 12]},
								"west": {"uv": [12, 0], "uv_size": [-12, 12]},
								"up": {"uv": [0, 12], "uv_size": [12, -12]},
								"down": {"uv": [0, 12], "uv_size": [12, -12]}
							}
						},
						{
							"origin": [4, 14, -2.5],
							"size": [4, 2, 5],
							"uv": {
								"north": {"uv": [12, 0], "uv_size": [-12, 12]},
								"east": {"uv": [12, 0], "uv_size": [-12, 12]},
								"south": {"uv": [12, 0], "uv_size": [-12, 12]},
								"west": {"uv": [12, 0], "uv_size": [-12, 12]},
								"up": {"uv": [0, 12], "uv_size": [12, -12]},
								"down": {"uv": [0, 12], "uv_size": [12, -12]}
							}
						},
						{
							"origin": [4, 13.75, -2.5],
							"size": [4, 0.5, 5],
							"inflate": 0.1,
							"uv": {
								"north": {"uv": [24, 0], "uv_size": [-12, 12]},
								"east": {"uv": [24, 0], "uv_size": [-12, 12]},
								"south": {"uv": [24, 0], "uv_size": [-12, 12]},
								"west": {"uv": [24, 0], "uv_size": [-12, 12]},
								"up": {"uv": [12, 12], "uv_size": [12, -12]},
								"down": {"uv": [12, 12], "uv_size": [12, -12]}
							}
						},
						{
							"origin": [4, 16.5, -2.5],
							"size": [4, 1, 5],
							"uv": {
								"north": {"uv": [12, 0], "uv_size": [-12, 12]},
								"east": {"uv": [12, 0], "uv_size": [-12, 12]},
								"south": {"uv": [12, 0], "uv_size": [-12, 12]},
								"west": {"uv": [12, 0], "uv_size": [-12, 12]},
								"up": {"uv": [0, 12], "uv_size": [12, -12]},
								"down": {"uv": [0, 12], "uv_size": [12, -12]}
							}
						},
						{
							"origin": [3.75, 14, -2.25],
							"size": [4.5, 2, 4.5],
							"uv": {
								"north": {"uv": [12, 0], "uv_size": [-12, 12]},
								"east": {"uv": [12, 0], "uv_size": [-12, 12]},
								"south": {"uv": [12, 0], "uv_size": [-12, 12]},
								"west": {"uv": [12, 0], "uv_size": [-12, 12]},
								"up": {"uv": [0, 12], "uv_size": [12, -12]},
								"down": {"uv": [0, 12], "uv_size": [12, -12]}
							}
						},
						{
							"origin": [3.75, 13.75, -2.25],
							"size": [4.5, 0.5, 4.5],
							"inflate": 0.1,
							"uv": {
								"north": {"uv": [24, 0], "uv_size": [-12, 12]},
								"east": {"uv": [24, 0], "uv_size": [-12, 12]},
								"south": {"uv": [24, 0], "uv_size": [-12, 12]},
								"west": {"uv": [24, 0], "uv_size": [-12, 12]},
								"up": {"uv": [12, 12], "uv_size": [12, -12]},
								"down": {"uv": [12, 12], "uv_size": [12, -12]}
							}
						},
						{
							"origin": [3.75, 16.5, -2.25],
							"size": [4.5, 1, 4.5],
							"uv": {
								"north": {"uv": [12, 0], "uv_size": [-12, 12]},
								"east": {"uv": [12, 0], "uv_size": [-12, 12]},
								"south": {"uv": [12, 0], "uv_size": [-12, 12]},
								"west": {"uv": [12, 0], "uv_size": [-12, 12]},
								"up": {"uv": [0, 12], "uv_size": [12, -12]},
								"down": {"uv": [0, 12], "uv_size": [12, -12]}
							}
						}
					]
				}
			]
		}
	]
}