{
  "format_version": "1.17.100",
  "minecraft:item": {
    "description": {
      "identifier": "wesl3y:reset_fruit",
      "category": "items"
    },
    "components": {
      "minecraft:use_duration":1,
      "minecraft:use_animation":"eat",
      "minecraft:max_stack_size": 1,
      "minecraft:icon": {
        "texture": "reset_fruit"
      },
      "minecraft:display_name": {
        "value": "§eReset Akuma no Mi\n§7(Hold to Use)"
      },
      "minecraft:food":{
        "nutrition": 6,
        "can_always_eat": true,
        "saturation_modifier":"poor",
        "on_consume":{
          "event": "wg"
        }
      },
      "minecraft:render_offsets": {}
    },
    "events": {
      "wg": {
        "run_command": {
          "command": [
            "function fruit/reset_fruit"
          ]
		}
	  }
	}
  }
}