{
  "format_version":"1.16.100",
  "animation_controllers":{
    "controller.animation.climatact":{
      "states":{
        "default":{
          "transitions":[
            {"usopp1":"query.get_equipped_item_name == 'sorcery_clima_tact1'"},
            {"franky1":"query.get_equipped_item_name == 'sorcery_clima_tact1_2'"}
          ]
        },
        "usopp1":{
          "transitions":[
            {"usopp2":"variable.time = (variable.time ?? 0);variable.time = variable.time < 60 ? variable.time + 1:0;return variable.time == 0;"}
          ],
          "on_entry":[
            "/effect @s slowness 100 20 true"
          ]
        },
        "usopp2":{
          "transitions":[
            {"default":"(1.0)"}
          ],
          "on_entry":[
            "/replaceitem entity @s slot.weapon.mainhand 0 air"
          ],
          "on_exit":[
            "/give @p onepiece_addon:sorcery_clima_tact1_2",
            "/effect @s slowness 0 21 true"
          ]
        },
        "franky1":{
          "transitions":[
            {"franky2":"variable.time = (variable.time ?? 0);variable.time = variable.time < 60 ? variable.time + 1:0;return variable.time == 0;"}
          ],
          "on_entry":[
            "/effect @s slowness 100 20 true"
          ]
        },
        "franky2":{
          "transitions":[
            {"default":"(1.0)"}
          ],
          "on_entry":[
            "/replaceitem entity @s slot.weapon.mainhand 0 air"
          ],
          "on_exit":[
            "/give @p onepiece_addon:sorcery_clima_tact2",
            "/effect @s slowness 0 21 true"
          ]
        }
      }
    }
  }
}