{
  "format_version": "1.12.0",
  "minecraft:geometry": [
    {
      "description": {
        "identifier": "geometry.al_a",
        "texture_width": 64,
        "texture_height": 64,
        "visible_bounds_width": 3,
        "visible_bounds_height": 3.5,
        "visible_bounds_offset": [
          0,
          1.25,
          0
        ]
      },
      "bones": [
        {
          "name": "bone",
          "cubes": [
            {
              "origin": [
                -9.0,
                -1.0,
                -2.0
              ],
              "size": [
                4.0,
                29.0,
                4.0
              ],
              "pivot": [
                0.0,
                0.0,
                0.0
              ],
              "rotation": [
                0.0,
                0.0,
                12.5
              ],
              "uv": [
                16,
                0
              ],
              "inflate": 0
            },
            {
              "origin": [
                -2.0,
                13.0,
                -2.0
              ],
              "size": [
                5.0,
                3.0,
                4.0
              ],
              "uv": [
                32,
                0
              ],
              "inflate": 0
            },
            {
              "origin": [
                -7.0,
                17.0,
                -3.0
              ],
              "size": [
                5.0,
                4.0,
                1.0
              ],
              "uv": [
                32,
                12
              ],
              "inflate": 0
            },
            {
              "origin": [
                3.0,
                17.0,
                -3.0
              ],
              "size": [
                5.0,
                4.0,
                1.0
              ],
              "uv": [
                32,
                7
              ],
              "inflate": 0
            },
            {
              "origin": [
                -3.0,
                16.0,
                -1.0
              ],
              "size": [
                6.0,
                9.0,
                2.0
              ],
              "uv": [
                30,
                31
              ],
              "inflate": 0
            },
            {
              "origin": [
                5.0,
                -1.0,
                -2.0
              ],
              "size": [
                4.0,
                29.0,
                4.0
              ],
              "pivot": [
                0.0,
                0.0,
                0.0
              ],
              "rotation": [
                0.0,
                0.0,
                -10.0
              ],
              "uv": [
                0,
                0
              ],
              "inflate": 0
            }
          ]
        }
      ]
    }
  ]
}