{
  "format_version": "1.12.0",
  "minecraft:geometry": [
    {
      "description": {
        "identifier": "geometry.al_b",
        "texture_width": 64,
        "texture_height": 64,
        "visible_bounds_width": 3,
        "visible_bounds_height": 3.5,
        "visible_bounds_offset": [
          0,
          1.25,
          0
        ]
      },
      "bones": [
        {
          "name": "bone",
          "cubes": [
            {
              "origin": [
                -12.0,
                11.0,
                -3.0
              ],
              "size": [
                5.0,
                4.0,
                1.0
              ],
              "uv": [
                34,
                20
              ],
              "inflate": 0
            },
            {
              "origin": [
                -6.0,
                11.0,
                -3.0
              ],
              "size": [
                5.0,
                4.0,
                1.0
              ],
              "uv": [
                34,
                7
              ],
              "inflate": 0
            },
            {
              "origin": [
                -7.0,
                0.0,
                -2.0
              ],
              "size": [
                4.0,
                29.0,
                4.0
              ],
              "pivot": [
                -5.0,
                0.0,
                0.0
              ],
              "rotation": [
                0.0,
                0.0,
                -10.0
              ],
              "uv": [
                30,
                31
              ],
              "inflate": 0
            },
            {
              "origin": [
                -10.0,
                9.0,
                -2.0
              ],
              "size": [
                3.0,
                3.0,
                4.0
              ],
              "pivot": [
                -5.0,
                0.0,
                0.0
              ],
              "rotation": [
                0.0,
                0.0,
                5.0
              ],
              "uv": [
                34,
                0
              ],
              "inflate": 0
            },
            {
              "origin": [
                -3.0,
                15.0,
                -2.0
              ],
              "size": [
                13.0,
                14.0,
                4.0
              ],
              "pivot": [
                -5.0,
                0.0,
                0.0
              ],
              "rotation": [
                0.0,
                0.0,
                -10.0
              ],
              "uv": [
                0,
                0
              ],
              "inflate": 0
            },
            {
              "origin": [
                -3.0,
                0.0,
                -2.0
              ],
              "size": [
                13.0,
                13.0,
                4.0
              ],
              "pivot": [
                -5.0,
                0.0,
                0.0
              ],
              "rotation": [
                0.0,
                0.0,
                -10.0
              ],
              "uv": [
                0,
                18
              ],
              "inflate": 0
            },
            {
              "origin": [
                -3.0,
                13.0,
                -2.0
              ],
              "size": [
                11.0,
                2.0,
                4.0
              ],
              "pivot": [
                -5.0,
                0.0,
                0.0
              ],
              "rotation": [
                0.0,
                0.0,
                -10.0
              ],
              "uv": [
                30,
                14
              ],
              "inflate": 0
            }
          ]
        }
      ]
    }
  ]
}