{
  "format_version": "1.12.0",
  "minecraft:geometry": [
    {
      "description": {
        "identifier": "geometry.al_c",
        "texture_width": 64,
        "texture_height": 64,
        "visible_bounds_width": 3,
        "visible_bounds_height": 3.5,
        "visible_bounds_offset": [
          0,
          1.25,
          0
        ]
      },
      "bones": [
        {
          "name": "bone",
          "cubes": [
            {
              "origin": [
                -10.0,
                13.0,
                -3.0
              ],
              "size": [
                4.0,
                3.0,
                1.0
              ],
              "pivot": [
                -8.0,
                14.0,
                -3.0
              ],
              "rotation": [
                0.0,
                0.0,
                20.0
              ],
              "uv": [
                32,
                4
              ],
              "inflate": 0
            },
            {
              "origin": [
                -5.0,
                13.0,
                -3.0
              ],
              "size": [
                4.0,
                3.0,
                1.0
              ],
              "pivot": [
                -3.0,
                14.0,
                -2.0
              ],
              "rotation": [
                0.0,
                0.0,
                -20.0
              ],
              "uv": [
                28,
                0
              ],
              "inflate": 0
            },
            {
              "origin": [
                -7.0,
                5.0,
                -2.0
              ],
              "size": [
                4.0,
                16.0,
                4.0
              ],
              "uv": [
                0,
                0
              ],
              "inflate": 0
            },
            {
              "origin": [
                -6.0,
                19.0,
                -2.0
              ],
              "size": [
                4.0,
                8.0,
                4.0
              ],
              "pivot": [
                -5.0,
                21.0,
                0.0
              ],
              "rotation": [
                0.0,
                0.0,
                67.5
              ],
              "uv": [
                28,
                27
              ],
              "inflate": 0
            },
            {
              "origin": [
                8.0,
                24.0,
                -2.0
              ],
              "size": [
                4.0,
                8.0,
                4.0
              ],
              "pivot": [
                -5.0,
                21.0,
                0.0
              ],
              "rotation": [
                0.0,
                0.0,
                107.5
              ],
              "uv": [
                28,
                15
              ],
              "inflate": 0
            },
            {
              "origin": [
                -0.99266,
                19.84159,
                -2.0
              ],
              "size": [
                4.0,
                15.0,
                4.0
              ],
              "pivot": [
                1.0,
                22.0,
                0.0
              ],
              "rotation": [
                0.0,
                0.0,
                87.5
              ],
              "uv": [
                12,
                19
              ],
              "inflate": 0
            },
            {
              "origin": [
                3.00734,
                17.84159,
                -1.0
              ],
              "size": [
                4.0,
                17.0,
                2.0
              ],
              "pivot": [
                1.0,
                22.0,
                0.0
              ],
              "rotation": [
                0.0,
                0.0,
                87.5
              ],
              "uv": [
                0,
                20
              ],
              "inflate": 0
            },
            {
              "origin": [
                13.00734,
                16.84159,
                -1.0
              ],
              "size": [
                4.0,
                17.0,
                2.0
              ],
              "pivot": [
                1.0,
                22.0,
                0.0
              ],
              "rotation": [
                0.0,
                0.0,
                87.5
              ],
              "uv": [
                0,
                20
              ],
              "inflate": 0
            },
            {
              "origin": [
                18.00353,
                19.75444,
                -2.0
              ],
              "size": [
                4.0,
                15.0,
                4.0
              ],
              "pivot": [
                1.0,
                23.0,
                0.0
              ],
              "rotation": [
                0.0,
                0.0,
                85.0
              ],
              "uv": [
                16,
                0
              ],
              "inflate": 0
            }
          ]
        }
      ]
    }
  ]
}