{
  "format_version": "1.12.0",
  "minecraft:geometry": [
    {
      "description": {
        "identifier": "geometry.al_d",
        "texture_width": 64,
        "texture_height": 64,
        "visible_bounds_width": 3,
        "visible_bounds_height": 3.5,
        "visible_bounds_offset": [
          0,
          1.25,
          0
        ]
      },
      "bones": [
        {
          "name": "bone",
          "cubes": [
            {
              "origin": [
                -11.0,
                8.0,
                -3.0
              ],
              "size": [
                5.0,
                4.0,
                1.0
              ],
              "uv": [
                36,
                0
              ],
              "inflate": 0
            },
            {
              "origin": [
                -5.0,
                8.0,
                -3.0
              ],
              "size": [
                5.0,
                4.0,
                1.0
              ],
              "uv": [
                14,
                33
              ],
              "inflate": 0
            },
            {
              "origin": [
                -7.0,
                0.0,
                -2.0
              ],
              "size": [
                14.0,
                29.0,
                4.0
              ],
              "uv": [
                0,
                0
              ],
              "inflate": 0
            },
            {
              "origin": [
                7.0,
                1.0,
                -2.0
              ],
              "size": [
                4.0,
                27.0,
                4.0
              ],
              "uv": [
                32,
                29
              ],
              "inflate": 0
            },
            {
              "origin": [
                -9.0,
                6.0,
                -2.0
              ],
              "size": [
                3.0,
                3.0,
                4.0
              ],
              "pivot": [
                -5.0,
                0.0,
                0.0
              ],
              "rotation": [
                0.0,
                0.0,
                10.0
              ],
              "uv": [
                0,
                33
              ],
              "inflate": 0
            }
          ]
        }
      ]
    }
  ]
}