{
  "format_version": "1.12.0",
  "minecraft:geometry": [
    {
      "description": {
        "identifier": "geometry.al_e",
        "texture_width": 64,
        "texture_height": 64,
        "visible_bounds_width": 3,
        "visible_bounds_height": 3.5,
        "visible_bounds_offset": [
          0,
          1.25,
          0
        ]
      },
      "bones": [
        {
          "name": "bone",
          "cubes": [
            {
              "origin": [
                0.0,
                13.0,
                -3.0
              ],
              "size": [
                5.0,
                3.0,
                1.0
              ],
              "uv": [
                20,
                39
              ],
              "inflate": 0
            },
            {
              "origin": [
                5.0,
                13.0,
                -3.0
              ],
              "size": [
                5.0,
                4.0,
                1.0
              ],
              "uv": [
                36,
                34
              ],
              "inflate": 0
            },
            {
              "origin": [
                -7.0,
                0.0,
                -2.0
              ],
              "size": [
                4.0,
                29.0,
                4.0
              ],
              "uv": [
                0,
                0
              ],
              "inflate": 0
            },
            {
              "origin": [
                -3.0,
                0.0,
                -2.0
              ],
              "size": [
                15.0,
                4.0,
                4.0
              ],
              "uv": [
                16,
                0
              ],
              "inflate": 0
            },
            {
              "origin": [
                -3.0,
                12.0,
                -2.0
              ],
              "size": [
                11.0,
                4.0,
                4.0
              ],
              "uv": [
                16,
                20
              ],
              "inflate": 0
            },
            {
              "origin": [
                -3.0,
                9.0,
                -1.0
              ],
              "size": [
                11.0,
                3.0,
                2.0
              ],
              "uv": [
                16,
                28
              ],
              "inflate": 0
            },
            {
              "origin": [
                -3.0,
                4.0,
                -1.0
              ],
              "size": [
                12.0,
                3.0,
                2.0
              ],
              "uv": [
                22,
                49
              ],
              "inflate": 0
            },
            {
              "origin": [
                -3.0,
                25.0,
                -2.0
              ],
              "size": [
                6.0,
                4.0,
                4.0
              ],
              "uv": [
                0,
                33
              ],
              "inflate": 0
            },
            {
              "origin": [
                3.0,
                24.0,
                -3.0
              ],
              "size": [
                10.0,
                6.0,
                6.0
              ],
              "uv": [
                16,
                8
              ],
              "inflate": 0
            },
            {
              "origin": [
                9.0,
                4.0,
                -2.0
              ],
              "size": [
                3.0,
                1.0,
                4.0
              ],
              "uv": [
                20,
                34
              ],
              "inflate": 0
            }
          ]
        }
      ]
    }
  ]
}