{
  "format_version": "1.12.0",
  "minecraft:geometry": [
    {
      "description": {
        "identifier": "geometry.al_f",
        "texture_width": 64,
        "texture_height": 64,
        "visible_bounds_width": 6,
        "visible_bounds_height": 5,
        "visible_bounds_offset": [
          0,
          0.5,
          0
        ]
      },
      "bones": [
        {
          "name": "bone",
          "cubes": [
            {
              "origin": [
                7.0,
                26.0,
                -3.0
              ],
              "size": [
                5.0,
                4.0,
                1.0
              ],
              "pivot": [
                5.0,
                0.0,
                0.0
              ],
              "rotation": [
                0.0,
                0.0,
                -10.0
              ],
              "uv": [
                26,
                36
              ],
              "inflate": 0
            },
            {
              "origin": [
                -11.0,
                24.0,
                -3.0
              ],
              "size": [
                5.0,
                4.0,
                1.0
              ],
              "pivot": [
                5.0,
                0.0,
                0.0
              ],
              "rotation": [
                0.0,
                0.0,
                15.0
              ],
              "uv": [
                0,
                33
              ],
              "inflate": 0
            },
            {
              "origin": [
                -2.0,
                0.0,
                -2.0
              ],
              "size": [
                4.0,
                29.0,
                4.0
              ],
              "uv": [
                0,
                0
              ],
              "inflate": 0
            },
            {
              "origin": [
                2.0,
                15.0,
                -2.0
              ],
              "size": [
                13.0,
                4.0,
                4.0
              ],
              "uv": [
                16,
                8
              ],
              "inflate": 0
            },
            {
              "origin": [
                -2.53553,
                16.12132,
                -1.0
              ],
              "size": [
                4.0,
                4.0,
                2.0
              ],
              "pivot": [
                3.0,
                13.0,
                0.0
              ],
              "rotation": [
                0.0,
                0.0,
                45.0
              ],
              "uv": [
                28,
                28
              ],
              "inflate": 0
            },
            {
              "origin": [
                1.46447,
                20.12132,
                -1.0
              ],
              "size": [
                4.0,
                4.0,
                2.0
              ],
              "pivot": [
                3.0,
                13.0,
                0.0
              ],
              "rotation": [
                0.0,
                0.0,
                45.0
              ],
              "uv": [
                28,
                20
              ],
              "inflate": 0
            },
            {
              "origin": [
                0.46447,
                27.12132,
                -1.0
              ],
              "size": [
                4.0,
                4.0,
                2.0
              ],
              "pivot": [
                3.0,
                13.0,
                0.0
              ],
              "rotation": [
                0.0,
                0.0,
                45.0
              ],
              "uv": [
                16,
                24
              ],
              "inflate": 0
            },
            {
              "origin": [
                -3.53553,
                23.12132,
                0.0
              ],
              "size": [
                4.0,
                4.0,
                1.0
              ],
              "pivot": [
                3.0,
                13.0,
                0.0
              ],
              "rotation": [
                0.0,
                0.0,
                45.0
              ],
              "uv": [
                16,
                16
              ],
              "inflate": 0
            },
            {
              "origin": [
                -6.53553,
                19.12132,
                -1.0
              ],
              "size": [
                3.0,
                4.0,
                2.0
              ],
              "pivot": [
                3.0,
                13.0,
                0.0
              ],
              "rotation": [
                0.0,
                0.0,
                45.0
              ],
              "uv": [
                12,
                32
              ],
              "inflate": 0
            },
            {
              "origin": [
                2.0,
                25.0,
                -2.0
              ],
              "size": [
                15.0,
                4.0,
                4.0
              ],
              "uv": [
                16,
                0
              ],
              "inflate": 0
            }
          ]
        }
      ]
    }
  ]
}