{
  "format_version": "1.12.0",
  "minecraft:geometry": [
    {
      "description": {
        "identifier": "geometry.al_g",
        "texture_width": 64,
        "texture_height": 64,
        "visible_bounds_width": 3,
        "visible_bounds_height": 3.5,
        "visible_bounds_offset": [
          0,
          1.25,
          0
        ]
      },
      "bones": [
        {
          "name": "bone",
          "cubes": [
            {
              "origin": [
                -9.0,
                11.0,
                -3.0
              ],
              "size": [
                3.0,
                2.0,
                1.0
              ],
              "uv": [
                0,
                23
              ],
              "inflate": 0
            },
            {
              "origin": [
                -6.0,
                11.0,
                -3.0
              ],
              "size": [
                3.0,
                3.0,
                1.0
              ],
              "uv": [
                0,
                19
              ],
              "inflate": 0
            },
            {
              "origin": [
                -7.0,
                5.0,
                -2.0
              ],
              "size": [
                4.0,
                7.0,
                4.0
              ],
              "pivot": [
                -5.0,
                5.0,
                0.0
              ],
              "rotation": [
                0.0,
                0.0,
                -22.5
              ],
              "uv": [
                28,
                22
              ],
              "inflate": 0
            },
            {
              "origin": [
                -12.0,
                9.0,
                -2.0
              ],
              "size": [
                4.0,
                9.0,
                4.0
              ],
              "pivot": [
                -5.0,
                5.0,
                0.0
              ],
              "rotation": [
                0.0,
                0.0,
                22.5
              ],
              "uv": [
                16,
                0
              ],
              "inflate": 0
            },
            {
              "origin": [
                -5.0,
                10.0,
                -1.0
              ],
              "size": [
                2.0,
                2.0,
                2.0
              ],
              "pivot": [
                -5.0,
                5.0,
                0.0
              ],
              "rotation": [
                0.0,
                0.0,
                -12.5
              ],
              "uv": [
                12,
                0
              ],
              "inflate": 0
            },
            {
              "origin": [
                -5.0,
                19.0,
                -2.0
              ],
              "size": [
                4.0,
                15.0,
                4.0
              ],
              "pivot": [
                -5.0,
                21.0,
                0.0
              ],
              "rotation": [
                0.0,
                0.0,
                67.5
              ],
              "uv": [
                0,
                0
              ],
              "inflate": 0
            },
            {
              "origin": [
                8.0,
                24.0,
                -2.0
              ],
              "size": [
                4.0,
                13.0,
                4.0
              ],
              "pivot": [
                -5.0,
                21.0,
                0.0
              ],
              "rotation": [
                0.0,
                0.0,
                107.5
              ],
              "uv": [
                12,
                15
              ],
              "inflate": 0
            },
            {
              "origin": [
                1.0,
                32.0,
                -2.0
              ],
              "size": [
                4.0,
                8.0,
                4.0
              ],
              "pivot": [
                -5.0,
                21.0,
                0.0
              ],
              "rotation": [
                0.0,
                0.0,
                107.5
              ],
              "uv": [
                28,
                10
              ],
              "inflate": 0
            },
            {
              "origin": [
                12.0,
                11.0,
                -2.0
              ],
              "size": [
                4.0,
                9.0,
                4.0
              ],
              "pivot": [
                -5.0,
                21.0,
                0.0
              ],
              "rotation": [
                0.0,
                0.0,
                37.5
              ],
              "uv": [
                0,
                28
              ],
              "inflate": 0
            }
          ]
        }
      ]
    }
  ]
}