{
  "format_version": "1.12.0",
  "minecraft:geometry": [
    {
      "description": {
        "identifier": "geometry.al_h",
        "texture_width": 64,
        "texture_height": 64,
        "visible_bounds_width": 3,
        "visible_bounds_height": 3.5,
        "visible_bounds_offset": [
          0,
          1.25,
          0
        ]
      },
      "bones": [
        {
          "name": "bone",
          "cubes": [
            {
              "origin": [
                -8.0,
                3.0,
                -2.0
              ],
              "size": [
                4.0,
                25.0,
                4.0
              ],
              "uv": [
                16,
                0
              ],
              "inflate": 0
            },
            {
              "origin": [
                1.0,
                10.0,
                -2.0
              ],
              "size": [
                1.0,
                1.0,
                4.0
              ],
              "pivot": [
                -5.0,
                3.0,
                0.0
              ],
              "rotation": [
                0.0,
                0.0,
                47.5
              ],
              "uv": [
                32,
                20
              ],
              "inflate": 0
            },
            {
              "origin": [
                2.0,
                11.0,
                -2.0
              ],
              "size": [
                1.0,
                1.0,
                4.0
              ],
              "pivot": [
                -5.0,
                3.0,
                0.0
              ],
              "rotation": [
                0.0,
                0.0,
                47.5
              ],
              "uv": [
                32,
                15
              ],
              "inflate": 0
            },
            {
              "origin": [
                -25.0,
                18.0,
                -2.0
              ],
              "size": [
                1.0,
                1.0,
                4.0
              ],
              "pivot": [
                -5.0,
                3.0,
                0.0
              ],
              "rotation": [
                0.0,
                0.0,
                47.5
              ],
              "uv": [
                32,
                10
              ],
              "inflate": 0
            },
            {
              "origin": [
                -24.0,
                19.0,
                -2.0
              ],
              "size": [
                1.0,
                1.0,
                4.0
              ],
              "pivot": [
                -5.0,
                3.0,
                0.0
              ],
              "rotation": [
                0.0,
                0.0,
                47.5
              ],
              "uv": [
                32,
                5
              ],
              "inflate": 0
            },
            {
              "origin": [
                -17.0,
                27.0,
                -2.0
              ],
              "size": [
                1.0,
                1.0,
                4.0
              ],
              "pivot": [
                -5.0,
                3.0,
                0.0
              ],
              "rotation": [
                0.0,
                0.0,
                47.5
              ],
              "uv": [
                32,
                0
              ],
              "inflate": 0
            },
            {
              "origin": [
                -16.0,
                28.0,
                -2.0
              ],
              "size": [
                1.0,
                1.0,
                4.0
              ],
              "pivot": [
                -5.0,
                3.0,
                0.0
              ],
              "rotation": [
                0.0,
                0.0,
                47.5
              ],
              "uv": [
                20,
                30
              ],
              "inflate": 0
            },
            {
              "origin": [
                -6.0,
                2.0,
                -2.0
              ],
              "size": [
                1.0,
                1.0,
                4.0
              ],
              "pivot": [
                -5.0,
                3.0,
                0.0
              ],
              "rotation": [
                0.0,
                0.0,
                47.5
              ],
              "uv": [
                10,
                34
              ],
              "inflate": 0
            },
            {
              "origin": [
                -7.0,
                1.0,
                -2.0
              ],
              "size": [
                1.0,
                1.0,
                4.0
              ],
              "pivot": [
                -5.0,
                3.0,
                0.0
              ],
              "rotation": [
                0.0,
                0.0,
                47.5
              ],
              "uv": [
                0,
                34
              ],
              "inflate": 0
            },
            {
              "origin": [
                -4.0,
                14.0,
                -2.0
              ],
              "size": [
                8.0,
                5.0,
                4.0
              ],
              "uv": [
                28,
                25
              ],
              "inflate": 0
            },
            {
              "origin": [
                -9.0,
                15.0,
                -3.0
              ],
              "size": [
                5.0,
                4.0,
                1.0
              ],
              "uv": [
                12,
                29
              ],
              "inflate": 0
            },
            {
              "origin": [
                4.0,
                15.0,
                -3.0
              ],
              "size": [
                5.0,
                4.0,
                1.0
              ],
              "uv": [
                0,
                29
              ],
              "inflate": 0
            },
            {
              "origin": [
                4.0,
                3.0,
                -2.0
              ],
              "size": [
                4.0,
                25.0,
                4.0
              ],
              "uv": [
                0,
                0
              ],
              "inflate": 0
            }
          ]
        }
      ]
    }
  ]
}