{
  "format_version": "1.12.0",
  "minecraft:geometry": [
    {
      "description": {
        "identifier": "geometry.al_i",
        "texture_width": 64,
        "texture_height": 64,
        "visible_bounds_width": 3,
        "visible_bounds_height": 3.5,
        "visible_bounds_offset": [
          0,
          1.25,
          0
        ]
      },
      "bones": [
        {
          "name": "bone",
          "cubes": [
            {
              "origin": [
                -2.0,
                2.0,
                -2.0
              ],
              "size": [
                4.0,
                15.0,
                4.0
              ],
              "uv": [
                0,
                0
              ],
              "inflate": 0
            },
            {
              "origin": [
                -3.0,
                17.0,
                -2.0
              ],
              "size": [
                6.0,
                2.0,
                4.0
              ],
              "uv": [
                16,
                0
              ],
              "inflate": 0
            },
            {
              "origin": [
                -3.0,
                0.0,
                -2.0
              ],
              "size": [
                6.0,
                2.0,
                4.0
              ],
              "uv": [
                12,
                15
              ],
              "inflate": 0
            },
            {
              "origin": [
                -5.0,
                11.0,
                -3.0
              ],
              "size": [
                4.0,
                4.0,
                1.0
              ],
              "uv": [
                0,
                19
              ],
              "inflate": 0
            },
            {
              "origin": [
                1.0,
                11.0,
                -3.0
              ],
              "size": [
                4.0,
                4.0,
                1.0
              ],
              "uv": [
                16,
                6
              ],
              "inflate": 0
            }
          ]
        }
      ]
    }
  ]
}