{
  "format_version": "1.12.0",
  "minecraft:geometry": [
    {
      "description": {
        "identifier": "geometry.al_j",
        "texture_width": 64,
        "texture_height": 64,
        "visible_bounds_width": 3,
        "visible_bounds_height": 3.5,
        "visible_bounds_offset": [
          0,
          1.25,
          0
        ]
      },
      "bones": [
        {
          "name": "bone",
          "cubes": [
            {
              "origin": [
                1.0,
                14.0,
                -3.0
              ],
              "size": [
                3.0,
                3.0,
                1.0
              ],
              "uv": [
                28,
                0
              ],
              "inflate": 0
            },
            {
              "origin": [
                9.0,
                -2.0,
                -1.0
              ],
              "size": [
                3.0,
                3.0,
                1.0
              ],
              "pivot": [
                -5.0,
                0.0,
                0.0
              ],
              "rotation": [
                15.0,
                0.0,
                -60.0
              ],
              "uv": [
                12,
                0
              ],
              "inflate": 0
            },
            {
              "origin": [
                4.0,
                14.0,
                -3.0
              ],
              "size": [
                3.0,
                4.0,
                1.0
              ],
              "uv": [
                0,
                30
              ],
              "inflate": 0
            },
            {
              "origin": [
                2.0,
                2.0,
                -2.0
              ],
              "size": [
                4.0,
                20.0,
                4.0
              ],
              "uv": [
                0,
                0
              ],
              "inflate": 0
            },
            {
              "origin": [
                1.0,
                22.0,
                -2.0
              ],
              "size": [
                6.0,
                2.0,
                4.0
              ],
              "uv": [
                0,
                24
              ],
              "inflate": 0
            },
            {
              "origin": [
                -5.0,
                -2.0,
                -2.0
              ],
              "size": [
                4.0,
                8.0,
                4.0
              ],
              "pivot": [
                0.0,
                0.0,
                0.0
              ],
              "rotation": [
                0.0,
                0.0,
                77.5
              ],
              "uv": [
                16,
                12
              ],
              "inflate": 0
            },
            {
              "origin": [
                -3.0,
                -10.0,
                -2.0
              ],
              "size": [
                4.0,
                8.0,
                4.0
              ],
              "pivot": [
                0.0,
                0.0,
                0.0
              ],
              "rotation": [
                0.0,
                0.0,
                125.0
              ],
              "uv": [
                16,
                0
              ],
              "inflate": 0
            },
            {
              "origin": [
                -3.0,
                -9.0,
                -1.0
              ],
              "size": [
                3.0,
                7.0,
                2.0
              ],
              "pivot": [
                0.0,
                0.0,
                0.0
              ],
              "rotation": [
                -19.37006,
                5.07855,
                139.13272
              ],
              "uv": [
                20,
                24
              ],
              "inflate": 0
            }
          ]
        }
      ]
    }
  ]
}