{
  "format_version": "1.12.0",
  "minecraft:geometry": [
    {
      "description": {
        "identifier": "geometry.al_k",
        "texture_width": 64,
        "texture_height": 64,
        "visible_bounds_width": 7,
        "visible_bounds_height": 5,
        "visible_bounds_offset": [
          0,
          0.5,
          0
        ]
      },
      "bones": [
        {
          "name": "bone",
          "cubes": [
            {
              "origin": [
                -5.0,
                13.0,
                -3.0
              ],
              "size": [
                4.0,
                4.0,
                1.0
              ],
              "uv": [
                31,
                20
              ],
              "inflate": 0
            },
            {
              "origin": [
                -7.0,
                13.0,
                -3.0
              ],
              "size": [
                4.0,
                4.0,
                1.0
              ],
              "pivot": [
                -5.0,
                0.0,
                0.0
              ],
              "rotation": [
                0.0,
                55.0,
                0.0
              ],
              "uv": [
                0,
                28
              ],
              "inflate": 0
            },
            {
              "origin": [
                -6.0,
                0.0,
                -2.0
              ],
              "size": [
                4.0,
                24.0,
                4.0
              ],
              "uv": [
                0,
                0
              ],
              "inflate": 0
            },
            {
              "origin": [
                -6.0,
                24.0,
                -2.0
              ],
              "size": [
                1.0,
                2.0,
                1.0
              ],
              "uv": [
                12,
                0
              ],
              "inflate": 0
            },
            {
              "origin": [
                -4.0,
                24.0,
                -2.0
              ],
              "size": [
                1.0,
                2.0,
                1.0
              ],
              "uv": [
                0,
                0
              ],
              "inflate": 0
            },
            {
              "origin": [
                -13.0,
                -1.0,
                -3.0
              ],
              "size": [
                1.0,
                4.0,
                1.0
              ],
              "pivot": [
                0.0,
                0.0,
                0.0
              ],
              "rotation": [
                0.0,
                0.0,
                60.0
              ],
              "uv": [
                32,
                0
              ],
              "inflate": 0
            },
            {
              "origin": [
                -9.0,
                5.0,
                -3.0
              ],
              "size": [
                1.0,
                4.0,
                1.0
              ],
              "pivot": [
                0.0,
                0.0,
                0.0
              ],
              "rotation": [
                0.0,
                0.0,
                27.5
              ],
              "uv": [
                10,
                28
              ],
              "inflate": 0
            },
            {
              "origin": [
                -12.0,
                7.0,
                -2.0
              ],
              "size": [
                4.0,
                17.0,
                4.0
              ],
              "pivot": [
                0.0,
                0.0,
                0.0
              ],
              "rotation": [
                0.0,
                0.0,
                40.0
              ],
              "uv": [
                16,
                0
              ],
              "inflate": 0
            },
            {
              "origin": [
                -8.0,
                -10.0,
                -2.0
              ],
              "size": [
                4.0,
                14.0,
                4.0
              ],
              "pivot": [
                0.0,
                0.0,
                0.0
              ],
              "rotation": [
                0.0,
                0.0,
                137.5
              ],
              "uv": [
                16,
                21
              ],
              "inflate": 0
            }
          ]
        }
      ]
    }
  ]
}