{
  "format_version": "1.12.0",
  "minecraft:geometry": [
    {
      "description": {
        "identifier": "geometry.al_l",
        "texture_width": 64,
        "texture_height": 64,
        "visible_bounds_width": 7,
        "visible_bounds_height": 5,
        "visible_bounds_offset": [
          0,
          0.5,
          0
        ]
      },
      "bones": [
        {
          "name": "bone",
          "cubes": [
            {
              "origin": [
                -6.0,
                12.0,
                -3.0
              ],
              "size": [
                4.0,
                3.0,
                1.0
              ],
              "uv": [
                18,
                14
              ],
              "inflate": 0
            },
            {
              "origin": [
                -6.0,
                12.0,
                -4.0
              ],
              "size": [
                4.0,
                4.0,
                1.0
              ],
              "pivot": [
                -5.0,
                0.0,
                0.0
              ],
              "rotation": [
                0.0,
                -70.0,
                0.0
              ],
              "uv": [
                18,
                9
              ],
              "inflate": 0
            },
            {
              "origin": [
                -7.0,
                0.0,
                -2.0
              ],
              "size": [
                5.0,
                24.0,
                4.0
              ],
              "uv": [
                0,
                0
              ],
              "inflate": 0
            },
            {
              "origin": [
                -2.0,
                0.0,
                -2.0
              ],
              "size": [
                11.0,
                5.0,
                4.0
              ],
              "uv": [
                18,
                0
              ],
              "inflate": 0
            }
          ]
        }
      ]
    }
  ]
}