{
  "format_version": "1.12.0",
  "minecraft:geometry": [
    {
      "description": {
        "identifier": "geometry.al_m",
        "texture_width": 64,
        "texture_height": 64,
        "visible_bounds_width": 7,
        "visible_bounds_height": 5,
        "visible_bounds_offset": [
          0,
          0.5,
          0
        ]
      },
      "bones": [
        {
          "name": "bone",
          "pivot": [
            -2,
            0,
            0
          ],
          "cubes": [
            {
              "origin": [
                -12.0,
                14.0,
                -4.0
              ],
              "size": [
                5.0,
                4.0,
                1.0
              ],
              "uv": [
                40,
                6
              ],
              "inflate": 0
            },
            {
              "origin": [
                6.0,
                14.0,
                -4.0
              ],
              "size": [
                5.0,
                4.0,
                1.0
              ],
              "uv": [
                35,
                29
              ],
              "inflate": 0
            },
            {
              "origin": [
                -5.0,
                12.0,
                -3.1
              ],
              "size": [
                9.0,
                6.0,
                0.0
              ],
              "uv": [
                44,
                15
              ],
              "inflate": 0
            },
            {
              "origin": [
                -12.0,
                0.0,
                -3.0
              ],
              "size": [
                5.0,
                24.0,
                5.0
              ],
              "pivot": [
                -10.0,
                0.0,
                0.0
              ],
              "rotation": [
                0.0,
                0.0,
                5.0
              ],
              "uv": [
                20,
                0
              ],
              "inflate": 0
            },
            {
              "origin": [
                0.0,
                7.0,
                -3.0
              ],
              "size": [
                5.0,
                13.0,
                5.0
              ],
              "pivot": [
                -10.0,
                0.0,
                0.0
              ],
              "rotation": [
                0.0,
                0.0,
                -22.5
              ],
              "uv": [
                20,
                29
              ],
              "inflate": 0
            },
            {
              "origin": [
                -8.0,
                13.0,
                -3.0
              ],
              "size": [
                5.0,
                15.0,
                5.0
              ],
              "pivot": [
                -10.0,
                0.0,
                0.0
              ],
              "rotation": [
                0.0,
                0.0,
                25.0
              ],
              "uv": [
                0,
                29
              ],
              "inflate": 0
            },
            {
              "origin": [
                6.0,
                0.0,
                -3.0
              ],
              "size": [
                5.0,
                24.0,
                5.0
              ],
              "pivot": [
                7.0,
                0.0,
                0.0
              ],
              "rotation": [
                0.0,
                0.0,
                -5.0
              ],
              "uv": [
                0,
                0
              ],
              "inflate": 0
            }
          ]
        }
      ]
    }
  ]
}