{
  "format_version": "1.12.0",
  "minecraft:geometry": [
    {
      "description": {
        "identifier": "geometry.al_n",
        "texture_width": 64,
        "texture_height": 64,
        "visible_bounds_width": 7,
        "visible_bounds_height": 5,
        "visible_bounds_offset": [
          0,
          0.5,
          0
        ]
      },
      "bones": [
        {
          "name": "bone",
          "pivot": [
            -1,
            0,
            0
          ],
          "cubes": [
            {
              "origin": [
                -9.0,
                15.0,
                -3.0
              ],
              "size": [
                5.0,
                4.0,
                1.0
              ],
              "uv": [
                28,
                24
              ],
              "inflate": 0
            },
            {
              "origin": [
                3.0,
                13.0,
                -3.0
              ],
              "size": [
                5.0,
                4.0,
                1.0
              ],
              "uv": [
                16,
                24
              ],
              "inflate": 0
            },
            {
              "origin": [
                -8.0,
                0.0,
                -2.0
              ],
              "size": [
                4.0,
                20.0,
                4.0
              ],
              "uv": [
                0,
                24
              ],
              "inflate": 0
            },
            {
              "origin": [
                2.0,
                0.0,
                -2.0
              ],
              "size": [
                4.0,
                20.0,
                4.0
              ],
              "uv": [
                0,
                0
              ],
              "inflate": 0
            },
            {
              "origin": [
                0.0,
                -5.0,
                -2.0
              ],
              "size": [
                4.0,
                20.0,
                4.0
              ],
              "pivot": [
                -10.0,
                0.0,
                0.0
              ],
              "rotation": [
                0.0,
                0.0,
                -25.0
              ],
              "uv": [
                16,
                0
              ],
              "inflate": 0
            }
          ]
        }
      ]
    }
  ]
}