{
  "format_version": "1.12.0",
  "minecraft:geometry": [
    {
      "description": {
        "identifier": "geometry.al_o",
        "texture_width": 64,
        "texture_height": 64,
        "visible_bounds_width": 6,
        "visible_bounds_height": 5,
        "visible_bounds_offset": [
          0,
          0.5,
          0
        ]
      },
      "bones": [
        {
          "name": "bone",
          "cubes": [
            {
              "origin": [
                -2.0,
                20.0,
                -3.0
              ],
              "size": [
                5.0,
                5.0,
                1.0
              ],
              "uv": [
                32,
                16
              ],
              "inflate": 0
            },
            {
              "origin": [
                -9.0,
                0.0,
                -2.0
              ],
              "size": [
                19.0,
                4.0,
                4.0
              ],
              "uv": [
                0,
                0
              ],
              "inflate": 0
            },
            {
              "origin": [
                -8.0,
                19.0,
                -2.0
              ],
              "size": [
                17.0,
                4.0,
                4.0
              ],
              "uv": [
                0,
                8
              ],
              "inflate": 0
            },
            {
              "origin": [
                -11.0,
                3.0,
                -2.0
              ],
              "size": [
                4.0,
                18.0,
                4.0
              ],
              "uv": [
                0,
                16
              ],
              "inflate": 0
            },
            {
              "origin": [
                8.0,
                3.0,
                -2.0
              ],
              "size": [
                4.0,
                17.0,
                4.0
              ],
              "uv": [
                16,
                16
              ],
              "inflate": 0
            }
          ]
        }
      ]
    }
  ]
}