{
  "format_version": "1.12.0",
  "minecraft:geometry": [
    {
      "description": {
        "identifier": "geometry.al_q",
        "texture_width": 128,
        "texture_height": 128,
        "visible_bounds_width": 6,
        "visible_bounds_height": 5,
        "visible_bounds_offset": [
          0,
          0.5,
          0
        ]
      },
      "bones": [
        {
          "name": "bone",
          "cubes": [
            {
              "origin": [
                -11.0,
                20.0,
                -3.0
              ],
              "size": [
                4.0,
                7.0,
                1.0
              ],
              "pivot": [
                5.0,
                0.0,
                0.0
              ],
              "rotation": [
                0.0,
                0.0,
                10.0
              ],
              "uv": [
                42,
                8
              ],
              "inflate": 0
            },
            {
              "origin": [
                -4.0,
                19.0,
                -3.0
              ],
              "size": [
                4.0,
                7.0,
                1.0
              ],
              "pivot": [
                5.0,
                0.0,
                0.0
              ],
              "rotation": [
                0.0,
                0.0,
                10.0
              ],
              "uv": [
                16,
                39
              ],
              "inflate": 0
            },
            {
              "origin": [
                -9.0,
                0.0,
                -2.0
              ],
              "size": [
                19.0,
                4.0,
                4.0
              ],
              "uv": [
                0,
                23
              ],
              "inflate": 0
            },
            {
              "origin": [
                10.0,
                0.0,
                -2.0
              ],
              "size": [
                13.0,
                4.0,
                4.0
              ],
              "uv": [
                0,
                31
              ],
              "inflate": 0
            },
            {
              "origin": [
                12.0,
                4.0,
                -2.0
              ],
              "size": [
                8.0,
                4.0,
                4.0
              ],
              "uv": [
                42,
                0
              ],
              "inflate": 0
            },
            {
              "origin": [
                -8.0,
                4.0,
                -2.0
              ],
              "size": [
                17.0,
                19.0,
                4.0
              ],
              "uv": [
                0,
                0
              ],
              "inflate": 0
            },
            {
              "origin": [
                -11.0,
                3.0,
                -2.0
              ],
              "size": [
                4.0,
                18.0,
                4.0
              ],
              "uv": [
                34,
                31
              ],
              "inflate": 0
            },
            {
              "origin": [
                8.0,
                3.0,
                -2.0
              ],
              "size": [
                4.0,
                17.0,
                4.0
              ],
              "uv": [
                0,
                39
              ],
              "inflate": 0
            }
          ]
        }
      ]
    }
  ]
}