{
  "format_version": "1.12.0",
  "minecraft:geometry": [
    {
      "description": {
        "identifier": "geometry.al_r",
        "texture_width": 64,
        "texture_height": 64,
        "visible_bounds_width": 6,
        "visible_bounds_height": 5,
        "visible_bounds_offset": [
          0,
          0.5,
          0
        ]
      },
      "bones": [
        {
          "name": "bone",
          "cubes": [
            {
              "origin": [
                3.0,
                21.0,
                -3.0
              ],
              "size": [
                4.0,
                6.0,
                1.0
              ],
              "uv": [
                0,
                34
              ],
              "inflate": 0
            },
            {
              "origin": [
                7.0,
                22.0,
                -3.0
              ],
              "size": [
                1.0,
                4.0,
                1.0
              ],
              "uv": [
                10,
                34
              ],
              "inflate": 0
            },
            {
              "origin": [
                -2.0,
                0.0,
                -2.0
              ],
              "size": [
                4.0,
                30.0,
                4.0
              ],
              "uv": [
                0,
                0
              ],
              "inflate": 0
            },
            {
              "origin": [
                13.0,
                -6.0,
                -2.0
              ],
              "size": [
                4.0,
                17.0,
                4.0
              ],
              "pivot": [
                0.0,
                0.0,
                0.0
              ],
              "rotation": [
                0.0,
                0.0,
                -22.5
              ],
              "uv": [
                16,
                17
              ],
              "inflate": 0
            },
            {
              "origin": [
                2.0,
                16.0,
                -2.0
              ],
              "size": [
                12.0,
                13.0,
                4.0
              ],
              "uv": [
                16,
                0
              ],
              "inflate": 0
            },
            {
              "origin": [
                2.0,
                15.0,
                -2.0
              ],
              "size": [
                11.0,
                1.0,
                4.0
              ],
              "uv": [
                32,
                22
              ],
              "inflate": 0
            },
            {
              "origin": [
                2.0,
                29.0,
                -2.0
              ],
              "size": [
                11.0,
                1.0,
                4.0
              ],
              "uv": [
                32,
                17
              ],
              "inflate": 0
            },
            {
              "origin": [
                14.0,
                17.0,
                -2.0
              ],
              "size": [
                1.0,
                11.0,
                4.0
              ],
              "uv": [
                32,
                27
              ],
              "inflate": 0
            }
          ]
        }
      ]
    }
  ]
}