{
  "format_version": "1.12.0",
  "minecraft:geometry": [
    {
      "description": {
        "identifier": "geometry.al_s",
        "texture_width": 64,
        "texture_height": 64,
        "visible_bounds_width": 6,
        "visible_bounds_height": 5,
        "visible_bounds_offset": [
          0,
          0.5,
          0
        ]
      },
      "bones": [
        {
          "name": "bone",
          "cubes": [
            {
              "origin": [
                1.0,
                29.0,
                -2.0
              ],
              "size": [
                4.0,
                2.0,
                1.0
              ],
              "uv": [
                24,
                5
              ],
              "inflate": 0
            },
            {
              "origin": [
                5.0,
                29.0,
                -2.0
              ],
              "size": [
                4.0,
                2.0,
                1.0
              ],
              "uv": [
                22,
                10
              ],
              "inflate": 0
            },
            {
              "origin": [
                -7.0,
                15.0,
                -1.0
              ],
              "size": [
                3.0,
                15.0,
                2.0
              ],
              "uv": [
                0,
                15
              ],
              "inflate": 0
            },
            {
              "origin": [
                -4.0,
                14.0,
                -1.0
              ],
              "size": [
                12.0,
                3.0,
                2.0
              ],
              "uv": [
                0,
                0
              ],
              "inflate": 0
            },
            {
              "origin": [
                -9.0,
                27.0,
                -1.0
              ],
              "size": [
                9.0,
                3.0,
                2.0
              ],
              "pivot": [
                0.0,
                0.0,
                0.0
              ],
              "rotation": [
                0.0,
                0.0,
                5.0
              ],
              "uv": [
                0,
                10
              ],
              "inflate": 0
            },
            {
              "origin": [
                3.0,
                27.0,
                -1.0
              ],
              "size": [
                8.0,
                3.0,
                2.0
              ],
              "pivot": [
                0.0,
                0.0,
                0.0
              ],
              "rotation": [
                0.0,
                0.0,
                -2.5
              ],
              "uv": [
                10,
                15
              ],
              "inflate": 0
            },
            {
              "origin": [
                -5.0,
                0.0,
                -1.0
              ],
              "size": [
                10.0,
                3.0,
                2.0
              ],
              "uv": [
                0,
                5
              ],
              "inflate": 0
            },
            {
              "origin": [
                -12.0,
                -2.0,
                -1.0
              ],
              "size": [
                8.0,
                3.0,
                2.0
              ],
              "pivot": [
                0.0,
                0.0,
                0.0
              ],
              "rotation": [
                0.0,
                0.0,
                25.0
              ],
              "uv": [
                10,
                20
              ],
              "inflate": 0
            },
            {
              "origin": [
                5.0,
                1.0,
                -1.0
              ],
              "size": [
                3.0,
                13.0,
                2.0
              ],
              "uv": [
                10,
                25
              ],
              "inflate": 0
            }
          ]
        }
      ]
    }
  ]
}