{
  "format_version": "1.12.0",
  "minecraft:geometry": [
    {
      "description": {
        "identifier": "geometry.al_u",
        "texture_width": 64,
        "texture_height": 64,
        "visible_bounds_width": 6,
        "visible_bounds_height": 5,
        "visible_bounds_offset": [
          0,
          0.5,
          0
        ]
      },
      "bones": [
        {
          "name": "bone",
          "cubes": [
            {
              "origin": [
                -7.0,
                0.0,
                -2.0
              ],
              "size": [
                14.0,
                5.0,
                4.0
              ],
              "uv": [
                0,
                0
              ],
              "inflate": 0
            },
            {
              "origin": [
                -9.0,
                3.0,
                -2.0
              ],
              "size": [
                5.0,
                18.0,
                4.0
              ],
              "uv": [
                18,
                9
              ],
              "inflate": 0
            },
            {
              "origin": [
                4.0,
                3.0,
                -2.0
              ],
              "size": [
                5.0,
                18.0,
                4.0
              ],
              "uv": [
                0,
                9
              ],
              "inflate": 0
            }
          ]
        }
      ]
    }
  ]
}