{
  "format_version": "1.12.0",
  "minecraft:geometry": [
    {
      "description": {
        "identifier": "geometry.al_v",
        "texture_width": 64,
        "texture_height": 64,
        "visible_bounds_width": 6,
        "visible_bounds_height": 5,
        "visible_bounds_offset": [
          0,
          0.5,
          0
        ]
      },
      "bones": [
        {
          "name": "bone",
          "cubes": [
            {
              "origin": [
                -6.0,
                7.0,
                -3.0
              ],
              "size": [
                4.0,
                4.0,
                1.0
              ],
              "uv": [
                3,
                38
              ],
              "inflate": 0
            },
            {
              "origin": [
                5.0,
                7.0,
                -3.0
              ],
              "size": [
                4.0,
                4.0,
                1.0
              ],
              "uv": [
                3,
                38
              ],
              "inflate": 0
            },
            {
              "origin": [
                -3.0,
                0.0,
                -2.0
              ],
              "size": [
                9.0,
                5.0,
                4.0
              ],
              "uv": [
                16,
                23
              ],
              "inflate": 0
            },
            {
              "origin": [
                -3.0,
                4.0,
                -2.0
              ],
              "size": [
                6.0,
                19.0,
                4.0
              ],
              "pivot": [
                0.0,
                0.0,
                0.0
              ],
              "rotation": [
                0.0,
                0.0,
                -15.0
              ],
              "uv": [
                20,
                0
              ],
              "inflate": 0
            },
            {
              "origin": [
                -1.0,
                5.0,
                -2.0
              ],
              "size": [
                6.0,
                20.0,
                4.0
              ],
              "pivot": [
                0.0,
                0.0,
                0.0
              ],
              "rotation": [
                0.0,
                0.0,
                20.0
              ],
              "uv": [
                0,
                0
              ],
              "inflate": 0
            }
          ]
        }
      ]
    }
  ]
}