{
  "format_version": "1.12.0",
  "minecraft:geometry": [
    {
      "description": {
        "identifier": "geometry.al_w",
        "texture_width": 64,
        "texture_height": 64,
        "visible_bounds_width": 6,
        "visible_bounds_height": 5,
        "visible_bounds_offset": [
          0,
          0.5,
          0
        ]
      },
      "bones": [
        {
          "name": "bone",
          "pivot": [
            -6,
            0,
            0
          ],
          "cubes": [
            {
              "origin": [
                -13.0,
                11.0,
                -3.0
              ],
              "size": [
                5.0,
                4.0,
                1.0
              ],
              "uv": [
                0,
                28
              ],
              "inflate": 0
            },
            {
              "origin": [
                -3.0,
                11.0,
                -3.0
              ],
              "size": [
                5.0,
                4.0,
                1.0
              ],
              "uv": [
                19,
                27
              ],
              "inflate": 0
            },
            {
              "origin": [
                2.0,
                11.0,
                -2.0
              ],
              "size": [
                1.0,
                4.0,
                0.0
              ],
              "uv": [
                46,
                4
              ],
              "inflate": 0
            },
            {
              "origin": [
                -8.0,
                3.0,
                -2.1
              ],
              "size": [
                5.0,
                3.0,
                0.0
              ],
              "uv": [
                38,
                32
              ],
              "inflate": 0
            },
            {
              "origin": [
                -14.0,
                11.0,
                -2.0
              ],
              "size": [
                1.0,
                4.0,
                0.0
              ],
              "uv": [
                46,
                4
              ],
              "inflate": 0
            },
            {
              "origin": [
                -9.0,
                0.0,
                -2.0
              ],
              "size": [
                6.0,
                23.0,
                4.0
              ],
              "pivot": [
                -6.0,
                0.0,
                0.0
              ],
              "rotation": [
                0.0,
                0.0,
                -15.0
              ],
              "uv": [
                20,
                0
              ],
              "inflate": 0
            },
            {
              "origin": [
                -9.0,
                0.0,
                -2.0
              ],
              "size": [
                6.0,
                26.0,
                4.0
              ],
              "pivot": [
                -6.0,
                0.0,
                0.0
              ],
              "rotation": [
                0.0,
                0.0,
                20.0
              ],
              "uv": [
                17,
                34
              ],
              "inflate": 0
            }
          ]
        },
        {
          "name": "bone2",
          "pivot": [
            9,
            0,
            0
          ],
          "cubes": [
            {
              "origin": [
                2.0,
                11.0,
                -3.0
              ],
              "size": [
                5.0,
                4.0,
                1.0
              ],
              "uv": [
                0,
                28
              ],
              "inflate": 0
            },
            {
              "origin": [
                12.0,
                11.0,
                -3.0
              ],
              "size": [
                5.0,
                4.0,
                1.0
              ],
              "uv": [
                19,
                27
              ],
              "inflate": 0
            },
            {
              "origin": [
                17.0,
                11.0,
                -2.0
              ],
              "size": [
                1.0,
                4.0,
                0.0
              ],
              "uv": [
                46,
                4
              ],
              "inflate": 0
            },
            {
              "origin": [
                7.0,
                3.0,
                -2.1
              ],
              "size": [
                5.0,
                3.0,
                0.0
              ],
              "uv": [
                38,
                32
              ],
              "inflate": 0
            },
            {
              "origin": [
                1.0,
                11.0,
                -2.0
              ],
              "size": [
                1.0,
                4.0,
                0.0
              ],
              "uv": [
                46,
                4
              ],
              "inflate": 0
            },
            {
              "origin": [
                6.0,
                0.0,
                -2.0
              ],
              "size": [
                6.0,
                25.0,
                4.0
              ],
              "pivot": [
                9.0,
                0.0,
                0.0
              ],
              "rotation": [
                0.0,
                0.0,
                -15.0
              ],
              "uv": [
                20,
                35
              ],
              "inflate": 0
            },
            {
              "origin": [
                6.0,
                0.0,
                -2.0
              ],
              "size": [
                6.0,
                24.0,
                4.0
              ],
              "pivot": [
                9.0,
                0.0,
                0.0
              ],
              "rotation": [
                0.0,
                0.0,
                20.0
              ],
              "uv": [
                0,
                0
              ],
              "inflate": 0
            }
          ]
        }
      ]
    }
  ]
}