{
  "format_version": "1.12.0",
  "minecraft:geometry": [
    {
      "description": {
        "identifier": "geometry.al_x",
        "texture_width": 64,
        "texture_height": 64,
        "visible_bounds_width": 7,
        "visible_bounds_height": 5,
        "visible_bounds_offset": [
          0,
          0.5,
          0
        ]
      },
      "bones": [
        {
          "name": "bone",
          "pivot": [
            -1,
            0,
            0
          ],
          "cubes": [
            {
              "origin": [
                7.0,
                6.0,
                -3.0
              ],
              "size": [
                4.0,
                3.0,
                1.0
              ],
              "pivot": [
                -7.0,
                0.0,
                0.0
              ],
              "rotation": [
                0.0,
                0.0,
                -30.0
              ],
              "uv": [
                8,
                32
              ],
              "inflate": 0
            },
            {
              "origin": [
                -1.0,
                16.0,
                -2.1
              ],
              "size": [
                2.0,
                2.0,
                0.0
              ],
              "uv": [
                0,
                0
              ],
              "inflate": 0
            },
            {
              "origin": [
                -8.0,
                8.0,
                -2.1
              ],
              "size": [
                2.0,
                6.0,
                0.0
              ],
              "pivot": [
                -7.0,
                0.0,
                0.0
              ],
              "rotation": [
                0.0,
                0.0,
                32.5
              ],
              "uv": [
                22,
                32
              ],
              "inflate": 0
            },
            {
              "origin": [
                4.0,
                1.0,
                -2.1
              ],
              "size": [
                2.0,
                6.0,
                0.0
              ],
              "pivot": [
                -7.0,
                0.0,
                0.0
              ],
              "rotation": [
                0.0,
                0.0,
                -30.0
              ],
              "uv": [
                18,
                32
              ],
              "inflate": 0
            },
            {
              "origin": [
                15.0,
                -9.0,
                4.0
              ],
              "size": [
                2.0,
                10.0,
                0.0
              ],
              "pivot": [
                -7.0,
                0.0,
                0.0
              ],
              "rotation": [
                0.0,
                0.0,
                -55.0
              ],
              "uv": [
                4,
                32
              ],
              "inflate": 0
            },
            {
              "origin": [
                9.0,
                0.0,
                4.0
              ],
              "size": [
                2.0,
                10.0,
                0.0
              ],
              "pivot": [
                -7.0,
                0.0,
                0.0
              ],
              "rotation": [
                0.0,
                0.0,
                -55.0
              ],
              "uv": [
                0,
                32
              ],
              "inflate": 0
            },
            {
              "origin": [
                -13.0,
                13.0,
                -3.0
              ],
              "size": [
                4.0,
                3.0,
                1.0
              ],
              "pivot": [
                -7.0,
                0.0,
                0.0
              ],
              "rotation": [
                0.0,
                0.0,
                32.5
              ],
              "uv": [
                20,
                0
              ],
              "inflate": 0
            },
            {
              "origin": [
                1.0,
                -8.0,
                -2.0
              ],
              "size": [
                7.0,
                26.0,
                6.0
              ],
              "pivot": [
                -10.0,
                0.0,
                0.0
              ],
              "rotation": [
                0.0,
                0.0,
                -30.0
              ],
              "uv": [
                26,
                0
              ],
              "inflate": 0
            },
            {
              "origin": [
                -8.50092,
                -6.23811,
                -2.0
              ],
              "size": [
                7.0,
                26.0,
                6.0
              ],
              "pivot": [
                6.0,
                0.0,
                0.0
              ],
              "rotation": [
                0.0,
                0.0,
                32.5
              ],
              "uv": [
                0,
                0
              ],
              "inflate": 0
            }
          ]
        }
      ]
    }
  ]
}