{
  "format_version": "1.12.0",
  "minecraft:geometry": [
    {
      "description": {
        "identifier": "geometry.al_y",
        "texture_width": 64,
        "texture_height": 64,
        "visible_bounds_width": 6,
        "visible_bounds_height": 5,
        "visible_bounds_offset": [
          0,
          0.5,
          0
        ]
      },
      "bones": [
        {
          "name": "bone",
          "pivot": [
            -1,
            15,
            0
          ],
          "cubes": [
            {
              "origin": [
                1.0,
                21.0,
                -3.0
              ],
              "size": [
                5.0,
                5.0,
                1.0
              ],
              "uv": [
                22,
                6
              ],
              "inflate": 0
            },
            {
              "origin": [
                6.0,
                21.0,
                -3.0
              ],
              "size": [
                4.0,
                5.0,
                0.0
              ],
              "uv": [
                48,
                31
              ],
              "inflate": 0
            },
            {
              "origin": [
                -8.0,
                20.0,
                -3.0
              ],
              "size": [
                4.0,
                5.0,
                0.0
              ],
              "uv": [
                47,
                42
              ],
              "inflate": 0
            },
            {
              "origin": [
                -4.0,
                20.0,
                -3.0
              ],
              "size": [
                5.0,
                5.0,
                1.0
              ],
              "uv": [
                22,
                0
              ],
              "inflate": 0
            },
            {
              "origin": [
                -3.0,
                0.0,
                -2.0
              ],
              "size": [
                7.0,
                20.0,
                4.0
              ],
              "uv": [
                0,
                0
              ],
              "inflate": 0
            },
            {
              "origin": [
                -2.0,
                15.0,
                -2.1
              ],
              "size": [
                5.0,
                3.0,
                0.0
              ],
              "uv": [
                39,
                50
              ],
              "inflate": 0
            },
            {
              "origin": [
                -3.0,
                17.0,
                -2.0
              ],
              "size": [
                7.0,
                17.0,
                4.0
              ],
              "pivot": [
                -1.0,
                15.0,
                0.0
              ],
              "rotation": [
                0.0,
                0.0,
                -20.0
              ],
              "uv": [
                36,
                0
              ],
              "inflate": 0
            },
            {
              "origin": [
                -4.0,
                19.0,
                -2.0
              ],
              "size": [
                7.0,
                17.0,
                4.0
              ],
              "pivot": [
                -1.0,
                15.0,
                0.0
              ],
              "rotation": [
                0.0,
                0.0,
                27.5
              ],
              "uv": [
                18,
                20
              ],
              "inflate": 0
            }
          ]
        }
      ]
    }
  ]
}