{
  "format_version": "1.12.0",
  "minecraft:geometry": [
    {
      "description": {
        "identifier": "geometry.al_z",
        "texture_width": 128,
        "texture_height": 128,
        "visible_bounds_width": 7,
        "visible_bounds_height": 5,
        "visible_bounds_offset": [
          0,
          0.5,
          0
        ]
      },
      "bones": [
        {
          "name": "bone",
          "pivot": [
            -1,
            15,
            0
          ],
          "cubes": [
            {
              "origin": [
                -7.0,
                18.0,
                -5.0
              ],
              "size": [
                5.0,
                5.0,
                1.0
              ],
              "uv": [
                0,
                28
              ],
              "inflate": 0
            },
            {
              "origin": [
                3.0,
                5.0,
                -5.0
              ],
              "size": [
                5.0,
                5.0,
                1.0
              ],
              "uv": [
                21,
                0
              ],
              "inflate": 0
            },
            {
              "origin": [
                -3.0,
                4.0,
                -4.0
              ],
              "size": [
                7.0,
                21.0,
                7.0
              ],
              "pivot": [
                -1.0,
                15.0,
                0.0
              ],
              "rotation": [
                0.0,
                0.0,
                40.0
              ],
              "uv": [
                0,
                0
              ],
              "inflate": 0
            },
            {
              "origin": [
                7.0,
                7.0,
                -4.0
              ],
              "size": [
                7.0,
                19.0,
                7.0
              ],
              "pivot": [
                -1.0,
                15.0,
                0.0
              ],
              "rotation": [
                0.0,
                0.0,
                90.0
              ],
              "uv": [
                0,
                40
              ],
              "inflate": 0
            },
            {
              "origin": [
                -12.0,
                7.0,
                -4.0
              ],
              "size": [
                7.0,
                19.0,
                7.0
              ],
              "pivot": [
                -1.0,
                15.0,
                0.0
              ],
              "rotation": [
                0.0,
                0.0,
                90.0
              ],
              "uv": [
                21,
                21
              ],
              "inflate": 0
            },
            {
              "origin": [
                -14.0,
                14.0,
                1.0
              ],
              "size": [
                2.0,
                6.0,
                2.0
              ],
              "pivot": [
                -1.0,
                15.0,
                0.0
              ],
              "rotation": [
                0.0,
                0.0,
                90.0
              ],
              "uv": [
                28,
                6
              ],
              "inflate": 0
            }
          ]
        }
      ]
    }
  ]
}