{
    "format_version": "1.16.100",
    "minecraft:structure_template_feature": {
      "description": {
        "identifier": "onepiece_addon:feature_pirates_ship1"
      },
      "structure_name": "mystructure:pirates_ship1",
      "facing_direction": "random",
      "adjustment_radius": 8,
      "constraints": {
        "block_intersection": {
          "block_whitelist": [
            "minecraft:water",
            "minecraft:flowing_water",
            "minecraft:air"
          ]
        }
      }
    }
}