{
    "format_version": "1.12",
    "minecraft:recipe_shaped": {
      "description": {
        "identifier": "pasta"
      },
  
      
      "tags": ["crafting_table"],
      "pattern": [
        "ABC"
      ],
      "key": {
        "A": {
          "item": "minecraft:wheat",
          "data": 0
        },
        "B": {
          "item": "minecraft:cooked_beef",
          "data": 0
        },
        "C": {
          "item": "minecraft:dye",
          "data": 1
        }
      },
      "result": {
        "item": "random:pasta",
        "count": 1
      }
    }
  }