{
  "format_version": "1.16.0",
  "minecraft:entity": {
    "description": {
      "identifier": "wesl3y:gorilla",
      "is_spawnable": true,
      "is_summonable": true,
      "is_experimental": false,
      "scripts": {
        "animate": [
          "pvp"
        ]
      },
      "animations": {
        "pvp": "controller.animation.pvp_mob"
      }
    },
    "component_groups": {
      "wesl3y:despawn": {
        "minecraft:transformation": {
          "into": "wesl3y:despawn",
          "delay": 0.0
        }
      },
      "wesl3y:level15": {
        "minecraft:skin_id": {
          "value": 1
        },
        "minecraft:health": {
          "value": 250,
          "max": 250
        },
        "minecraft:attack": {
          "damage": [5, 7]
        },
        "minecraft:knockback_resistance": {
          "value": 0.05
        },
        "minecraft:damage_sensor": {
          "triggers": [
            {
              "on_damage": {
                "filters": {
                  "all_of": [
                    {
                      "test": "has_damage",
                      "value": "fatal"
                    },
                    {
                      "test": "is_family",
                      "subject": "other",
                      "value": "player"
                    }
                  ]
                },
                "event": "wesl3y:kill15",
                "target": "self"
              }
            }
          ]
        }
      },
      "wesl3y:level17": {
        "minecraft:skin_id": {
          "value": 2
        },
        "minecraft:health": {
          "value": 275,
          "max": 275
        },
        "minecraft:attack": {
          "damage": [5, 7]
        },
        "minecraft:knockback_resistance": {
          "value": 0.17
        },
        "minecraft:damage_sensor": {
          "triggers": [
            {
              "on_damage": {
                "filters": {
                  "all_of": [
                    {
                      "test": "has_damage",
                      "value": "fatal"
                    },
                    {
                      "test": "is_family",
                      "subject": "other",
                      "value": "player"
                    }
                  ]
                },
                "event": "wesl3y:kill17",
                "target": "self"
              }
            }
          ]
        }
      },
      "wesl3y:level20": {
        "minecraft:skin_id": {
          "value": 3
        },
        "minecraft:health": {
          "value": 300,
          "max": 300
        },
        "minecraft:attack": {
          "damage": [6, 8]
        },
        "minecraft:knockback_resistance": {
          "value": 0.2
        },
        "minecraft:damage_sensor": {
          "triggers": [
            {
              "on_damage": {
                "filters": {
                  "all_of": [
                    {
                      "test": "has_damage",
                      "value": "fatal"
                    },
                    {
                      "test": "is_family",
                      "subject": "other",
                      "value": "player"
                    }
                  ]
                },
                "event": "wesl3y:kill20",
                "target": "self"
              }
            }
          ]
        }
      },
      "minecraft:atacar": {
        "minecraft:mark_variant": {
          "value": 1
        },
        "minecraft:behavior.delayed_attack": {
          "priority": 0,
          "attack_once": false,
          "track_target": true,
          "require_complete_path": false,
          "random_stop_interval": 0,
          "reach_multiplier": 1.5,
          "speed_multiplier": 1.8,
          "attack_duration": 0.19,
          "hit_delay_pct": 0.1
        },
        "minecraft:behavior.melee_attack": {
          "priority": 1,
          "speed_multiplier": 1.75,
          "track_target": false
        }
      },
      "minecraft:fugir": {
        "minecraft:mark_variant": {
          "value": 2
        },
        "minecraft:behavior.avoid_mob_type": {
          "priority": 1,
          "entity_types": [
            {
              "filters": {
                "any_of": [
                  {
                    "test": "is_family",
                    "subject": "other",
                    "operator": "!=",
                    "value": "sla"
                  }
                ]
              },
              "max_dist": 24,
              "sprint_speed_multiplier": 3.0
            }
          ]
        }
      }
    },
    "components": {
      "minecraft:despawn": {
        "despawn_from_distance": {
          "min_distance": 60
        }
      },
      "minecraft:experience_reward": {
        "on_death": "query.last_hit_by_player ? Math.Random(0,10) : 0"
      },
      "minecraft:type_family": {
        "family": [
          "gorilla"
        ]
      },
      "minecraft:breathable": {
        "totalSupply": 15,
        "suffocateTime": 0
      },
      "minecraft:collision_box": {
        "width": 0.6,
        "height": 1.8
      },
      "minecraft:scale": {
        "value": 1.75
      },
      "minecraft:behavior.delayed_attack": {
        "priority": 0,
        "attack_once": false,
        "track_target": true,
        "require_complete_path": false,
        "random_stop_interval": 0,
        "reach_multiplier": 1.5,
        "speed_multiplier": 1.8,
        "attack_duration": 0.19,
        "hit_delay_pct": 0.1
      },
      "minecraft:equipment": {
        "table": "loot_tables/hand/gorilla.json"
      },
      "minecraft:loot": {
        "table": "loot_tables/entities/gorilla.json"
      },
      "minecraft:shareables": {},
      "minecraft:equip_item": {},
      "minecraft:behavior.equip_item": {
        "priority": 3
      },
      "minecraft:rideable": {
        "seat_count": 1,
        "family_types": [
          "hana"
        ],
        "seats": [
          {
            "position": [ 0.0, 0.65, 0.4 ],
            "lock_rider_rotation": 0
          }
        ]
      },
      "minecraft:behavior.leap_at_target": {
        "priority": 10,
        "yd": 0.7,
        "must_be_on_ground": true
      },
      "minecraft:behavior.pickup_items": {
        "priority": 7,
        "max_dist": 3,
        "goal_radius": 2,
        "speed_multiplier": 1.0
      },
      "minecraft:movement": {
        "value": 0.25
      },
      "minecraft:navigation.walk": {
        "avoid_water": true,
        "avoid_damage_blocks": true
      },
      "minecraft:movement.basic": {},
      "minecraft:jump.static": {},
      "minecraft:nameable": {},
      "minecraft:balloonable": {},
      "minecraft:behavior.float": {
        "priority": 0
      },
      "minecraft:scheduler": {
        "min_delay_secs": 0,
        "max_delay_secs": 0,
        "scheduled_events": [
          {
            "filters": {
              "all_of":[
                { "test": "distance_to_nearest_player", "operator": ">", "value": 100 }
              ]
            },
            "event": "wesl3y:despawn"
          }
        ]
      },
      "minecraft:on_target_acquired": {},
      "minecraft:behavior.move_towards_restriction": {
        "priority": 4,
        "speed_multiplier": 1
      },
      "minecraft:behavior.random_stroll": {
        "priority": 6,
        "speed_multiplier": 0.5
      },
      "minecraft:behavior.look_at_player": {
        "priority": 7,
        "look_distance": 6.0,
        "probability": 0.02
      },
      "minecraft:behavior.random_look_around": {
        "priority": 8
      },
      "minecraft:behavior.hurt_by_target": {
        "priority": 1
      },
      "minecraft:physics": {},
      "minecraft:pushable": {
        "is_pushable": true,
        "is_pushable_by_piston": true
      }
    },
    "events": {
      "wesl3y:kill15": {
        "run_command": {
          "command": [
            "scoreboard players add @s[tag=hArmament] xp_hakiarm 7",
            "scoreboard players add @s[tag=hObservation] xp_hakiobs 7",
            "scoreboard players add @s xp_health 7",
            "scoreboard players add @s xp_strength 7",
            "scoreboard players add @s xp_speed 7",
            "scoreboard players add @s xp_jump 7"
          ],
          "target": "other"
        }
      },
      "wesl3y:kill17": {
        "run_command": {
          "command": [
            "scoreboard players add @s[tag=hArmament] xp_hakiarm 8",
            "scoreboard players add @s[tag=hObservation] xp_hakiobs 8",
            "scoreboard players add @s xp_health 8",
            "scoreboard players add @s xp_strength 8",
            "scoreboard players add @s xp_speed 8",
            "scoreboard players add @s xp_jump 8"
          ],
          "target": "other"
        }
      },
      "wesl3y:kill20": {
        "run_command": {
          "command": [
            "scoreboard players add @s[tag=hArmament] xp_hakiarm 10",
            "scoreboard players add @s[tag=hObservation] xp_hakiobs 10",
            "scoreboard players add @s xp_health 10",
            "scoreboard players add @s xp_strength 10",
            "scoreboard players add @s xp_speed 10",
            "scoreboard players add @s xp_jump 10"
          ],
          "target": "other"
        }
      },
      "wesl3y:despawn": {
        "add": {
          "component_groups": [
            "wesl3y:despawn"
          ]
        }
      },
      "minecraft:entity_spawned": {
        "sequence": [
          {
            "randomize": [
              {
                "add": {
                  "component_groups": [
                    "minecraft:atacar"
                  ]
                }
              }
            ]
          },
          {
            "randomize": [
              {
                "sequence": [
                  {
                    "randomize": [
                      {
                        "weight": 10,
                        "add": {
                          "component_groups": [
                            "wesl3y:level15"
                          ]
                        }
                      },
                      {
                        "weight": 10,
                        "add": {
                          "component_groups": [
                            "wesl3y:level17"
                          ]
                        }
                      },
                      {
                        "weight": 10,
                        "add": {
                          "component_groups": [
                            "wesl3y:level20"
                          ]
                        }
                      }
                    ]
                  }
                ]
              }
            ]
          }
        ]
      }
    }
  }
}