{
  "format_version": "1.13.0",
  "minecraft:entity": {
    "description": {
      "identifier": "wesl3y:sea_beast_elephant",
      "is_spawnable": true,
      "is_summonable": true,
      "is_experimental": false
    },
    "component_groups": {
      "wesl3y:despawn": {
        "minecraft:transformation": {
          "into": "wesl3y:despawn",
          "delay": 0.0
        }
      }
    },
    "components": {
      "minecraft:experience_reward": {
        "on_death": "query.last_hit_by_player ? Math.Random(1,3) : 0"
      },
      "minecraft:breathable": {
        "total_supply": 1,
        "suffocate_time": 0,
        "breathes_air": true,
        "breathes_water": true
      },
      "minecraft:type_family": {
        "family": [ "fish", "fishman" ]
      },
      "minecraft:collision_box": {
        "width": 2.4,
        "height": 2.5
      },
      "minecraft:health": {
        "value": 350,
        "max": 350
      },
      "minecraft:attack": {
        "damage": [7, 9]
      },
      "minecraft:scale": {
        "value": 1.0
      },
      "minecraft:movement": {
        "value": 0.25
      },
      "minecraft:underwater_movement": {
        "value": 0.3
      },
      "minecraft:loot": {
        "table": "loot_tables/entities/sea_beast_elephant.json"
      },
      "minecraft:scheduler": {
        "min_delay_secs": 0,
        "max_delay_secs": 0,
        "scheduled_events": [
          {
            "filters": {
              "all_of":[
                {
                  "test": "distance_to_nearest_player",
                  "operator": ">",
                  "value": 50
                }
              ]
            },
            "event": "wesl3y:despawn"
          }
        ]
      },
      "minecraft:damage_sensor": {
        "triggers": [
          {
            "on_damage": {
              "filters": {
                "all_of": [
                  {
                    "test": "has_damage",
                    "value": "fatal"
                  },
                  {
                    "test": "is_family",
                    "subject": "other",
                    "value": "player"
                  }
                ]
              },
              "event": "wesl3y:kill",
              "target": "self"
            }
          }
        ]
      },
      "minecraft:navigation.generic": {
        "is_amphibious": true,
        "can_path_over_water": false,
        "can_swim": true,
        "can_walk": true,
        "can_breach": false,
        "can_sink": false
      },
      "minecraft:movement.basic": {},
      "minecraft:behavior.move_towards_restriction": {
        "priority": 4,
        "speed_multiplier": 1
      },
      "minecraft:behavior.random_stroll": {
        "priority": 6,
        "speed_multiplier": 0.5
      },
      "minecraft:behavior.look_at_player": {
        "priority": 7,
        "look_distance": 6.0,
        "probability": 0.02
      },
      "minecraft:behavior.random_look_around": {
        "priority": 8
      },
      "minecraft:behavior.melee_attack": {
        "priority": 1,
        "speed_multiplier": 1.2,
        "track_target": true
      },
      "minecraft:behavior.hurt_by_target": {
        "priority": 1
      },
      "minecraft:physics": {},
      "minecraft:pushable": {
        "is_pushable": false,
        "is_pushable_by_piston": true
      },
      "minecraft:movement.sway": {
        "sway_amplitude": 0.0
      },
      "minecraft:behavior.swim_idle": {
        "priority": 5
      },
      "minecraft:behavior.swim_wander": {
        "priority": 4,
        "speed_multiplier": 1.0,
        "interval": 10,
        "look_ahead": 2.0
      },
      "minecraft:nameable": {},
      "minecraft:behavior.nearest_attackable_target": {
        "priority": 2,
        "must_see": true,
        "reselect_targets": true,
        "entity_types": [
          {
            "filters": {
              "all_of": [
                {
                  "test": "is_family",
                  "subject": "other",
                  "value": "player"
                },
                {
                  "test": "has_tag",
                  "subject": "other",
                  "operator": "!=",
                  "value": "fishman"
                }
              ]
            },
            "max_dist": 30
          },
          {
            "filters": {
              "all_of": [
                {
                  "test": "is_family",
                  "subject": "other",
                  "operator": "!=",
                  "value": "player"
                },
                {
                  "test": "is_family",
                  "subject": "other",
                  "operator": "!=",
                  "value": "fishman"
                }
              ]
            },
            "max_dist": 30
          }
        ]
      }
    },
    "events": {
      "wesl3y:kill": {
        "run_command": {
          "command": [
            "scoreboard players add @s[tag=hArmament] xp_hakiarm 12",
            "scoreboard players add @s[tag=hObservation] xp_hakiobs 12",
            "scoreboard players add @s xp_health 12",
            "scoreboard players add @s xp_strength 12",
            "scoreboard players add @s xp_speed 12",
            "scoreboard players add @s xp_jump 12"
          ],
          "target": "other"
        }
      },
      "wesl3y:despawn": {
        "add": {
          "component_groups": [
            "wesl3y:despawn"
          ]
        }
      }
    }
  }
}