{
  "format_version": "1.13.0",
  "minecraft:entity": {
    "description": {
      "identifier": "onepiece_addon:runkyaku_attack",
      "is_spawnable": false,
      "is_summonable": true,
      "is_experimental": false
    },
    "component_groups": {
    },

    "components": {
      "minecraft:type_family": {
        "family": [ "attack" ]
      },
      "minecraft:transformation": {
        "into": "onepiece_addon:despawn",
        "delay": 0.5
      },
      "minecraft:behavior.knockback_roar": {
        "duration": 999,
        "attack_time": 0.1,
        "knockback_damage": 8,
        "knockback_strength": 0,
        "knockback_range": 5,
        "knockback_filters": {
            "test": "has_tag",
            "subject": "other",
            "operator": "!=",
            "value": "runkyaku"
        },
        "damage_filters": {
            "test": "has_tag",
            "subject": "other",
            "operator": "!=",
            "value": "runkyaku"
        }
      },
      "minecraft:collision_box": {
        "width":0.1,
        "height":0.1
      },
      "minecraft:physics": {
      },
      "minecraft:pushable": {
        "is_pushable": false,
        "is_pushable_by_piston": false
      },
      "minecraft:conditional_bandwidth_optimization": {
        "default_values": {
          "max_optimized_distance": 80.0,
          "max_dropped_ticks": 10,
          "use_motion_prediction_hints": true
        }
      }
    },

    "events": {
    }

  }
}