{
  "format_version":"1.16.100",
  "animation_controllers":{
    "controller.animation.kaido_crisis":{
      "states":{
        "default":{
          "transitions":[
            {"0":"(1.0)"}
          ]
        },
        "0":{
          "transitions":[
            {"1":"query.health <= 300"}
          ],
          "on_entry":[
            "/summon onepiece_addon:kaizoku3 ~3~~",
            "/summon onepiece_addon:kaizoku3 ~-3~~",
            "/summon onepiece_addon:kaizoku3 ~~~3",
            "/summon onepiece_addon:kaizoku3 ~~~-3",
            "/summon onepiece_addon:kaizoku3 ~3~~",
            "/summon onepiece_addon:kaizoku3 ~-3~~",
            "/summon onepiece_addon:kaizoku3 ~~~3",
            "/summon onepiece_addon:kaizoku3 ~~~-3",
            "/summon onepiece_addon:kaizoku4 ~2~~",
            "/summon onepiece_addon:kaizoku4 ~-2~~",
            "/summon onepiece_addon:kaizoku4 ~~~2",
            "/summon onepiece_addon:kaizoku4 ~~~-2"
          ]
        },
        "1":{
          "transitions":[
            {"2":"variable.time = (variable.time ?? 0);variable.time = variable.time < 5 ? variable.time + 1:0;return variable.time == 0;"}
          ],
          "on_entry":[
            "/tag @s add crisis",
            "/particle minecraft:huge_explosion_emitter ~8~~",
            "/particle minecraft:huge_explosion_emitter ~-8~~",
            "/particle minecraft:huge_explosion_emitter ~~~8",
            "/particle minecraft:huge_explosion_emitter ~~~-8",
            "/particle minecraft:huge_explosion_emitter ~8~3~",
            "/particle minecraft:huge_explosion_emitter ~-8~3~",
            "/particle minecraft:huge_explosion_emitter ~~3~8",
            "/particle minecraft:huge_explosion_emitter ~~3~-8",
            "/particle minecraft:huge_explosion_emitter ~5~~",
            "/particle minecraft:huge_explosion_emitter ~-5~~",
            "/particle minecraft:huge_explosion_emitter ~~~5",
            "/particle minecraft:huge_explosion_emitter ~~~-5",
            "/particle minecraft:huge_explosion_emitter ~5~3~",
            "/particle minecraft:huge_explosion_emitter ~-5~3~",
            "/particle minecraft:huge_explosion_emitter ~~3~5",
            "/particle minecraft:huge_explosion_emitter ~~3~-5",
            "/particle minecraft:huge_explosion_emitter ~2~~",
            "/particle minecraft:huge_explosion_emitter ~-2~~",
            "/particle minecraft:huge_explosion_emitter ~~~2",
            "/particle minecraft:huge_explosion_emitter ~~~-2",
            "/particle minecraft:huge_explosion_emitter ~2~3~",
            "/particle minecraft:huge_explosion_emitter ~-2~3~",
            "/particle minecraft:huge_explosion_emitter ~~3~2",
            "/particle minecraft:huge_explosion_emitter ~~3~-2",
            "/particle minecraft:huge_explosion_emitter ~~~"
          ]
        },
        "2":{
          "on_entry":[
            "/particle minecraft:huge_explosion_emitter ~8~6~",
            "/particle minecraft:huge_explosion_emitter ~-8~6~",
            "/particle minecraft:huge_explosion_emitter ~~6~8",
            "/particle minecraft:huge_explosion_emitter ~~6~-8",
            "/particle minecraft:huge_explosion_emitter ~5~6~",
            "/particle minecraft:huge_explosion_emitter ~-5~6~",
            "/particle minecraft:huge_explosion_emitter ~~6~5",
            "/particle minecraft:huge_explosion_emitter ~~6~-5",
            "/particle minecraft:huge_explosion_emitter ~2~6~",
            "/particle minecraft:huge_explosion_emitter ~-2~6~",
            "/particle minecraft:huge_explosion_emitter ~~6~2",
            "/particle minecraft:huge_explosion_emitter ~~6~-2",
            "/particle minecraft:huge_explosion_emitter ~~6~"
          ]
        }
      }
    },
    "controller.animation.kaido_attack":{
      "states":{
        "default":{
          "transitions":[
            {"1":"query.variant == 20"}
          ]
        },
        "1":{
          "transitions":[
            {"default":"!query.variant == 20"},
            {"attack":"variable.attack_time"}
          ]
        },
        "attack":{
          "transitions":[
            {"1":"!variable.attack_time"}
          ],
          "on_entry":[
            "/summon onepiece_addon:kaido_attack"
          ]
        }
      }
    },
    "controller.animation.kaido_fly1":{
      "states":{
        "default":{
          "transitions":[
            {"0":"query.variant == 20"}
          ]
        },
        "0":{
          "transitions":[
            {"1":"(1.0)"}
          ],
          "on_entry":[
            "/tp @s ~~20~",
            "/summon onepiece_addon:kaido_attack"
          ]
        },
        "1":{
          "transitions":[
            {"default":"!query.variant == 20"},
            {"2":"query.variant == 20"}
          ]
        },
        "2":{
          "transitions":[
            {"1":"query.variant == 20"}
          ],
          "on_entry":[
            "/effect @s slow_falling 1 0 true"
          ]
        }
      }
    },
    "controller.animation.kaido_fly2":{
      "states":{
        "default":{
          "transitions":[
            {"1":"query.variant == 20"}
          ]
        },
        "1":{
          "transitions":[
            {"default":"!query.variant == 20"},
            {"2":"query.variant == 20"}
          ]
        },
        "2":{
          "transitions":[
            {"1":"variable.time = (variable.time ?? 0);variable.time = variable.time < 23 ? variable.time + 1:0;return variable.time == 0;"}
          ],
          "on_entry":[
            "/effect @s levitation 1 0 true"
          ]
        }
      }
    }
  }
}