{
  "format_version": "1.13.0",
  "minecraft:entity": {
    "description": {
      "identifier": "onepiece_addon:daifunka_p",
      "is_spawnable": false,
      "is_summonable": false,
      "is_experimental": false,
      "runtime_identifier": "minecraft:snowball",
      "scripts":{
        "animate":["daifunka_p"]
      },
      "animations":{
        "daifunka_p":"controller.animation.daifunka_p"
      }
    },
    "component_groups": {
    },

    "components": {
      "minecraft:projectile": {
        "on_hit": {
          "impact_damage": {
            "damage": 0,
            "knockback": false,
            "semi_random_diff_damage":false,
            "destroy_on_hit": true,
            "max_critical_damage": 10,
            "min_critical_damage": 9,
            "power_multiplier": 0.97,
            "catch_fire":true
          }
        },
        "power": 1.5,
        "gravity": 0.00,
        "uncertainty_base": 1,
        "uncertainty_multiplier": 0,
        "anchor": 1,
        "should_bounce": true
      },
      "minecraft:collision_box": {
        "width":3,
        "height":3
      },
      "minecraft:physics": {
      },
      "minecraft:transformation": {
        "into": "onepiece_addon:despawn",
        "delay": 1
      },
      "minecraft:pushable": {
        "is_pushable": false,
        "is_pushable_by_piston": false
      },
      "minecraft:conditional_bandwidth_optimization": {
        "default_values": {
          "max_optimized_distance": 80.0,
          "max_dropped_ticks": 10,
          "use_motion_prediction_hints": true
        }
      }
    },

    "events": {
    }

  }
}