{
  "format_version": "1.11.0",
  "minecraft:item": {
	"description": {
   "identifier": "random:almond_water"
    },
    "components": {
      "minecraft:max_stack_size": 16,
      "minecraft:hand_equipped": false,
      "minecraft:stacked_by_data": false,
      "minecraft:food": {
        "saturation_modifier":"normal",
        "nutrition":4,
        "can_always_eat":true,
        "effects":[
          {
            "name": "regeneration",
            "chance": 1.0,
            "duration": 5,
            "amplifier": 2
          },
          {
            "name": "speed",
            "chance": 1.0,
            "duration": 7,
            "amplifier": 1
          }
        ]
        },
        
        "minecraft:use_duration":32
	  }
  }
}