{
  "format_version": "1.13.0",
  "minecraft:entity": {
    "description": {
      "identifier": "onepiece_addon:tamaito_p",
      "is_spawnable": false,
      "is_summonable": true,
      "is_experimental": false,
      "runtime_identifier": "minecraft:snowball"
    },
    "component_groups": {
      "onepiece_addon:despawn":{
        "minecraft:transformation": {
          "into": "onepiece_addon:despawn",
          "delay": 0.3
        }
      }
    },

    "components": {
      "minecraft:type_family": {
        "family": [ "attack" ]
      },
      "minecraft:projectile": {
        "reflect_on_hurt":true,
        "on_hit": {
          "definition_event": {
            "affectProjectile": true,
            "eventTrigger": {
                  "event": "onepiece_addon:be_despawn",
                  "target": "self"
            }
           },
          "impact_damage": {
            "damage": 4,
            "knockback": true,
            "semi_random_diff_damage":false,
            "destroy_on_hit": true,
            "max_critical_damage": 10,
            "min_critical_damage": 9,
            "power_multiplier": 0.97
          },
          "stick_in_ground": {
            "shake_time" : 0.35
          },
          "arrow_effect": {
          }
        },
        "power": 5,
        "gravity": 0.00,
        "uncertainty_base": 1,
        "uncertainty_multiplier": 0,
        "anchor": 1,
        "should_bounce": true,
        "offset": [ 0, -0.1, 0 ]
      },
      "minecraft:collision_box": {
        "width":0.3,
        "height":0.3
      },
      "minecraft:physics": {
      },
      "minecraft:transformation": {
        "into": "onepiece_addon:despawn",
        "delay": 0.5
      },
      "minecraft:pushable": {
        "is_pushable": false,
        "is_pushable_by_piston": false
      },
      "minecraft:conditional_bandwidth_optimization": {
        "default_values": {
          "max_optimized_distance": 80.0,
          "max_dropped_ticks": 10,
          "use_motion_prediction_hints": true
        }
      }
    },

    "events": {
      "onepiece_addon:be_despawn":{
        "add":{
          "component_groups":[
            "onepiece_addon:despawn"
          ]
        }
      }
    }

  }
}