{
  "format_version": "1.13.0",
  "minecraft:entity": {    
    "description": {
      "identifier": "onepiece_addon:hououin_entity",
      "is_spawnable": false,
      "is_summonable": true,
      "is_experimental": false,
      "scripts": {
        "animate": [
          "hououin_entity"
        ]
      },
      "animations": {
        "hououin_entity":"controller.animation.hououin_entity"
      }
    },
    "component_groups": {
    },
    "components": {
      "minecraft:type_family": {
        "family": [ "toritori" ]
      },
      "minecraft:collision_box": {
        "width": 0.0,
        "height": 0.0
      },
      "minecraft:transformation": {
        "into": "onepiece_addon:despawn",
        "delay": 1
      },
      "minecraft:damage_sensor": {
        "triggers": {
            "on_damage": {"filters": {}},
            "deals_damage": false
        }
      }
    },
    "events": {
    }
  }
}