{
	"format_version": "1.10.0",
	"animation_controllers": {
		"controller.animation.human_commands": {
			"states": {
				"default": {
					"transitions": [
						{
							"command_example": "query.skin_id == 1"
						},
						{
							"zombies": "query.skin_id == 2"
						},
						{
							"dialogue": "query.skin_id == 3"
						}
					]
				},
				"command_example": {
					"transitions": [
						{
							"default": "query.skin_id != 1"
						}
					],
					"on_entry": ["/say Command One!", "@s execute_no_commands"]
				},
				"zombies": {
					"transitions": [
						{
							"default": "query.skin_id != 2"
						}
					],
					"on_entry": [
						"/say AHH! Zombies everywhere!",
						"/summon minecraft:zombie",
						"/summon minecraft:zombie",
						"/summon minecraft:zombie",
						"/summon minecraft:zombie",
						"@s execute_no_commands"
					]
				},
				"dialogue": {
					"transitions": [
						{
							"default": "query.skin_id != 3"
						}
					],
					"on_entry": [
						"/say Hey, do you think you could help me find my way out of here?",
						"@s execute_no_commands"
					]
				}
			}
		}
	}
}
