{
  "format_version": "1.16.100",
  "minecraft:block": {
    "description": {
      "identifier": "wesl3y:doru_block_air"
    },

    "components": {
      "minecraft:loot": "loot_tables/empty.json",
      "minecraft:material_instances": {
        "*": {
          "texture": "doru_block_air",
          "render_method": "alpha_test"
        }
      },
      "minecraft:entity_collision": true,
      "minecraft:pick_collision": {
        "origin": [-8,0,-8],
        "size": [16,16,16]
      },
      "minecraft:destroy_time": 0.25,
      "minecraft:friction": 0.6,
      "minecraft:map_color": "#000000",
      "minecraft:block_light_absorption": 0.0,
      "minecraft:explosion_resistance": 3,
      "minecraft:flammable":{
        "flame_odds":0,
        "burn_odds":0
      },
      "minecraft:on_step_on":{
        "event":"wesl3y:event"
      },
      "minecraft:ticking":{
        "on_tick":{
          "event":"wesl3y:despawn"
        },
        "range":[ 10, 10 ],
        "looping":true
      }
    },

    "events": {
      "wesl3y:despawn":{
        "run_command":{
          "command":"fill ~~~ ~~~ air"
        }
      },
      "wesl3y:event": {
        "run_command": {
          "command": [
            "effect @e[r=1.5,tag=!doru_fruit,family=!doru_fruit,family=!npc,family=!attack] slowness 2 10 true"
          ]
        }
      }
    }
  }
}