{
  "format_version": "1.12.0",
	"minecraft:entity": {
    "description": {
      "identifier": "onepiece_addon:nami_p",
      "is_spawnable": false,
      "is_summonable": false,
      "is_experimental": false
		},
		"component_groups":{
		},
		  
		"components": {
			"minecraft:collision_box": {
				"width": 0.01,
				"height": 0.01
			},
			"minecraft:projectile": {
				"on_hit": {
					"remove_on_hit": { },
					"spawn_chance": {
						"firstSpawnChance": 1,
            "secondSpawnChance": 2,
            "firstSpawnCount": 1,
            "secondSpawnCount": 2,
            "spawnMob": "lightning",
            "spawnDefinition": "minecraft:lightning_bolt",
						"spawnBaby": false
          },
					"stick_in_ground": {
						"shake_time" : 0
					}
				},
				"liquid_inertia": 0.99,
				"power": 4,
				"gravity": 0.00,
				"uncertainty_base": 1,
				"uncertainty_multiplier": 0,
				"stop_on_hurt": true,
				"anchor": 1,
				"should_bounce": true,
				"multiple_targets": false,
				"offset": [ 0, -0.1, 0 ]
			},
			"minecraft:physics": {
			},
			"minecraft:pushable": {
				"is_pushable": false,
				"is_pushable_by_piston":false
			},
			"minecraft:conditional_bandwidth_optimization": {
				"default_values": {
					"max_optimized_distance": 80.0,
					"max_dropped_ticks": 10,
					"use_motion_prediction_hints": true
				  }
			}
		},
		"event":{
		}
	}
}