{
  "format_version": "1.13.0",
  "minecraft:entity": {    
    "description": {
      "identifier": "onepiece_addon:sirohige_attack",
      "is_spawnable": false,
      "is_summonable": true,
      "is_experimental": false,
      "scripts": {
        "animate": ["sirohige_attack"]
      },
      "animations": {
        "sirohige_attack":"controller.animation.sirohige_attack"
      }
    },
    "component_groups": {

    },
    "components": {
      "minecraft:type_family": {
        "family": [ "guragura" ]
      },
      "minecraft:collision_box": {
        "width": 0.0,
        "height": 0.0
      },
      "minecraft:explode": {
        "breaks_blocks":true,
        "fuse_length": 0,
        "fuse_lit": true,
        "power": 2,
        "causes_fire": false,
        "destroy_affected_by_griefing": true
      },
      "minecraft:behavior.knockback_roar": {
        //周期
        "duration": 999,
        //遅延
        "attack_time": 0.1,
        "knockback_damage": 18,
        "knockback_strength": 7,
        "knockback_range": 7,
        "knockback_filters": {
          "all_of":[
            {
              "test": "is_family",
              "subject": "other",
              "operator": "!=",
              "value": "sirohige"
            }
          ]
        },
        "damage_filters": {
          "all_of":[
            {
              "test": "is_family",
              "subject": "other",
              "operator": "!=",
              "value": "sirohige"
            }
          ]
        }
      },
      "minecraft:transformation": {
        "into": "onepiece_addon:despawn",
        "delay": 0.5
      },
      "minecraft:damage_sensor": {
        "triggers": {
            "on_damage": {"filters": {}},
            "deals_damage": false
        }
      }
    },
    "events": {
    }
  }
}