{
  "format_version": "1.11",
  "minecraft:entity": {
    "description": {
      "identifier": "minecraft:player",
      "is_spawnable": false,
      "is_summonable": false,
      "is_experimental": false,
      "scripts": {
        "animate": [
          "walk",
          "mn:chainsaw_man",
          "mn:shark_devill",
          "mn:demon_blod",
          "mn:katana_man"
        ]
      },
      "animations": {
        "walk": "controller.animation.walk",
        "mn:chainsaw_man": "controller.animation.mn_chainsaw_man",
        "mn:shark_devill": "controller.animation.mn_shark_devill",
        "mn:demon_blod": "controller.animation.mn_demon_blod",
        "mn:katana_man": "controller.animation.mn_katana_man"
      }
    },
    "component_groups": {
      "pamobile:respawn": {
        "minecraft:mark_variant": {
          "value": 99999
        },
        "minecraft:health": {
          "value": 20,
          "max": 20
        },
        "minecraft:movement": {
          "value": 0.1
        },
        "minecraft:attack": {
          "damage": 1
        },
        "minecraft:spell_effects": {
          "remove_effects": []
        }
      },
      "ammo:1": {
        "minecraft:mark_variant": {
          "value": 1
        }
      },
      "mn:pochita_w": {
        "minecraft:health": {
          "value": 20,
          "max": 20
        },
        "minecraft:movement": {
          "value": 0.1
        },
        "minecraft:spell_effects": {
          "add_effects": []
        }
      },
      "mn:motoserra_sangue": {
        "minecraft:health": {
          "value": 20,
          "max": 20
        },
        "minecraft:movement": {
          "value": 0.1
        },
        "minecraft:spell_effects": {
          "add_effects": []
        }
      },
      "mn:motoserra": {
        "minecraft:health": {
          "value": 20,
          "max": 20
        },
        "minecraft:movement": {
          "value": 0.1
        },
        "minecraft:spell_effects": {
          "add_effects": []
        }
      },
      "mn:chainsaw_man_event_play": {
        "minecraft:health": {
          "value": 400,
          "max": 400
        },
        "minecraft:movement": {
          "value": 0.1
        },
        "minecraft:spell_effects": {
          "add_effects": [
            {
              "effect": "jump_boost",
              "duration": 60000,
              "amplifier": 7,
              "display_on_screen_animation": false
            },
            {
              "effect": "regeneration",
              "duration": 60000,
              "amplifier": 1,
              "display_on_screen_animation": false
            },
            {
              "effect": "resistance",
              "duration": 60000,
              "amplifier": 2,
              "display_on_screen_animation": false
            },
            {
              "effect": "speed",
              "duration": 60000,
              "amplifier": 3,
              "display_on_screen_animation": false
            },
            {
              "effect": "strength",
              "duration": 60000,
              "amplifier": 30,
              "display_on_screen_animation": false
            }
          ]
        }
      },
      "mn:shark_devill_event_play": {
        "minecraft:health": {
          "value": 100,
          "max": 100
        },
        "minecraft:movement": {
          "value": 0.1
        },
        "minecraft:spell_effects": {
          "add_effects": [
            {
              "effect": "jump_boost",
              "duration": 60000,
              "amplifier": 4,
              "display_on_screen_animation": false
            },
            {
              "effect": "regeneration",
              "duration": 60000,
              "amplifier": 3,
              "display_on_screen_animation": false
            },
            {
              "effect": "resistance",
              "duration": 60000,
              "amplifier": 4,
              "display_on_screen_animation": false
            },
            {
              "effect": "speed",
              "duration": 60000,
              "amplifier": 5,
              "display_on_screen_animation": false
            },
            {
              "effect": "strength",
              "duration": 60000,
              "amplifier": 17,
              "display_on_screen_animation": false
            },
            {
              "effect": "water_breathing",
              "duration": 60000,
              "amplifier": 99999,
              "display_on_screen_animation": false
            }
          ]
        }
      },
      "mn:demon_blod_event_play": {
        "minecraft:health": {
          "value": 400,
          "max": 400
        },
        "minecraft:movement": {
          "value": 0.1
        },
        "minecraft:spell_effects": {
          "add_effects": [
            {
              "effect": "jump_boost",
              "duration": 60000,
              "amplifier": 7,
              "display_on_screen_animation": false
            },
            {
              "effect": "regeneration",
              "duration": 60000,
              "amplifier": 1,
              "display_on_screen_animation": false
            },
            {
              "effect": "resistance",
              "duration": 60000,
              "amplifier": 2,
              "display_on_screen_animation": false
            },
            {
              "effect": "speed",
              "duration": 60000,
              "amplifier": 4,
              "display_on_screen_animation": false
            },
            {
              "effect": "strength",
              "duration": 60000,
              "amplifier": 30,
              "display_on_screen_animation": false
            }
          ]
        }
      },
      "mn:katana_man_event_play": {
        "minecraft:health": {
          "value": 400,
          "max": 400
        },
        "minecraft:movement": {
          "value": 0.1
        },
        "minecraft:spell_effects": {
          "add_effects": [
            {
              "effect": "jump_boost",
              "duration": 60000,
              "amplifier": 7,
              "display_on_screen_animation": false
            },
            {
              "effect": "regeneration",
              "duration": 60000,
              "amplifier": 1,
              "display_on_screen_animation": false
            },
            {
              "effect": "resistance",
              "duration": 60000,
              "amplifier": 2,
              "display_on_screen_animation": false
            },
            {
              "effect": "speed",
              "duration": 60000,
              "amplifier": 3,
              "display_on_screen_animation": false
            },
            {
              "effect": "strength",
              "duration": 60000,
              "amplifier": 20,
              "display_on_screen_animation": false
            }
          ]
        }
      }
    },
    "components": {
      "minecraft:type_family": {
        "family": [
          "player"
        ]
      },
      "minecraft:loot": {
        "table": "loot_tables/empty.json"
      },
      "minecraft:collision_box": {
        "width": 0.6,
        "height": 1.8
      },
      "minecraft:can_climb": {},
      "minecraft:movement": {
        "value": 0.1
      },
      "minecraft:environment_sensor": [
        {
          "on_environment": {
            "filters": {
              "any_of": [
                {
                  "test": "is_family",
                  "subject": "self",
                  "value": "player"
                }
              ]
            },
            "event": "pamobile:refresh_player"
          }
        },
        {
          "on_environment": {
            "filters": {
              "all_of": [
                {
                  "test": "has_equipment",
                  "subject": "self",
                  "domain": "hand",
                  "value": "mn:pochita_w"
                }
              ]
            },
            "event": "mn:pochita_w_event"
          }
        },
        {
          "on_environment": {
            "filters": {
              "all_of": [
                {
                  "test": "has_equipment",
                  "subject": "self",
                  "domain": "hand",
                  "value": "mn:motoserra_sangue"
                }
              ]
            },
            "event": "mn:motoserra_sangue_event"
          }
        },
        {
          "on_environment": {
            "filters": {
              "all_of": [
                {
                  "test": "has_equipment",
                  "subject": "self",
                  "domain": "hand",
                  "value": "mn:motoserra"
                }
              ]
            },
            "event": "mn:motoserra_event"
          }
        },
        {
          "on_environment": {
            "filters": {
              "all_of": [
                {
                  "test": "has_equipment",
                  "subject": "self",
                  "domain": "hand",
                  "value": "mn:chainsaw_man"
                }
              ]
            },
            "event": "mn:chainsaw_man_event_hold"
          }
        },
        {
          "on_environment": {
            "filters": {
              "all_of": [
                {
                  "test": "has_equipment",
                  "subject": "self",
                  "domain": "head",
                  "value": "mn:chainsaw_man"
                }
              ]
            },
            "event": "mn:chainsaw_man_event_play"
          }
        },
        {
          "on_environment": {
            "filters": {
              "all_of": [
                {
                  "test": "has_equipment",
                  "subject": "self",
                  "domain": "hand",
                  "value": "mn:shark_devill"
                }
              ]
            },
            "event": "mn:shark_devill_event_hold"
          }
        },
        {
          "on_environment": {
            "filters": {
              "all_of": [
                {
                  "test": "has_equipment",
                  "subject": "self",
                  "domain": "head",
                  "value": "mn:shark_devill"
                }
              ]
            },
            "event": "mn:shark_devill_event_play"
          }
        },
        {
          "on_environment": {
            "filters": {
              "all_of": [
                {
                  "test": "has_equipment",
                  "subject": "self",
                  "domain": "hand",
                  "value": "mn:demon_blod"
                }
              ]
            },
            "event": "mn:demon_blod_event_hold"
          }
        },
        {
          "on_environment": {
            "filters": {
              "all_of": [
                {
                  "test": "has_equipment",
                  "subject": "self",
                  "domain": "head",
                  "value": "mn:demon_blod"
                }
              ]
            },
            "event": "mn:demon_blod_event_play"
          }
        },
        {
          "on_environment": {
            "filters": {
              "all_of": [
                {
                  "test": "has_equipment",
                  "subject": "self",
                  "domain": "hand",
                  "value": "mn:katana_man"
                }
              ]
            },
            "event": "mn:katana_man_event_hold"
          }
        },
        {
          "on_environment": {
            "filters": {
              "all_of": [
                {
                  "test": "has_equipment",
                  "subject": "self",
                  "domain": "head",
                  "value": "mn:katana_man"
                }
              ]
            },
            "event": "mn:katana_man_event_play"
          }
        }
      ],
      "minecraft:player.saturation": {
        "value": 20
      },
      "minecraft:player.exhaustion": {
        "value": 0,
        "max": 4
      },
      "minecraft:player.level": {
        "value": 0,
        "max": 24791
      },
      "minecraft:player.experience": {
        "value": 0,
        "max": 1
      },
      "minecraft:breathable": {
        "totalSupply": 15,
        "suffocateTime": -1,
        "inhaleTime": 3.75,
        "generatesBubbles": false
      },
      "minecraft:nameable": {
        "alwaysShow": true,
        "allowNameTagRenaming": false
      },
      "minecraft:physics": {},
      "minecraft:insomnia": {
        "days_until_insomnia": 3
      },
      "minecraft:rideable": {
        "seat_count": 2,
        "family_types": [
          "parrot_tame"
        ],
        "pull_in_entities": true,
        "seats": [
          {
            "position": [
              0.4,
              -0.15,
              0.04
            ],
            "min_rider_count": 0,
            "max_rider_count": 0,
            "lock_rider_rotation": 0
          },
          {
            "position": [
              -0.4,
              -0.15,
              0.04
            ],
            "min_rider_count": 1,
            "max_rider_count": 2,
            "lock_rider_rotation": 0
          }
        ]
      },
      "minecraft:scaffolding_climber": {}
    },
    "events": {
      "pamobile:refresh_player": {
        "add": {
          "component_groups": [
            "pamobile:respawn"
          ]
        },
        "remove": {
          "component_groups": [
            "mn:pochita_w",
            "mn:motoserra_sangue",
            "mn:motoserra",
            "mn:chainsaw_man_event_hold",
            "mn:chainsaw_man_event_play",
            "mn:shark_devill_event_hold",
            "mn:shark_devill_event_play",
            "mn:demon_blod_event_hold",
            "mn:demon_blod_event_play",
            "mn:katana_man_event_hold",
            "mn:katana_man_event_play"
          ]
        }
      },
      "minecraft:entity_spawned": {
        "add": {
          "component_groups": [
            "pamobile:respawn"
          ]
        },
        "remove": {}
      },
      "ammo:1": {
        "remove": {
          "component_groups": [
            "ammo:1"
          ]
        },
        "add": {
          "component_groups": [
            "ammo:1"
          ]
        }
      },
      "ammo:2": {
        "remove": {
          "component_groups": [
            "ammo:2"
          ]
        },
        "add": {
          "component_groups": [
            "ammo:2"
          ]
        }
      },
      "mn:pochita_w_event": {
        "add": {
          "component_groups": [
            "mn:pochita_w"
          ]
        }
      },
      "mn:motoserra_sangue_event": {
        "add": {
          "component_groups": [
            "mn:motoserra_sangue"
          ]
        }
      },
      "mn:motoserra_event": {
        "add": {
          "component_groups": [
            "mn:motoserra"
          ]
        }
      },
      "mn:chainsaw_man_event_hold": {
        "add": {
          "component_groups": [
            "mn:chainsaw_man_event_hold"
          ]
        }
      },
      "mn:chainsaw_man_event_play": {
        "add": {
          "component_groups": [
            "mn:chainsaw_man_event_play"
          ]
        }
      },
      "mn:shark_devill_event_hold": {
        "add": {
          "component_groups": [
            "mn:shark_devill_event_hold"
          ]
        }
      },
      "mn:shark_devill_event_play": {
        "add": {
          "component_groups": [
            "mn:shark_devill_event_play"
          ]
        }
      },
      "mn:demon_blod_event_hold": {
        "add": {
          "component_groups": [
            "mn:demon_blod_event_hold"
          ]
        }
      },
      "mn:demon_blod_event_play": {
        "add": {
          "component_groups": [
            "mn:demon_blod_event_play"
          ]
        }
      },
      "mn:katana_man_event_hold": {
        "add": {
          "component_groups": [
            "mn:katana_man_event_hold"
          ]
        }
      },
      "mn:katana_man_event_play": {
        "add": {
          "component_groups": [
            "mn:katana_man_event_play"
          ]
        }
      }
    }
  }
}