{
    "format_version": "1.8.0",
    "minecraft:client_entity": {
      "description": {
        "identifier": "random:bacteria",
        "materials": {
           "default": "entity" 
          },
        "textures": {
          "default": "textures/entity/bacteria"
        },
        "geometry": {
          "default": "geometry.bacteria"
        },
        "animations": {
          "idle": "animation.bacteria.idle",
          "walk": "animation.bacteria.walk"
        },
        "animation_controllers": [
          { "controller": "controller.animation.bacteria" }
        ],
        "render_controllers": [ "controller.render.bacteria" ],
        "spawn_egg": {
          "texture": "archive",
          "texture_index": 0
        }
      }
    }
  }