{
    "format_version": "1.8.0",
    "minecraft:client_entity": {
      "description": {
        "identifier": "random:partygoer",
        "materials": {
           "default": "entity" 
          },
        "textures": {
          "default": "textures/entity/partygoer"
        },
        "geometry": {
          "default": "geometry.partygoer"
        },
        "animations": {
          "idle": "animation.partygoer.idle",
          "walk": "animation.partygoer.walk"
        },
        "animation_controllers": [
          { "controller": "controller.animation.partygoer" }
        ],
        "render_controllers": [ "controller.render.partygoer" ],
        "spawn_egg": {
          "texture": "archive",
          "texture_index": 0
        }
      }
    }
  }