{
    "format_version": "1.8.0",
    "minecraft:client_entity": {
      "description": {
        "identifier": "random:skin_stealer",
        "materials": {
           "default": "entity" 
          },
        "textures": {
          "default": "textures/entity/skin_stealer"
        },
        "geometry": {
          "default": "geometry.skin_stealer"
        },
        "animations": {
          "idle": "animation.skin_stealer.idle",
          "walk": "animation.skin_stealer.walk"
        },
        "animation_controllers": [
          { "controller": "controller.animation.skin_stealer" }
        ],
        "render_controllers": [ "controller.render.skin_stealer" ],
        "spawn_egg": {
          "texture": "archive",
          "texture_index": 0
        }
      }
    }
  }