{
  "format_version": "1.10.0",
  "animation_controllers": {
      "controller.animation.hound": {
        "initial_state" : "idle",//starts off with idle
    "states" : {
      "idle" : {
        "animations" : [ "idle" ],
        "transitions" : [
          {"walk" : "!query.ground_speed <= 0"}//transitions from idle to walk when speed is not less than or equall to 0
        ],
        "blend_transition": 0.1
      },
      "walk" : {
        "animations" : [ "walk" ],
        "transitions" : [
          {"idle" : "query.ground_speed <= 0"},//transitions from walk to idle when speed is less than or equall to 0
          { "attack": "query.is_delayed_attacking > 0" }//transitions from walk to attack when its performing a delayed attack
        ],
        "blend_transition": 0.1
      }
    }
  }
}
}

