{
  "format_version":"1.16.100",
  "animation_controllers":{
    "controller.animation.sanji_crisis":{
      "states":{
        "default":{
          "transitions":[
            {"1":"query.health <= 100"}
          ]
        },
        "1":{
          "transitions":[
            {"2":"(1.0)"}
          ],
          "on_entry":[
            "/replaceitem entity @s slot.weapon.mainhand 0 onepiece_addon:diablejambe"
          ]
        },
        "2":{
          "transitions":[
            {"3":"(1.0)"}
          ],
          "on_entry":[
            "/enchant @s fire_aspect 2"
          ]
        },
        "3":{
          "on_entry":[
            "/tag @s add crisis"
          ]
        }
      }
    },
    "controller.animation.sanji_attack":{
      "states":{
        "default":{
          "transitions":[
            {"1":"variable.attack_time"}
          ]
        },
        "1":{
          "transitions":[
            {"default":"!variable.attack_time"}
          ],
          "on_entry":[
            "/summon onepiece_addon:sanji_attack1 ^^^1"
          ]
        }
      }
    }
  }
}