{
  "format_version": "1.13.0",
  "minecraft:entity": {    
    "description": {
      "identifier": "onepiece_addon:strawmanfujitora",
      "is_spawnable": false,
      "is_summonable": true,
      "is_experimental": false
    },
    "component_groups": {
      "onepiece_addon:despawn": {
        "minecraft:spawn_entity": {
          "entities": {
            "min_wait_time": 0,
            "max_wait_time": 0,
            "spawn_item": "onepiece_addon:strawmanfujitora"
          }
        },
        "minecraft:instant_despawn": {}
      }
    },
    "components": {
      "minecraft:knockback_resistance": {
        "value": 5.0
      },
      "minecraft:health": {
        "value": 100,
        "max": 100
      },
      "minecraft:damage_sensor": {
        "triggers":[
          {
            "cause": "fall",
            "deals_damage": false
          },
          {
            "cause": "wither",
            "deals_damage": false
          },
          {
            "cause": "fire",
            "deals_damage": false
          },
          {
            "cause": "lightning",
            "deals_damage": false
          },
          {
            "cause": "magma",
            "deals_damage": false
          },
          {
            "cause": "lava",
            "deals_damage": false
          },
          {
            "on_damage": {
              "filters": {
                "all_of": [
                  {
                    "test": "is_family",
                    "subject": "other",
                    "value": "player"
                  }
                ]
              },
              "event": "onepiece_addon:be_despawn"
            },
            "deals_damage": false
          }
        ]
      },
      "minecraft:fire_immune": {
      },
      "minecraft:collision_box": {
        "width": 0.5,
        "height": 0.5
      },
      "minecraft:physics": {
      },
      "minecraft:conditional_bandwidth_optimization": {
      },
      "minecraft:pushable": {
        "is_pushable": false,
        "is_pushable_by_piston": true
      }
    },
    "events": {
      "onepiece_addon:be_despawn": {
        "add": {
          "component_groups": [
            "onepiece_addon:despawn"
          ]
        }
      }
    }
  }
}