{
	"format_version": "1.12.0",
	"minecraft:geometry": [
		{
			"description": {
				"identifier": "geometry.bones",
				"texture_width": 64,
				"texture_height": 32,
				"visible_bounds_width": 3,
				"visible_bounds_height": 3,
				"visible_bounds_offset": [0, 0.5, 0]
			},
			"bones": [
				{
					"name": "main",
					"pivot": [0, 1, -17],
					"rotation": [-85, 0, 0]
				},
				{
					"name": "leftLeg",
					"parent": "main",
					"pivot": [-2, 13, -17],
					"mirror": true,
					"cubes": [
						{"origin": [-3, 1, -18], "size": [2, 12, 2], "pivot": [-2, 13, -17], "rotation": [3.38595, 22.13991, -10.80524], "uv": [0, 16], "mirror": false}
					]
				},
				{
					"name": "body",
					"parent": "main",
					"pivot": [0, 19, -17],
					"mirror": true,
					"cubes": [
						{"origin": [-4, 13, -19], "size": [8, 12, 4], "uv": [16, 16]}
					]
				},
				{
					"name": "head",
					"parent": "main",
					"pivot": [0, 25, -17],
					"mirror": true,
					"cubes": [
						{"origin": [-4, 25, -21], "size": [8, 8, 8], "pivot": [0, 26, -17], "rotation": [0, 35, -12.5], "uv": [0, 0]}
					]
				},
				{
					"name": "rightArm",
					"parent": "main",
					"pivot": [5, 23, -17],
					"mirror": true,
					"cubes": [
						{"origin": [4, 13, -18], "size": [2, 12, 2], "pivot": [5, 24, -17], "rotation": [166.2506, -2.16489, 59.97637], "uv": [40, 16]}
					]
				},
				{
					"name": "leftArm",
					"parent": "main",
					"pivot": [-5, 23, -17],
					"mirror": true,
					"cubes": [
						{"origin": [-6, 13, -18], "size": [2, 12, 2], "pivot": [-5, 24, -17], "rotation": [10, 0, 35], "uv": [40, 16], "mirror": false}
					]
				},
				{
					"name": "rightLeg",
					"parent": "main",
					"pivot": [2, 13, -17],
					"mirror": true,
					"cubes": [
						{"origin": [1, 1, -18], "size": [2, 12, 2], "pivot": [2, 13, -17], "rotation": [2.5, 0, -25], "uv": [0, 16]}
					]
				}
			]
		}
	]
}