{
	"format_version": "1.12.0",
	"minecraft:geometry": [
		{
			"description": {
				"identifier": "geometry.bone_thief",
				"texture_width": 256,
				"texture_height": 256,
				"visible_bounds_width": 9,
				"visible_bounds_height": 6,
				"visible_bounds_offset": [0, 2, 0]
			},
			"bones": [
				{
					"name": "Main",
					"pivot": [0, 10, 0]
				},
				{
					"name": "head",
					"parent": "Main",
					"pivot": [-0.3, 25.91, -34.55],
					"cubes": [
						{
							"origin": [-23, 10, -39],
							"size": [45, 7, 8],
							"uv": {
								"north": {"uv": [150, 105], "uv_size": [45, 7]},
								"east": {"uv": [222, 160], "uv_size": [8, 7]},
								"south": {"uv": [150, 112], "uv_size": [45, 7]},
								"west": {"uv": [8, 227], "uv_size": [8, 7]},
								"up": {"uv": [129, 51], "uv_size": [45, 8]},
								"down": {"uv": [150, 105], "uv_size": [45, -8]}
							}
						},
						{
							"origin": [18, 17, -39],
							"size": [4, 12, 8],
							"uv": {
								"north": {"uv": [33, 111], "uv_size": [4, 12]},
								"east": {"uv": [184, 212], "uv_size": [8, 12]},
								"south": {"uv": [79, 204], "uv_size": [4, 12]},
								"west": {"uv": [134, 213], "uv_size": [8, 12]},
								"up": {"uv": [78, 91], "uv_size": [4, 8]},
								"down": {"uv": [10, 202], "uv_size": [4, -8]}
							}
						},
						{
							"origin": [-22, 17, -39],
							"size": [4, 12, 8],
							"uv": {
								"north": {"uv": [45, 222], "uv_size": [4, 12]},
								"east": {"uv": [213, 195], "uv_size": [8, 12]},
								"south": {"uv": [150, 224], "uv_size": [4, 12]},
								"west": {"uv": [215, 24], "uv_size": [8, 12]},
								"up": {"uv": [124, 204], "uv_size": [4, 8]},
								"down": {"uv": [71, 236], "uv_size": [4, -8]}
							}
						},
						{
							"origin": [-22.5, 29, -39],
							"size": [44, 7, 11],
							"uv": {
								"north": {"uv": [56, 151], "uv_size": [44, 7]},
								"east": {"uv": [221, 195], "uv_size": [11, 7]},
								"south": {"uv": [152, 59], "uv_size": [44, 7]},
								"west": {"uv": [222, 3], "uv_size": [11, 7]},
								"up": {"uv": [129, 40], "uv_size": [44, 11]},
								"down": {"uv": [132, 133], "uv_size": [44, -11]}
							}
						},
						{
							"origin": [-18.5, 36.05, -39.75],
							"size": [36, 3, 11],
							"uv": {
								"north": {"uv": [210, 115], "uv_size": [36, 3]},
								"east": {"uv": [150, 119], "uv_size": [11, 3]},
								"south": {"uv": [212, 0], "uv_size": [36, 3]},
								"west": {"uv": [161, 119], "uv_size": [11, 3]},
								"up": {"uv": [64, 140], "uv_size": [36, 11]},
								"down": {"uv": [0, 157], "uv_size": [36, -11]}
							}
						}
					]
				},
				{
					"name": "TopJaw",
					"parent": "head",
					"pivot": [-0.5, 25.1, -38.1],
					"rotation": [-30, 0, 0],
					"cubes": [
						{
							"origin": [-23, 30, -70],
							"size": [45, 6, 31],
							"uv": {
								"north": {"uv": [156, 83], "uv_size": [45, 6]},
								"east": {"uv": [176, 125], "uv_size": [31, 6]},
								"south": {"uv": [156, 89], "uv_size": [45, 6]},
								"west": {"uv": [177, 168], "uv_size": [31, 6]},
								"up": {"uv": [45, 0], "uv_size": [45, 31]},
								"down": {"uv": [45, 62], "uv_size": [45, -31]}
							}
						},
						{
							"origin": [-21, 36, -69],
							"size": [41, 4, 29],
							"uv": {
								"north": {"uv": [193, 174], "uv_size": [41, 4]},
								"east": {"uv": [205, 53], "uv_size": [29, 4]},
								"south": {"uv": [193, 178], "uv_size": [41, 4]},
								"west": {"uv": [207, 125], "uv_size": [29, 4]},
								"up": {"uv": [0, 62], "uv_size": [41, 29]},
								"down": {"uv": [41, 91], "uv_size": [41, -29]}
							}
						},
						{
							"origin": [-23, 23, -70],
							"size": [5, 7, 31],
							"uv": {
								"north": {"uv": [227, 98], "uv_size": [5, 7]},
								"east": {"uv": [173, 32], "uv_size": [31, 7]},
								"south": {"uv": [113, 227], "uv_size": [5, 7]},
								"west": {"uv": [173, 39], "uv_size": [31, 7]},
								"up": {"uv": [192, 195], "uv_size": [5, 31]},
								"down": {"uv": [197, 226], "uv_size": [5, -31]}
							}
						},
						{
							"origin": [17, 23, -70],
							"size": [5, 7, 31],
							"uv": {
								"north": {"uv": [227, 118], "uv_size": [5, 7]},
								"east": {"uv": [0, 174], "uv_size": [31, 7]},
								"south": {"uv": [227, 129], "uv_size": [5, 7]},
								"west": {"uv": [174, 46], "uv_size": [31, 7]},
								"up": {"uv": [154, 198], "uv_size": [5, 31]},
								"down": {"uv": [159, 229], "uv_size": [5, -31]}
							}
						},
						{
							"origin": [-18, 23, -70],
							"size": [35, 7, 5],
							"uv": {
								"north": {"uv": [166, 0], "uv_size": [35, 7]},
								"east": {"uv": [227, 136], "uv_size": [5, 7]},
								"south": {"uv": [166, 7], "uv_size": [35, 7]},
								"west": {"uv": [66, 228], "uv_size": [5, 7]},
								"up": {"uv": [192, 136], "uv_size": [35, 5]},
								"down": {"uv": [192, 195], "uv_size": [35, -5]}
							}
						}
					]
				},
				{
					"name": "BottomJaw",
					"parent": "head",
					"pivot": [-0.5, 17.875, -35.75],
					"rotation": [17.5, 0, 0],
					"cubes": [
						{
							"origin": [-23, 10, -70],
							"size": [45, 6, 31],
							"uv": {
								"north": {"uv": [140, 155], "uv_size": [45, 6]},
								"east": {"uv": [174, 53], "uv_size": [31, 6]},
								"south": {"uv": [156, 77], "uv_size": [45, 6]},
								"west": {"uv": [176, 119], "uv_size": [31, 6]},
								"up": {"uv": [0, 0], "uv_size": [45, 31]},
								"down": {"uv": [0, 62], "uv_size": [45, -31]}
							}
						},
						{
							"origin": [-23, 16, -70],
							"size": [5, 7, 31],
							"uv": {
								"north": {"uv": [72, 109], "uv_size": [5, 7]},
								"east": {"uv": [33, 168], "uv_size": [31, 7]},
								"south": {"uv": [136, 225], "uv_size": [5, 7]},
								"west": {"uv": [115, 168], "uv_size": [31, 7]},
								"up": {"uv": [45, 191], "uv_size": [5, 31]},
								"down": {"uv": [83, 224], "uv_size": [5, -31]}
							}
						},
						{
							"origin": [17, 16, -70],
							"size": [5, 7, 31],
							"uv": {
								"north": {"uv": [196, 226], "uv_size": [5, 7]},
								"east": {"uv": [146, 168], "uv_size": [31, 7]},
								"south": {"uv": [56, 227], "uv_size": [5, 7]},
								"west": {"uv": [173, 25], "uv_size": [31, 7]},
								"up": {"uv": [0, 194], "uv_size": [5, 31]},
								"down": {"uv": [5, 225], "uv_size": [5, -31]}
							}
						},
						{
							"origin": [-18, 16, -70],
							"size": [35, 7, 5],
							"uv": {
								"north": {"uv": [82, 160], "uv_size": [35, 7]},
								"east": {"uv": [61, 227], "uv_size": [5, 7]},
								"south": {"uv": [140, 161], "uv_size": [35, 7]},
								"west": {"uv": [227, 91], "uv_size": [5, 7]},
								"up": {"uv": [185, 155], "uv_size": [35, 5]},
								"down": {"uv": [192, 136], "uv_size": [35, -5]}
							}
						}
					]
				},
				{
					"name": "body",
					"parent": "Main",
					"pivot": [0, 10, -15],
					"cubes": [
						{
							"origin": [-20, 10, -11],
							"size": [39, 18, 20],
							"uv": {
								"north": {"uv": [39, 91], "uv_size": [39, 18]},
								"east": {"uv": [100, 142], "uv_size": [20, 18]},
								"south": {"uv": [78, 102], "uv_size": [39, 18]},
								"west": {"uv": [36, 146], "uv_size": [20, 18]},
								"up": {"uv": [90, 40], "uv_size": [39, 20]},
								"down": {"uv": [0, 111], "uv_size": [39, -20]}
							}
						},
						{
							"origin": [-17, 28, -11],
							"size": [33, 6.8, 20],
							"uv": {
								"north": {"uv": [0, 167], "uv_size": [33, 6.75]},
								"east": {"uv": [201, 86], "uv_size": [20, 6.75]},
								"south": {"uv": [82, 167], "uv_size": [33, 6.75]},
								"west": {"uv": [202, 160], "uv_size": [20, 6.75]},
								"up": {"uv": [39, 109], "uv_size": [33, 20]},
								"down": {"uv": [0, 131], "uv_size": [33, -20]}
							}
						},
						{
							"origin": [-20.13075, 27.73041, -11],
							"size": [7.25, 4.35, 20],
							"pivot": [-16.50575, 29.90541, -0.5],
							"rotation": [0, 0, -65],
							"uv": {
								"north": {"uv": [225, 66], "uv_size": [7.25, 4.25]},
								"east": {"uv": [125, 97], "uv_size": [20, 4.25]},
								"south": {"uv": [227, 190], "uv_size": [7.25, 4.25]},
								"west": {"uv": [214, 147], "uv_size": [20, 4.25]},
								"up": {"uv": [30, 202], "uv_size": [7.25, 20]},
								"down": {"uv": [98, 222], "uv_size": [7.25, -20]}
							}
						},
						{
							"origin": [12.88075, 27.73041, -11],
							"size": [6.25, 3.75, 20],
							"pivot": [16.50575, 29.90541, -0.5],
							"rotation": [0, 0, 65],
							"uv": {
								"north": {"uv": [225, 143], "uv_size": [6.25, 3.75]},
								"east": {"uv": [36, 164], "uv_size": [20, 3.75]},
								"south": {"uv": [228, 167], "uv_size": [6.25, 3.75]},
								"west": {"uv": [222, 10], "uv_size": [20, 3.75]},
								"up": {"uv": [21, 203], "uv_size": [6.25, 20]},
								"down": {"uv": [61, 227], "uv_size": [6.25, -20]}
							}
						},
						{
							"origin": [-14, 24, 9],
							"size": [27, 7, 20],
							"uv": {
								"north": {"uv": [175, 161], "uv_size": [27, 7]},
								"east": {"uv": [194, 147], "uv_size": [20, 7]},
								"south": {"uv": [166, 175], "uv_size": [27, 7]},
								"west": {"uv": [196, 59], "uv_size": [20, 7]},
								"up": {"uv": [105, 122], "uv_size": [27, 20]},
								"down": {"uv": [125, 80], "uv_size": [27, -20]}
							}
						},
						{
							"origin": [7.97537, 22.44141, 9],
							"size": [7, 6.5, 19.5],
							"pivot": [11.97537, 25.94141, 19],
							"rotation": [0, 0, 67.5],
							"uv": {
								"north": {"uv": [76, 217], "uv_size": [7, 6.5]},
								"east": {"uv": [207, 93], "uv_size": [19.5, 6.5]},
								"south": {"uv": [49, 227], "uv_size": [7, 6.5]},
								"west": {"uv": [207, 100], "uv_size": [19.5, 6.5]},
								"up": {"uv": [38, 202], "uv_size": [7, 19.5]},
								"down": {"uv": [106, 221.5], "uv_size": [7, -19.5]}
							}
						},
						{
							"origin": [-16.05306, 24.05768, 9],
							"size": [7.9, 6.3, 19.5],
							"pivot": [-11.55306, 26.30768, 18.75],
							"rotation": [0, 0, -67.5],
							"uv": {
								"north": {"uv": [27, 227], "uv_size": [8, 6.25]},
								"east": {"uv": [207, 118], "uv_size": [19.5, 6.25]},
								"south": {"uv": [35, 227], "uv_size": [8, 6.25]},
								"west": {"uv": [208, 167], "uv_size": [19.5, 6.25]},
								"up": {"uv": [128, 193], "uv_size": [8, 19.5]},
								"down": {"uv": [136, 212.5], "uv_size": [8, -19.5]}
							}
						},
						{
							"origin": [-17, 10, 9],
							"size": [33, 14, 20],
							"uv": {
								"north": {"uv": [0, 131], "uv_size": [33, 14]},
								"east": {"uv": [153, 25], "uv_size": [20, 14]},
								"south": {"uv": [133, 0], "uv_size": [33, 14]},
								"west": {"uv": [120, 153], "uv_size": [20, 14]},
								"up": {"uv": [117, 102], "uv_size": [33, 20]},
								"down": {"uv": [72, 140], "uv_size": [33, -20]}
							}
						}
					]
				},
				{
					"name": "neck",
					"parent": "body",
					"pivot": [-0.50693, 28.01449, -19.875],
					"cubes": [
						{
							"origin": [-22, 10, -31],
							"size": [43, 20, 20],
							"uv": {
								"north": {"uv": [82, 62], "uv_size": [43, 20]},
								"east": {"uv": [133, 14], "uv_size": [20, 20]},
								"south": {"uv": [82, 82], "uv_size": [43, 20]},
								"west": {"uv": [132, 133], "uv_size": [20, 20]},
								"up": {"uv": [90, 0], "uv_size": [43, 20]},
								"down": {"uv": [90, 40], "uv_size": [43, -20]}
							}
						},
						{
							"origin": [14, 27.75, -28],
							"size": [7, 4.5, 17],
							"pivot": [17.5, 31.5, -19.5],
							"rotation": [0, 0, 32.5],
							"uv": {
								"north": {"uv": [56, 146], "uv_size": [7, 4.5]},
								"east": {"uv": [221, 202], "uv_size": [17, 4.5]},
								"south": {"uv": [154, 185], "uv_size": [7, 4.5]},
								"west": {"uv": [28, 222], "uv_size": [17, 4.5]},
								"up": {"uv": [88, 207], "uv_size": [7, 17]},
								"down": {"uv": [144, 224], "uv_size": [7, -17]}
							}
						},
						{
							"origin": [-16, 29, -28],
							"size": [31, 5.3, 17],
							"uv": {
								"north": {"uv": [194, 66], "uv_size": [31, 5.25]},
								"east": {"uv": [133, 34], "uv_size": [17, 5.25]},
								"south": {"uv": [194, 141], "uv_size": [31, 5.25]},
								"west": {"uv": [64, 168], "uv_size": [17, 5.25]},
								"up": {"uv": [125, 80], "uv_size": [31, 17]},
								"down": {"uv": [33, 146], "uv_size": [31, -17]}
							}
						},
						{
							"origin": [-21.9, 28.25, -28],
							"size": [7, 4.5, 17],
							"pivot": [-17.5, 31.5, -19.5],
							"rotation": [0, 0, -32.5],
							"uv": {
								"north": {"uv": [194, 72], "uv_size": [7, 4.5]},
								"east": {"uv": [222, 72], "uv_size": [17, 4.5]},
								"south": {"uv": [223, 30], "uv_size": [7, 4.5]},
								"west": {"uv": [222, 77], "uv_size": [17, 4.5]},
								"up": {"uv": [202, 208], "uv_size": [7, 17]},
								"down": {"uv": [209, 225], "uv_size": [7, -17]}
							}
						}
					]
				},
				{
					"name": "LeftLeg",
					"parent": "Main",
					"pivot": [28.7082, 14, 27.24131],
					"rotation": [-30, 0, 0],
					"cubes": [
						{
							"origin": [13, 10, 20],
							"size": [7, 8, 9],
							"pivot": [19.5, 14, 24.5],
							"rotation": [0, -30, 0],
							"uv": {
								"north": {"uv": [57, 175], "uv_size": [7, 8]},
								"east": {"uv": [95, 222], "uv_size": [9, 8]},
								"south": {"uv": [225, 182], "uv_size": [7, 8]},
								"west": {"uv": [104, 222], "uv_size": [9, 8]},
								"up": {"uv": [129, 225], "uv_size": [7, 9]},
								"down": {"uv": [202, 234], "uv_size": [7, -9]}
							}
						},
						{
							"origin": [19.4641, 10, 9],
							"size": [8, 8, 22],
							"pivot": [22.9641, 14, 26.5],
							"rotation": [0, -30, 0],
							"uv": {
								"north": {"uv": [223, 22], "uv_size": [8, 8]},
								"east": {"uv": [179, 14], "uv_size": [22, 8]},
								"south": {"uv": [173, 223], "uv_size": [8, 8]},
								"west": {"uv": [166, 182], "uv_size": [22, 8]},
								"up": {"uv": [14, 181], "uv_size": [8, 22]},
								"down": {"uv": [22, 203], "uv_size": [8, -22]}
							}
						},
						{
							"origin": [30.14134, 10, 14.02083],
							"size": [8, 8, 22],
							"pivot": [34.44134, 14, 25.62083],
							"rotation": [0, 12.5, 0],
							"uv": {
								"north": {"uv": [76, 224], "uv_size": [8, 8]},
								"east": {"uv": [30, 183], "uv_size": [22, 8]},
								"south": {"uv": [84, 224], "uv_size": [8, 8]},
								"west": {"uv": [102, 183], "uv_size": [22, 8]},
								"up": {"uv": [52, 183], "uv_size": [8, 22]},
								"down": {"uv": [60, 207], "uv_size": [8, -22]}
							}
						},
						{
							"origin": [29.14134, 10, 36.02083],
							"size": [10, 8, 8],
							"pivot": [34.44134, 14, 25.62083],
							"rotation": [0, 12.5, 0],
							"uv": {
								"north": {"uv": [26, 157], "uv_size": [10, 8]},
								"east": {"uv": [121, 224], "uv_size": [8, 8]},
								"south": {"uv": [216, 14], "uv_size": [10, 8]},
								"west": {"uv": [142, 224], "uv_size": [8, 8]},
								"up": {"uv": [216, 57], "uv_size": [10, 8]},
								"down": {"uv": [50, 227], "uv_size": [10, -8]}
							}
						}
					]
				},
				{
					"name": "RightLeg",
					"parent": "Main",
					"pivot": [-28.7082, 14, 27.24131],
					"rotation": [-22.5, 0, 0],
					"cubes": [
						{
							"origin": [-20, 10, 20],
							"size": [7, 8, 9],
							"pivot": [-19.5, 14, 24.5],
							"rotation": [0, 30, 0],
							"uv": {
								"north": {"uv": [226, 14], "uv_size": [7, 8]},
								"east": {"uv": [164, 222], "uv_size": [9, 8]},
								"south": {"uv": [189, 226], "uv_size": [7, 8]},
								"west": {"uv": [18, 223], "uv_size": [9, 8]},
								"up": {"uv": [209, 225], "uv_size": [7, 9]},
								"down": {"uv": [226, 66], "uv_size": [7, -9]}
							}
						},
						{
							"origin": [-27.4641, 10, 9],
							"size": [8, 8, 22],
							"pivot": [-22.9641, 14, 26.5],
							"rotation": [0, 30, 0],
							"uv": {
								"north": {"uv": [181, 224], "uv_size": [8, 8]},
								"east": {"uv": [68, 185], "uv_size": [22, 8]},
								"south": {"uv": [224, 207], "uv_size": [8, 8]},
								"west": {"uv": [124, 185], "uv_size": [22, 8]},
								"up": {"uv": [90, 185], "uv_size": [8, 22]},
								"down": {"uv": [146, 207], "uv_size": [8, -22]}
							}
						},
						{
							"origin": [-38.14134, 10, 14.02083],
							"size": [8, 8, 22],
							"pivot": [-34.44134, 14, 25.62083],
							"rotation": [0, -12.5, 0],
							"uv": {
								"north": {"uv": [224, 215], "uv_size": [8, 8]},
								"east": {"uv": [188, 182], "uv_size": [22, 8]},
								"south": {"uv": [224, 223], "uv_size": [8, 8]},
								"west": {"uv": [154, 190], "uv_size": [22, 8]},
								"up": {"uv": [176, 190], "uv_size": [8, 22]},
								"down": {"uv": [184, 212], "uv_size": [8, -22]}
							}
						},
						{
							"origin": [-39.14134, 10, 36.02083],
							"size": [10, 8, 8],
							"pivot": [-34.44134, 14, 25.62083],
							"rotation": [0, -12.5, 0],
							"uv": {
								"north": {"uv": [220, 36], "uv_size": [10, 8]},
								"east": {"uv": [0, 225], "uv_size": [8, 8]},
								"south": {"uv": [220, 152], "uv_size": [10, 8]},
								"west": {"uv": [225, 107], "uv_size": [8, 8]},
								"up": {"uv": [221, 44], "uv_size": [10, 8]},
								"down": {"uv": [221, 91], "uv_size": [10, -8]}
							}
						}
					]
				},
				{
					"name": "LeftArm",
					"parent": "Main",
					"pivot": [20.27018, 15.5, -17.34621],
					"rotation": [-32.5, -20, 0],
					"cubes": [
						{
							"origin": [17, 10, -27],
							"size": [16, 11, 8],
							"pivot": [26.5, 15.5, -24.5],
							"rotation": [0, 30, 0],
							"uv": {
								"north": {"uv": [178, 66], "uv_size": [16, 11]},
								"east": {"uv": [64, 129], "uv_size": [8, 11]},
								"south": {"uv": [178, 144], "uv_size": [16, 11]},
								"west": {"uv": [10, 216], "uv_size": [8, 11]},
								"up": {"uv": [204, 37], "uv_size": [16, 8]},
								"down": {"uv": [205, 53], "uv_size": [16, -8]}
							}
						},
						{
							"origin": [20.61285, 10, -20.91187],
							"size": [26, 11, 7.7],
							"pivot": [33.61285, 15.5, -17.06187],
							"rotation": [0, -62.5, 0],
							"uv": {
								"north": {"uv": [152, 66], "uv_size": [26, 11]},
								"east": {"uv": [113, 216], "uv_size": [7.75, 11]},
								"south": {"uv": [152, 133], "uv_size": [26, 11]},
								"west": {"uv": [216, 207], "uv_size": [7.75, 11]},
								"up": {"uv": [31, 175], "uv_size": [26, 7.75]},
								"down": {"uv": [102, 182.75], "uv_size": [26, -7.75]}
							}
						},
						{
							"origin": [36.50845, 10, -10.786],
							"size": [15, 11, 7.7],
							"uv": {
								"north": {"uv": [30, 191], "uv_size": [15, 11]},
								"east": {"uv": [68, 217], "uv_size": [7.75, 11]},
								"south": {"uv": [98, 191], "uv_size": [15, 11]},
								"west": {"uv": [216, 218], "uv_size": [7.75, 11]},
								"up": {"uv": [210, 107], "uv_size": [15, 7.75]},
								"down": {"uv": [210, 189.75], "uv_size": [15, -7.75]}
							}
						},
						{
							"origin": [51.10845, 9, -12.786],
							"size": [10.8, 13, 11.7],
							"uv": {
								"north": {"uv": [202, 195], "uv_size": [10.75, 13]},
								"east": {"uv": [195, 95], "uv_size": [11.75, 13]},
								"south": {"uv": [10, 203], "uv_size": [10.75, 13]},
								"west": {"uv": [164, 198], "uv_size": [11.75, 13]},
								"up": {"uv": [113, 204], "uv_size": [10.75, 11.75]},
								"down": {"uv": [50, 218.75], "uv_size": [10.75, -11.75]}
							}
						}
					]
				},
				{
					"name": "RightArm",
					"parent": "Main",
					"pivot": [-21.78844, 15.5, -21.1976],
					"rotation": [-30, 20, 0],
					"cubes": [
						{
							"origin": [-36, 10, -30],
							"size": [19, 11, 10],
							"pivot": [-26.5, 15.5, -24.5],
							"rotation": [0, -30, 0],
							"uv": {
								"north": {"uv": [64, 174], "uv_size": [19, 11]},
								"east": {"uv": [120, 142], "uv_size": [10, 11]},
								"south": {"uv": [83, 174], "uv_size": [19, 11]},
								"west": {"uv": [164, 211], "uv_size": [10, 11]},
								"up": {"uv": [128, 175], "uv_size": [19, 10]},
								"down": {"uv": [147, 185], "uv_size": [19, -10]}
							}
						},
						{
							"origin": [-57.50798, 10, -25.95108],
							"size": [26, 11, 9.7],
							"pivot": [-37.38015, 15.5, -27.05878],
							"rotation": [0, 62.5, 0],
							"uv": {
								"north": {"uv": [152, 144], "uv_size": [26, 11]},
								"east": {"uv": [212, 3], "uv_size": [9.75, 11]},
								"south": {"uv": [153, 14], "uv_size": [26, 11]},
								"west": {"uv": [212, 72], "uv_size": [9.75, 11]},
								"up": {"uv": [0, 157], "uv_size": [26, 9.75]},
								"down": {"uv": [56, 167.75], "uv_size": [26, -9.75]}
							}
						},
						{
							"origin": [-51.50845, 10, -13.786],
							"size": [15, 11, 9.7],
							"uv": {
								"north": {"uv": [68, 193], "uv_size": [15, 11]},
								"east": {"uv": [174, 212], "uv_size": [9.75, 11]},
								"south": {"uv": [113, 193], "uv_size": [15, 11]},
								"west": {"uv": [124, 213], "uv_size": [9.75, 11]},
								"up": {"uv": [195, 108], "uv_size": [15, 9.75]},
								"down": {"uv": [201, 23.75], "uv_size": [15, -9.75]}
							}
						},
						{
							"origin": [-61.90845, 9, -15.786],
							"size": [10.8, 13, 13.7],
							"uv": {
								"north": {"uv": [204, 24], "uv_size": [10.75, 13]},
								"east": {"uv": [178, 131], "uv_size": [13.75, 13]},
								"south": {"uv": [68, 204], "uv_size": [10.75, 13]},
								"west": {"uv": [0, 181], "uv_size": [13.75, 13]},
								"up": {"uv": [201, 0], "uv_size": [10.75, 13.75]},
								"down": {"uv": [201, 85.75], "uv_size": [10.75, -13.75]}
							}
						}
					]
				}
			]
		}
	]
}