{
	"format_version": "1.12.0",
	"minecraft:geometry": [
		{
			"description": {
				"identifier": "geometry.clump",
				"texture_width": 64,
				"texture_height": 64,
				"visible_bounds_width": 3,
				"visible_bounds_height": 3.5,
				"visible_bounds_offset": [0, 1.25, 0]
			},
			"bones": [
				{
					"name": "main",
					"pivot": [0, 6, 0],
					"cubes": [
						{
							"origin": [-4, 6, -4],
							"size": [8, 8, 8],
							"uv": {
								"north": {"uv": [0, 0], "uv_size": [8, 8]},
								"east": {"uv": [0, 8], "uv_size": [8, 8]},
								"south": {"uv": [8, 0], "uv_size": [8, 8]},
								"west": {"uv": [8, 8], "uv_size": [8, 8]},
								"up": {"uv": [0, 16], "uv_size": [8, 8]},
								"down": {"uv": [16, 8], "uv_size": [8, -8]}
							}
						}
					]
				},
				{
					"name": "arms",
					"parent": "main",
					"pivot": [0, 6, 0],
					"cubes": [
						{
							"origin": [-10, 6, -2],
							"size": [6, 3, 3],
							"pivot": [-4, 7.5, -0.5],
							"rotation": [17.23442, -24.94169, -36.33914],
							"uv": {
								"north": {"uv": [21, 26], "uv_size": [6, 3]},
								"east": {"uv": [45, 0], "uv_size": [3, 3]},
								"south": {"uv": [0, 27], "uv_size": [6, 3]},
								"west": {"uv": [45, 3], "uv_size": [3, 3]},
								"up": {"uv": [27, 26], "uv_size": [6, 3]},
								"down": {"uv": [6, 31], "uv_size": [6, -3]}
							}
						},
						{
							"origin": [-11.14412, 8.89251, -3.32069],
							"size": [6, 3, 3],
							"pivot": [-6.56225, 10.82691, -0.67659],
							"rotation": [26.25382, 27.79687, 116.60518],
							"uv": {
								"north": {"uv": [15, 32], "uv_size": [6, 3]},
								"east": {"uv": [47, 13], "uv_size": [3, 3]},
								"south": {"uv": [32, 15], "uv_size": [6, 3]},
								"west": {"uv": [47, 16], "uv_size": [3, 3]},
								"up": {"uv": [21, 32], "uv_size": [6, 3]},
								"down": {"uv": [27, 35], "uv_size": [6, -3]}
							}
						},
						{
							"origin": [-10.43671, 6, -5.00171],
							"size": [6, 3, 3],
							"pivot": [-5.5, 7.5, -3.75],
							"rotation": [-21.48911, 18.77656, 55.99659],
							"uv": {
								"north": {"uv": [31, 20], "uv_size": [6, 3]},
								"east": {"uv": [47, 6], "uv_size": [3, 3]},
								"south": {"uv": [32, 6], "uv_size": [6, 3]},
								"west": {"uv": [12, 47], "uv_size": [3, 3]},
								"up": {"uv": [9, 32], "uv_size": [6, 3]},
								"down": {"uv": [32, 12], "uv_size": [6, -3]}
							}
						},
						{
							"origin": [4, 11, -4],
							"size": [7, 3, 3],
							"pivot": [4, 12.5, -2.5],
							"rotation": [20.98998, 31.81666, 36.04466],
							"uv": {
								"north": {"uv": [16, 23], "uv_size": [7, 3]},
								"east": {"uv": [26, 47], "uv_size": [3, 3]},
								"south": {"uv": [23, 23], "uv_size": [7, 3]},
								"west": {"uv": [47, 27], "uv_size": [3, 3]},
								"up": {"uv": [0, 24], "uv_size": [7, 3]},
								"down": {"uv": [24, 3], "uv_size": [7, -3]}
							}
						},
						{
							"origin": [-4, 14, -4],
							"size": [5, 3, 3],
							"pivot": [-1.5, 15.5, -2.5],
							"rotation": [-48.2968, 67.10507, -50.61848],
							"uv": {
								"north": {"uv": [39, 12], "uv_size": [5, 3]},
								"east": {"uv": [50, 12], "uv_size": [3, 3]},
								"south": {"uv": [39, 26], "uv_size": [5, 3]},
								"west": {"uv": [50, 15], "uv_size": [3, 3]},
								"up": {"uv": [40, 0], "uv_size": [5, 3]},
								"down": {"uv": [40, 6], "uv_size": [5, -3]}
							}
						},
						{
							"origin": [-2.50222, 14.8, -2.02354],
							"size": [8, 3, 3],
							"pivot": [1.39778, 15.5, -1.72354],
							"rotation": [0, 160, 0],
							"uv": {
								"north": {"uv": [17, 17], "uv_size": [8, 3]},
								"east": {"uv": [51, 0], "uv_size": [3, 3]},
								"south": {"uv": [8, 19], "uv_size": [8, 3]},
								"west": {"uv": [51, 3], "uv_size": [3, 3]},
								"up": {"uv": [16, 20], "uv_size": [8, 3]},
								"down": {"uv": [8, 25], "uv_size": [8, -3]}
							}
						},
						{
							"origin": [-4, 14, 1],
							"size": [5, 3, 3],
							"pivot": [-1.5, 15.5, 2.5],
							"rotation": [0, 50, 15],
							"uv": {
								"north": {"uv": [5, 41], "uv_size": [5, 3]},
								"east": {"uv": [18, 50], "uv_size": [3, 3]},
								"south": {"uv": [10, 41], "uv_size": [5, 3]},
								"west": {"uv": [50, 18], "uv_size": [3, 3]},
								"up": {"uv": [15, 41], "uv_size": [5, 3]},
								"down": {"uv": [20, 44], "uv_size": [5, -3]}
							}
						},
						{
							"origin": [-8.87277, 12.5, 3.70697],
							"size": [7, 3, 3],
							"pivot": [-3.71394, 15.5, 5.33022],
							"rotation": [-43.39482, 27.79687, -48.74618],
							"uv": {
								"north": {"uv": [24, 3], "uv_size": [7, 3]},
								"east": {"uv": [25, 50], "uv_size": [3, 3]},
								"south": {"uv": [24, 20], "uv_size": [7, 3]},
								"west": {"uv": [50, 25], "uv_size": [3, 3]},
								"up": {"uv": [25, 6], "uv_size": [7, 3]},
								"down": {"uv": [7, 28], "uv_size": [7, -3]}
							}
						},
						{
							"origin": [-1, 14, 1],
							"size": [5, 3, 3],
							"pivot": [1.5, 15.5, 2.5],
							"rotation": [17.19212, -28.87909, -8.49878],
							"uv": {
								"north": {"uv": [34, 41], "uv_size": [5, 3]},
								"east": {"uv": [50, 47], "uv_size": [3, 3]},
								"south": {"uv": [0, 42], "uv_size": [5, 3]},
								"west": {"uv": [50, 50], "uv_size": [3, 3]},
								"up": {"uv": [42, 21], "uv_size": [5, 3]},
								"down": {"uv": [42, 32], "uv_size": [5, -3]}
							}
						},
						{
							"origin": [0.29253, 11.77082, 3.01296],
							"size": [7, 3, 3],
							"pivot": [3.69253, 13.27082, 5.11296],
							"rotation": [-22.17225, -40.97906, 58.78046],
							"uv": {
								"north": {"uv": [25, 9], "uv_size": [7, 3]},
								"east": {"uv": [28, 50], "uv_size": [3, 3]},
								"south": {"uv": [25, 17], "uv_size": [7, 3]},
								"west": {"uv": [50, 41], "uv_size": [3, 3]},
								"up": {"uv": [26, 12], "uv_size": [7, 3]},
								"down": {"uv": [14, 29], "uv_size": [7, -3]}
							}
						},
						{
							"origin": [7, 7, -7],
							"size": [9, 3, 3],
							"pivot": [8, 8.5, -6.5],
							"rotation": [79.25846, 24.27067, 102.03981],
							"uv": {
								"north": {"uv": [8, 16], "uv_size": [9, 3]},
								"east": {"uv": [19, 47], "uv_size": [3, 3]},
								"south": {"uv": [16, 8], "uv_size": [9, 3]},
								"west": {"uv": [47, 19], "uv_size": [3, 3]},
								"up": {"uv": [16, 11], "uv_size": [9, 3]},
								"down": {"uv": [17, 17], "uv_size": [9, -3]}
							}
						},
						{
							"origin": [4, 11, -1],
							"size": [6, 3, 3],
							"pivot": [4, 12.5, 0.5],
							"rotation": [0, 0, 45],
							"uv": {
								"north": {"uv": [34, 0], "uv_size": [6, 3]},
								"east": {"uv": [48, 0], "uv_size": [3, 3]},
								"south": {"uv": [34, 3], "uv_size": [6, 3]},
								"west": {"uv": [48, 3], "uv_size": [3, 3]},
								"up": {"uv": [9, 35], "uv_size": [6, 3]},
								"down": {"uv": [15, 38], "uv_size": [6, -3]}
							}
						},
						{
							"origin": [7, 7, -1],
							"size": [6, 3, 3],
							"pivot": [8, 8.5, 0.5],
							"rotation": [-180, -77.5, -100],
							"uv": {
								"north": {"uv": [0, 33], "uv_size": [6, 3]},
								"east": {"uv": [29, 47], "uv_size": [3, 3]},
								"south": {"uv": [33, 12], "uv_size": [6, 3]},
								"west": {"uv": [47, 41], "uv_size": [3, 3]},
								"up": {"uv": [33, 26], "uv_size": [6, 3]},
								"down": {"uv": [33, 35], "uv_size": [6, -3]}
							}
						},
						{
							"origin": [4, 5, -1],
							"size": [6, 3, 3],
							"pivot": [3.5, 6, 0],
							"rotation": [0, 0, 40],
							"uv": {
								"north": {"uv": [21, 35], "uv_size": [6, 3]},
								"east": {"uv": [35, 48], "uv_size": [3, 3]},
								"south": {"uv": [27, 35], "uv_size": [6, 3]},
								"west": {"uv": [38, 48], "uv_size": [3, 3]},
								"up": {"uv": [33, 35], "uv_size": [6, 3]},
								"down": {"uv": [0, 39], "uv_size": [6, -3]}
							}
						},
						{
							"origin": [8.75, 0.75, -1],
							"size": [3, 3, 3],
							"pivot": [9, 3, 0.5],
							"rotation": [0, 0, 70],
							"uv": {
								"north": {"uv": [9, 48], "uv_size": [3, 3]},
								"east": {"uv": [48, 9], "uv_size": [3, 3]},
								"south": {"uv": [15, 48], "uv_size": [3, 3]},
								"west": {"uv": [22, 48], "uv_size": [3, 3]},
								"up": {"uv": [48, 22], "uv_size": [3, 3]},
								"down": {"uv": [32, 51], "uv_size": [3, -3]}
							}
						},
						{
							"origin": [-11.25, 4, 6],
							"size": [6, 3, 3],
							"pivot": [-5.25, 5.5, 7.5],
							"rotation": [2.61298, -9.65594, -50.22074],
							"uv": {
								"north": {"uv": [38, 6], "uv_size": [6, 3]},
								"east": {"uv": [44, 48], "uv_size": [3, 3]},
								"south": {"uv": [38, 9], "uv_size": [6, 3]},
								"west": {"uv": [47, 48], "uv_size": [3, 3]},
								"up": {"uv": [12, 38], "uv_size": [6, 3]},
								"down": {"uv": [38, 18], "uv_size": [6, -3]}
							}
						},
						{
							"origin": [-9.56078, 6.25, 2.54634],
							"size": [6, 3, 3],
							"pivot": [-4.12776, 7.5, 3.91236],
							"rotation": [-40.89339, 48.59038, -49.10661],
							"uv": {
								"north": {"uv": [36, 23], "uv_size": [6, 3]},
								"east": {"uv": [48, 38], "uv_size": [3, 3]},
								"south": {"uv": [36, 29], "uv_size": [6, 3]},
								"west": {"uv": [41, 48], "uv_size": [3, 3]},
								"up": {"uv": [37, 18], "uv_size": [6, 3]},
								"down": {"uv": [6, 41], "uv_size": [6, -3]}
							}
						},
						{
							"origin": [-14, 3.6, -2.7],
							"size": [6, 3, 3],
							"pivot": [-8, 4.5, -2.5],
							"rotation": [121.1802, -51.26211, -139.84706],
							"uv": {
								"north": {"uv": [12, 29], "uv_size": [6, 3]},
								"east": {"uv": [23, 45], "uv_size": [3, 3]},
								"south": {"uv": [18, 29], "uv_size": [6, 3]},
								"west": {"uv": [37, 45], "uv_size": [3, 3]},
								"up": {"uv": [24, 29], "uv_size": [6, 3]},
								"down": {"uv": [0, 33], "uv_size": [6, -3]}
							}
						},
						{
							"origin": [-4, 6, -8],
							"size": [3, 3, 4],
							"pivot": [-2.5, 7.5, -4],
							"rotation": [-29.65098, -31.3213, 16.48457],
							"uv": {
								"north": {"uv": [45, 38], "uv_size": [3, 3]},
								"east": {"uv": [42, 32], "uv_size": [4, 3]},
								"south": {"uv": [40, 45], "uv_size": [3, 3]},
								"west": {"uv": [42, 35], "uv_size": [4, 3]},
								"up": {"uv": [25, 41], "uv_size": [3, 4]},
								"down": {"uv": [42, 42], "uv_size": [3, -4]}
							}
						},
						{
							"origin": [-2, 8, -13],
							"size": [3, 3, 6],
							"pivot": [-0.5, 9.5, -7],
							"rotation": [-120.68383, -40.08277, 52.99308],
							"uv": {
								"north": {"uv": [43, 45], "uv_size": [3, 3]},
								"east": {"uv": [30, 23], "uv_size": [6, 3]},
								"south": {"uv": [46, 32], "uv_size": [3, 3]},
								"west": {"uv": [30, 29], "uv_size": [6, 3]},
								"up": {"uv": [31, 0], "uv_size": [3, 6]},
								"down": {"uv": [6, 37], "uv_size": [3, -6]}
							}
						},
						{
							"origin": [-2, 6.75677, 6.79209],
							"size": [3, 3, 5],
							"pivot": [-0.5, 8.85664, 6.18723],
							"rotation": [101.12501, -5.73576, 26.94093],
							"uv": {
								"north": {"uv": [50, 6], "uv_size": [3, 3]},
								"east": {"uv": [34, 38], "uv_size": [5, 3]},
								"south": {"uv": [12, 50], "uv_size": [3, 3]},
								"west": {"uv": [0, 39], "uv_size": [5, 3]},
								"up": {"uv": [39, 32], "uv_size": [3, 5]},
								"down": {"uv": [39, 42], "uv_size": [3, -5]}
							}
						},
						{
							"origin": [-4, 6, 4],
							"size": [3, 3, 4],
							"pivot": [-2.5, 7.5, 4],
							"rotation": [31.15694, 41.17522, -13.98201],
							"uv": {
								"north": {"uv": [3, 50], "uv_size": [3, 3]},
								"east": {"uv": [19, 44], "uv_size": [4, 3]},
								"south": {"uv": [6, 50], "uv_size": [3, 3]},
								"west": {"uv": [44, 24], "uv_size": [4, 3]},
								"up": {"uv": [34, 44], "uv_size": [3, 4]},
								"down": {"uv": [0, 49], "uv_size": [3, -4]}
							}
						},
						{
							"origin": [1, 5, -8],
							"size": [3, 3, 4],
							"pivot": [2.5, 5.5, -3],
							"rotation": [25, 0, 0],
							"uv": {
								"north": {"uv": [3, 47], "uv_size": [3, 3]},
								"east": {"uv": [43, 42], "uv_size": [4, 3]},
								"south": {"uv": [6, 47], "uv_size": [3, 3]},
								"west": {"uv": [5, 44], "uv_size": [4, 3]},
								"up": {"uv": [44, 6], "uv_size": [3, 4]},
								"down": {"uv": [9, 48], "uv_size": [3, -4]}
							}
						},
						{
							"origin": [1.25, 5.2, 4],
							"size": [3, 3, 4],
							"pivot": [2.5, 6.7, 4],
							"rotation": [-40, 32.5, 0],
							"uv": {
								"north": {"uv": [49, 33], "uv_size": [3, 3]},
								"east": {"uv": [44, 10], "uv_size": [4, 3]},
								"south": {"uv": [49, 44], "uv_size": [3, 3]},
								"west": {"uv": [12, 44], "uv_size": [4, 3]},
								"up": {"uv": [44, 13], "uv_size": [3, 4]},
								"down": {"uv": [16, 48], "uv_size": [3, -4]}
							}
						},
						{
							"origin": [3.75, 3.25, 6],
							"size": [3, 3, 5],
							"pivot": [4.5, 4, 5.5],
							"rotation": [-40.98084, -11.43563, 9.77243],
							"uv": {
								"north": {"uv": [0, 49], "uv_size": [3, 3]},
								"east": {"uv": [18, 38], "uv_size": [5, 3]},
								"south": {"uv": [49, 30], "uv_size": [3, 3]},
								"west": {"uv": [23, 38], "uv_size": [5, 3]},
								"up": {"uv": [28, 38], "uv_size": [3, 5]},
								"down": {"uv": [31, 43], "uv_size": [3, -5]}
							}
						},
						{
							"origin": [0.76528, 2.29591, -10.54505],
							"size": [3, 3, 4],
							"pivot": [1.73573, 2.99131, -7.74837],
							"rotation": [45.28336, 25.06451, 9.26966],
							"uv": {
								"north": {"uv": [46, 35], "uv_size": [3, 3]},
								"east": {"uv": [39, 42], "uv_size": [4, 3]},
								"south": {"uv": [46, 45], "uv_size": [3, 3]},
								"west": {"uv": [43, 18], "uv_size": [4, 3]},
								"up": {"uv": [28, 43], "uv_size": [3, 4]},
								"down": {"uv": [31, 47], "uv_size": [3, -4]}
							}
						}
					]
				}
			]
		}
	]
}