{
  "format_version": "1.16.0",
  "minecraft:entity": {
    "description": {
      "identifier": "onepiece_addon:kaido",
      "is_spawnable": true,
      "is_summonable": true,
      "is_experimental": false,
      "scripts":{
        "animate":["kaido_crisis","kaido_fly1","kaido_fly2","kaido_attack","haki","strawman"]
      },
      "animations":{
        "kaido_crisis":"controller.animation.kaido_crisis",
        "kaido_attack":"controller.animation.kaido_attack",
        "kaido_fly1":"controller.animation.kaido_fly1",
        "kaido_fly2":"controller.animation.kaido_fly2",
        "haki":"controller.animation.mamkaido_haki",
        "strawman":"controller.animation.strawman"
      }
    },
    "component_groups":{
      "onepiece_addon:ryuo_hit":{
        "minecraft:is_sheared":{},
        "minecraft:timer":{
          "looping":false,
          "randomInterval":false,
          "time":1,
          "time_down_event":{
            "event":"onepiece_addon:ryuo_out",
            "target":"self"
          }
        }
      },
      "onepiece_addon:kairouseki":{
        "minecraft:variant":{
          "value":27000
        },
        "minecraft:collision_box": {
          "width": 2.5,
          "height": 7.6
        },
        "minecraft:movement": {
          "value": 0.22
        },
        "minecraft:scale":{
          "value":1
        },
        "minecraft:behavior.nearest_attackable_target": {
          "priority": 2,
          "must_see": true,
          "reselect_targets": true,
          "entity_types": [
            {
              "filters":{
                "any_of":[
                  {
                    "test":"is_family",
                    "subject":"other",
                    "value":"player"
                  }
                ]
              },
              "max_dist": 64
            },
            {
              "filters": {
                "all_of":[
                  {
                    "test":"is_family",
                    "subject":"other",
                    "value":"mob"
                  },
                  {
                    "test":"is_family",
                    "subject":"other",
                    "operator":"!=",
                    "value":"kaido"
                  }
                ]
              },
              "max_dist": 64
            },
            {
              "filters":{
                "test":"is_family",
                "subject":"other",
                "value":"yonko"
              },
              "max_dist":64
            }
          ]
        },
        "minecraft:behavior.random_stroll": {
          "priority": 6,
          "speed_multiplier": 1
        },
        "minecraft:behavior.random_look_around":{
          "priority":7,
          "speed_multiplier":1
        },
        "minecraft:navigation.walk": {
          "is_amphibious": true,
          "can_pass_doors":true,
          "can_break_doors":false,
          "can_walk":true,
          "can_open_doors": true,
          "can_path_over_water": true,
          "avoid_water": true
        },
        "minecraft:behavior.melee_attack": {}
      },
      "onepiece_addon:wild":{
        "minecraft:variant":{
          "value":0
        },
        "minecraft:collision_box": {
          "width": 2.5,
          "height": 7.6
        },
        "minecraft:movement": {
          "value": 0.22
        },
        "minecraft:scale":{
          "value":1
        },
        "minecraft:behavior.nearest_attackable_target": {
          "priority": 2,
          "must_see": true,
          "reselect_targets": true,
          "entity_types": [
            {
              "filters":{
                "any_of":[
                  {
                    "test":"is_family",
                    "subject":"other",
                    "value":"player"
                  }
                ]
              },
              "max_dist": 64
            },
            {
              "filters": {
                "all_of":[
                  {
                    "test":"is_family",
                    "subject":"other",
                    "value":"mob"
                  },
                  {
                    "test":"is_family",
                    "subject":"other",
                    "operator":"!=",
                    "value":"kaido"
                  }
                ]
              },
              "max_dist": 64
            },
            {
              "filters":{
                "test":"is_family",
                "subject":"other",
                "value":"yonko"
              },
              "max_dist":64
            }
          ]
        },
        "minecraft:behavior.random_stroll": {
          "priority": 6,
          "speed_multiplier": 1
        },
        "minecraft:behavior.random_look_around":{
          "priority":7,
          "speed_multiplier":1
        },
        "minecraft:navigation.walk": {
          "is_amphibious": true,
          "can_pass_doors":true,
          "can_break_doors":false,
          "can_walk":true,
          "can_open_doors": true,
          "can_path_over_water": true,
          "avoid_water": true
        },
        "minecraft:behavior.melee_attack": {}
      },
      "onepiece_addon:kurouzu":{
        "minecraft:variant":{
          "value":270
        },
        "minecraft:collision_box": {
          "width": 2.5,
          "height": 7.6
        },
        "minecraft:movement": {
          "value": 0.22
        },
        "minecraft:scale":{
          "value":1
        },
        "minecraft:behavior.nearest_attackable_target": {
          "priority": 2,
          "must_see": true,
          "reselect_targets": true,
          "entity_types": [
            {
              "filters":{
                "any_of":[
                  {
                    "test":"is_family",
                    "subject":"other",
                    "value":"player"
                  }
                ]
              },
              "max_dist": 64
            },
            {
              "filters": {
                "all_of":[
                  {
                    "test":"is_family",
                    "subject":"other",
                    "value":"mob"
                  },
                  {
                    "test":"is_family",
                    "subject":"other",
                    "operator":"!=",
                    "value":"kaido"
                  }
                ]
              },
              "max_dist": 64
            },
            {
              "filters":{
                "test":"is_family",
                "subject":"other",
                "value":"yonko"
              },
              "max_dist":64
            }
          ]
        },
        "minecraft:behavior.random_stroll": {
          "priority": 6,
          "speed_multiplier": 1
        },
        "minecraft:behavior.random_look_around":{
          "priority":7,
          "speed_multiplier":1
        },
        "minecraft:navigation.walk": {
          "is_amphibious": true,
          "can_pass_doors":true,
          "can_break_doors":false,
          "can_walk":true,
          "can_open_doors": true,
          "can_path_over_water": true,
          "avoid_water": true
        },
        "minecraft:behavior.melee_attack": {}
      },
      "onepiece_addon:toy":{
        "minecraft:variant":{
          "value":10000
        },
        "minecraft:scale":{
          "value":1
        },
        "minecraft:transformation":{
          "into": "onepiece_addon:hobbykaido"
        }
      },
      "onepiece_addon:dragon":{
        "minecraft:variant":{
          "value":20
        },
        "minecraft:collision_box": {
          "width": 2,
          "height": 10
        },
        "minecraft:movement": {
          "value": 0.17
        },
        "minecraft:scale":{
          "value":4
        },
        "minecraft:navigation.walk": {
          "is_amphibious": true,
          "can_pass_doors":true,
          "can_break_doors":false,
          "can_walk":true,
          "can_open_doors": true,
          "can_path_over_water": true,
          "avoid_water": true
        },
        "minecraft:behavior.nearest_attackable_target": {
          "priority": 2,
          "must_see": true,
          "entity_types": [
            {
              "filters":{
                "any_of":[
                  {
                    "test":"is_family",
                    "subject":"other",
                    "value":"player"
                  }
                ]
              },
              "max_dist": 128
            },
            {
              "filters": {
                "all_of":[
                  {
                    "test":"is_family",
                    "subject":"other",
                    "value":"mob"
                  },
                  {
                    "test":"is_family",
                    "subject":"other",
                    "operator":"!=",
                    "value":"kaido"
                  }
                ]
              },
              "max_dist": 128
            },
            {
              "filters":{
                "test":"is_family",
                "subject":"other",
                "value":"yonko"
              },
              "max_dist":128
            }
          ]
        },
        "minecraft:can_fly": {
        },
        "minecraft:target_nearby_sensor": {
          "inside_range": 10.0,
          "outside_range": 11.0,
          "must_see":  true,
          "on_inside_range": {
            "event": "onepiece_addon:switch_to_melee",
            "target": "self"
          },
          "on_outside_range": {
            "event": "onepiece_addon:switch_to_ranged",
            "target": "self"
          }
        }
      },
      "onepiece_addon:ranged_mode": {
        "minecraft:shooter": {
          "def": "onepiece_addon:borobreath_p"
        },
        "minecraft:behavior.ranged_attack": {
          "priority": 1,
          "burst_shots": 1,
          "burst_interval": 0,
          "charge_charged_trigger": 3,
          "charge_shoot_trigger": 1,
          "attack_interval_min": 5,
          "attack_interval_max": 5,
          "attack_radius": 128
        }
      },
      "onepiece_addon:melee_mode": {
        "minecraft:attack": {
          "damage": 20
        },
        "minecraft:behavior.melee_attack": {
          "priority": 2
        }
      },
      "onepiece_addon:mess":{
        "minecraft:type_family": {
          "family": ["mob","yonko","kaido","devil","uouo","character","in_mess"]
        },
        "minecraft:spawn_entity": {
          "entities": {
            "min_wait_time": 0,
            "max_wait_time": 0,
            "single_use":true,
            "spawn_entity":"onepiece_addon:messkaido",
            "num_to_spawn":1
          }
        }
      },
      "onepiece_addon:strawman":{
        "minecraft:is_chested":{}
      }
    },
    
    "components": {
      "minecraft:type_family": {
        "family": ["mob","yonko","kaido","devil","uouo","character","b_haki"]
      },
      "minecraft:timer": {
        "looping": false,
        "randomInterval": false,
        "time": 0.1,
        "time_down_event": {
         "event": "onepiece_addon:be_wild",
         "target": "self"
        }
      },
      "minecraft:boss": {
        "should_darken_sky": true,
        "name": "boss.kaido.name",
        "hud_range": 100
      },
      "minecraft:behavior.hurt_by_target": {
        "priority": 1
      },
      "minecraft:shareables": {
        "items": [
          {
            "item": "onepiece_addon:kairouseki",
            "want_amount": 1,
            "surplus_amount": 1,
            "priority": 0
          }
        ]
      },
      "minecraft:behavior.equip_item": {
        "priority": 3
      },
      "minecraft:behavior.pickup_items": {
        "priority": 7,
        "max_dist": 3,
        "goal_radius": 2,
        "speed_multiplier": 1.0
      },
      "minecraft:environment_sensor": {
        "triggers": [
          {
            "filters": {
              "all_of": [
                {
                  "test": "has_equipment",
                  "subject": "self",
                  "domain": "hand",
                  "value": "onepiece_addon:kairouseki"
                },
                {
                  "test":"is_variant",
                  "operator":"!=",
                  "subject":"self",
                  "value":27000
                }
              ]
            },
            "event": "onepiece_addon:be_kairouseki"
          },
          {
            "filters": {
              "all_of": [
                {
                  "test": "has_tag",
                  "subject": "self",
                  "value": "kurouzu"
                },
                {
                  "test":"is_variant",
                  "operator":"!=",
                  "subject":"self",
                  "value":270
                }
              ]
            },
            "event": "onepiece_addon:be_kurouzu"
          },
          {
            "filters": {
              "all_of": [
                {
                  "test": "has_tag",
                  "subject": "self",
                  "value": "kurouzuend"
                },
                {
                  "test":"is_variant",
                  "operator":"==",
                  "subject":"self",
                  "value":270
                }
              ]
            },
            "event": "onepiece_addon:kurouzu_end"
          },
          {
            "filters": {
              "all_of": [
                {
                  "test": "has_tag",
                  "subject": "self",
                  "value": "crisis"
                },
                {
                  "test":"is_variant",
                  "operator":"==",
                  "subject":"self",
                  "value":0
                }
              ]
            },
            "event": "onepiece_addon:be_dragon"
          }
        ]
      },
      "minecraft:damage_sensor": {
        "triggers": [
          {
            "on_damage": {
              "filters": {
                "all_of": [
                  {
                    "test": "has_equipment",
                    "subject": "other",
                    "value": "onepiece_addon:mess"
                  },
                  {
                    "test":"has_tag",
                    "subject":"other",
                    "value":"opeope"
                  },
                  {
                    "test":"has_tag",
                    "subject":"other",
                    "value":"room"
                  },
                  {
                    "test":"is_family",
                    "subject":"self",
                    "operator":"!=",
                    "value":"in_mess"
                  }
                ]
              },
              "event": "onepiece_addon:be_mess"
            }
          },
          {
            "on_damage": {
              "filters": {
                "all_of": [
                  {
                    "test": "has_equipment",
                    "subject": "other",
                    "value": "onepiece_addon:strawman0"
                  },
                  {
                    "test":"has_tag",
                    "subject":"other",
                    "value":"warawara"
                  },
                  {
                    "test":"has_component",
                    "subject":"self",
                    "operator":"!=",
                    "value":"minecraft:is_chested"
                  }
                ]
              },
              "event": "onepiece_addon:be_strawman"
            }
          },
          {
            "on_damage": {
              "filters": {
                "all_of": [
                  {
                    "test": "has_equipment",
                    "subject": "other",
                    "value": "onepiece_addon:hobihobi"
                  },
                  {
                    "test":"has_tag",
                    "subject":"other",
                    "value":"hobihobi"
                  },
                  {
                    "test":"is_variant",
                    "operator":"!=",
                    "subject":"self",
                    "value":10000
                  }
                ]
              },
              "event": "onepiece_addon:be_toy"
            }
          },
          {
            "cause":"entity_explosion",
            "deals_damage":false
          },
          {
            "cause":"fall",
            "deals_damage":false
          },
          {
            "on_damage": {
              "filters": {
                "any_of":[
                  {
                    "test":"is_family","subject":"other","operator":"==","value":"ryuo"
                  },
                  {
                    "test":"has_equipment","subject":"other","operator":"==","domain":"hand","value":"onepiece_addon:enma"
                  }
                ]
              },
              "event": "onepiece_addon:ryuo_hit"
            }
          }
        ]
      },
      "minecraft:follow_range": {
        "value": 32,
        "max": 32
      },
      "minecraft:attack":{
        "damage":20
      },
      "minecraft:health": {
        "value": 600,
        "max": 600
      },
      "minecraft:loot": {
        "table": "loot_tables/entities/kaido.json"
      },
      "minecraft:nameable": {
      },
      "minecraft:equip_item": {
      },
      "minecraft:movement.basic": {
      },
      "minecraft:jump.static": {},
      "minecraft:can_climb": {
      },
      "minecraft:hurt_on_condition": {
        "damage_conditions": [
          {
            "filters": {
              "test": "in_lava",
              "subject": "self",
              "operator": "==",
              "value": true
            },
            "cause": "lava",
            "damage_per_tick": 4
          }
        ]
      },
      "minecraft:breathable": {
        "breathes_solids":true,
        "total_supply": 15,
        "suffocate_time": -1,
        "inhale_time": 3.75,
        "generates_bubbles": false
      },
      "minecraft:despawn": {
        "despawn_from_distance": {
          "min_distance":128
        }
      },
      "minecraft:knockback_resistance": {
        "value": 5.0
      },
      "minecraft:behavior.look_at_player": {
        "priority": 9,
        "look_distance": 10,
        "probability": 0.02
      },
      "minecraft:physics": {
      },
      "minecraft:pushable": {
        "is_pushable": false,
        "is_pushable_by_piston": false
      },
      "minecraft:conditional_bandwidth_optimization": {
      },
      "minecraft:experience_reward": {
        "on_death": "query.last_hit_by_player ? 100 + (query.equipment_count * Math.Random(1,3)) : 0"
      }
    },
    "events":{
      "minecraft:entity_spawned":{
        "add": {
          "component_groups": [
            "onepiece_addon:wild"
          ]
        }
      },
      "onepiece_addon:be_wild":{
        "add":{
          "component_groups":[
            "onepiece_addon:wild"
          ]
        }
      },
      "onepiece_addon:be_kurouzu":{
        "remove":{
          "component_groups":[
            "onepiece_addon:wild","onepiece_addon:dragon","onepiece_addon:melee_mode","onepiece_addon:ranged_mode"
          ]
        },
        "add":{
          "component_groups":[
            "onepiece_addon:kurouzu"
          ]
        }
      },
      "onepiece_addon:kurouzu_end":{
        "remove":{
          "component_groups":[
            "onepiece_addon:kurouzu"
          ]
        },
        "add":{
          "component_groups":[
            "onepiece_addon:wild"
          ]
        }
      },
      "onepiece_addon:be_kairouseki":{
        "remove":{
          "component_groups":[
            "onepiece_addon:wild","onepiece_addon:dragon","onepiece_addon:melee_mode","onepiece_addon:ranged_mode"
          ]
        },
        "add":{
          "component_groups":[
            "onepiece_addon:kairouseki"
          ]
        }
      },
      "onepiece_addon:be_toy":{
        "add":{
          "component_groups":[
            "onepiece_addon:toy"
          ]
        }
      },
      "onepiece_addon:be_mess":{
        "add":{
          "component_groups":[
            "onepiece_addon:mess"
          ]
        }
      },
      "onepiece_addon:be_dragon":{
        "remove":{
          "component_groups":[
            "onepiece_addon:wild"
          ]
        },
        "add":{
          "component_groups":[
            "onepiece_addon:dragon"
          ]
        }
      },
      "onepiece_addon:switch_to_melee": {
        "remove": {
          "component_groups": [
            "onepiece_addon:ranged_mode"
          ]
        },
        "add": {
          "component_groups": [
            "onepiece_addon:melee_mode"
          ]
        }
      },
      "onepiece_addon:switch_to_ranged": {
        "remove": {
          "component_groups": [
            "onepiece_addon:melee_mode"
          ]
        },
        "add": {
          "component_groups": [
            "onepiece_addon:ranged_mode"
          ]
        }
      },
      "onepiece_addon:be_strawman":{
        "add":{
          "component_groups":[
            "onepiece_addon:strawman"
          ]
        }
      },
      "onepiece_addon:ryuo_hit":{
        "add":{
          "component_groups":[
            "onepiece_addon:ryuo_hit"
          ]
        }
      },
      "onepiece_addon:ryuo_out":{
        "remove":{
          "component_groups":[
            "onepiece_addon:ryuo_hit"
          ]
        }
      }
    }
}}
