{
  "format_version": "1.16.0",
  "minecraft:entity": {
    "description": {
      "identifier": "onepiece_addon:katakuri",
      "is_spawnable": true,
      "is_summonable": true,
      "is_experimental": false,
      "scripts":{
        "animate":["katakuri","katakuri2","strawman"]
      },
      "animations":{
        "katakuri":"controller.animation.katakuri",
        "katakuri2":"controller.animation.katakuri2",
        "strawman":"controller.animation.strawman"
      }
    },
    "component_groups":{
      "onepiece_addon:wild_ability":{
        "minecraft:damage_sensor": {
          "triggers":[
            {
              "on_damage": {
                "filters": {
                  "all_of": [
                    {
                      "test": "has_equipment",
                      "subject": "other",
                      "value": "onepiece_addon:mess"
                    },
                    {
                      "test":"has_tag",
                      "subject":"other",
                      "value":"opeope"
                    },
                    {
                      "test":"has_tag",
                      "subject":"other",
                      "value":"room"
                    },
                    {
                      "test":"is_family",
                      "subject":"self",
                      "operator":"!=",
                      "value":"in_mess"
                    }
                  ]
                },
                "event": "onepiece_addon:be_mess"
              }
            },
            {
              "on_damage": {
                "filters": {
                  "all_of": [
                    {
                      "test": "has_equipment",
                      "subject": "other",
                      "value": "onepiece_addon:strawman0"
                    },
                    {
                      "test":"has_tag",
                      "subject":"other",
                      "value":"warawara"
                    },
                    {
                      "test":"has_component",
                      "subject":"self",
                      "operator":"!=",
                      "value":"minecraft:is_chested"
                    }
                  ]
                },
                "event": "onepiece_addon:be_strawman"
              }
            },
            {
              "on_damage": {
                "filters": {
                  "all_of": [
                    {
                      "test": "has_equipment",
                      "subject": "other",
                      "value": "onepiece_addon:hobihobi"
                    },
                    {
                      "test":"has_tag",
                      "subject":"other",
                      "value":"hobihobi"
                    },
                    {
                      "test":"is_variant",
                      "operator":"!=",
                      "subject":"self",
                      "value":10000
                    }
                  ]
                },
                "event": "onepiece_addon:be_toy"
              }
            },
            {
              "cause": "fall",
              "deals_damage": false
            }
          ]
        }
      },
      "onepiece_addon:lost_ability":{
        "minecraft:damage_sensor": {
          "triggers":[
            {
              "on_damage": {
                "filters": {
                  "all_of": [
                    {
                      "test": "has_equipment",
                      "subject": "other",
                      "value": "onepiece_addon:mess"
                    },
                    {
                      "test":"has_tag",
                      "subject":"other",
                      "value":"opeope"
                    },
                    {
                      "test":"has_tag",
                      "subject":"other",
                      "value":"room"
                    },
                    {
                      "test":"is_family",
                      "subject":"self",
                      "operator":"!=",
                      "value":"in_mess"
                    }
                  ]
                },
                "event": "onepiece_addon:be_mess"
              }
            },
            {
              "on_damage": {
                "filters": {
                  "all_of": [
                    {
                      "test": "has_equipment",
                      "subject": "other",
                      "value": "onepiece_addon:strawman0"
                    },
                    {
                      "test":"has_tag",
                      "subject":"other",
                      "value":"warawara"
                    },
                    {
                      "test":"has_component",
                      "subject":"self",
                      "operator":"!=",
                      "value":"minecraft:is_chested"
                    }
                  ]
                },
                "event": "onepiece_addon:be_strawman"
              }
            },
            {
              "on_damage": {
                "filters": {
                  "all_of": [
                    {
                      "test": "has_equipment",
                      "subject": "other",
                      "value": "onepiece_addon:hobihobi"
                    },
                    {
                      "test":"has_tag",
                      "subject":"other",
                      "value":"hobihobi"
                    },
                    {
                      "test":"is_variant",
                      "operator":"!=",
                      "subject":"self",
                      "value":10000
                    }
                  ]
                },
                "event": "onepiece_addon:be_toy"
              }
            },
            {
              "cause": "fall",
              "deals_damage": true
            }
          ]
        }
      },
      "onepiece_addon:wild":{
        "minecraft:variant":{
          "value":0
        }
      },
      "onepiece_addon:kairouseki":{
        "minecraft:variant":{
          "value":27000
        }
      },
      "onepiece_addon:kurouzu":{
        "minecraft:variant":{
          "value":270
        }
      },
      "onepiece_addon:toy":{
        "minecraft:variant":{
          "value":10000
        },
        "minecraft:transformation":{
          "into": "onepiece_addon:hobbykatakuri"
        }
      },
      "onepiece_addon:crisis":{
        "minecraft:mark_variant":{
          "value":20
        },
        "minecraft:attack": {
          "damage": 20
        }
      },
      "onepiece_addon:mess":{
        "minecraft:type_family": {
          "family": ["mob","katakuri","mochimochi","devil","mam","character","in_mess","b_haki","h4"]
        },
        "minecraft:spawn_entity": {
          "entities": {
            "min_wait_time": 0,
            "max_wait_time": 0,
            "single_use":true,
            "spawn_entity":"onepiece_addon:messkatakuri",
            "num_to_spawn":1
          }
        }
      },
      "onepiece_addon:strawman":{
        "minecraft:is_chested":{}
      }
    },
    
    "components": {
      "minecraft:type_family": {
        "family": ["mob","katakuri","mochimochi","devil","mam","character","b_haki","h4"]
      },
      "minecraft:timer": {
        "looping": false,
        "randomInterval": false,
        "time": 0.1,
        "time_down_event": {
         "event": "onepiece_addon:be_wild",
         "target": "self"
        }
      },
      "minecraft:behavior.hurt_by_target": {
        "priority": 1
      },
      "minecraft:shareables": {
        "items": [
          {
            "item": "onepiece_addon:kairouseki",
            "want_amount": 1,
            "surplus_amount": 1,
            "priority": 0
          }
        ]
      },
      "minecraft:behavior.equip_item": {
        "priority": 3
      },
      "minecraft:equip_item": {
      },
      "minecraft:behavior.pickup_items": {
        "priority": 7,
        "max_dist": 3,
        "goal_radius": 2,
        "speed_multiplier": 1.0
      },
      "minecraft:environment_sensor": {
        "triggers": [
          {
            "filters": {
              "all_of": [
                {
                  "test": "has_equipment",
                  "subject": "self",
                  "domain": "hand",
                  "value": "onepiece_addon:kairouseki"
                },
                {
                  "test":"is_variant",
                  "operator":"!=",
                  "subject":"self",
                  "value":27000
                }
              ]
            },
            "event": "onepiece_addon:be_kairouseki"
          },
          {
            "filters": {
              "all_of": [
                {
                  "test": "has_tag",
                  "subject": "self",
                  "operator":"==",
                  "value": "crisis"
                }
              ]
            },
            "event": "onepiece_addon:be_crisis"
          },
          {
            "filters": {
              "all_of": [
                {
                  "test": "has_tag",
                  "subject": "self",
                  "value": "kurouzu"
                },
                {
                  "test":"is_variant",
                  "operator":"!=",
                  "subject":"self",
                  "value":270
                }
              ]
            },
            "event": "onepiece_addon:be_kurouzu"
          },
          {
            "filters": {
              "all_of": [
                {
                  "test": "has_tag",
                  "subject": "self",
                  "value": "kurouzuend"
                },
                {
                  "test":"is_variant",
                  "operator":"==",
                  "subject":"self",
                  "value":270
                }
              ]
            },
            "event": "onepiece_addon:kurouzu_end"
          }
        ]
      },
      "minecraft:follow_range": {
        "value": 32,
        "max": 32
      },
      "minecraft:scale":{
        "value":2.828
      },
      "minecraft:movement": {
        "value": 0.24
      },
      "minecraft:health": {
        "value": 400,
        "max": 400
      },
      "minecraft:attack": {
        "damage": 10
      },
      "minecraft:loot": {
        "table": "loot_tables/entities/katakuri.json"
      },
      "minecraft:nameable": {
      },
      "minecraft:collision_box": {
        "width": 0.6,
        "height": 1.9
      },
      "minecraft:movement.basic": {
      },
      "minecraft:navigation.walk": {
        "is_amphibious": true,
        "can_pass_doors":true,
        "can_break_doors":false,
        "can_walk":true,
        "can_open_doors": true,
        "can_path_over_water": true,
        "avoid_water": true
      },
      "minecraft:jump.static": {},
      "minecraft:can_climb": {
      },
      "minecraft:hurt_on_condition": {
        "damage_conditions": [
          {
            "filters": {
              "test": "in_lava",
              "subject": "self",
              "operator": "==",
              "value": true
            },
            "cause": "lava",
            "damage_per_tick": 4
          }
        ]
      },
      "minecraft:breathable": {
        "breathes_solids":true,
        "total_supply": 15,
        "suffocate_time": -1,
        "inhale_time": 3.75,
        "generates_bubbles": false
      },
      "minecraft:despawn": {
        "despawn_from_distance": {
          "min_distance":64
        }
      },
      "minecraft:behavior.melee_attack": {
        "priority": 4,
        "track_target": true,
        "speed_multiplier": 1.25
      },
      "minecraft:behavior.random_stroll": {
        "priority": 6,
        "speed_multiplier": 1
      },
      "minecraft:behavior.look_at_player": {
        "priority": 9,
        "look_distance": 10,
        "probability": 0.02
      },
      "minecraft:behavior.random_look_around":{
        "priority":7,
        "speed_multiplier":1
      },
      "minecraft:physics": {
      },
      "minecraft:pushable": {
        "is_pushable": true,
        "is_pushable_by_piston": true
      },
      "minecraft:conditional_bandwidth_optimization": {
      },
      "minecraft:experience_reward": {
        "on_death": "query.last_hit_by_player ? 70 + (query.equipment_count * Math.Random(1,3)) : 0"
      }
    },
    "events":{
      "minecraft:entity_spawned":{
        "add": {
          "component_groups": [
            "onepiece_addon:wild","onepiece_addon:wild_ability"
          ]
        }
      },
      "onepiece_addon:be_wild":{
        "add":{
          "component_groups":[
            "onepiece_addon:wild","onepiece_addon:wild_ability"
          ]
        }
      },
      "onepiece_addon:be_kurouzu":{
        "remove":{
          "component_groups":[
            "onepiece_addon:wild","onepiece_addon:wild_ability"
          ]
        },
        "add":{
          "component_groups":[
            "onepiece_addon:kurouzu","onepiece_addon:lost_ability"
          ]
        }
      },
      "onepiece_addon:kurouzu_end":{
        "remove":{
          "component_groups":[
            "onepiece_addon:kurouzu","onepiece_addon:lost_ability"
          ]
        },
        "add":{
          "component_groups":[
            "onepiece_addon:wild","onepiece_addon:wild_ability"
          ]
        }
      },
      "onepiece_addon:be_kairouseki":{
        "remove":{
          "component_groups":[
            "onepiece_addon:wild","onepiece_addon:wild_ability"
          ]
        },
        "add":{
          "component_groups":[
            "onepiece_addon:kairouseki","onepiece_addon:lost_ability"
          ]
        }
      },
      "onepiece_addon:be_toy":{
        "add":{
          "component_groups":[
            "onepiece_addon:toy"
          ]
        }
      },
      "onepiece_addon:be_mess":{
        "add":{
          "component_groups":[
            "onepiece_addon:mess"
          ]
        }
      },
      "onepiece_addon:be_crisis":{
        "add":{
          "component_groups":[
            "onepiece_addon:crisis"
          ]
        }
      },
      "onepiece_addon:be_strawman":{
        "add":{
          "component_groups":[
            "onepiece_addon:strawman"
          ]
        }
      }
    }
}}
