{
  "format_version": "1.16.0",
  "minecraft:entity": {
    "description": {
      "identifier": "onepiece_addon:kizaru",
      "is_spawnable": true,
      "is_summonable": true,
      "is_experimental": false,
      "scripts":{
        "animate":["kizaru","strawman"]
      },
      "animations":{
        "kizaru":"controller.animation.kizaru",
        "strawman":"controller.animation.strawman"
      }
    },
    "component_groups":{
      "onepiece_addon:wild_ability":{
        "minecraft:damage_sensor": {
          "triggers":[
            {
              "on_damage": {
                "filters": {
                  "all_of": [
                    {
                      "test": "has_equipment",
                      "subject": "other",
                      "value": "onepiece_addon:mess"
                    },
                    {
                      "test":"has_tag",
                      "subject":"other",
                      "value":"opeope"
                    },
                    {
                      "test":"has_tag",
                      "subject":"other",
                      "value":"room"
                    },
                    {
                      "test":"is_family",
                      "subject":"self",
                      "operator":"!=",
                      "value":"in_mess"
                    }
                  ]
                },
                "event": "onepiece_addon:be_mess"
              }
            },
            {
              "on_damage": {
                "filters": {
                  "all_of": [
                    {
                      "test": "has_equipment",
                      "subject": "other",
                      "value": "onepiece_addon:strawman0"
                    },
                    {
                      "test":"has_tag",
                      "subject":"other",
                      "value":"warawara"
                    },
                    {
                      "test":"has_component",
                      "subject":"self",
                      "operator":"!=",
                      "value":"minecraft:is_chested"
                    }
                  ]
                },
                "event": "onepiece_addon:be_strawman"
              }
            },
            {
              "on_damage": {
                "filters": {
                  "all_of": [
                    {
                      "test": "has_equipment",
                      "subject": "other",
                      "value": "onepiece_addon:hobihobi"
                    },
                    {
                      "test":"has_tag",
                      "subject":"other",
                      "value":"hobihobi"
                    },
                    {
                      "test":"is_variant",
                      "operator":"!=",
                      "subject":"self",
                      "value":10000
                    }
                  ]
                },
                "event": "onepiece_addon:be_toy"
              }
            },
            {
              "cause":"starve",
              "deals_damage":true
            },
            {
              "cause":"wither",
              "deals_damage":true
            },
            {
              "cause": "fall",
              "deals_damage": false
            },
            {
              "cause":"lightning",
              "deals_damage":true
            },
            {
              "cause":"entity_explosion",
              "deals_damage":false
            },
            {
              "cause": "fire",
              "deals_damage": false
            },
            {
              "cause": "magma",
              "deals_damage": true
            },
            {
              "cause": "lava",
              "deals_damage": true
            },
            {
              "on_damage": {
                "filters": {
                  "test":"is_family","subject":"other","operator":"==","value":"b_haki"
                }
              },
              "deals_damage":true
            },
            {
              "on_damage": {
                "filters": {
                  "test":"is_family","subject":"other","operator":"==","value":"ryuo"
                }
              },
              "deals_damage":true
            },
            {
              "on_damage": {
                "filters": {
                  "test":"is_family","subject":"other","operator":"==","value":"player"
                },
                "event":"onepiece_addon:logia_particle"
              },
              "deals_damage":false
            },
            {
              "on_damage": {
                "filters": {
                  "test":"is_family","subject":"other","operator":"==","value":"mob"
                },
                "event":"onepiece_addon:logia_particle"
              },
              "deals_damage":false
            },
            {
              "on_damage": {
                "filters": {
                  "test":"is_family","subject":"other","operator":"==","value":"sorusoru1"
                },
                "event":"onepiece_addon:logia_particle"
              },
              "deals_damage":false
            }
          ]
        }
      },
      "onepiece_addon:lost_ability":{
        "minecraft:damage_sensor": {
          "triggers":[
            {
              "on_damage": {
                "filters": {
                  "all_of": [
                    {
                      "test": "has_equipment",
                      "subject": "other",
                      "value": "onepiece_addon:mess"
                    },
                    {
                      "test":"has_tag",
                      "subject":"other",
                      "value":"opeope"
                    },
                    {
                      "test":"has_tag",
                      "subject":"other",
                      "value":"room"
                    },
                    {
                      "test":"is_family",
                      "subject":"self",
                      "operator":"!=",
                      "value":"in_mess"
                    }
                  ]
                },
                "event": "onepiece_addon:be_mess"
              }
            },
            {
              "on_damage": {
                "filters": {
                  "all_of": [
                    {
                      "test": "has_equipment",
                      "subject": "other",
                      "value": "onepiece_addon:strawman0"
                    },
                    {
                      "test":"has_tag",
                      "subject":"other",
                      "value":"warawara"
                    },
                    {
                      "test":"has_component",
                      "subject":"self",
                      "operator":"!=",
                      "value":"minecraft:is_chested"
                    }
                  ]
                },
                "event": "onepiece_addon:be_strawman"
              }
            },
            {
              "on_damage": {
                "filters": {
                  "all_of": [
                    {
                      "test": "has_equipment",
                      "subject": "other",
                      "value": "onepiece_addon:hobihobi"
                    },
                    {
                      "test":"has_tag",
                      "subject":"other",
                      "value":"hobihobi"
                    },
                    {
                      "test":"is_variant",
                      "operator":"!=",
                      "subject":"self",
                      "value":10000
                    }
                  ]
                },
                "event": "onepiece_addon:be_toy"
              }
            },
            {
              "cause":"starve",
              "deals_damage":true
            },
            {
              "cause":"wither",
              "deals_damage":true
            },
            {
              "cause": "fall",
              "deals_damage": true
            },
            {
              "cause":"lightning",
              "deals_damage":true
            },
            {
              "cause":"entity_explosion",
              "deals_damage":true
            },
            {
              "cause": "fire",
              "deals_damage": true
            },
            {
              "cause": "magma",
              "deals_damage": true
            },
            {
              "cause": "lava",
              "deals_damage": true
            }
          ]
        }
      },
      "onepiece_addon:kairouseki":{
        "minecraft:movement": {
          "value": 0.28
        },
        "minecraft:variant":{
          "value":27000
        },
        "minecraft:attack": {
          "damage": 8
        },
        "minecraft:behavior.melee_attack": {
          "priority": 3
        }
      },
      "onepiece_addon:kurouzu":{
        "minecraft:movement": {
          "value": 0.28
        },
        "minecraft:variant":{
          "value":270
        },
        "minecraft:attack": {
          "damage": 8
        },
        "minecraft:behavior.melee_attack": {
          "priority": 3
        }
      },
      "onepiece_addon:wild": {
        "minecraft:variant":{
          "value":0
        },
        "minecraft:target_nearby_sensor": {
          "inside_range": 15.0,
          "outside_range": 16.0,
          "must_see":  true,
          "on_inside_range": {
            "event": "onepiece_addon:switch_to_melee",
            "target": "self"
          },
          "on_outside_range": {
            "event": "onepiece_addon:switch_to_ranged",
            "target": "self"
          }
        }
      },
      "onepiece_addon:ranged_mode": {
        "minecraft:shooter": {
          "def": "onepiece_addon:yasakaninomagatama_p"
        },
        "minecraft:behavior.ranged_attack": {
          "priority": 3,
          "burst_shots": 3,
          "burst_interval": 0,
          "charge_charged_trigger": 0,
          "charge_shoot_trigger": 0.1,
          "attack_interval_min": 3,
          "attack_interval_max": 3,
          "attack_radius": 32.0
        }
      },
      "onepiece_addon:melee_mode": {
        "minecraft:attack": {
          "damage": 8
        },
        "minecraft:behavior.melee_attack": {
          "priority": 3
        }
      },
      "onepiece_addon:toy":{
        "minecraft:variant":{
          "value":10000
        },
        "minecraft:transformation":{
          "into": "onepiece_addon:hobbykizaru"
        }
      },
      "onepiece_addon:mess":{
        "minecraft:type_family": {
          "family": ["mob","taisyo","pikapika","devil","character","in_mess","b_haki"]
        },
        "minecraft:spawn_entity": {
          "entities": {
            "min_wait_time": 0,
            "max_wait_time": 0,
            "single_use":true,
            "spawn_entity":"onepiece_addon:messkizaru",
            "num_to_spawn":1
          }
        }
      },
      "onepiece_addon:strawman":{
        "minecraft:is_chested":{}
      }
    },
    
    "components": {
      "minecraft:type_family": {
        "family": ["mob","taisyo","pikapika","devil","character","b_haki"]
      },
      "minecraft:timer": {
        "looping": false,
        "randomInterval": false,
        "time": 0.1,
        "time_down_event": {
         "event": "onepiece_addon:be_wild",
         "target": "self"
        }
      },
      "minecraft:behavior.nearest_attackable_target": {
        "priority": 2,
        "must_see": true,
        "reselect_targets": true,
        "entity_types": [
          {
            "filters":{
              "all_of": [
                { "test": "is_family", "subject": "other", "value": "kaizoku" }
              ]
            },
            "max_dist": 32
          },
          {
            "filters":{
              "all_of": [
                {"test":"has_tag", "subject":"other", "value":"kaizoku20"},
                {"test":"is_family","subject":"other","value":"player"}
              ]
            },
            "max_dist": 32
          },
          {
            "filters":{
              "all_of": [
                {"test":"has_tag", "subject":"other", "value":"kaizoku10"},
                {"test":"is_family","subject":"other","value":"player"}
              ]
            },
            "max_dist": 32
          }
        ]
      },
      "minecraft:shareables": {
        "items": [
          {
            "item": "onepiece_addon:kairouseki",
            "want_amount": 1,
            "surplus_amount": 1,
            "priority": 0
          }
        ]
      },
      "minecraft:behavior.hurt_by_target": {
        "priority": 1
      },
      "minecraft:environment_sensor": {
        "triggers": [
          {
            "filters": {
              "all_of": [
                {
                  "test": "has_equipment",
                  "subject": "self",
                  "domain": "hand",
                  "value": "onepiece_addon:kairouseki"
                },
                {
                  "test":"is_variant",
                  "operator":"!=",
                  "subject":"self",
                  "value":27000
                }
              ]
            },
            "event": "onepiece_addon:be_kairouseki"
          },
          {
            "filters": {
              "all_of": [
                {
                  "test": "has_tag",
                  "subject": "self",
                  "value": "kurouzu"
                },
                {
                  "test":"is_variant",
                  "operator":"!=",
                  "subject":"self",
                  "value":270
                }
              ]
            },
            "event": "onepiece_addon:be_kurouzu"
          },
          {
            "filters": {
              "all_of": [
                {
                  "test": "has_tag",
                  "subject": "self",
                  "value": "kurouzuend"
                },
                {
                  "test":"is_variant",
                  "operator":"==",
                  "subject":"self",
                  "value":270
                }
              ]
            },
            "event": "onepiece_addon:kurouzu_end"
          }
        ]
      },
      "minecraft:breathable": {
        "breathes_solids":true,
        "total_supply": 15,
        "suffocate_time": -1,
        "inhale_time": 3.75,
        "generates_bubbles": false
      },
      "minecraft:follow_range": {
        "value": 32,
        "max": 32
      },
      "minecraft:scale":{
        "value":1.68
      },
      "minecraft:movement": {
        "value": 0.6
      },
      "minecraft:health": {
        "value": 500,
        "max": 500
      },
      "minecraft:loot": {
        "table": "loot_tables/entities/kizaru.json"
      },
      "minecraft:nameable": {
      },
      "minecraft:equip_item": {
      },
      "minecraft:collision_box": {
        "width": 0.6,
        "height": 1.8
      },
      "minecraft:movement.basic": {
      },
      "minecraft:navigation.walk": {
        "is_amphibious": true,
        "can_pass_doors":true,
        "can_break_doors":false,
        "can_walk":true,
        "can_open_doors": true,
        "can_path_over_water": true,
        "avoid_water": true
      },
      "minecraft:jump.static": {},
      "minecraft:can_climb": {
      },
      "minecraft:hurt_on_condition": {
        "damage_conditions": [
          {
            "filters": {
              "test": "in_lava",
              "subject": "self",
              "operator": "==",
              "value": true
            },
            "cause": "lava",
            "damage_per_tick": 4
          }
        ]
      },
      "minecraft:despawn": {
        "despawn_from_distance": {
          "min_distance":64
        }
      },
      "minecraft:behavior.equip_item": {
        "priority": 3
      },
      "minecraft:behavior.pickup_items": {
        "priority": 7,
        "max_dist": 3,
        "goal_radius": 2,
        "speed_multiplier": 1.0
      },
      "minecraft:behavior.random_stroll": {
        "priority": 6,
        "speed_multiplier": 1
      },
      "minecraft:behavior.look_at_player": {
        "priority": 9,
        "look_distance": 10,
        "probability": 0.02
      },
      "minecraft:behavior.random_look_around":{
        "priority":7,
        "speed_multiplier":1
      },
      "minecraft:physics": {
      },
      "minecraft:pushable": {
        "is_pushable": true,
        "is_pushable_by_piston": true
      },
      "minecraft:conditional_bandwidth_optimization": {
      },
      "minecraft:experience_reward": {
        "on_death": "query.last_hit_by_player ? 80 + (query.equipment_count * Math.Random(1,3)) : 0"
      }
    },
    "events":{
      "minecraft:entity_spawned": {
        "add": {
          "component_groups": [
            "onepiece_addon:wild","onepiece_addon:wild_ability"
          ]
        }
      },
      "onepiece_addon:be_wild":{
        "add":{
          "component_groups":[
            "onepiece_addon:wild","onepiece_addon:wild_ability"
          ]
        }
      },
      "onepiece_addon:switch_to_melee": {
        "remove": {
          "component_groups": [
            "onepiece_addon:ranged_mode"
          ]
        },
        "add": {
          "component_groups": [
            "onepiece_addon:melee_mode"
          ]
        }
      },
      "onepiece_addon:switch_to_ranged": {
        "remove": {
          "component_groups": [
            "onepiece_addon:melee_mode"
          ]
        },
        "add": {
          "component_groups": [
            "onepiece_addon:ranged_mode"
          ]
        }
      },
      "onepiece_addon:be_kairouseki":{
        "remove":{
          "component_groups":[
            "onepiece_addon:wild","onepiece_addon:ranged_mode","onepiece_addon:melee_mode","onepiece_addon:wild_ability"
          ]
        },
        "add":{
          "component_groups":[
            "onepiece_addon:kairouseki","onepiece_addon:lost_ability"
          ]
        }
      },
      "onepiece_addon:be_kurouzu":{
        "remove":{
          "component_groups":[
            "onepiece_addon:wild","onepiece_addon:ranged_mode","onepiece_addon:melee_mode","onepiece_addon:wild_ability"
          ]
        },
        "add":{
          "component_groups":[
            "onepiece_addon:kurouzu","onepiece_addon:lost_ability"
          ]
        }
      },
      "onepiece_addon:kurouzu_end":{
        "remove":{
          "component_groups":[
            "onepiece_addon:kurouzu","onepiece_addon:lost_ability"
          ]
        },
        "add":{
          "component_groups":[
            "onepiece_addon:wild","onepiece_addon:wild_ability"
          ]
        }
      },
      "onepiece_addon:be_toy":{
        "add":{
          "component_groups":[
            "onepiece_addon:toy"
          ]
        }
      },
      "onepiece_addon:be_mess":{
        "add":{
          "component_groups":[
            "onepiece_addon:mess"
          ]
        }
      },
      "onepiece_addon:be_strawman":{
        "add":{
          "component_groups":[
            "onepiece_addon:strawman"
          ]
        }
      },
      "onepiece_addon:logia_particle":{
        "run_command":{
          "command":"function akumanomi/logia_particle"
        }
      }
    }
}}
