{
  "format_version": "1.16.0",
  "minecraft:entity": {
    "description": {
      "identifier": "onepiece_addon:malco",
      "is_spawnable": true,
      "is_summonable": true,
      "is_experimental": false,
      "scripts":{
        "animate":["malco","malco2","strawman"]
      },
      "animations":{
        "malco":"controller.animation.malco",
        "malco2":"controller.animation.malco2",
        "strawman":"controller.animation.strawman"
      }
    },
    "component_groups":{
      "onepiece_addon:wild":{
        "minecraft:variant":{
          "value":0
        },
        "minecraft:can_fly": {
        },
        "minecraft:navigation.fly": {
          "is_amphibious": true,
          "can_pass_doors":true,
          "can_open_doors": true,
          "can_path_over_water": true,
          "avoid_water": true,
          "can_path_from_air": true
        },
        "minecraft:movement.fly": {
        },
        "minecraft:movement": {
          "value": 0.4
        }
      },
      "onepiece_addon:kurouzu":{
        "minecraft:movement.basic": {
        },
        "minecraft:navigation.walk": {
          "is_amphibious": true,
          "can_pass_doors":true,
          "can_break_doors":false,
          "can_walk":true,
          "can_open_doors": true,
          "can_path_over_water": true,
          "avoid_water": true
        },
        "minecraft:movement": {
          "value": 0.28
        },
        "minecraft:variant":{
          "value":270
        }
      },
      "onepiece_addon:kairouseki":{
        "minecraft:movement.basic": {
        },
        "minecraft:navigation.walk": {
          "is_amphibious": true,
          "can_pass_doors":true,
          "can_break_doors":false,
          "can_walk":true,
          "can_open_doors": true,
          "can_path_over_water": true,
          "avoid_water": true
        },
        "minecraft:movement": {
          "value": 0.28
        },
        "minecraft:variant":{
          "value":27000
        }
      },
      "onepiece_addon:toy":{
        "minecraft:variant":{
          "value":10000
        },
        "minecraft:transformation":{
          "into": "onepiece_addon:hobbymalco"
        }
      },
      "onepiece_addon:mess":{
        "minecraft:type_family": {
          "family": ["mob","malco","devil","toritori","character","in_mess","b_haki","h4"]
        },
        "minecraft:spawn_entity": {
          "entities": {
            "min_wait_time": 0,
            "max_wait_time": 0,
            "single_use":true,
            "spawn_entity":"onepiece_addon:messmalco",
            "num_to_spawn":1
          }
        }
      },
      "onepiece_addon:strawman":{
        "minecraft:is_chested":{}
      }
    },
    
    "components": {
      "minecraft:type_family": {
        "family": ["mob","malco","devil","toritori","character","b_haki","h4"]
      },
      "minecraft:timer": {
        "looping": false,
        "randomInterval": false,
        "time": 0.1,
        "time_down_event": {
         "event": "onepiece_addon:be_wild",
         "target": "self"
        }
      },
      "minecraft:shareables": {
        "items": [
          {
            "item": "onepiece_addon:kairouseki",
            "want_amount": 1,
            "surplus_amount": 1,
            "priority": 0
          }
        ]
      },
      "minecraft:behavior.hurt_by_target": {
        "priority": 1
      },
      "minecraft:behavior.equip_item": {
        "priority": 3
      },
      "minecraft:equip_item": {
      },
      "minecraft:behavior.pickup_items": {
        "priority": 7,
        "max_dist": 3,
        "goal_radius": 2,
        "speed_multiplier": 1.0
      },
      "minecraft:environment_sensor": {
        "triggers": [
          {
            "filters": {
              "all_of": [
                {
                  "test": "has_equipment",
                  "subject": "self",
                  "domain": "hand",
                  "value": "onepiece_addon:kairouseki"
                },
                {
                  "test":"is_variant",
                  "operator":"!=",
                  "subject":"self",
                  "value":27000
                }
              ]
            },
            "event": "onepiece_addon:be_kairouseki"
          },
          {
            "filters": {
              "all_of": [
                {
                  "test": "has_tag",
                  "subject": "self",
                  "value": "kurouzu"
                },
                {
                  "test":"is_variant",
                  "operator":"!=",
                  "subject":"self",
                  "value":270
                }
              ]
            },
            "event": "onepiece_addon:be_kurouzu"
          },
          {
            "filters": {
              "all_of": [
                {
                  "test": "has_tag",
                  "subject": "self",
                  "value": "kurouzuend"
                },
                {
                  "test":"is_variant",
                  "operator":"==",
                  "subject":"self",
                  "value":270
                }
              ]
            },
            "event": "onepiece_addon:kurouzu_end"
          }
        ]
      },
      "minecraft:damage_sensor": {
        "triggers":[
          {
            "on_damage": {
              "filters": {
                "all_of": [
                  {
                    "test": "has_equipment",
                    "subject": "other",
                    "value": "onepiece_addon:mess"
                  },
                  {
                    "test":"has_tag",
                    "subject":"other",
                    "value":"opeope"
                  },
                  {
                    "test":"has_tag",
                    "subject":"other",
                    "value":"room"
                  },
                  {
                    "test":"is_family",
                    "subject":"self",
                    "operator":"!=",
                    "value":"in_mess"
                  }
                ]
              },
              "event": "onepiece_addon:be_mess"
            }
          },
          {
            "on_damage": {
              "filters": {
                "all_of": [
                  {
                    "test": "has_equipment",
                    "subject": "other",
                    "value": "onepiece_addon:strawman0"
                  },
                  {
                    "test":"has_tag",
                    "subject":"other",
                    "value":"warawara"
                  },
                  {
                    "test":"has_component",
                    "subject":"self",
                    "operator":"!=",
                    "value":"minecraft:is_chested"
                  }
                ]
              },
              "event": "onepiece_addon:be_strawman"
            }
          },
          {
            "on_damage": {
              "filters": {
                "all_of": [
                  {
                    "test": "has_equipment",
                    "subject": "other",
                    "value": "onepiece_addon:hobihobi"
                  },
                  {
                    "test":"has_tag",
                    "subject":"other",
                    "value":"hobihobi"
                  },
                  {
                    "test":"is_variant",
                    "operator":"!=",
                    "subject":"self",
                    "value":10000
                  }
                ]
              },
              "event": "onepiece_addon:be_toy"
            }
          },
          {
            "on_damage": {
              "filters": {
                "all_of": [
                  {
                    "test": "has_component",
                    "subject": "self",
                    "value": "minecraft:can_fly"
                  }
                ]
              }
            },
            "cause": "fall",
            "deals_damage": false
          }
        ]
      },
      "minecraft:follow_range": {
        "value": 32,
        "max": 32
      },
      "minecraft:health": {
        "value": 400,
        "max": 400
      },
      "minecraft:attack":{
        "damage":8
      },
      "minecraft:loot": {
        "table": "loot_tables/entities/malco.json"
      },
      "minecraft:nameable": {
      },
      "minecraft:scale":{
        "value":1.127
      },
      "minecraft:collision_box": {
        "width": 0.6,
        "height": 1.9
      },
      "minecraft:jump.static": {},
      "minecraft:can_climb": {
      },
      "minecraft:hurt_on_condition": {
        "damage_conditions": [
          {
            "filters": {
              "test": "in_lava",
              "subject": "self",
              "operator": "==",
              "value": true
            },
            "cause": "lava",
            "damage_per_tick": 4
          }
        ]
      },
      "minecraft:breathable": {
        "breathes_solids":true,
        "total_supply": 15,
        "suffocate_time": -1,
        "inhale_time": 3.75,
        "generates_bubbles": false
      },
      "minecraft:despawn": {
        "despawn_from_distance": {
          "min_distance":64
        }
      },
      "minecraft:behavior.melee_attack": {
        "priority": 4,
        "track_target": true,
        "speed_multiplier": 1.25
      },
      "minecraft:behavior.random_stroll": {
        "priority": 6,
        "speed_multiplier": 1
      },
      "minecraft:behavior.look_at_player": {
        "priority": 9,
        "look_distance": 10,
        "probability": 0.02
      },
      "minecraft:behavior.random_look_around":{
        "priority":7,
        "speed_multiplier":1
      },
      "minecraft:physics": {
      },
      "minecraft:pushable": {
        "is_pushable": true,
        "is_pushable_by_piston": true
      },
      "minecraft:conditional_bandwidth_optimization": {
      },
      "minecraft:experience_reward": {
        "on_death": "query.last_hit_by_player ? 70 + (query.equipment_count * Math.Random(1,3)) : 0"
      }
    },
    "events":{
      "onepiece_addon:be_wild":{
        "add":{
          "component_groups":[
            "onepiece_addon:wild"
          ]
        }
      },
      "minecraft:entity_spawned":{
        "add": {
          "component_groups": [
            "onepiece_addon:wild"
          ]
        }
      },
      "onepiece_addon:be_kurouzu":{
        "remove":{
          "component_groups":[
            "onepiece_addon:wild"
          ]
        },
        "add":{
          "component_groups":[
            "onepiece_addon:kurouzu"
          ]
        }
      },
      "onepiece_addon:kurouzu_end":{
        "remove":{
          "component_groups":[
            "onepiece_addon:kurouzu"
          ]
        },
        "add":{
          "component_groups":[
            "onepiece_addon:wild"
          ]
        }
      },
      "onepiece_addon:be_kairouseki":{
        "remove":{
          "component_groups":[
            "onepiece_addon:wild"
          ]
        },
        "add":{
          "component_groups":[
            "onepiece_addon:kairouseki"
          ]
        }
      },
      "onepiece_addon:be_toy":{
        "add":{
          "component_groups":[
            "onepiece_addon:toy"
          ]
        }
      },
      "onepiece_addon:be_mess":{
        "add":{
          "component_groups":[
            "onepiece_addon:mess"
          ]
        }
      },
      "onepiece_addon:be_strawman":{
        "add":{
          "component_groups":[
            "onepiece_addon:strawman"
          ]
        }
      }
    }
}}
