{
	"format_version": "1.8.0",
	"animations": {
		"animation.black_leg.default": {
			"loop": true,
			"bones": {
				"rightleg": {
					"position": [0, 2, -2]
				}
			}
		},
		"animation.black_leg.default_arms": {
			"loop": true,
			"override_previous_animation": true,
			"bones": {
				"rightArm": {
					"rotation": [-162.5, 0, 0],
					"position": [1.5, -2, -3]
				},
				"leftArm": {
					"rotation": [-162.5, 0, 0],
					"position": [-1.5, -2, -3]
				}
			}
		},
		"animation.black_leg.sky_walk": {
			"loop": "hold_on_last_frame",
			"animation_length": 0.5,
			"bones": {
				"tudo": {
					"rotation": [15, 0 ,0]
				}
			}
		},
		"animation.black_leg.attack1": {
			"loop": "hold_on_last_frame",
			"animation_length": 0.3,
			"bones": {
				"rightleg": {
					"rotation": [-90, 0, 10],
					"position": [0, 2, -2]
				},
				"waist": {
					"rotation": [0, 0, 10]
				}
			}
		},
		"animation.black_leg.attack2": {
			"loop": "hold_on_last_frame",
			"animation_length": 0.3,
			"bones": {
				"waist": {
					"rotation": [0, 0, -10]
				},
				"leftLeg": {
					"rotation": [-90, 0, -10],
					"position": [0, 2, -2]
				}
			}
		},
		"animation.black_leg.attack3": {
			"loop": "hold_on_last_frame",
			"animation_length": 0.3,
			"bones": {
				"tudo": {
					"rotation": [0, -30, 0]
				},
				"waist": {
					"rotation": [-1.93839, 4.46375, 14.33501]
				},
				"rightArm": {
					"rotation": [-14.33501, 4.46375, 16.93839]
				},
				"leftArm": {
					"rotation": [0, 0, -15]
				},
				"rightleg": {
					"rotation": [-105.14773, 38.10985, 22.47414],
					"position": [0, 0, -0.5]
				}
			}
		},
		"animation.black_leg.attack4": {
			"loop": "hold_on_last_frame",
			"animation_length": 0.3,
			"bones": {
				"root": {
					"rotation": {
						"0.0": [0, 0, 0],
						"0.25": [0, 360, 0]
					}
				},
				"waist": {
					"rotation": [0, 0, -12.5]
				},
				"leftLeg": {
					"rotation": {
						"0.0": [-90, 0, 0],
						"0.25": [-90, 0, -22.5]
					}
				}
			}
		}
	}
}