{
	"format_version": "1.8.0",
	"animations": {
		"animation.katana.180": {
			"loop": true,
			"bones": {
				"root": {
					"rotation": [0, "variable.is_first_person * 180", 0]
				}
			}
		},
		"animation.katana.item_hand": {
			"loop": true,
			"bones": {
				"rightArm": {
					"rotation": [0, 35, 65],
					"position": [5, 5, -3],
					"scale": 1.0
				}
			}
		},
		"animation.katana.item_hand2": {
			"loop": true,
			"bones": {
				"leftArm": {
					"rotation": [0, -35, -65],
					"position": [-5, 5, -3],
					"scale": 1.0
				}
			}
		},
		"animation.katana.item_hand3": {
			"loop": true,
			"bones": {
				"katana3": {
					"scale": 0
				}
			}
		},
		"animation.katana.default_katana": {
			"loop": true,
			"bones": {
				"special_blade": {
					"scale": [0, 0, 0]
				},
				"special_blade2": {
					"scale": [0, 0, 0]
				},
				"special_blade3": {
					"scale": [0, 0, 0]
				},
				"2special_blade": {
					"scale": [0, 0, 0]
				},
				"2special_blade2": {
					"scale": [0, 0, 0]
				},
				"2cable": {
					"scale": ["query.equipped_item_any_tag('slot.weapon.mainhand','katana')", "query.equipped_item_any_tag('slot.weapon.mainhand','katana')", "query.equipped_item_any_tag('slot.weapon.mainhand','katana')"]
				},
				"2cable2": {
					"scale": ["query.equipped_item_any_tag('slot.weapon.offhand','katana')", "query.equipped_item_any_tag('slot.weapon.offhand','katana')", "query.equipped_item_any_tag('slot.weapon.offhand','katana')"]
				},
				"2cable3": {
					"scale": ["query.equipped_item_any_tag('slot.armor.head','katana')", "query.equipped_item_any_tag('slot.armor.head','katana')", "query.equipped_item_any_tag('slot.armor.head','katana')"]
				}
			}
		},
		"animation.katana.default_katana2": {
			"loop": true,
			"bones": {
				"special_blade": {
					"scale": [0, 0, 0]
				},
				"special_blade2": {
					"scale": [0, 0, 0]
				},
				"special_blade3": {
					"scale": [0, 0, 0]
				},
				"2special_blade": {
					"scale": [0, 0, 0]
				},
				"2special_blade2": {
					"scale": [0, 0, 0]
				},
				"2cable": {
					"scale": [0, 0, 0]
				},
				"2cable2": {
					"scale": [0, 0, 0]
				},
				"2cable3": {
					"scale": [0, 0, 0]
				}
			}
		},
		"animation.katana1_jump1": {
			"loop": "hold_on_last_frame",
			"animation_length": 0.35,
			"bones": {
				"tudo": {
					"rotation": {
						"0.0": [0, 0, 0],
						"0.3": [0, "!query.is_on_ground * 360", 0]
					}
				},
				"head": {
					"rotation": {
					    "0.0": ["!query.is_on_ground * 0.0", "!query.is_on_ground * 0.0", "!query.is_on_ground * 0.0"],
					    "0.3": ["!query.is_on_ground * 0.0", "!query.is_on_ground * 360.0", "!query.is_on_ground * 0.0"]
					}
				}
			}
		},
		"animation.katana1_jump2": {
			"loop": "hold_on_last_frame",
			"animation_length": 0.35,
			"bones": {
				"tudo": {
					"rotation": {
						"0.0": [0, 0, 0],
						"0.3": [0, "!query.is_on_ground * -360", 0]
					}
				},
				"head": {
					"rotation": {
					    "0.0": ["!query.is_on_ground * 0.0", "!query.is_on_ground * 0.0", "!query.is_on_ground * 0.0"],
					    "0.3": ["!query.is_on_ground * 0.0", "!query.is_on_ground * -360.0", "!query.is_on_ground * 0.0"]
					}
				}
			}
		},
		"animation.katana1_jump3": {
			"loop": "hold_on_last_frame",
			"animation_length": 0.35,
			"bones": {
				"tudo": {
					"rotation": {
						"0.0": [0, 0, 0],
						"0.3": ["!query.is_on_ground * 360", 0, "!query.is_on_ground * -22.5"]
					}
				}
			}
		},
		"animation.katana1_attack1": {
			"loop": "hold_on_last_frame",
			"animation_length": 0.35,
			"override_previous_animation": true,
			"bones": {
				"special_blade": {
					"scale": {
						"0.15": [1, 1, 1],
						"0.35": [0, 0, 0]
					}
				},
				"special_blade2": {
					"scale": {
						"0.15": [1, 1, 1],
						"0.35": [0, 0, 0]
					}
				},
				"body": {
					"rotation": {
						"0.0": [0, 0, 0],
						"0.075": [0, 0, 0],
						"0.3": [0, 15, 0]
					}
				},
				"rightArm": {
					"rotation": {
						"0.0": [-116.5055, 9.06967, 60.79134],
						"0.075": [8.49, 9.07, 60.79],
						"0.3": [8.31244, 11.95527, 32.96232]
					},
					"position": {
						"0.0": [1, -1, -2],
						"0.075": [0, -1, 0],
						"0.3": [0, -0.5, -0.5]
					}
				},
				"katana": {
					"rotation": {
						"0.0": [0, 0, 0],
						"0.075": [65, 0, 0],
						"0.3": [130, 0, 0]
					},
					"position": {
						"0.0": [0, 0, 0],
						"0.075": [0, 0, 1],
						"0.3": [0, 0, 1]
					}
				},
				"leftArm": {
					"rotation": [2.46207, -0.43399, -20.00933],
					"position": [0, 0, 0]
				},
				"rightArm2": {
					"rotation": [-5, 0, 0]
				},
				"leftArm2": {
					"rotation": [-15, 0, 0]
				}
			}
		},
		"animation.katana1_attack2": {
			"loop": "hold_on_last_frame",
			"animation_length": 0.35,
			"override_previous_animation": true,
			"bones": {
				"special_blade": {
					"scale": {
						"0.15": [1, 1, 1],
						"0.35": [0, 0, 0]
					}
				},
				"special_blade2": {
					"scale": {
						"0.15": [1, 1, 1],
						"0.35": [0, 0, 0]
					}
				},
				"body": {
					"rotation": {
						"0.0": [0, 15, 0],
						"0.25": [0, 5, 0]
					}
				},
				"rightArm": {
					"rotation": {
						"0.0": [-166.87019, -1.43901, -23.57913],
						"0.3": [-26.03872, -7.0255, -34.7965]
					},
					"position": {
						"0.0": [0, 2, -0.5],
						"0.3": [1.5, -0.5, -2]
					}
				},
				"katana": {
					"rotation": {
						"0.0": [0, 0, 0],
						"0.075": [65, 0, 0],
						"0.3": [130, 0, 0]
					},
					"position": {
						"0.0": [0, 0, 0],
						"0.075": [0, 0, 1],
						"0.3": [0, 0, 1]
					}
				},
				"leftArm": {
					"rotation": [2.46207, -0.43399, -20.00933],
					"position": [0, 0, 0]
				},
				"rightArm2": {
					"rotation": [-5, 0, 0]
				},
				"leftArm2": {
					"rotation": [-15, 0, 0]
				}
			}
		},
		"animation.katana1_attack3": {
			"loop": "hold_on_last_frame",
			"animation_length": 0.35,
			"override_previous_animation": true,
			"bones": {
				"special_blade": {
					"scale": {
						"0.15": [1, 1, 1],
						"0.35": [0, 0, 0]
					}
				},
				"special_blade2": {
					"scale": {
						"0.15": [1, 1, 1],
						"0.35": [0, 0, 0]
					}
				},
				"body": {
					"rotation": [0, 5, 0]
				},
				"rightArm": {
					"rotation": {
						"0.0": [-154.88586, 6.84072, 133.95354],
						"0.3": [15.11414, 6.84072, 133.95354]
					},
					"position": {
						"0.0": [1.5, -0.5, -3.5],
						"0.3": [-1, -0.5, 0]
					}
				},
				"katana": {
					"rotation": {
						"0.0": [0, 0, 0],
						"0.075": [65, 0, 0],
						"0.3": [130, 0, 0]
					},
					"position": {
						"0.0": [0, 0, 0],
						"0.075": [0, 0, 1],
						"0.3": [0, 0, 1]
					}
				},
				"leftArm": {
					"rotation": [2.46207, -0.43399, -20.00933],
					"position": [0, 0, 0]
				},
				"leftArm2": {
					"rotation": [-15, 0, 0]
				}
			}
		},
		"animation.katana2_attack1": {
			"loop": "hold_on_last_frame",
			"animation_length": 0.35,
			"override_previous_animation": true,
			"bones": {
				"special_blade": {
					"scale": {
						"0.15": [1, 1, 1],
						"0.35": [0, 0, 0]
					}
				},
				"special_blade2": {
					"scale": {
						"0.15": [1, 1, 1],
						"0.35": [0, 0, 0]
					}
				},
				"body": {
					"rotation": {
						"0.0": [0, 0, 0],
						"0.075": [0, 0, 0],
						"0.3": [0, 0, 0]
					}
				},
				"rightArm": {
					"rotation": {
						"0.0": [-116.5055, 9.06967, 60.79134],
						"0.075": [8.49, 9.07, 60.79],
						"0.3": [8.31244, 11.95527, 32.96232]
					},
					"position": {
						"0.0": [1, -1, -2],
						"0.075": [0, -1, 0],
						"0.3": [0, -0.5, -0.5]
					}
				},
				"katana": {
					"rotation": {
						"0.0": [0, 0, 0],
						"0.075": [65, 0, 0],
						"0.3": [130, 0, 0]
					},
					"position": {
						"0.0": [0, 0, 0],
						"0.075": [0, 0, 1],
						"0.3": [0, 0, 1]
					}
				},
				"leftArm": {
					"rotation": {
						"0.0": [-116.5055, -9.0697, -60.7913],
						"0.075": [8.49, -9.07, -60.79],
						"0.3": [8.3124, 11.9553, -32.9623]
					},
					"position": {
						"0.0": [-1, -1, -2],
						"0.075": [0, -1, 0]
					}
				},
				"rightArm2": {
					"rotation": [-5, 0, 0]
				},
				"leftArm2": {
					"rotation": [-15, 0, 0]
				},
				"katana2": {
					"rotation": {
						"0.0": [0, 0, 0],
						"0.075": [65, 0, 0],
						"0.3": [130, 0, 0]
					},
					"position": {
						"0.0": [0, 0, 0],
						"0.075": [0, 0, 1],
						"0.3": [0, 0, 1]
					}
				}
			}
		},
		"animation.katana2_attack2": {
			"loop": "hold_on_last_frame",
			"animation_length": 0.35,
			"override_previous_animation": true,
			"bones": {
				"special_blade": {
					"scale": {
						"0.15": [1, 1, 1],
						"0.35": [0, 0, 0]
					}
				},
				"special_blade2": {
					"scale": {
						"0.15": [1, 1, 1],
						"0.35": [0, 0, 0]
					}
				},
				"body": {
					"rotation": [0, 0, 0]
				},
				"rightArm": {
					"rotation": {
						"0.0": [-166.87019, -1.43901, -23.57913],
						"0.3": [-26.03872, -7.0255, -34.7965]
					},
					"position": {
						"0.0": [0, 2, -0.5],
						"0.3": [1.5, -0.5, -2]
					}
				},
				"katana": {
					"rotation": {
						"0.0": [0, 0, 0],
						"0.075": [65, 0, 0],
						"0.3": [130, 0, 0]
					},
					"position": {
						"0.0": [0, 0, 0],
						"0.075": [0, 0, 1],
						"0.3": [0, 0, 1]
					}
				},
				"leftArm": {
					"rotation": {
						"0.0": [-166.8702, -1.439, 23.5791],
						"0.3": [-26.0387, 7.0255, 34.7965]
					},
					"position": {
						"0.0": [0, 2, -0.5],
						"0.3": [-1.5, -0.5, -2]
					}
				},
				"rightArm2": {
					"rotation": [-5, 0, 0]
				},
				"leftArm2": {
					"rotation": [-5, 0, 0]
				},
				"katana2": {
					"rotation": {
						"0.0": [0, 0, 0],
						"0.075": [65, 0, 0],
						"0.3": [130, 0, 0]
					},
					"position": {
						"0.0": [0, 0, 0],
						"0.075": [0, 0, 1],
						"0.3": [0, 0, 1]
					}
				}
			}
		},
		"animation.katana2_attack3": {
			"loop": "hold_on_last_frame",
			"animation_length": 0.35,
			"override_previous_animation": true,
			"bones": {
				"special_blade": {
					"scale": {
						"0.15": [1, 1, 1],
						"0.35": [0, 0, 0]
					}
				},
				"special_blade2": {
					"scale": {
						"0.15": [1, 1, 1],
						"0.35": [0, 0, 0]
					}
				},
				"rightArm": {
					"rotation": {
						"0.0": [-154.88586, 6.84072, 133.95354],
						"0.3": [15.11414, 6.84072, 133.95354]
					},
					"position": {
						"0.0": [1.5, -0.5, -3.5],
						"0.3": [-1, -0.5, 0]
					}
				},
				"katana": {
					"rotation": {
						"0.0": [0, 0, 0],
						"0.075": [65, 0, 0],
						"0.3": [130, 0, 0]
					},
					"position": {
						"0.0": [0, 0, 0],
						"0.075": [0, 0, 1],
						"0.3": [0, 0, 1]
					}
				},
				"leftArm": {
					"rotation": {
						"0.0": [-154.8859, -6.8407, -133.9535],
						"0.3": [15.1141, -6.8407, -133.9535]
					},
					"position": {
						"0.0": [-1.5, -0.5, -3.5],
						"0.3": [1, -0.5, 0]
					}
				},
				"katana2": {
					"rotation": {
						"0.0": [0, 0, 0],
						"0.075": [65, 0, 0],
						"0.3": [130, 0, 0]
					},
					"position": {
						"0.0": [0, 0, 0],
						"0.075": [0, 0, 1],
						"0.3": [0, 0, 1]
					}
				}
			}
		}
	}
}