{
	"format_version": "1.8.0",
	"animations": {
		"animation.kiribachi.default": {
			"loop": "hold_on_last_frame",
			"override_previous_animation": true,
			"bones": {
				"waist": {
					"rotation": [14.72765, -31.63886, -7.85085]
				},
				"rightArm": {
					"rotation": [188.17291, -21.40514, -232.63282],
					"position": [1.5, -0.5, -1.75]
				},
				"cable": {
					"rotation": [24.74043, 12.73177, -46.0829],
					"position": [-0.5, -4.25, -1.25]
				},
				"leftArm": {
					"rotation": [-26.56965, 19.37236, -7.60191],
					"position": [-1, 1.75, 0.5]
				}
			}
		},
		"animation.kiribachi.attack1": {
			"loop": "hold_on_last_frame",
			"animation_length": 0.75,
			"override_previous_animation": true,
			"bones": {
				"waist": {
					"rotation": {
						"0.0": [14.72765, -31.63886, -7.85085],
						"0.2": [12.5, 0, 0]
					}
				},
				"rightArm": {
					"rotation": {
						"0.0": [188.17291, -21.40514, -232.63282],
						"0.2": [368.94974, -0.72167, -252.62932]
					},
					"position": {
						"0.0": [1.5, -0.5, -1.75],
						"0.2": [-0.5, -0.5, 0.25]
					}
				},
				"cable": {
					"rotation": [24.74043, 12.73177, -46.0829],
					"position": [-0.5, -4.25, -1.25]
				},
				"leftArm": {
					"rotation": {
						"0.0": [-26.56965, 19.37236, -7.60191],
						"0.2": [-11.40299, 2.4314, -14.30534]
					},
					"position": {
						"0.0": [-1, 1.75, 0.5],
						"0.2": [0, -0.25, 0.5]
					}
				}
			}
		}
	}
}