{
	"format_version": "1.8.0",
	"animations": {
		"animation.ginga_pachinko.default": {
			"loop": "hold_on_last_frame",
			"animation_length": 10000,
			"bones": {
				"line": {
					"scale": [0, 0, 0]
				}
			}
		},
		"animation.ginga_pachinko.first": {
			"loop": true,
			"bones": {
				"rightArm": {
					"rotation": [0, 35, 65],
					"position": [5, 5, 0],
					"scale": 1.0
				}
			}
		},
		"animation.ginga_pachinko.using": {
			"loop": "hold_on_last_frame",
			"animation_length": 10000,
			"bones": {
				"root": {
					"rotation": [0, "query.target_y_rotation * variable.is_third_person", 0]
				},
				"body": {
					"rotation": [0, "180 * variable.is_first_person", 0]
				},
				"tudo": {
					"rotation": [0, "-80 * variable.is_third_person", 0]
				},
				"rightA": {
					"rotation": [-90, 0, 0]
				},
				"rightArm": {
					"rotation": [5, 0, 72.5],
					"position": [0, 1, 2.5]
				},
				"leftArm": {
					"rotation": [-90, 80, 0],
					"position": {
						"0.0": [-3, 2, -2],
						"0.15": [-2, 0, -2]
					}
				},
				"leftArm2": {
					"rotation": [0, 0, 10]
				},
				"slingshot": {
					"rotation": [0, 0, 17.5]
				},
				"line": {
					"rotation": [-5, 0, 0],
					"scale": [1, 2.4, 1]
				}
			}
		}
	}
}