{
	"format_version": "1.8.0",
	"animations": {
		"animation.bow_kuja.first": {
			"loop": true,
			"bones": {
				"rightArm": {
					"rotation": [0, 35, 65],
					"position": [0, 5, 0],
					"scale": 1.0
				}
			}
		},
		"animation.bow_kuja.attachables": {
			"loop": "hold_on_last_frame",
			"animation_length": 99999,
			"bones": {
				"bow_kuja": {
					"position": [0, -1, 0]
				},
				"snake_part1": {
					"rotation": [0, 0, 0]
				},
				"rope": {
					"position": {
						"0.0": [0, 0, 0],
						"0.15": [0, 4, 0]
					}
				},
				"rope1": {
					"rotation": {
						"0.0": [0, 0, 0],
						"0.15": [16.42, 0, 0]
					},
					"scale": {
						"0.0": [1, 1, 1],
						"0.15": [1, 1, 1.2]
					}
				},
				"rope2": {
					"rotation": {
						"0.0": [0, 0, 0],
						"0.15": [-16.42, 0, 0]
					},
					"scale": {
						"0.0": [1, 1, 1],
						"0.15": [1, 1, 1.2]
					}
				},
				"arrow": {
					"position": {
						"0.0": [2, -6, 0],
						"0.15": [2, -2, 0]
					}
				}
			}
		},
		"animation.bow_kuja.using": {
			"loop": "hold_on_last_frame",
			"animation_length": 99999,
			"bones": {
				"root": {
					"rotation": [0, "query.target_y_rotation * variable.is_third_person", 0]
				},
				"body": {
					"rotation": [0, "180 * variable.is_first_person", 0]
				},
				"tudo": {
					"rotation": [0, "-80 * variable.is_third_person", 0]
				},
				"rightA": {
					"rotation": [-90, 0, 0]
				},
				"rightArm": {
					"rotation": [0, 0, 80],
					"position": [0, 1, 2]
				},
				"leftArm": {
					"rotation": [-90, 80, 0],
					"position": {
						"0.0": [-5, 0, -2],
						"0.15": [-2, 0, -2]
					}
				}
			}
		},
		"animation.bow_kuja.using2": {
		    "loop": "hold_on_last_frame",
		    "animation_length": 99999,
		    "bones": {
				"leftArm": {
					"rotation": [0, -85, -65],
					"position": [10, 5, 0],
					"scale": 1.0
				}
			}
		}
	}
}