{
	"format_version": "1.8.0",
	"animations": {
		"animation.pistol.shoot": {
			"loop": "hold_on_last_frame",
			"animation_length": 0.3,
			"bones": {
				"rightArm": {
					"rotation": {
					    "0.0": [-20, 0, 0],
					    "0.3": [0, 0, 0]
					}
				}
			}
		},
		"animation.pistol.player": {
			"loop": "hold_on_last_frame",
			"override_previous_animation": true,
			"bones": {
				"rightA": {
					"rotation": ["query.target_x_rotation", "query.target_y_rotation", 0]
				},
				"rightArm": {
					"rotation": ["-80", 0, 0]
				}
			}
		},
		"animation.pistol.first": {
			"loop": true,
			"bones": {
				"rightArm": {
					"rotation": [0, 35, 65],
					"position": [5, 5, 0],
					"scale": 1.0
				}
			}
		},
		"animation.sniper.player": {
			"loop": "hold_on_last_frame",
			"bones": {
				"root": {
					"position": [0, -3, 0]
				},
				"waist": {
					"rotation": [0, -12.5, 0]
				},
				"rightArm": {
					"rotation": [-90, 12.5, 0],
					"position": [1, 0, -1]
				},
				"leftArm": {
					"rotation": [-90, 70, 0],
					"position": [-2, 0, -2]
				},
				"rightLeg": {
					"rotation": [-45, 0, 0]
				},
				"leftLeg": {
					"rotation": [22.5, 0, 0],
					"position": [0, 1, 0]
				},
				"leftLeg2": {
					"rotation": [22.5, 0, 0]
				},
				"rightLeg2": {
					"rotation": [45, 0, 0]
				}
			}
		},
		"animation.sniper.first": {
			"loop": true,
			"bones": {
				"rightArm": {
					"rotation": [0, 35, 65],
					"position": [5, 5, 0],
					"scale": 1.0
				}
			}
		}
	}
}