{
	"format_version": "1.8.0",
	"animations": {
		"animation.ittoryu.sanjuroku_pound_ho2": {
			"loop": "hold_on_last_frame",
			"animation_length": 0.75,
			"override_previous_animation": true,
			"bones": {
				"root": {
					"rotation": [0, "(variable.is_third_person * -5) * (variable.is_first_person * 180)", 0]
				},
				"waist": {
					"rotation": [0, -25, 0]
				},
				"rightArm": {
					"rotation": {
						"0.0": [-84.54572, -56.85047, 15.3609],
						"0.25": [85.45428, -56.85047, 15.3609]
					},
					"position": {
						"0.0": [1.5, 0, -2],
						"0.25": [0.5, 0, 2]
					}
				},
				"rightArm2": {
					"rotation": {
						"0.0": [-17.5, 0, 0],
						"0.25": [2.5, 0, 0]
					}
				},
				"leftArm": {
					"rotation": [-62.38215, 34.31152, 4.46242],
					"position": [-0.5, 0, 0]
				},
				"leftArm2": {
					"rotation": [-30, 0, 0]
				},
				"rightleg": {
					"rotation": [-9.57368, -6.60253, 5.83068],
					"position": [0, 0, -1]
				},
				"rightLeg2": {
					"rotation": [12.5, 0, 0]
				},
				"leftLeg": {
					"rotation": [-8.96883, -16.02215, -4.97591],
					"position": [0, 0, 1]
				},
				"leftLeg2": {
					"rotation": [12.5, 0, 0]
				}
			}
		},
		"animation.ittoryu.sanbyakurokuju_pound_ho2": {
			"loop": "hold_on_last_frame",
			"animation_length": 0.75,
			"override_previous_animation": true,
			"bones": {
				"waist": {
					"rotation": [12.54624, 4.88119, 1.08482]
				},
				"sheath1": {
					"rotation": [-12.5, 0, 0],
					"position": [1, 2, 0]
				},
				"rightArm2": {
					"rotation": [-12.5, 0, 0]
				},
				"katana": {
					"rotation": [-177.75, -367.5, -180.32902],
					"position": {
					    "0.0": [-0.25, 0.15, -8.5],
					    "0.5": [-0.25, 0.05, -6]
					}
				},
				"leftArm": {
					"rotation": {
					    "0.0": [-128.82607, 37.33289, -96.29298],
					    "0.5": [-134.64504, 44.81315, -105.12082]
					},
					"position": [-1, -2, -2]
				},
				"leftArm2": {
					"rotation": [-20, 0, 0]
				},
				"rightLeg": {
					"rotation": [-5.00332, 5.41629, 4.54554]
				},
				"rightLeg2": {
					"rotation": [5, 0, 0]
				},
				"leftLeg": {
					"rotation": [-5.00332, -5.41629, -4.54554]
				},
				"leftLeg2": {
					"rotation": [5, 0, 0]
				}
			}
		},
		"animation.ittoryu.shishi_sonson2": {
			"loop": "hold_on_last_frame",
			"animation_length": 0.75,
			"override_previous_animation": true,
			"bones": {
				"waist": {
					"rotation": [12.54624, 4.88119, 1.08482]
				},
				"sheath1": {
					"rotation": [-12.5, 0, 0],
					"position": [1, 2, 0]
				},
				"rightArm2": {
					"rotation": [-12.5, 0, 0]
				},
				"katana": {
					"rotation": [-177.75, -367.5, -180.32902],
					"position": {
					    "0.0": [-0.25, 0.15, -8.5],
					    "0.5": [-0.25, 0.05, -6]
					}
				},
				"leftArm": {
					"rotation": {
					    "0.0": [-128.82607, 37.33289, -96.29298],
					    "0.5": [-134.64504, 44.81315, -105.12082]
					},
					"position": [-1, -2, -2]
				},
				"leftArm2": {
					"rotation": [-20, 0, 0]
				},
				"rightLeg": {
					"rotation": [-5.00332, 5.41629, 4.54554]
				},
				"rightLeg2": {
					"rotation": [5, 0, 0]
				},
				"leftLeg": {
					"rotation": [-5.00332, -5.41629, -4.54554]
				},
				"leftLeg2": {
					"rotation": [5, 0, 0]
				}
			}
		},
		"animation.nitoryu.taka_nami2": {
			"loop": "hold_on_last_frame",
			"animation_length": 0.75,
			"override_previous_animation": true,
			"bones": {
				"root": {
					"rotation": {
						"0.0": [0, "(variable.is_third_person * -5) * (variable.is_first_person * 180)", 0],
						"0.25": [0, "(variable.is_third_person * 10) * (variable.is_first_person * 180)", 0]
					}
				},
				"waist": {
					"rotation": [0, -25, 0]
				},
				"rightArm": {
					"rotation": {
						"0.0": [-84.54572, -56.85047, 15.3609],
						"0.25": [-4.69144, -0.97337, 88.34925]
					},
					"position": {
						"0.0": [1.5, 0, -2],
						"0.25": [0.5, 0, 1]
					}
				},
				"rightArm2": {
					"rotation": {
						"0.0": [-17.5, 0, 0],
						"0.25": [2.5, 0, 0]
					}
				},
				"leftArm": {
					"rotation": {
						"0.0": [-66, -20, 7.5],
						"0.25": [-3.06104, -1.20681, 86.66758]
					},
					"position": {
						"0.0": [-0.5, 0, 0],
						"0.25": [-1.5, 0, -3]
					}
				},
				"leftArm2": {
					"rotation": {
						"0.0": [-30, 0, 0],
						"0.25": [-5, 0, 0]
					}
				},
				"rightleg": {
					"rotation": [-9.57368, -6.60253, 5.83068],
					"position": [0, 0, -1]
				},
				"rightLeg2": {
					"rotation": [12.5, 0, 0]
				},
				"leftLeg": {
					"rotation": [-8.96883, -16.02215, -4.97591],
					"position": [0, 0, 1]
				},
				"leftLeg2": {
					"rotation": [12.5, 0, 0]
				},
				"body": {
					"rotation": {
						"0.0": [0, 0, 0],
						"0.25": [0, 12.5, 0]
					}
				}
			}
		},
		"animation.nitoryu.rashomon2": {
			"loop": "hold_on_last_frame",
			"animation_length": 0.75,
			"override_previous_animation": true,
			"bones": {
				"root": {
					"position": [0, -3, 0]
				},
				"waist": {
					"rotation": [20, 0, 0]
				},
				"sheath1": {
					"rotation": [-22, 0, 0.5],
					"position": [10, 1.5, -0.5]
				},
				"sheath2": {
					"rotation": [-32, 0, 0.5],
					"position": [-0.5, 3, 0.5]
				},
				"rightArm": {
					"rotation": [-140, 12, 170],
					"position": [1, 0, -2]
				},
				"rightArm2": {
					"rotation": [0, 0, 25]
				},
				"katana": {
					"rotation": [-17.5, 9, -43],
					"position": {
						"0.0": [-2, -3.5, 1.45],
						"0.25": [-2.75, -3.25, -0.8]
					}
				},
				"leftArm": {
					"rotation": [-140, -12, -170],
					"position": [-1, -0.5, -1.5]
				},
				"leftArm2": {
					"rotation": [0, 0, -25]
				},
				"katana2": {
					"rotation": [-17.25, -5, 43],
					"position": {
						"0.0": [2.25, -3.25, 1.45],
						"0.25": [2.75, -2.75, -0.55]
					}
				},
				"rightLeg": {
					"rotation": [-29.40842, 6.21271, 10.86815]
				},
				"rightLeg2": {
					"rotation": [50, 0, 0]
				},
				"leftLeg": {
					"rotation": [-29.40842, -6.21271, -10.86815]
				},
				"leftLeg2": {
					"rotation": [50, 0, 0]
				},
				"2cable": {
					"scale": [1, 0, 0]
				},
				"2cable2": {
					"scale": [1, 0, 0]
				}
			}
		},
		"animation.nitoryu.nigiri_using": {
			"loop": true,
			"animation_length": 9999,
			"override_previous_animation": true,
			"bones": {
				"root": {
					"position": [0, -1, 0]
				},
				"rightArm": {
					"rotation": [-90, 32.5, -90],
					"position": [1, 1, -2]
				},
				"leftArm": {
					"rotation": [-90, 10, -90],
					"position": [-1, 0, -2]
				},
				"rightleg": {
					"rotation": [-10, 12.5, 12.5]
				},
				"rightLeg2": {
					"rotation": [10, 0, 0]
				},
				"leftLeg": {
					"rotation": [-10, -12.5, -12.5]
				},
				"leftLeg2": {
					"rotation": [10, 0, 0]
				}
			}
		},
		"animation.nitoryu.nigiri2": {
			"loop": "hold_on_last_frame",
			"animation_length": 0.75,
			"override_previous_animation": true,
			"bones": {
				"root": {
					"position": [0, -1, 0]
				},
				"rightArm": {
					"rotation": {
						"0.0": [-90, 32.5, -90],
						"0.2083": [-12.6165, 30.5742, -104.50316]
					},
					"position": [1, 1, -2]
				},
				"leftArm": {
					"rotation": {
						"0.0": [-90, 10, -90],
						"0.2083": [22.75788, 15.31732, -139.04936]
					},
					"position": {
						"0.0": [-1, 0, -2],
						"0.2083": [0, 1, 1]
					}
				},
				"rightleg": {
					"rotation": [-10, 12.5, 12.5]
				},
				"rightLeg2": {
					"rotation": [10, 0, 0]
				},
				"leftLeg": {
					"rotation": [-10, -12.5, -12.5]
				},
				"leftLeg2": {
					"rotation": [10, 0, 0]
				}
			}
		},
		"animation.santoryu.tora_gari_using": {
			"loop": "hold_on_last_frame",
			"animation_length": 9999,
			"override_previous_animation": true,
			"bones": {
				"rightArm": {
					"rotation": [-147.03173, 0.36308, 37.6058],
					"position": [4.5, 0.5, -3.5]
				},
				"rightArm2": {
					"rotation": [-22.5, 0, 0]
				},
				"leftArm": {
					"rotation": [-136.9106, 0.35969, 39.29198],
					"position": [-1, 0.5, -3.5]
				},
				"leftArm2": {
					"rotation": [-32.5, 0, 0]
				}
			}
		},
		"animation.santoryu.tora_gari2": {
			"loop": "hold_on_last_frame",
			"animation_length": 1.25,
			"override_previous_animation": true,
			"bones": {
				"rightArm": {
					"rotation": {
						"0.6": [-147.03173, 0.36308, 37.6058],
						"0.75": [10.46827, 0.36308, 37.6058]
					},
					"position": {
						"0.6": [4.5, 0.5, -3.5],
						"0.75": [0.5, -0.5, 0]
					}
				},
				"rightArm2": {
					"rotation": [-22.5, 0, 0]
				},
				"leftArm": {
					"rotation": [-136.9106, 0.35969, 39.29198],
					"position": [-1, 0.5, -3.5]
				},
				"leftArm2": {
					"rotation": [-32.5, 0, 0]
				}
			}
		}
	}
}