{
	"format_version": "1.8.0",
	"animations": {
		"animation.santoryu.ui_tora_gari2": {
			"loop": "hold_on_last_frame",
			"animation_length": 0.75,
			"override_previous_animation": true,
			"bones": {
				"rightArm": {
					"rotation": {
						"0.0": [-147.03173, 0.36308, 37.6058],
						"0.5": [10.46827, 0.36308, 37.6058]
					},
					"position": {
						"0.0": [4.5, 0.5, -3.5],
						"0.5": [0.5, -0.5, 0]
					}
				},
				"rightArm2": {
					"rotation": [-22.5, 0, 0]
				},
				"leftArm": {
					"rotation": [-136.9106, 0.35969, 39.29198],
					"position": [-1, 0.5, -3.5]
				},
				"leftArm2": {
					"rotation": [-32.5, 0, 0]
				}
			}
		},
		"animation.santoryu.tatsumaki2": {
			"loop": "hold_on_last_frame",
			"animation_length": 0.75,
			"override_previous_animation": true,
			"bones": {
				"root": {
					"position": [0, -1, 0]
				},
				"rightArm": {
					"rotation": {
						"0.0": [-90, 32.5, -90],
						"0.4167": [-12.6165, 30.5742, -104.50316]
					},
					"position": [1, 1, -2]
				},
				"leftArm": {
					"rotation": {
						"0.0": [-90, 10, -90],
						"0.4167": [22.75788, 15.31732, -139.04936]
					},
					"position": {
						"0.0": [-1, 0, -2],
						"0.4167": [0, 1, 1]
					}
				},
				"rightleg": {
					"rotation": {
						"0.0": [7.09519, 54.68982, 21.17258],
						"0.5": [-13.02831, 11.94756, 10.00522]
					},
					"position": {
						"0.0": [0.5, 0, 1],
						"0.5": [0, 0, -1]
					}
				},
				"rightLeg2": {
					"rotation": [10, 0, 0]
				},
				"leftLeg": {
					"rotation": {
						"0.0": [-10, -12.5, -12.5],
						"0.5": [0, -12.5, -12.5]
					},
					"position": {
						"0.0": [0, 0, -1.5],
						"0.5": [1, 0, 1]
					}
				},
				"leftLeg2": {
					"rotation": [10, 0, 0]
				},
				"waist": {
					"rotation": {
						"0.0": [0.26028, 36.67957, 1.05842],
						"0.5": [0.7287, -26.34292, 2.5704]
					}
				}
			}
		},
		"animation.santoryu.hyakuhachi_pound_ho2": {
			"loop": "hold_on_last_frame",
			"animation_length": 0.75,
			"override_previous_animation": true,
			"bones": {
				"root": {
					"rotation": {
						"0.0": [0, "(variable.is_third_person * -5) * (variable.is_first_person * 180)", 0],
						"0.25": [0, "(variable.is_third_person * 10) * (variable.is_first_person * 180)", 0]
					}
				},
				"waist": {
					"rotation": [0, -25, 0]
				},
				"rightArm": {
					"rotation": {
						"0.0": [-84.54572, -56.85047, 15.3609],
						"0.25": [49.26404, -69.62876, 33.3521]
					},
					"position": {
						"0.0": [1.5, 0, -2],
						"0.25": [0.5, 0, 2]
					}
				},
				"rightArm2": {
					"rotation": {
						"0.0": [-17.5, 0, 0],
						"0.25": [2.5, 0, 0]
					}
				},
				"leftArm": {
					"rotation": {
						"0.0": [-66, -20, 7.5],
						"0.25": [-10.79045, -73.43124, 96.95535]
					},
					"position": {
						"0.0": [-0.5, 0, 0],
						"0.25": [-1.5, 0, -3]
					}
				},
				"leftArm2": {
					"rotation": {
						"0.0": [-30, 0, 0],
						"0.25": [-5, 0, 0]
					}
				},
				"rightleg": {
					"rotation": [-9.57368, -6.60253, 5.83068],
					"position": [0, 0, -1]
				},
				"rightLeg2": {
					"rotation": [12.5, 0, 0]
				},
				"leftLeg": {
					"rotation": [-8.96883, -16.02215, -4.97591],
					"position": [0, 0, 1]
				},
				"leftLeg2": {
					"rotation": [12.5, 0, 0]
				},
				"body": {
					"rotation": {
						"0.0": [0, 0, 0],
						"0.25": [0, 12.5, 0]
					}
				}
			}
		},
		"animation.santoryu.senhachiju_pound_ho2": {
			"loop": "hold_on_last_frame",
			"animation_length": 0.75,
			"override_previous_animation": true,
			"bones": {
				"root": {
					"rotation": {
						"0.0": [0, "(variable.is_third_person * -5) * (variable.is_first_person * 180)", 0],
						"0.25": [0, "(variable.is_third_person * 10) * (variable.is_first_person * 180)", 0]
					}
				},
				"waist": {
					"rotation": [0, -25, 0]
				},
				"rightArm": {
					"rotation": {
						"0.0": [-84.54572, -56.85047, 15.3609],
						"0.25": [49.26404, -69.62876, 33.3521]
					},
					"position": {
						"0.0": [1.5, 0, -2],
						"0.25": [0.5, 0, 2]
					}
				},
				"rightArm2": {
					"rotation": {
						"0.0": [-17.5, 0, 0],
						"0.25": [2.5, 0, 0]
					}
				},
				"leftArm": {
					"rotation": {
						"0.0": [-66, -20, 7.5],
						"0.25": [-10.79045, -73.43124, 96.95535]
					},
					"position": {
						"0.0": [-0.5, 0, 0],
						"0.25": [-1.5, 0, -3]
					}
				},
				"leftArm2": {
					"rotation": {
						"0.0": [-30, 0, 0],
						"0.25": [-5, 0, 0]
					}
				},
				"rightleg": {
					"rotation": [-9.57368, -6.60253, 5.83068],
					"position": [0, 0, -1]
				},
				"rightLeg2": {
					"rotation": [12.5, 0, 0]
				},
				"leftLeg": {
					"rotation": [-8.96883, -16.02215, -4.97591],
					"position": [0, 0, 1]
				},
				"leftLeg2": {
					"rotation": [12.5, 0, 0]
				},
				"body": {
					"rotation": {
						"0.0": [0, 0, 0],
						"0.25": [0, 12.5, 0]
					}
				}
			}
		},
		"animation.santoryu.enbima_yonezu_oni_giri2": {
			"loop": "hold_on_last_frame",
			"animation_length": 0.75,
			"override_previous_animation": true,
			"bones": {
				"waist": {
					"rotation": [22.5, 0, 0]
				},
				"rightArm": {
					"rotation": {
						"0.0": [-137.79726, -52.21733, 86.42375],
						"0.5": [1.46326, 22.7555, 88.73108]
					},
					"position": {
						"0.0": [1.5, -1, -2.5],
						"0.5": [-0.5, -0.5, 0.5]
					}
				},
				"leftArm": {
					"rotation": {
						"0.0": [-137.79719, 52.21736, -86.42365],
						"0.5": [1.4633, -22.75547, -88.73105]
					},
					"position": {
						"0.0": [-1.5, -1, -2.5],
						"0.5": [-0.5, -0.5, 0.5]
					}
				},
				"rightleg": {
					"rotation": [0, 45, 20],
					"position": [0, -0.5, 0]
				},
				"rightLeg2": {
					"rotation": [12.5, 0, 0]
				},
				"leftLeg": {
					"rotation": [0, 45, -20],
					"position": [0, -0.5, 0]
				},
				"leftLeg2": {
					"rotation": [0, 0, 12.5]
				}
			}
		},
		"animation.santoryu.rengoku_oni_giri2": {
			"loop": "hold_on_last_frame",
			"animation_length": 0.75,
			"override_previous_animation": true,
			"bones": {
				"root": {
					"rotation": [0, "variable.is_first_person * 180", 0]
				},
				"tudo": {
					"position": [0, -3, 0]
				},
				"body": {
					"rotation": [5, 0, 0]
				},
				"rightArm": {
					"rotation": {
						"0.0": [-75, -60, -4.5],
						"0.2": [22, 20.5, 44.5]
					},
					"position": {
						"0.0": [1, 0, -3],
						"0.2": [1, -1, 0]
					}
				},
				"leftArm": {
					"rotation": {
						"0.0": [-75, 60, 4.5],
						"0.2": [22, -20.5, -44.5]
					},
					"position": {
						"0.0": [0, 1, -2],
						"0.2": [-1, -1, 0]
					}
				},
				"rightLeg": {
					"rotation": [-34.58897, 5.71617, 15.71888],
					"position": [0, 0, 1]
				},
				"rightLeg2": {
					"rotation": [37.07723, 6.06809, -7.96341]
				},
				"leftLeg": {
					"rotation": [-37.27344, -4.11647, -16.35968],
					"position": [0, 0, 1]
				},
				"leftLeg2": {
					"rotation": [37.07723, -6.06809, 7.96341]
				}
			}
		},
		"animation.santoryu.sanzen_sekai_using": {
			"loop": false,
			"animation_length": 9999,
			"override_previous_animation": true,
			"bones": {
				"root": {
					"rotation": [0, "variable.is_first_person * 180", 0]
				},
				"rightArm": {
					"rotation": {
						"0.0": [0, 0, 0],
						"30.0": [0, 999999, 0]
					}
				},
				"leftArm": {
					"rotation": {
						"0.0": [0, 0, 0],
						"30.0": [0, 999999, 0]
					}
				},
				"rightA": {
					"rotation": [-90, -22.5, -12.5],
					"position": [0, -2, -1]
				},
				"leftA": {
					"rotation": [-110, -10, -140],
					"position": [-1, -1, 0]
				}
			}
		},
		"animation.santoryu.sanzen_sekai2": {
			"loop": true,
			"animation_length": 1.5,
			"override_previous_animation": true,
			"bones": {
				"root": {
					"rotation": [0, "variable.is_first_person * 180", 0]
				},
				"rightArm": {
					"rotation": {
						"0.0": [0, 0, 0],
						"1.5": [0, 10000, 0]
					}
				},
				"leftArm": {
					"rotation": {
						"0.0": [0, 0, 0],
						"1.5": [0, 10000, 0]
					}
				},
				"rightA": {
					"rotation": [-90, -22.5, -12.5],
					"position": [0, -2, -1]
				},
				"leftA": {
					"rotation": [-110, -10, -140],
					"position": [-1, -1, 0]
				}
			}
		}
	}
}