{"entity_sounds":{"entities":{"yg:a":{"events":{"ambient":"mob.a.ambient"},"pitch":[1],"volume":50},"yg:b":{"events":{"ambient":"mob.b.ambient"},"pitch":[1],"volume":50},"yg:c":{"events":{"ambient":"mob.c.ambient"},"pitch":[1],"volume":50},"yg:d":{"events":{"ambient":"mob.d.ambient"},"pitch":[1],"volume":50},"yg:e":{"events":{"ambient":"mob.e.ambient"},"pitch":[1],"volume":50},"yg:f":{"events":{"ambient":"mob.f.ambient"},"pitch":[1],"volume":50},"yg:g":{"events":{"ambient":"mob.g.ambient"},"pitch":[1],"volume":50},"yg:h":{"events":{"ambient":"mob.h.ambient"},"pitch":[1],"volume":50},"yg:i":{"events":{"ambient":"mob.i.ambient"},"pitch":[1],"volume":50},"yg:j":{"events":{"ambient":"mob.j.ambient"},"pitch":[1],"volume":50},"yg:k":{"events":{"ambient":"mob.k.ambient"},"pitch":[1],"volume":50},"yg:l":{"events":{"ambient":"mob.l.ambient"},"pitch":[1],"volume":50},"yg:m":{"events":{"ambient":"mob.m.ambient"},"pitch":[1],"volume":50},"yg:n":{"events":{"ambient":"mob.n.ambient"},"pitch":[1],"volume":50},"yg:o":{"events":{"ambient":"mob.o.ambient"},"pitch":[1],"volume":50},"yg:p":{"events":{"ambient":"mob.p.ambient"},"pitch":[1],"volume":50},"yg:q":{"events":{"ambient":"mob.q.ambient"},"pitch":[1],"volume":50},"yg:r":{"events":{"ambient":"mob.r.ambient"},"pitch":[1],"volume":50},"yg:s":{"events":{"ambient":"mob.s.ambient"},"pitch":[1],"volume":50},"yg:t":{"events":{"ambient":"mob.t.ambient"},"pitch":[1],"volume":50},"yg:u":{"events":{"ambient":"mob.u.ambient"},"pitch":[1],"volume":50},"yg:v":{"events":{"ambient":"mob.v.ambient"},"pitch":[1],"volume":50},"yg:w":{"events":{"ambient":"mob.w.ambient"},"pitch":[1],"volume":50},"yg:x":{"events":{"ambient":"mob.x.ambient"},"pitch":[1],"volume":50},"yg:y":{"events":{"ambient":"mob.y.ambient"},"pitch":[1],"volume":50},"yg:z":{"events":{"ambient":"mob.z.ambient"},"pitch":[1],"volume":50}}}}