{"format_version":"1.16.0","minecraft:entity":{"description":{"identifier":"wesl3y:gomu_attack","is_spawnable":false,"is_summonable":true,"is_experimental":false,"scripts":{},"animations":{}},"component_groups":{"wesl3y:despawn":{"minecraft:transformation":{"into":"wesl3y:despawn","delay":0.1}},"wesl3y:gomu3":{"minecraft:type_family":{"family":["gomu","gomu3","attack"]},"minecraft:collision_box":{"width":0.0,"height":0.0},"minecraft:timer":{"time":0.2,"looping":true,"time_down_event":{"event":"wesl3y:despawn"}},"minecraft:behavior.knockback_roar":{"priority":1,"duration":0.1,"attack_time":0.1,"knockback_damage":0,"knockback_horizontal_strength":6,"knockback_vertical_strength":5,"knockback_range":2,"knockback_filters":{"test":"has_tag","subject":"other","operator":"==","value":"gomu3"},"damage_filters":{"test":"has_tag","subject":"other","operator":"==","value":"sla"},"on_roar_end":{"event":"wesl3y:"},"cooldown_time":0.1}}},"components":{"minecraft:fire_immune":true,"minecraft:scale":{"value":1.0},"minecraft:knockback_resistance":{"value":1.0},"minecraft:damage_sensor":{"triggers":[{"cause":"all","deals_damage":false}]},"minecraft:environment_sensor":{"triggers":[{"event":"wesl3y:command"}]},"minecraft:physics":{},"minecraft:pushable":{"is_pushable":false,"is_pushable_by_piston":false}},"events":{"wesl3y:command":{},"wesl3y:despawn":{"run_command":{"command":["tag @p[tag=gomu3] remove gomu3"]},"remove":{"component_groups":["wesl3y:gomu3"]},"add":{"component_groups":["wesl3y:despawn"]}},"wesl3y:entity_spawned":{"\u0073\u0065\u0071\u0075\u0065\u006e\u0063\u0065":[{"\u0066\u0069\u006c\u0074\u0065\u0072\u0073":{"\u0074\u0065\u0073\u0074":"\u0068\u0061\u0073\u005f\u0074\u0061\u0067","\u0073\u0075\u0062\u006a\u0065\u0063\u0074":"\u006f\u0074\u0068\u0065\u0072","\u0076\u0061\u006c\u0075\u0065":"\u0067\u006f\u006d\u0075\u0033"},"\u0061\u0064\u0064":{"\u0063\u006f\u006d\u0070\u006f\u006e\u0065\u006e\u0074\u005f\u0067\u0072\u006f\u0075\u0070\u0073":["\u0077\u0065\u0073\u006c\u0033\u0079\u003a\u0067\u006f\u006d\u0075\u0033"]},"\u0072\u0075\u006e\u005f\u0063\u006f\u006d\u006d\u0061\u006e\u0064":{"\u0063\u006f\u006d\u006d\u0061\u006e\u0064":["\u0065\u0078\u0065\u0063\u0075\u0074\u0065\u0020\u0040\u0070\u005b\u0074\u0061\u0067\u003d\u0067\u006f\u006d\u0075\u0033\u005d\u0020\u007e\u007e\u007e\u0020\u0074\u0070\u0020\u0040\u0065\u005b\u0074\u0079\u0070\u0065\u003d\u0077\u0065\u0073\u006c\u0033\u0079\u003a\u0067\u006f\u006d\u0075\u005f\u0061\u0074\u0074\u0061\u0063\u006b\u005d\u0020\u005e\u005e\u005e\u002d\u0031"]}},{"\u0066\u0069\u006c\u0074\u0065\u0072\u0073":{"\u0074\u0065\u0073\u0074":"\u0068\u0061\u0073\u005f\u0074\u0061\u0067","\u0073\u0075\u0062\u006a\u0065\u0063\u0074":"\u006f\u0074\u0068\u0065\u0072","\u0076\u0061\u006c\u0075\u0065":"\u0068\u0061\u006b\u0069\u005f\u0061\u0072\u006d\u0061\u006d\u0065\u006e\u0074"},"\u0072\u0075\u006e\u005f\u0063\u006f\u006d\u006d\u0061\u006e\u0064":{"\u0063\u006f\u006d\u006d\u0061\u006e\u0064":["\u0074\u0061\u0067\u0020\u0040\u0073\u0020\u0061\u0064\u0064\u0020\u0068\u0061\u006b\u0069\u005f\u0061\u0072\u006d\u0061\u006d\u0065\u006e\u0074"]}}]}}}}