{"format_version":"1.16.0","minecraft:entity":{"description":{"identifier":"wesl3y:hana_attack","is_spawnable":false,"is_summonable":true,"is_experimental":false,"scripts":{},"animations":{}},"component_groups":{"wesl3y:despawn":{"minecraft:transformation":{"into":"wesl3y:despawn","delay":0.1}},"wesl3y:hana1":{"minecraft:variant":{"value":1},"minecraft:type_family":{"family":["hana","hana1","attack"]},"minecraft:collision_box":{"width":0.0,"height":0.0},"minecraft:timer":{"time":1.5,"looping":true,"time_down_event":{"event":"wesl3y:despawn"}}},"wesl3y:hana2":{"minecraft:variant":{"value":2},"minecraft:type_family":{"family":["hana","hana2","attack"]},"minecraft:collision_box":{"width":0.0,"height":0.0},"minecraft:health":{"value":10},"minecraft:timer":{"time":3,"looping":true,"time_down_event":{"event":"wesl3y:despawn"}}},"wesl3y:hana3":{"minecraft:variant":{"value":1},"minecraft:type_family":{"family":["hana","hana3","attack"]},"minecraft:collision_box":{"width":0.0,"height":0.0},"minecraft:timer":{"time":1.0,"looping":true,"time_down_event":{"event":"wesl3y:despawn"}}},"wesl3y:hana5":{"minecraft:variant":{"value":3},"minecraft:type_family":{"family":["hana","hana5","attack"]},"minecraft:collision_box":{"width":1.5,"height":0.2},"minecraft:health":{"value":10},"minecraft:timer":{"time":7.5,"looping":true,"time_down_event":{"event":"wesl3y:despawn"}}},"wesl3y:hana6":{"minecraft:variant":{"value":4},"minecraft:type_family":{"family":["hana","hana6","attack"]},"minecraft:collision_box":{"width":1.5,"height":0.2},"minecraft:health":{"value":30},"minecraft:scale":{"value":3.5},"minecraft:timer":{"time":0.75,"looping":true,"time_down_event":{"event":"wesl3y:despawn"}},"minecraft:behavior.knockback_roar":{"priority":1,"duration":0.1,"attack_time":0.1,"knockback_damage":0,"knockback_horizontal_strength":6,"knockback_vertical_strength":1,"knockback_range":6,"knockback_filters":{"test":"has_tag","subject":"other","operator":"!=","value":"hana_fruit"},"damage_filters":{"test":"has_tag","subject":"other","operator":"==","value":"sla"},"on_roar_end":{"event":"wesl3y:"},"cooldown_time":0.9999}},"wesl3y:hana7":{"minecraft:variant":{"value":5},"minecraft:type_family":{"family":["hana","hana7","attack"]},"minecraft:collision_box":{"width":1.5,"height":0.2},"minecraft:health":{"value":30},"minecraft:scale":{"value":3.5},"minecraft:timer":{"time":3.5,"looping":true,"time_down_event":{"event":"wesl3y:despawn"}}},"wesl3y:haki":{"minecraft:is_sheared":{}}},"components":{"minecraft:fire_immune":true,"minecraft:scale":{"value":1.0},"minecraft:knockback_resistance":{"value":1.0},"minecraft:damage_sensor":{"triggers":[{"on_damage":{"filters":{"all_of":[{"test":"is_family","subject":"other","operator":"!=","value":"hana"},{"test":"is_family","subject":"self","operator":"!=","value":"haki_armament"}]},"event":"wesl3y:dano"},"deals_damage":true},{"on_damage":{"filters":{"test":"is_family","subject":"self","operator":"==","value":"haki_armament"}},"deals_damage":false}]},"minecraft:environment_sensor":{"triggers":[{"event":"wesl3y:command"},{"filters":{"all_of":[{"test":"has_tag","subject":"self","value":"haki_armament"},{"test":"is_sheared","value":false}]},"event":"wesl3y:haki"}]},"minecraft:physics":{},"minecraft:pushable":{"is_pushable":false,"is_pushable_by_piston":false}},"events":{"wesl3y:command":{"run_command":{"command":["tp @s[family=hana5] ~~~","execute @s[family=hana5] ~~~ detect ~~-1~ air 0 tp ~~-1~","execute @s[family=hana5] ~~~ detect ~~~ grass 0 tp ~~1~","execute @s[family=hana5] ~~~ detect ~~~ dirt 0 tp ~~1~","execute @s[family=hana5] ~~~ detect ~~~ sand 0 tp ~~1~","execute @s[family=hana5] ~~~ detect ~~~ stone 0 tp ~~1~","execute @s[family=hana5] ~~~ detect ~~~ planks 0 tp ~~1~","execute @s[family=hana5] ~~~ detect ~~~ log 0 tp ~~1~","execute @s[family=hana5] ~~~ effect @e[r=6] slow_falling 1 10 true","execute @s[family=hana2] ~~~ tp @e[family=!attack,family=!npc,tag=!hana_fruit,r=1] @s","execute @s[family=hana2] ~~~ tp @s ^^^ facing @e[family=!attack,family=!npc,tag=!hana_fruit,r=1]","execute @s[family=hana7] ~~~ particle minecraft:huge_explosion_emitter ^^^7"]}},"wesl3y:dano":{"run_command":{"command":["damage @e[tag=hana_fruit] 1 entity_attack entity @e[tag=hana_fruit]"]}},"wesl3y:despawn":{"remove":{"component_groups":["wesl3y:hana1","wesl3y:hana2","wesl3y:hana3","wesl3y:hana5","wesl3y:hana6","wesl3y:hana7"]},"add":{"component_groups":["wesl3y:despawn"]}},"wesl3y:haki":{"add":{"component_groups":["wesl3y:haki"]}},"wesl3y:hana1":{"add":{"component_groups":["wesl3y:hana1"]},"run_command":{"command":["tag @s add r1_5"]}},"wesl3y:hana2":{"add":{"component_groups":["wesl3y:hana2"]}},"wesl3y:hana3":{"add":{"component_groups":["wesl3y:hana3"]},"run_command":{"command":["tag @s add r1_5"]}},"wesl3y:hana5":{"add":{"component_groups":["wesl3y:hana5"]}},"wesl3y:hana6":{"add":{"component_groups":["wesl3y:hana6"]},"run_command":{"command":["tp @s ~~~ facing @e[tag=hana_fruit]","tag @s add r6"]}},"wesl3y:hana7":{"add":{"component_groups":["wesl3y:hana7"]},"run_command":{"command":["tp @s ~~~ facing @e[tag=hana_fruit]","tag @s add r5"]}}}}}