{"format_version":"1.16.0","minecraft:entity":{"description":{"identifier":"wesl3y:magu_attack2","is_spawnable":false,"is_summonable":true,"is_experimental":false,"runtime_identifier":"minecraft:snowball","scripts":{},"animations":{}},"component_groups":{"wesl3y:magu3":{"minecraft:type_family":{"family":["magu","magu3","attack","projectile"]},"minecraft:collision_box":{"width":0.1,"height":0.1},"minecraft:explode":{"fuseLength":2.0,"fuseLit":true,"power":2,"breaks_blocks":false},"minecraft:projectile":{"on_hit":{"impact_damage":{"damage":0,"knockback":true,"semirandomdiffdamage":false,"destroy_on_hit":false},"definition_event":{"affectProjectile":true,"eventTrigger":{"event":"wesl3y:magu3_2","target":"self"}}},"power":1.0,"gravity":0,"angle_offset":0.0,"inertia":1,"liquid_inertia":1}},"wesl3y:magu3_2":{"minecraft:explode":{"fuseLength":0.0,"fuseLit":true,"power":2,"breaks_blocks":false}},"wesl3y:magu5":{"minecraft:variant":{"value":1},"minecraft:type_family":{"family":["magu","magu5","attack","projectile"]},"minecraft:collision_box":{"width":0.1,"height":0.1},"minecraft:projectile":{"on_hit":{"impact_damage":{"damage":0,"knockback":false,"semirandomdiffdamage":false,"destroy_on_hit":false},"definition_event":{"affectProjectile":false,"eventTrigger":{"event":"wesl3y:magu5_2","target":"self"}}},"power":0.0,"gravity":0.1},"minecraft:physics":{"has_gravity":true}},"wesl3y:magu5_2":{"minecraft:explode":{"fuseLength":0.0,"fuseLit":true,"power":3,"breaks_blocks":false}}},"components":{"minecraft:scale":{"value":2.0},"minecraft:knockback_resistance":{"value":1.0},"minecraft:damage_sensor":{"triggers":[{"cause":"all","deals_damage":false}]},"minecraft:environment_sensor":{"triggers":[{"event":"wesl3y:command"}]},"minecraft:physics":{},"minecraft:pushable":{"is_pushable":false,"is_pushable_by_piston":false}},"events":{"wesl3y:command":{"run_command":{"command":["execute @s[family=magu3] ~~~ particle wesl3y:magu_particle","execute @s[family=magu5] ~~~ particle wesl3y:magu_particle"]}},"wesl3y:magu3_2":{"run_command":{"command":["particle wesl3y:magu_explosion","fill ~-2~-2~-2 ~2~2~2 wesl3y:magu_block_grass 0 replace grass","fill ~-2~-2~-2 ~2~2~2 wesl3y:magu_block_stone 0 replace cobblestone","fill ~-2~-2~-2 ~2~2~2 wesl3y:magu_block_stone 0 replace stone"]},"add":{"component_groups":["wesl3y:magu3_2"]}},"wesl3y:magu5":{"add":{"component_groups":["wesl3y:magu5"]}},"wesl3y:magu5_2":{"run_command":{"command":["particle wesl3y:magu_explosion","fill ~-2~-2~-2 ~2~2~2 wesl3y:magu_block_grass 0 replace grass","fill ~-2~-2~-2 ~2~2~2 wesl3y:magu_block_stone 0 replace cobblestone","fill ~-2~-2~-2 ~2~2~2 wesl3y:magu_block_stone 0 replace stone"]},"add":{"component_groups":["wesl3y:magu5_2"]}},"wesl3y:entity_spawned":{"\u0073\u0065\u0071\u0075\u0065\u006e\u0063\u0065":[{"\u0066\u0069\u006c\u0074\u0065\u0072\u0073":{"\u0074\u0065\u0073\u0074":"\u0068\u0061\u0073\u005f\u0074\u0061\u0067","\u0073\u0075\u0062\u006a\u0065\u0063\u0074":"\u006f\u0074\u0068\u0065\u0072","\u0076\u0061\u006c\u0075\u0065":"\u006d\u0061\u0067\u0075\u0033"},"\u0061\u0064\u0064":{"\u0063\u006f\u006d\u0070\u006f\u006e\u0065\u006e\u0074\u005f\u0067\u0072\u006f\u0075\u0070\u0073":["\u0077\u0065\u0073\u006c\u0033\u0079\u003a\u006d\u0061\u0067\u0075\u0033"]},"\u0072\u0075\u006e\u005f\u0063\u006f\u006d\u006d\u0061\u006e\u0064":{"\u0063\u006f\u006d\u006d\u0061\u006e\u0064":["\u0074\u0061\u0067\u0020\u0040\u0073\u0020\u0061\u0064\u0064\u0020\u0072\u0033"]}},{"\u0066\u0069\u006c\u0074\u0065\u0072\u0073":{"\u0074\u0065\u0073\u0074":"\u0068\u0061\u0073\u005f\u0074\u0061\u0067","\u0073\u0075\u0062\u006a\u0065\u0063\u0074":"\u006f\u0074\u0068\u0065\u0072","\u0076\u0061\u006c\u0075\u0065":"\u0068\u0061\u006b\u0069\u005f\u0061\u0072\u006d\u0061\u006d\u0065\u006e\u0074"},"\u0072\u0075\u006e\u005f\u0063\u006f\u006d\u006d\u0061\u006e\u0064":{"\u0063\u006f\u006d\u006d\u0061\u006e\u0064":["\u0074\u0061\u0067\u0020\u0040\u0073\u0020\u0061\u0064\u0064\u0020\u0068\u0061\u006b\u0069\u005f\u0061\u0072\u006d\u0061\u006d\u0065\u006e\u0074"]}},{"\u0066\u0069\u006c\u0074\u0065\u0072\u0073":{"\u0074\u0065\u0073\u0074":"\u0068\u0061\u0073\u005f\u0074\u0061\u0067","\u0073\u0075\u0062\u006a\u0065\u0063\u0074":"\u006f\u0074\u0068\u0065\u0072","\u0076\u0061\u006c\u0075\u0065":"\u0064\u0061\u006e\u006f\u0032"},"\u0072\u0075\u006e\u005f\u0063\u006f\u006d\u006d\u0061\u006e\u0064":{"\u0063\u006f\u006d\u006d\u0061\u006e\u0064":["\u0074\u0061\u0067\u0020\u0040\u0073\u0020\u0061\u0064\u0064\u0020\u0064\u0061\u006e\u006f\u0032"]}},{"\u0066\u0069\u006c\u0074\u0065\u0072\u0073":{"\u0074\u0065\u0073\u0074":"\u0068\u0061\u0073\u005f\u0074\u0061\u0067","\u0073\u0075\u0062\u006a\u0065\u0063\u0074":"\u006f\u0074\u0068\u0065\u0072","\u0076\u0061\u006c\u0075\u0065":"\u0064\u0061\u006e\u006f\u0035"},"\u0072\u0075\u006e\u005f\u0063\u006f\u006d\u006d\u0061\u006e\u0064":{"\u0063\u006f\u006d\u006d\u0061\u006e\u0064":["\u0074\u0061\u0067\u0020\u0040\u0073\u0020\u0061\u0064\u0064\u0020\u0064\u0061\u006e\u006f\u0035"]}},{"\u0066\u0069\u006c\u0074\u0065\u0072\u0073":{"\u0074\u0065\u0073\u0074":"\u0068\u0061\u0073\u005f\u0074\u0061\u0067","\u0073\u0075\u0062\u006a\u0065\u0063\u0074":"\u006f\u0074\u0068\u0065\u0072","\u0076\u0061\u006c\u0075\u0065":"\u0064\u0061\u006e\u006f\u0037"},"\u0072\u0075\u006e\u005f\u0063\u006f\u006d\u006d\u0061\u006e\u0064":{"\u0063\u006f\u006d\u006d\u0061\u006e\u0064":["\u0074\u0061\u0067\u0020\u0040\u0073\u0020\u0061\u0064\u0064\u0020\u0064\u0061\u006e\u006f\u0037"]}},{"\u0066\u0069\u006c\u0074\u0065\u0072\u0073":{"\u0074\u0065\u0073\u0074":"\u0068\u0061\u0073\u005f\u0074\u0061\u0067","\u0073\u0075\u0062\u006a\u0065\u0063\u0074":"\u006f\u0074\u0068\u0065\u0072","\u0076\u0061\u006c\u0075\u0065":"\u0064\u0061\u006e\u006f\u0031\u0030"},"\u0072\u0075\u006e\u005f\u0063\u006f\u006d\u006d\u0061\u006e\u0064":{"\u0063\u006f\u006d\u006d\u0061\u006e\u0064":["\u0074\u0061\u0067\u0020\u0040\u0073\u0020\u0061\u0064\u0064\u0020\u0064\u0061\u006e\u006f\u0031\u0030"]}},{"\u0066\u0069\u006c\u0074\u0065\u0072\u0073":{"\u0074\u0065\u0073\u0074":"\u0068\u0061\u0073\u005f\u0074\u0061\u0067","\u0073\u0075\u0062\u006a\u0065\u0063\u0074":"\u006f\u0074\u0068\u0065\u0072","\u0076\u0061\u006c\u0075\u0065":"\u0064\u0061\u006e\u006f\u0031\u0032"},"\u0072\u0075\u006e\u005f\u0063\u006f\u006d\u006d\u0061\u006e\u0064":{"\u0063\u006f\u006d\u006d\u0061\u006e\u0064":["\u0074\u0061\u0067\u0020\u0040\u0073\u0020\u0061\u0064\u0064\u0020\u0064\u0061\u006e\u006f\u0031\u0032"]}},{"\u0066\u0069\u006c\u0074\u0065\u0072\u0073":{"\u0074\u0065\u0073\u0074":"\u0068\u0061\u0073\u005f\u0074\u0061\u0067","\u0073\u0075\u0062\u006a\u0065\u0063\u0074":"\u006f\u0074\u0068\u0065\u0072","\u0076\u0061\u006c\u0075\u0065":"\u0064\u0061\u006e\u006f\u0031\u0035"},"\u0072\u0075\u006e\u005f\u0063\u006f\u006d\u006d\u0061\u006e\u0064":{"\u0063\u006f\u006d\u006d\u0061\u006e\u0064":["\u0074\u0061\u0067\u0020\u0040\u0073\u0020\u0061\u0064\u0064\u0020\u0064\u0061\u006e\u006f\u0031\u0035"]}},{"\u0066\u0069\u006c\u0074\u0065\u0072\u0073":{"\u0074\u0065\u0073\u0074":"\u0068\u0061\u0073\u005f\u0074\u0061\u0067","\u0073\u0075\u0062\u006a\u0065\u0063\u0074":"\u006f\u0074\u0068\u0065\u0072","\u0076\u0061\u006c\u0075\u0065":"\u0064\u0061\u006e\u006f\u0031\u0037"},"\u0072\u0075\u006e\u005f\u0063\u006f\u006d\u006d\u0061\u006e\u0064":{"\u0063\u006f\u006d\u006d\u0061\u006e\u0064":["\u0074\u0061\u0067\u0020\u0040\u0073\u0020\u0061\u0064\u0064\u0020\u0064\u0061\u006e\u006f\u0031\u0037"]}},{"\u0066\u0069\u006c\u0074\u0065\u0072\u0073":{"\u0074\u0065\u0073\u0074":"\u0068\u0061\u0073\u005f\u0074\u0061\u0067","\u0073\u0075\u0062\u006a\u0065\u0063\u0074":"\u006f\u0074\u0068\u0065\u0072","\u0076\u0061\u006c\u0075\u0065":"\u0064\u0061\u006e\u006f\u0032\u0030"},"\u0072\u0075\u006e\u005f\u0063\u006f\u006d\u006d\u0061\u006e\u0064":{"\u0063\u006f\u006d\u006d\u0061\u006e\u0064":["\u0074\u0061\u0067\u0020\u0040\u0073\u0020\u0061\u0064\u0064\u0020\u0064\u0061\u006e\u006f\u0032\u0030"]}},{"\u0066\u0069\u006c\u0074\u0065\u0072\u0073":{"\u0074\u0065\u0073\u0074":"\u0068\u0061\u0073\u005f\u0074\u0061\u0067","\u0073\u0075\u0062\u006a\u0065\u0063\u0074":"\u006f\u0074\u0068\u0065\u0072","\u0076\u0061\u006c\u0075\u0065":"\u0064\u0061\u006e\u006f\u0032\u0032"},"\u0072\u0075\u006e\u005f\u0063\u006f\u006d\u006d\u0061\u006e\u0064":{"\u0063\u006f\u006d\u006d\u0061\u006e\u0064":["\u0074\u0061\u0067\u0020\u0040\u0073\u0020\u0061\u0064\u0064\u0020\u0064\u0061\u006e\u006f\u0032\u0032"]}},{"\u0066\u0069\u006c\u0074\u0065\u0072\u0073":{"\u0074\u0065\u0073\u0074":"\u0068\u0061\u0073\u005f\u0074\u0061\u0067","\u0073\u0075\u0062\u006a\u0065\u0063\u0074":"\u006f\u0074\u0068\u0065\u0072","\u0076\u0061\u006c\u0075\u0065":"\u0064\u0061\u006e\u006f\u0032\u0035"},"\u0072\u0075\u006e\u005f\u0063\u006f\u006d\u006d\u0061\u006e\u0064":{"\u0063\u006f\u006d\u006d\u0061\u006e\u0064":["\u0074\u0061\u0067\u0020\u0040\u0073\u0020\u0061\u0064\u0064\u0020\u0064\u0061\u006e\u006f\u0032\u0035"]}},{"\u0066\u0069\u006c\u0074\u0065\u0072\u0073":{"\u0074\u0065\u0073\u0074":"\u0068\u0061\u0073\u005f\u0074\u0061\u0067","\u0073\u0075\u0062\u006a\u0065\u0063\u0074":"\u006f\u0074\u0068\u0065\u0072","\u0076\u0061\u006c\u0075\u0065":"\u0064\u0061\u006e\u006f\u0032\u0037"},"\u0072\u0075\u006e\u005f\u0063\u006f\u006d\u006d\u0061\u006e\u0064":{"\u0063\u006f\u006d\u006d\u0061\u006e\u0064":["\u0074\u0061\u0067\u0020\u0040\u0073\u0020\u0061\u0064\u0064\u0020\u0064\u0061\u006e\u006f\u0032\u0037"]}},{"\u0066\u0069\u006c\u0074\u0065\u0072\u0073":{"\u0074\u0065\u0073\u0074":"\u0068\u0061\u0073\u005f\u0074\u0061\u0067","\u0073\u0075\u0062\u006a\u0065\u0063\u0074":"\u006f\u0074\u0068\u0065\u0072","\u0076\u0061\u006c\u0075\u0065":"\u0064\u0061\u006e\u006f\u0033\u0030"},"\u0072\u0075\u006e\u005f\u0063\u006f\u006d\u006d\u0061\u006e\u0064":{"\u0063\u006f\u006d\u006d\u0061\u006e\u0064":["\u0074\u0061\u0067\u0020\u0040\u0073\u0020\u0061\u0064\u0064\u0020\u0064\u0061\u006e\u006f\u0033\u0030"]}},{"\u0066\u0069\u006c\u0074\u0065\u0072\u0073":{"\u0074\u0065\u0073\u0074":"\u0068\u0061\u0073\u005f\u0074\u0061\u0067","\u0073\u0075\u0062\u006a\u0065\u0063\u0074":"\u006f\u0074\u0068\u0065\u0072","\u0076\u0061\u006c\u0075\u0065":"\u0064\u0061\u006e\u006f\u0033\u0032"},"\u0072\u0075\u006e\u005f\u0063\u006f\u006d\u006d\u0061\u006e\u0064":{"\u0063\u006f\u006d\u006d\u0061\u006e\u0064":["\u0074\u0061\u0067\u0020\u0040\u0073\u0020\u0061\u0064\u0064\u0020\u0064\u0061\u006e\u006f\u0033\u0032"]}},{"\u0066\u0069\u006c\u0074\u0065\u0072\u0073":{"\u0074\u0065\u0073\u0074":"\u0068\u0061\u0073\u005f\u0074\u0061\u0067","\u0073\u0075\u0062\u006a\u0065\u0063\u0074":"\u006f\u0074\u0068\u0065\u0072","\u0076\u0061\u006c\u0075\u0065":"\u0064\u0061\u006e\u006f\u0033\u0035"},"\u0072\u0075\u006e\u005f\u0063\u006f\u006d\u006d\u0061\u006e\u0064":{"\u0063\u006f\u006d\u006d\u0061\u006e\u0064":["\u0074\u0061\u0067\u0020\u0040\u0073\u0020\u0061\u0064\u0064\u0020\u0064\u0061\u006e\u006f\u0033\u0035"]}},{"\u0066\u0069\u006c\u0074\u0065\u0072\u0073":{"\u0074\u0065\u0073\u0074":"\u0068\u0061\u0073\u005f\u0074\u0061\u0067","\u0073\u0075\u0062\u006a\u0065\u0063\u0074":"\u006f\u0074\u0068\u0065\u0072","\u0076\u0061\u006c\u0075\u0065":"\u0064\u0061\u006e\u006f\u0033\u0037"},"\u0072\u0075\u006e\u005f\u0063\u006f\u006d\u006d\u0061\u006e\u0064":{"\u0063\u006f\u006d\u006d\u0061\u006e\u0064":["\u0074\u0061\u0067\u0020\u0040\u0073\u0020\u0061\u0064\u0064\u0020\u0064\u0061\u006e\u006f\u0033\u0037"]}},{"\u0066\u0069\u006c\u0074\u0065\u0072\u0073":{"\u0074\u0065\u0073\u0074":"\u0068\u0061\u0073\u005f\u0074\u0061\u0067","\u0073\u0075\u0062\u006a\u0065\u0063\u0074":"\u006f\u0074\u0068\u0065\u0072","\u0076\u0061\u006c\u0075\u0065":"\u0064\u0061\u006e\u006f\u0034\u0030"},"\u0072\u0075\u006e\u005f\u0063\u006f\u006d\u006d\u0061\u006e\u0064":{"\u0063\u006f\u006d\u006d\u0061\u006e\u0064":["\u0074\u0061\u0067\u0020\u0040\u0073\u0020\u0061\u0064\u0064\u0020\u0064\u0061\u006e\u006f\u0034\u0030"]}},{"\u0066\u0069\u006c\u0074\u0065\u0072\u0073":{"\u0074\u0065\u0073\u0074":"\u0068\u0061\u0073\u005f\u0074\u0061\u0067","\u0073\u0075\u0062\u006a\u0065\u0063\u0074":"\u006f\u0074\u0068\u0065\u0072","\u0076\u0061\u006c\u0075\u0065":"\u0064\u0061\u006e\u006f\u0034\u0032"},"\u0072\u0075\u006e\u005f\u0063\u006f\u006d\u006d\u0061\u006e\u0064":{"\u0063\u006f\u006d\u006d\u0061\u006e\u0064":["\u0074\u0061\u0067\u0020\u0040\u0073\u0020\u0061\u0064\u0064\u0020\u0064\u0061\u006e\u006f\u0034\u0032"]}},{"\u0066\u0069\u006c\u0074\u0065\u0072\u0073":{"\u0074\u0065\u0073\u0074":"\u0068\u0061\u0073\u005f\u0074\u0061\u0067","\u0073\u0075\u0062\u006a\u0065\u0063\u0074":"\u006f\u0074\u0068\u0065\u0072","\u0076\u0061\u006c\u0075\u0065":"\u0064\u0061\u006e\u006f\u0034\u0035"},"\u0072\u0075\u006e\u005f\u0063\u006f\u006d\u006d\u0061\u006e\u0064":{"\u0063\u006f\u006d\u006d\u0061\u006e\u0064":["\u0074\u0061\u0067\u0020\u0040\u0073\u0020\u0061\u0064\u0064\u0020\u0064\u0061\u006e\u006f\u0034\u0035"]}},{"\u0066\u0069\u006c\u0074\u0065\u0072\u0073":{"\u0074\u0065\u0073\u0074":"\u0068\u0061\u0073\u005f\u0074\u0061\u0067","\u0073\u0075\u0062\u006a\u0065\u0063\u0074":"\u006f\u0074\u0068\u0065\u0072","\u0076\u0061\u006c\u0075\u0065":"\u0064\u0061\u006e\u006f\u0034\u0037"},"\u0072\u0075\u006e\u005f\u0063\u006f\u006d\u006d\u0061\u006e\u0064":{"\u0063\u006f\u006d\u006d\u0061\u006e\u0064":["\u0074\u0061\u0067\u0020\u0040\u0073\u0020\u0061\u0064\u0064\u0020\u0064\u0061\u006e\u006f\u0034\u0037"]}},{"\u0066\u0069\u006c\u0074\u0065\u0072\u0073":{"\u0074\u0065\u0073\u0074":"\u0068\u0061\u0073\u005f\u0074\u0061\u0067","\u0073\u0075\u0062\u006a\u0065\u0063\u0074":"\u006f\u0074\u0068\u0065\u0072","\u0076\u0061\u006c\u0075\u0065":"\u0064\u0061\u006e\u006f\u0035\u0030"},"\u0072\u0075\u006e\u005f\u0063\u006f\u006d\u006d\u0061\u006e\u0064":{"\u0063\u006f\u006d\u006d\u0061\u006e\u0064":["\u0074\u0061\u0067\u0020\u0040\u0073\u0020\u0061\u0064\u0064\u0020\u0064\u0061\u006e\u006f\u0035\u0030"]}},{"\u0066\u0069\u006c\u0074\u0065\u0072\u0073":{"\u0074\u0065\u0073\u0074":"\u0068\u0061\u0073\u005f\u0074\u0061\u0067","\u0073\u0075\u0062\u006a\u0065\u0063\u0074":"\u006f\u0074\u0068\u0065\u0072","\u0076\u0061\u006c\u0075\u0065":"\u0064\u0061\u006e\u006f\u0035\u0032"},"\u0072\u0075\u006e\u005f\u0063\u006f\u006d\u006d\u0061\u006e\u0064":{"\u0063\u006f\u006d\u006d\u0061\u006e\u0064":["\u0074\u0061\u0067\u0020\u0040\u0073\u0020\u0061\u0064\u0064\u0020\u0064\u0061\u006e\u006f\u0035\u0032"]}},{"\u0066\u0069\u006c\u0074\u0065\u0072\u0073":{"\u0074\u0065\u0073\u0074":"\u0068\u0061\u0073\u005f\u0074\u0061\u0067","\u0073\u0075\u0062\u006a\u0065\u0063\u0074":"\u006f\u0074\u0068\u0065\u0072","\u0076\u0061\u006c\u0075\u0065":"\u0064\u0061\u006e\u006f\u0035\u0035"},"\u0072\u0075\u006e\u005f\u0063\u006f\u006d\u006d\u0061\u006e\u0064":{"\u0063\u006f\u006d\u006d\u0061\u006e\u0064":["\u0074\u0061\u0067\u0020\u0040\u0073\u0020\u0061\u0064\u0064\u0020\u0064\u0061\u006e\u006f\u0035\u0035"]}},{"\u0066\u0069\u006c\u0074\u0065\u0072\u0073":{"\u0074\u0065\u0073\u0074":"\u0068\u0061\u0073\u005f\u0074\u0061\u0067","\u0073\u0075\u0062\u006a\u0065\u0063\u0074":"\u006f\u0074\u0068\u0065\u0072","\u0076\u0061\u006c\u0075\u0065":"\u0064\u0061\u006e\u006f\u0035\u0037"},"\u0072\u0075\u006e\u005f\u0063\u006f\u006d\u006d\u0061\u006e\u0064":{"\u0063\u006f\u006d\u006d\u0061\u006e\u0064":["\u0074\u0061\u0067\u0020\u0040\u0073\u0020\u0061\u0064\u0064\u0020\u0064\u0061\u006e\u006f\u0035\u0037"]}},{"\u0066\u0069\u006c\u0074\u0065\u0072\u0073":{"\u0074\u0065\u0073\u0074":"\u0068\u0061\u0073\u005f\u0074\u0061\u0067","\u0073\u0075\u0062\u006a\u0065\u0063\u0074":"\u006f\u0074\u0068\u0065\u0072","\u0076\u0061\u006c\u0075\u0065":"\u0064\u0061\u006e\u006f\u0036\u0030"},"\u0072\u0075\u006e\u005f\u0063\u006f\u006d\u006d\u0061\u006e\u0064":{"\u0063\u006f\u006d\u006d\u0061\u006e\u0064":["\u0074\u0061\u0067\u0020\u0040\u0073\u0020\u0061\u0064\u0064\u0020\u0064\u0061\u006e\u006f\u0036\u0030"]}},{"\u0066\u0069\u006c\u0074\u0065\u0072\u0073":{"\u0074\u0065\u0073\u0074":"\u0068\u0061\u0073\u005f\u0074\u0061\u0067","\u0073\u0075\u0062\u006a\u0065\u0063\u0074":"\u006f\u0074\u0068\u0065\u0072","\u0076\u0061\u006c\u0075\u0065":"\u0064\u0061\u006e\u006f\u0036\u0032"},"\u0072\u0075\u006e\u005f\u0063\u006f\u006d\u006d\u0061\u006e\u0064":{"\u0063\u006f\u006d\u006d\u0061\u006e\u0064":["\u0074\u0061\u0067\u0020\u0040\u0073\u0020\u0061\u0064\u0064\u0020\u0064\u0061\u006e\u006f\u0036\u0032"]}},{"\u0066\u0069\u006c\u0074\u0065\u0072\u0073":{"\u0074\u0065\u0073\u0074":"\u0068\u0061\u0073\u005f\u0074\u0061\u0067","\u0073\u0075\u0062\u006a\u0065\u0063\u0074":"\u006f\u0074\u0068\u0065\u0072","\u0076\u0061\u006c\u0075\u0065":"\u0064\u0061\u006e\u006f\u0036\u0035"},"\u0072\u0075\u006e\u005f\u0063\u006f\u006d\u006d\u0061\u006e\u0064":{"\u0063\u006f\u006d\u006d\u0061\u006e\u0064":["\u0074\u0061\u0067\u0020\u0040\u0073\u0020\u0061\u0064\u0064\u0020\u0064\u0061\u006e\u006f\u0036\u0035"]}},{"\u0066\u0069\u006c\u0074\u0065\u0072\u0073":{"\u0074\u0065\u0073\u0074":"\u0068\u0061\u0073\u005f\u0074\u0061\u0067","\u0073\u0075\u0062\u006a\u0065\u0063\u0074":"\u006f\u0074\u0068\u0065\u0072","\u0076\u0061\u006c\u0075\u0065":"\u0064\u0061\u006e\u006f\u0036\u0037"},"\u0072\u0075\u006e\u005f\u0063\u006f\u006d\u006d\u0061\u006e\u0064":{"\u0063\u006f\u006d\u006d\u0061\u006e\u0064":["\u0074\u0061\u0067\u0020\u0040\u0073\u0020\u0061\u0064\u0064\u0020\u0064\u0061\u006e\u006f\u0036\u0037"]}},{"\u0066\u0069\u006c\u0074\u0065\u0072\u0073":{"\u0074\u0065\u0073\u0074":"\u0068\u0061\u0073\u005f\u0074\u0061\u0067","\u0073\u0075\u0062\u006a\u0065\u0063\u0074":"\u006f\u0074\u0068\u0065\u0072","\u0076\u0061\u006c\u0075\u0065":"\u0064\u0061\u006e\u006f\u0037\u0030"},"\u0072\u0075\u006e\u005f\u0063\u006f\u006d\u006d\u0061\u006e\u0064":{"\u0063\u006f\u006d\u006d\u0061\u006e\u0064":["\u0074\u0061\u0067\u0020\u0040\u0073\u0020\u0061\u0064\u0064\u0020\u0064\u0061\u006e\u006f\u0037\u0030"]}}]}}}}