{"format_version":"1.16.0","minecraft:entity":{"description":{"identifier":"wesl3y:tori_phoenix_attack","is_spawnable":false,"is_summonable":true,"is_experimental":false,"scripts":{},"animations":{}},"component_groups":{"wesl3y:despawn":{"minecraft:transformation":{"into":"wesl3y:despawn","delay":0.1}},"wesl3y:tori_phoenix1":{"minecraft:type_family":{"family":["tori_phoenix","tori_phoenix1","attack"]},"minecraft:collision_box":{"width":0.0,"height":0.0},"minecraft:timer":{"time":0.2,"looping":true,"time_down_event":{"event":"wesl3y:despawn"}},"minecraft:behavior.knockback_roar":{"priority":1,"duration":0.1,"attack_time":0.1,"knockback_damage":0,"knockback_horizontal_strength":6,"knockback_vertical_strength":1,"knockback_range":3,"knockback_filters":{"any_of":[{"test":"has_tag","subject":"other","operator":"==","value":"tori_phoenix_skill1"},{"test":"is_family","subject":"other","operator":"==","value":"fly"}]},"damage_filters":{"test":"has_tag","subject":"other","operator":"==","value":"sla"},"on_roar_end":{"event":"wesl3y:"},"cooldown_time":0.1}}},"components":{"minecraft:fire_immune":true,"minecraft:scale":{"value":1.0},"minecraft:knockback_resistance":{"value":1.0},"minecraft:damage_sensor":{"triggers":[{"cause":"all","deals_damage":false}]},"minecraft:environment_sensor":{"triggers":[{"event":"wesl3y:command"}]},"minecraft:physics":{},"minecraft:pushable":{"is_pushable":false,"is_pushable_by_piston":false}},"events":{"wesl3y:command":{},"wesl3y:despawn":{"run_command":{"command":["tag @p[tag=tori_phoenix_skill1] remove tori_phoenix_skill1"]},"remove":{"component_groups":["wesl3y:tori_phoenix1"]},"add":{"component_groups":["wesl3y:despawn"]}},"wesl3y:tori_phoenix1":{"add":{"component_groups":["wesl3y:tori_phoenix1"]}}}}}