{"format_version":"1.16.0","minecraft:entity":{"description":{"identifier":"wesl3y:uo_dragon_attack","is_spawnable":false,"is_summonable":true,"is_experimental":false,"runtime_identifier":"minecraft:snowball","scripts":{},"animations":{}},"component_groups":{"wesl3y:uo1":{"minecraft:variant":{"value":1},"minecraft:type_family":{"family":["uo","uo1","attack","projectile"]},"minecraft:collision_box":{"width":0.1,"height":0.1},"minecraft:explode":{"fuseLength":1.75,"fuseLit":true,"power":0,"breaks_blocks":true},"minecraft:projectile":{"on_hit":{"impact_damage":{"damage":0,"semirandomdiffdamage":false,"destroy_on_hit":true},"definition_event":{}},"power":1.5,"gravity":0.0,"angle_offset":0.0,"inertia":1,"liquid_inertia":1,"uncertaintyBase":10,"offset":[0,0,0]}},"wesl3y:uo2":{"minecraft:type_family":{"family":["uo","uo2","attack","projectile"]},"minecraft:collision_box":{"width":0.1,"height":0.1},"minecraft:explode":{"fuseLength":3.0,"fuseLit":true,"power":10,"breaks_blocks":true},"minecraft:projectile":{"on_hit":{"impact_damage":{"damage":0,"semirandomdiffdamage":false,"destroy_on_hit":false},"definition_event":{"affectProjectile":false,"eventTrigger":{"event":"wesl3y:uo2_2","target":"self"}}},"power":1.0,"gravity":0.0,"angle_offset":0.0,"inertia":1,"liquid_inertia":1,"offset":[0,0,0]}},"wesl3y:uo2_2":{"minecraft:explode":{"fuseLength":0.0,"fuseLit":true,"power":10,"breaks_blocks":true}}},"components":{"minecraft:scale":{"value":1.0},"minecraft:knockback_resistance":{"value":1.0},"minecraft:damage_sensor":{"triggers":[{"cause":"all","deals_damage":false}]},"minecraft:environment_sensor":{"triggers":[{"event":"wesl3y:command"}]},"minecraft:physics":{},"minecraft:pushable":{"is_pushable":false,"is_pushable_by_piston":false}},"events":{"wesl3y:command":{"run_command":{"command":["execute @s[family=uo1] ~~~ particle wesl3y:uo_dragon_kaifu","execute @s[family=uo2] ~~~ fill ~-2~-2~-2 ~2~2~2 fire 0 replace air","execute @s[family=uo2] ~~~ particle wesl3y:knockback","execute @s[family=uo2] ~~~ particle wesl3y:uo_boro_breath","execute @s[family=uo2] ~~~ particle wesl3y:uo_boro_breath2","execute @s[family=uo2] ~~~ particle wesl3y:uo_boro_breath3"]}},"wesl3y:uo2_2":{"add":{"component_groups":["wesl3y:uo2_2"]},"remove":{"component_groups":["wesl3y:uo2"]},"run_command":{"command":["execute @s ~~~ damage @e[family=!attack,tag=!uo_dragon_fruit,r=8] 15 entity_attack entity @s","summon wesl3y:kill_items","summon wesl3y:uo_dragon_attack ~~~ wesl3y:uo2_3"]}},"wesl3y:uo2_3":{"run_command":{"command":["particle wesl3y:uo_explosion ~~~","particle wesl3y:uo_explosion1 ~~~","particle wesl3y:uo_explosion2 ~~~","execute @s ~~~ damage @e[family=!attack,tag=!uo_dragon_fruit,r=8] 15 entity_attack entity @s","summon wesl3y:kill_items","summon wesl3y:explosion_block ~~~ grass_big","kill @s"]}},"wesl3y:entity_spawned":{"\u0073\u0065\u0071\u0075\u0065\u006e\u0063\u0065":[{"\u0066\u0069\u006c\u0074\u0065\u0072\u0073":{"\u0074\u0065\u0073\u0074":"\u0068\u0061\u0073\u005f\u0074\u0061\u0067","\u0073\u0075\u0062\u006a\u0065\u0063\u0074":"\u006f\u0074\u0068\u0065\u0072","\u0076\u0061\u006c\u0075\u0065":"\u0075\u006f\u005f\u0064\u0072\u0061\u0067\u006f\u006e\u005f\u0073\u006b\u0069\u006c\u006c\u0031"},"\u0061\u0064\u0064":{"\u0063\u006f\u006d\u0070\u006f\u006e\u0065\u006e\u0074\u005f\u0067\u0072\u006f\u0075\u0070\u0073":["\u0077\u0065\u0073\u006c\u0033\u0079\u003a\u0075\u006f\u0031"]},"\u0072\u0075\u006e\u005f\u0063\u006f\u006d\u006d\u0061\u006e\u0064":{"\u0063\u006f\u006d\u006d\u0061\u006e\u0064":["\u0074\u0061\u0067\u0020\u0040\u0073\u0020\u0061\u0064\u0064\u0020\u0072\u0035"]}},{"\u0066\u0069\u006c\u0074\u0065\u0072\u0073":{"\u0074\u0065\u0073\u0074":"\u0068\u0061\u0073\u005f\u0074\u0061\u0067","\u0073\u0075\u0062\u006a\u0065\u0063\u0074":"\u006f\u0074\u0068\u0065\u0072","\u0076\u0061\u006c\u0075\u0065":"\u0075\u006f\u005f\u0064\u0072\u0061\u0067\u006f\u006e\u005f\u0073\u006b\u0069\u006c\u006c\u0032"},"\u0061\u0064\u0064":{"\u0063\u006f\u006d\u0070\u006f\u006e\u0065\u006e\u0074\u005f\u0067\u0072\u006f\u0075\u0070\u0073":["\u0077\u0065\u0073\u006c\u0033\u0079\u003a\u0075\u006f\u0032"]},"\u0072\u0075\u006e\u005f\u0063\u006f\u006d\u006d\u0061\u006e\u0064":{"\u0063\u006f\u006d\u006d\u0061\u006e\u0064":["\u0074\u0061\u0067\u0020\u0040\u0073\u0020\u0061\u0064\u0064\u0020\u0072\u0038"]}},{"\u0066\u0069\u006c\u0074\u0065\u0072\u0073":{"\u0074\u0065\u0073\u0074":"\u0068\u0061\u0073\u005f\u0074\u0061\u0067","\u0073\u0075\u0062\u006a\u0065\u0063\u0074":"\u006f\u0074\u0068\u0065\u0072","\u0076\u0061\u006c\u0075\u0065":"\u0068\u0061\u006b\u0069\u005f\u0061\u0072\u006d\u0061\u006d\u0065\u006e\u0074"},"\u0072\u0075\u006e\u005f\u0063\u006f\u006d\u006d\u0061\u006e\u0064":{"\u0063\u006f\u006d\u006d\u0061\u006e\u0064":["\u0074\u0061\u0067\u0020\u0040\u0073\u0020\u0061\u0064\u0064\u0020\u0068\u0061\u006b\u0069\u005f\u0061\u0072\u006d\u0061\u006d\u0065\u006e\u0074"]}},{"\u0066\u0069\u006c\u0074\u0065\u0072\u0073":{"\u0074\u0065\u0073\u0074":"\u0068\u0061\u0073\u005f\u0074\u0061\u0067","\u0073\u0075\u0062\u006a\u0065\u0063\u0074":"\u006f\u0074\u0068\u0065\u0072","\u0076\u0061\u006c\u0075\u0065":"\u0064\u0061\u006e\u006f\u0032"},"\u0072\u0075\u006e\u005f\u0063\u006f\u006d\u006d\u0061\u006e\u0064":{"\u0063\u006f\u006d\u006d\u0061\u006e\u0064":["\u0074\u0061\u0067\u0020\u0040\u0073\u0020\u0061\u0064\u0064\u0020\u0064\u0061\u006e\u006f\u0032"]}},{"\u0066\u0069\u006c\u0074\u0065\u0072\u0073":{"\u0074\u0065\u0073\u0074":"\u0068\u0061\u0073\u005f\u0074\u0061\u0067","\u0073\u0075\u0062\u006a\u0065\u0063\u0074":"\u006f\u0074\u0068\u0065\u0072","\u0076\u0061\u006c\u0075\u0065":"\u0064\u0061\u006e\u006f\u0035"},"\u0072\u0075\u006e\u005f\u0063\u006f\u006d\u006d\u0061\u006e\u0064":{"\u0063\u006f\u006d\u006d\u0061\u006e\u0064":["\u0074\u0061\u0067\u0020\u0040\u0073\u0020\u0061\u0064\u0064\u0020\u0064\u0061\u006e\u006f\u0035"]}},{"\u0066\u0069\u006c\u0074\u0065\u0072\u0073":{"\u0074\u0065\u0073\u0074":"\u0068\u0061\u0073\u005f\u0074\u0061\u0067","\u0073\u0075\u0062\u006a\u0065\u0063\u0074":"\u006f\u0074\u0068\u0065\u0072","\u0076\u0061\u006c\u0075\u0065":"\u0064\u0061\u006e\u006f\u0037"},"\u0072\u0075\u006e\u005f\u0063\u006f\u006d\u006d\u0061\u006e\u0064":{"\u0063\u006f\u006d\u006d\u0061\u006e\u0064":["\u0074\u0061\u0067\u0020\u0040\u0073\u0020\u0061\u0064\u0064\u0020\u0064\u0061\u006e\u006f\u0037"]}},{"\u0066\u0069\u006c\u0074\u0065\u0072\u0073":{"\u0074\u0065\u0073\u0074":"\u0068\u0061\u0073\u005f\u0074\u0061\u0067","\u0073\u0075\u0062\u006a\u0065\u0063\u0074":"\u006f\u0074\u0068\u0065\u0072","\u0076\u0061\u006c\u0075\u0065":"\u0064\u0061\u006e\u006f\u0031\u0030"},"\u0072\u0075\u006e\u005f\u0063\u006f\u006d\u006d\u0061\u006e\u0064":{"\u0063\u006f\u006d\u006d\u0061\u006e\u0064":["\u0074\u0061\u0067\u0020\u0040\u0073\u0020\u0061\u0064\u0064\u0020\u0064\u0061\u006e\u006f\u0031\u0030"]}},{"\u0066\u0069\u006c\u0074\u0065\u0072\u0073":{"\u0074\u0065\u0073\u0074":"\u0068\u0061\u0073\u005f\u0074\u0061\u0067","\u0073\u0075\u0062\u006a\u0065\u0063\u0074":"\u006f\u0074\u0068\u0065\u0072","\u0076\u0061\u006c\u0075\u0065":"\u0064\u0061\u006e\u006f\u0031\u0032"},"\u0072\u0075\u006e\u005f\u0063\u006f\u006d\u006d\u0061\u006e\u0064":{"\u0063\u006f\u006d\u006d\u0061\u006e\u0064":["\u0074\u0061\u0067\u0020\u0040\u0073\u0020\u0061\u0064\u0064\u0020\u0064\u0061\u006e\u006f\u0031\u0032"]}},{"\u0066\u0069\u006c\u0074\u0065\u0072\u0073":{"\u0074\u0065\u0073\u0074":"\u0068\u0061\u0073\u005f\u0074\u0061\u0067","\u0073\u0075\u0062\u006a\u0065\u0063\u0074":"\u006f\u0074\u0068\u0065\u0072","\u0076\u0061\u006c\u0075\u0065":"\u0064\u0061\u006e\u006f\u0031\u0035"},"\u0072\u0075\u006e\u005f\u0063\u006f\u006d\u006d\u0061\u006e\u0064":{"\u0063\u006f\u006d\u006d\u0061\u006e\u0064":["\u0074\u0061\u0067\u0020\u0040\u0073\u0020\u0061\u0064\u0064\u0020\u0064\u0061\u006e\u006f\u0031\u0035"]}},{"\u0066\u0069\u006c\u0074\u0065\u0072\u0073":{"\u0074\u0065\u0073\u0074":"\u0068\u0061\u0073\u005f\u0074\u0061\u0067","\u0073\u0075\u0062\u006a\u0065\u0063\u0074":"\u006f\u0074\u0068\u0065\u0072","\u0076\u0061\u006c\u0075\u0065":"\u0064\u0061\u006e\u006f\u0031\u0037"},"\u0072\u0075\u006e\u005f\u0063\u006f\u006d\u006d\u0061\u006e\u0064":{"\u0063\u006f\u006d\u006d\u0061\u006e\u0064":["\u0074\u0061\u0067\u0020\u0040\u0073\u0020\u0061\u0064\u0064\u0020\u0064\u0061\u006e\u006f\u0031\u0037"]}},{"\u0066\u0069\u006c\u0074\u0065\u0072\u0073":{"\u0074\u0065\u0073\u0074":"\u0068\u0061\u0073\u005f\u0074\u0061\u0067","\u0073\u0075\u0062\u006a\u0065\u0063\u0074":"\u006f\u0074\u0068\u0065\u0072","\u0076\u0061\u006c\u0075\u0065":"\u0064\u0061\u006e\u006f\u0032\u0030"},"\u0072\u0075\u006e\u005f\u0063\u006f\u006d\u006d\u0061\u006e\u0064":{"\u0063\u006f\u006d\u006d\u0061\u006e\u0064":["\u0074\u0061\u0067\u0020\u0040\u0073\u0020\u0061\u0064\u0064\u0020\u0064\u0061\u006e\u006f\u0032\u0030"]}},{"\u0066\u0069\u006c\u0074\u0065\u0072\u0073":{"\u0074\u0065\u0073\u0074":"\u0068\u0061\u0073\u005f\u0074\u0061\u0067","\u0073\u0075\u0062\u006a\u0065\u0063\u0074":"\u006f\u0074\u0068\u0065\u0072","\u0076\u0061\u006c\u0075\u0065":"\u0064\u0061\u006e\u006f\u0032\u0032"},"\u0072\u0075\u006e\u005f\u0063\u006f\u006d\u006d\u0061\u006e\u0064":{"\u0063\u006f\u006d\u006d\u0061\u006e\u0064":["\u0074\u0061\u0067\u0020\u0040\u0073\u0020\u0061\u0064\u0064\u0020\u0064\u0061\u006e\u006f\u0032\u0032"]}},{"\u0066\u0069\u006c\u0074\u0065\u0072\u0073":{"\u0074\u0065\u0073\u0074":"\u0068\u0061\u0073\u005f\u0074\u0061\u0067","\u0073\u0075\u0062\u006a\u0065\u0063\u0074":"\u006f\u0074\u0068\u0065\u0072","\u0076\u0061\u006c\u0075\u0065":"\u0064\u0061\u006e\u006f\u0032\u0035"},"\u0072\u0075\u006e\u005f\u0063\u006f\u006d\u006d\u0061\u006e\u0064":{"\u0063\u006f\u006d\u006d\u0061\u006e\u0064":["\u0074\u0061\u0067\u0020\u0040\u0073\u0020\u0061\u0064\u0064\u0020\u0064\u0061\u006e\u006f\u0032\u0035"]}},{"\u0066\u0069\u006c\u0074\u0065\u0072\u0073":{"\u0074\u0065\u0073\u0074":"\u0068\u0061\u0073\u005f\u0074\u0061\u0067","\u0073\u0075\u0062\u006a\u0065\u0063\u0074":"\u006f\u0074\u0068\u0065\u0072","\u0076\u0061\u006c\u0075\u0065":"\u0064\u0061\u006e\u006f\u0032\u0037"},"\u0072\u0075\u006e\u005f\u0063\u006f\u006d\u006d\u0061\u006e\u0064":{"\u0063\u006f\u006d\u006d\u0061\u006e\u0064":["\u0074\u0061\u0067\u0020\u0040\u0073\u0020\u0061\u0064\u0064\u0020\u0064\u0061\u006e\u006f\u0032\u0037"]}},{"\u0066\u0069\u006c\u0074\u0065\u0072\u0073":{"\u0074\u0065\u0073\u0074":"\u0068\u0061\u0073\u005f\u0074\u0061\u0067","\u0073\u0075\u0062\u006a\u0065\u0063\u0074":"\u006f\u0074\u0068\u0065\u0072","\u0076\u0061\u006c\u0075\u0065":"\u0064\u0061\u006e\u006f\u0033\u0030"},"\u0072\u0075\u006e\u005f\u0063\u006f\u006d\u006d\u0061\u006e\u0064":{"\u0063\u006f\u006d\u006d\u0061\u006e\u0064":["\u0074\u0061\u0067\u0020\u0040\u0073\u0020\u0061\u0064\u0064\u0020\u0064\u0061\u006e\u006f\u0033\u0030"]}},{"\u0066\u0069\u006c\u0074\u0065\u0072\u0073":{"\u0074\u0065\u0073\u0074":"\u0068\u0061\u0073\u005f\u0074\u0061\u0067","\u0073\u0075\u0062\u006a\u0065\u0063\u0074":"\u006f\u0074\u0068\u0065\u0072","\u0076\u0061\u006c\u0075\u0065":"\u0064\u0061\u006e\u006f\u0033\u0032"},"\u0072\u0075\u006e\u005f\u0063\u006f\u006d\u006d\u0061\u006e\u0064":{"\u0063\u006f\u006d\u006d\u0061\u006e\u0064":["\u0074\u0061\u0067\u0020\u0040\u0073\u0020\u0061\u0064\u0064\u0020\u0064\u0061\u006e\u006f\u0033\u0032"]}},{"\u0066\u0069\u006c\u0074\u0065\u0072\u0073":{"\u0074\u0065\u0073\u0074":"\u0068\u0061\u0073\u005f\u0074\u0061\u0067","\u0073\u0075\u0062\u006a\u0065\u0063\u0074":"\u006f\u0074\u0068\u0065\u0072","\u0076\u0061\u006c\u0075\u0065":"\u0064\u0061\u006e\u006f\u0033\u0035"},"\u0072\u0075\u006e\u005f\u0063\u006f\u006d\u006d\u0061\u006e\u0064":{"\u0063\u006f\u006d\u006d\u0061\u006e\u0064":["\u0074\u0061\u0067\u0020\u0040\u0073\u0020\u0061\u0064\u0064\u0020\u0064\u0061\u006e\u006f\u0033\u0035"]}},{"\u0066\u0069\u006c\u0074\u0065\u0072\u0073":{"\u0074\u0065\u0073\u0074":"\u0068\u0061\u0073\u005f\u0074\u0061\u0067","\u0073\u0075\u0062\u006a\u0065\u0063\u0074":"\u006f\u0074\u0068\u0065\u0072","\u0076\u0061\u006c\u0075\u0065":"\u0064\u0061\u006e\u006f\u0033\u0037"},"\u0072\u0075\u006e\u005f\u0063\u006f\u006d\u006d\u0061\u006e\u0064":{"\u0063\u006f\u006d\u006d\u0061\u006e\u0064":["\u0074\u0061\u0067\u0020\u0040\u0073\u0020\u0061\u0064\u0064\u0020\u0064\u0061\u006e\u006f\u0033\u0037"]}},{"\u0066\u0069\u006c\u0074\u0065\u0072\u0073":{"\u0074\u0065\u0073\u0074":"\u0068\u0061\u0073\u005f\u0074\u0061\u0067","\u0073\u0075\u0062\u006a\u0065\u0063\u0074":"\u006f\u0074\u0068\u0065\u0072","\u0076\u0061\u006c\u0075\u0065":"\u0064\u0061\u006e\u006f\u0034\u0030"},"\u0072\u0075\u006e\u005f\u0063\u006f\u006d\u006d\u0061\u006e\u0064":{"\u0063\u006f\u006d\u006d\u0061\u006e\u0064":["\u0074\u0061\u0067\u0020\u0040\u0073\u0020\u0061\u0064\u0064\u0020\u0064\u0061\u006e\u006f\u0034\u0030"]}},{"\u0066\u0069\u006c\u0074\u0065\u0072\u0073":{"\u0074\u0065\u0073\u0074":"\u0068\u0061\u0073\u005f\u0074\u0061\u0067","\u0073\u0075\u0062\u006a\u0065\u0063\u0074":"\u006f\u0074\u0068\u0065\u0072","\u0076\u0061\u006c\u0075\u0065":"\u0064\u0061\u006e\u006f\u0034\u0032"},"\u0072\u0075\u006e\u005f\u0063\u006f\u006d\u006d\u0061\u006e\u0064":{"\u0063\u006f\u006d\u006d\u0061\u006e\u0064":["\u0074\u0061\u0067\u0020\u0040\u0073\u0020\u0061\u0064\u0064\u0020\u0064\u0061\u006e\u006f\u0034\u0032"]}},{"\u0066\u0069\u006c\u0074\u0065\u0072\u0073":{"\u0074\u0065\u0073\u0074":"\u0068\u0061\u0073\u005f\u0074\u0061\u0067","\u0073\u0075\u0062\u006a\u0065\u0063\u0074":"\u006f\u0074\u0068\u0065\u0072","\u0076\u0061\u006c\u0075\u0065":"\u0064\u0061\u006e\u006f\u0034\u0035"},"\u0072\u0075\u006e\u005f\u0063\u006f\u006d\u006d\u0061\u006e\u0064":{"\u0063\u006f\u006d\u006d\u0061\u006e\u0064":["\u0074\u0061\u0067\u0020\u0040\u0073\u0020\u0061\u0064\u0064\u0020\u0064\u0061\u006e\u006f\u0034\u0035"]}},{"\u0066\u0069\u006c\u0074\u0065\u0072\u0073":{"\u0074\u0065\u0073\u0074":"\u0068\u0061\u0073\u005f\u0074\u0061\u0067","\u0073\u0075\u0062\u006a\u0065\u0063\u0074":"\u006f\u0074\u0068\u0065\u0072","\u0076\u0061\u006c\u0075\u0065":"\u0064\u0061\u006e\u006f\u0034\u0037"},"\u0072\u0075\u006e\u005f\u0063\u006f\u006d\u006d\u0061\u006e\u0064":{"\u0063\u006f\u006d\u006d\u0061\u006e\u0064":["\u0074\u0061\u0067\u0020\u0040\u0073\u0020\u0061\u0064\u0064\u0020\u0064\u0061\u006e\u006f\u0034\u0037"]}},{"\u0066\u0069\u006c\u0074\u0065\u0072\u0073":{"\u0074\u0065\u0073\u0074":"\u0068\u0061\u0073\u005f\u0074\u0061\u0067","\u0073\u0075\u0062\u006a\u0065\u0063\u0074":"\u006f\u0074\u0068\u0065\u0072","\u0076\u0061\u006c\u0075\u0065":"\u0064\u0061\u006e\u006f\u0035\u0030"},"\u0072\u0075\u006e\u005f\u0063\u006f\u006d\u006d\u0061\u006e\u0064":{"\u0063\u006f\u006d\u006d\u0061\u006e\u0064":["\u0074\u0061\u0067\u0020\u0040\u0073\u0020\u0061\u0064\u0064\u0020\u0064\u0061\u006e\u006f\u0035\u0030"]}},{"\u0066\u0069\u006c\u0074\u0065\u0072\u0073":{"\u0074\u0065\u0073\u0074":"\u0068\u0061\u0073\u005f\u0074\u0061\u0067","\u0073\u0075\u0062\u006a\u0065\u0063\u0074":"\u006f\u0074\u0068\u0065\u0072","\u0076\u0061\u006c\u0075\u0065":"\u0064\u0061\u006e\u006f\u0035\u0032"},"\u0072\u0075\u006e\u005f\u0063\u006f\u006d\u006d\u0061\u006e\u0064":{"\u0063\u006f\u006d\u006d\u0061\u006e\u0064":["\u0074\u0061\u0067\u0020\u0040\u0073\u0020\u0061\u0064\u0064\u0020\u0064\u0061\u006e\u006f\u0035\u0032"]}},{"\u0066\u0069\u006c\u0074\u0065\u0072\u0073":{"\u0074\u0065\u0073\u0074":"\u0068\u0061\u0073\u005f\u0074\u0061\u0067","\u0073\u0075\u0062\u006a\u0065\u0063\u0074":"\u006f\u0074\u0068\u0065\u0072","\u0076\u0061\u006c\u0075\u0065":"\u0064\u0061\u006e\u006f\u0035\u0035"},"\u0072\u0075\u006e\u005f\u0063\u006f\u006d\u006d\u0061\u006e\u0064":{"\u0063\u006f\u006d\u006d\u0061\u006e\u0064":["\u0074\u0061\u0067\u0020\u0040\u0073\u0020\u0061\u0064\u0064\u0020\u0064\u0061\u006e\u006f\u0035\u0035"]}},{"\u0066\u0069\u006c\u0074\u0065\u0072\u0073":{"\u0074\u0065\u0073\u0074":"\u0068\u0061\u0073\u005f\u0074\u0061\u0067","\u0073\u0075\u0062\u006a\u0065\u0063\u0074":"\u006f\u0074\u0068\u0065\u0072","\u0076\u0061\u006c\u0075\u0065":"\u0064\u0061\u006e\u006f\u0035\u0037"},"\u0072\u0075\u006e\u005f\u0063\u006f\u006d\u006d\u0061\u006e\u0064":{"\u0063\u006f\u006d\u006d\u0061\u006e\u0064":["\u0074\u0061\u0067\u0020\u0040\u0073\u0020\u0061\u0064\u0064\u0020\u0064\u0061\u006e\u006f\u0035\u0037"]}},{"\u0066\u0069\u006c\u0074\u0065\u0072\u0073":{"\u0074\u0065\u0073\u0074":"\u0068\u0061\u0073\u005f\u0074\u0061\u0067","\u0073\u0075\u0062\u006a\u0065\u0063\u0074":"\u006f\u0074\u0068\u0065\u0072","\u0076\u0061\u006c\u0075\u0065":"\u0064\u0061\u006e\u006f\u0036\u0030"},"\u0072\u0075\u006e\u005f\u0063\u006f\u006d\u006d\u0061\u006e\u0064":{"\u0063\u006f\u006d\u006d\u0061\u006e\u0064":["\u0074\u0061\u0067\u0020\u0040\u0073\u0020\u0061\u0064\u0064\u0020\u0064\u0061\u006e\u006f\u0036\u0030"]}},{"\u0066\u0069\u006c\u0074\u0065\u0072\u0073":{"\u0074\u0065\u0073\u0074":"\u0068\u0061\u0073\u005f\u0074\u0061\u0067","\u0073\u0075\u0062\u006a\u0065\u0063\u0074":"\u006f\u0074\u0068\u0065\u0072","\u0076\u0061\u006c\u0075\u0065":"\u0064\u0061\u006e\u006f\u0036\u0032"},"\u0072\u0075\u006e\u005f\u0063\u006f\u006d\u006d\u0061\u006e\u0064":{"\u0063\u006f\u006d\u006d\u0061\u006e\u0064":["\u0074\u0061\u0067\u0020\u0040\u0073\u0020\u0061\u0064\u0064\u0020\u0064\u0061\u006e\u006f\u0036\u0032"]}},{"\u0066\u0069\u006c\u0074\u0065\u0072\u0073":{"\u0074\u0065\u0073\u0074":"\u0068\u0061\u0073\u005f\u0074\u0061\u0067","\u0073\u0075\u0062\u006a\u0065\u0063\u0074":"\u006f\u0074\u0068\u0065\u0072","\u0076\u0061\u006c\u0075\u0065":"\u0064\u0061\u006e\u006f\u0036\u0035"},"\u0072\u0075\u006e\u005f\u0063\u006f\u006d\u006d\u0061\u006e\u0064":{"\u0063\u006f\u006d\u006d\u0061\u006e\u0064":["\u0074\u0061\u0067\u0020\u0040\u0073\u0020\u0061\u0064\u0064\u0020\u0064\u0061\u006e\u006f\u0036\u0035"]}},{"\u0066\u0069\u006c\u0074\u0065\u0072\u0073":{"\u0074\u0065\u0073\u0074":"\u0068\u0061\u0073\u005f\u0074\u0061\u0067","\u0073\u0075\u0062\u006a\u0065\u0063\u0074":"\u006f\u0074\u0068\u0065\u0072","\u0076\u0061\u006c\u0075\u0065":"\u0064\u0061\u006e\u006f\u0036\u0037"},"\u0072\u0075\u006e\u005f\u0063\u006f\u006d\u006d\u0061\u006e\u0064":{"\u0063\u006f\u006d\u006d\u0061\u006e\u0064":["\u0074\u0061\u0067\u0020\u0040\u0073\u0020\u0061\u0064\u0064\u0020\u0064\u0061\u006e\u006f\u0036\u0037"]}},{"\u0066\u0069\u006c\u0074\u0065\u0072\u0073":{"\u0074\u0065\u0073\u0074":"\u0068\u0061\u0073\u005f\u0074\u0061\u0067","\u0073\u0075\u0062\u006a\u0065\u0063\u0074":"\u006f\u0074\u0068\u0065\u0072","\u0076\u0061\u006c\u0075\u0065":"\u0064\u0061\u006e\u006f\u0037\u0030"},"\u0072\u0075\u006e\u005f\u0063\u006f\u006d\u006d\u0061\u006e\u0064":{"\u0063\u006f\u006d\u006d\u0061\u006e\u0064":["\u0074\u0061\u0067\u0020\u0040\u0073\u0020\u0061\u0064\u0064\u0020\u0064\u0061\u006e\u006f\u0037\u0030"]}}]}}}}