{
  "tiers": [
    {
      "groups": [
        {
          "num_to_select": 5,
          "trades": [
            {
              "max_uses": 12,
              "wants": [
                {
                  "item": "random:dogecoin",
                  "quantity": 64
                }
              ],
              "gives": [
                {
                  "item": "minecraft:spawn_egg",
                  "quantity": 1,
                  "functions": [
                    {
                      "function": "set_actor_id",
                      "id": "random:jeff"
                    }
                  ]
                }
              ]
            },
            {
              "max_uses": 5,
              "wants": [
                {
                  "item": "random:dogecoin",
                  "quantity": 64
                }
              ],
              "gives": [
                {
                  "item": "minecraft:spawn_egg",
                  "quantity": 1,
                  "functions": [
                    {
                      "function": "set_actor_id",
                      "id": "random:slenderman"
                    }
                  ]
                }
              ]
            },
            {
              "max_uses": 5,
              "wants": [
                {
                  "item": "random:dogecoin",
                  "quantity": 20
                }
              ],
              "gives": [
                {
                  "item": "minecraft:spawn_egg",
                  "quantity": 1,
                  "functions": [
                    {
                      "function": "set_actor_id",
                      "id": "random:jane"
                    }
                  ]
                }
              ]
            },
            {
              "max_uses": 8,
              "wants": [
                {
                  "item": "random:dogecoin",
                  "quantity": 1
                }
              ],
              "gives": [
                {
                  "item": "minecraft:spawn_egg",
                  "quantity": 1,
                  "functions": [
                    {
                      "function": "set_actor_id",
                      "id": "random:squidward"
                    }
                  ]
                }
              ]
            },
            {
              "max_uses": 6,
              "wants": [
                {
                  "item": "random:dogecoin",
                  "quantity": 5
                }
              ],
              "gives": [
                {
                  "item": "random:jeff_knife",
                  "quantity": 4
                }
              ]
            }
          ]
        },
        {
          "num_to_select": 1,
          "trades": [
            {
              "max_uses": 4,
              "wants": [
                {
                  "item": "minecraft:emerald",
                  "quantity": 1
                }
              ],
              "gives": [
                {
                  "item": "random:dogecoin"
                }
              ]
            },
            {
              "max_uses": 6,
              "wants": [
                {
                  "item": "minecraft:gold_ingot",
                  "quantity": 3
                }
              ],
              "gives": [
                {
                  "item": "random:dogecoin",
                  "quantity": 5
                }
              ]
            },
            {
              "max_uses": 6,
              "wants": [
                {
                  "item": "minecraft:Diamond",
                  "quantity": 1
                }
              ],
              "gives": [
                {
                  "item": "random:dogecoin",
                  "quantity": 10
                }
              ]
            },
            {
              "max_uses": 8,
              "wants": [
                {
                  "item": "minecraft:rotten_flesh",
                  "quantity": 32
                }
              ],
              "gives": [
                {
                  "item": "random:dogecoin",
                  "quantity": 5
                }
              ]
            },
            {
              "max_uses": 8,
              "wants": [
                {
                  "item": "minecraft:ender_pearl",
                  "quantity": 1
                }
              ],
              "gives": [
                {
                  "item": "random:dogecoin",
                  "quantity": 3
                }
              ]
            },
            {
              "max_uses": 8,
              "wants": [
                {
                  "item": "minecraft:bone",
                  "quantity": 20
                }
              ],
              "gives": [
                {
                  "item": "random:dogecoin",
                  "quantity": 3
                }
              ]
            },
            {
              "max_uses": 8,
              "wants": [
                {
                  "item": "minecraft:gunpowder",
                  "quantity": 10
                }
              ],
              "gives": [
                {
                  "item": "random:dogecoin",
                  "quantity": 3
                }
              ]
            },
            {
              "max_uses": 8,
              "wants": [
                {
                  "item": "minecraft:coal",
                  "quantity": 1
                }
              ],
              "gives": [
                {
                  "item": "random:dogecoin",
                  "quantity": 7
                }
              ]
            },
            {
              "max_uses": 6,
              "wants": [
                {
                  "item": "minecraft:iron_ingot",
                  "quantity": 1
                }
              ],
              "gives": [
                {
                  "item": "random:dogecoin",
                  "quantity": 4
                }
              ]
            }
          ]
        }
      ]
    }
  ]
}