{
  "format_version":"1.16.100",
  "animation_controllers":{
    "controller.animation.trabol":{
      "states":{
        "default":{
          "transitions":[
            {"0":"(1.0)"}
          ]
        },
        "0":{
          "transitions":[
            {"00":"(1.0)"}
          ],
          "on_entry":[
            "/tag @s add wild"
          ]
        },
        "00":{
          "transitions":[
            {"00":"(1.0)"}
          ],
          "on_entry":[
            "/tag @s remove wild"
          ]
        },
        "000":{
          "transitions":[
            {"k":"query.variant == 27000"},
            {"1":"query.has_target && query.variant == 1 && !query.is_in_water"}
          ]
        },
        "1":{
          "transitions":[
            {"k":"query.variant == 27000"},
            {"000":"variable.time = (variable.time ?? 0);variable.time = variable.time < 60 ? variable.time + 1:0;return variable.time == 0;"}
          ],
          "on_entry":[
            "/fill ~5~-1~5 ~-5~-1~-5 onepiece_addon:betabeta_block",
            "/fill ~4~~4 ~-4~~-4 onepiece_addon:betabeta_block"
          ]
        },
        "k":{}
      }
    }
  }
}