{
  "format_version":"1.16.100",
  "animation_controllers":{
    "controller.animation.enel":{
      "states":{
        "default":{
          "transitions":[
            {"k":"query.variant == 27000"},
            {"kurouzu":"query.variant == 270"},
            {"1":"query.has_target && !query.is_in_water"}
          ]
        },
        "1":{
          "transitions":[
            {"default":"variable.time = (variable.time ?? 0);variable.time = variable.time < 600 ? variable.time + 1:0;return variable.time == 0;"}
          ],
          "on_entry":[
            "/execute @e[r=64,family=mob] ~~~ summon lightning_bolt",
            "/execute @e[r=64,family=mob] ~~~ summon lightning_bolt",
            "/execute @e[r=64,family=mob] ~~~ summon lightning_bolt",
            "/execute @e[r=64,family=player] ~~~ summon lightning_bolt",
            "/execute @e[r=64,family=player] ~~~ summon lightning_bolt",
            "/execute @e[r=64,family=player] ~~~ summon lightning_bolt"
          ]
        },
        "kurouzu":{
          "transitions":[
            {"default":"query.variant == 0"}
          ]
        },
        "k":{}
      }
    }
  }
}