{"format_version":"1.8.0","minecraft:entity":{"description":{"identifier":"yg:purple","is_spawnable":true,"is_summonable":true,"is_experimental":false},"component_groups":{},"components":{"minecraft:nameable":{"alwaysShow":false,"allowNameTagRenaming":false},"minecraft:loot":{"table":"loot_tables/entities/null.json"},"minecraft:health":{"value":999,"max":999},"minecraft:behavior.random_stroll":{"priority":4,"speed_multiplier":1},"minecraft:behavior.look_at_player":{"priority":5,"look_distance":8},"minecraft:behavior.random_look_around":{"priority":5,"look_distance":8},"minecraft:behavior.hurt_by_target":{"priority":3},"minecraft:behavior.nearest_attackable_target":{"priority":2,"entity_types":[{"filters":{"any_of":[{"test":"is_family","subject":"other","value":"player"},{"test":"is_family","subject":"other","value":"snowgolem"},{"test":"is_family","subject":"other","value":"irongolem"},{"test":"is_family","subject":"other","value":"illager"},{"test":"is_family","subject":"other","value":"villager"}]},"max_dist":999,"must_see":false}],"must_reach":true,"within_radius":300,"must_see":false},"minecraft:type_family":{"family":["monster","mob","undead","rainbow"]},"minecraft:physics":{},"minecraft:follow_range":{"value":64},"minecraft:experience_reward":{"on_death":"query.last_hit_by_player ? 19 : 0"},"minecraft:scale":{"value":1},"minecraft:attack":{"damage":30000,"effect_name":"weakness","effect_duration":30},"minecraft:behavior.melee_attack":{"priority":2,"speed_multiplier":1,"target_dist":0,"max_dist":3,"random_stop_interval":100,"track_target":true,"reach_multiplier":1.4},"minecraft:collision_box":{"height":1.8,"width":0.6},"minecraft:knockback_resistance":{"value":9999,"max":99999},"minecraft:pushable":{"is_pushable":false,"is_pushable_by_piston":false},"minecraft:damage_sensor":{"triggers":{"cause":"all","deals_damage":false}}},"events":{}}}