{
  "format_version":"1.16.100",
  "animation_controllers":{
    "controller.animation.b_haki":{
      "states":{
        "default":{
          "transitions":[
            {"gear4":"(query.variant == 27141 || query.variant == 27142) && query.has_any_family('b_haki') == 1.0"},
            {"r_gear4":"(query.variant == 27141 || query.variant == 27142) && query.has_any_family('ryuo') == 1.0"},
            {"gear4_cooltime1":"query.variant == 27140"},
            {"b_haki0":"query.has_any_family('b_haki','b_haki_end') == 1.0"},
            {"ryuo0":"query.has_any_family('ryuo','ryuo_end') == 1.0"}
          ]
        },
        "gear4_cooltime1":{
          "transitions":[
            {"gear4_cooltime2":"(1.0)"}
          ],
          "on_entry":[
            "/function cooltime_start",
            "/function akumanomi/gomgom/gear4_cooltime_start"
          ]
        },
        "gear4_cooltime2":{
          "transitions":[
            {"gear4_cooltime3":"query.variant == 27140"},
            {"cooltime_end":"!(query.variant == 27140)"}
          ],
          "on_entry":[
            "/function cooltime_state"
          ]
        },
        "gear4_cooltime3":{
          "transitions":[
            {"gear4_cooltime2":"query.variant == 27140"},
            {"cooltime_end":"!(query.variant == 27140)"}
          ],
          "on_entry":[
            "/function cooltime_state"
          ]
        },
        "cooltime_end":{
          "transitions":[
            {"default":"(1.0)"}
          ],
          "on_entry":[
            "/function akumanomi/gomgom/gear4_cooltime_end"
          ]
        },
        //流桜
        "ryuo0":{
          "transitions":[
            {"ryuo1":"(1.0)"}
          ],
          "on_entry":[
            "/function haki/ryuo"
          ]
        },
        "ryuo1":{
          "transitions":[
            {"ryuo2":"(1.0)"}
          ],
          "on_entry":[
            "/scoreboard players add @s ryuo 1"
          ]
        },
        "ryuo2":{
          "transitions":[
            {"ryuo3":"!(query.variant == 27141 || query.variant == 27142)"},
            {"r_gear4":"query.variant == 27141 || query.variant == 27142"}
          ],
          "on_entry":[
            "/function haki/ryuo"
          ]
        },
        "ryuo3":{
          "transitions":[
            {"ryuo2":"(1.0)"}
          ]
        },
        //武装色の覇気
        "b_haki0":{
          "transitions":[
            {"b_haki1":"(1.0)"}
          ],
          "on_entry":[
            "/function haki/b_haki"
          ]
        },
        "b_haki1":{
          "transitions":[
            {"b_haki2":"(1.0)"}
          ],
          "on_entry":[
            "/scoreboard players add @s b_haki 1"
          ]
        },
        "b_haki2":{
          "transitions":[
            {"default":"query.has_any_family('ryuo','ryuo_end') == 1.0"},
            {"b_haki3":"!(query.variant == 27141 || query.variant == 27142)"},
            {"gear4":"query.variant == 27141 || query.variant == 27142"}
          ],
          "on_entry":[
            "/function haki/b_haki"
          ]
        },
        "b_haki3":{
          "transitions":[
            {"b_haki2":"(1.0)"}
          ]
        },
        //ギア４
        "gear4":{
          "transitions":[
            {"gear4_end":"query.variant == 27140"},
            {"default":"!(query.variant == 27140 || query.variant == 27141 || query.variant == 27142)"},
            {"gear40":"query.variant == 27141 || query.variant == 27142"}
          ],
          "on_entry":[
            "/function akumanomi/gomgom/b_haki_g"
          ]
        },
        "gear40":{
          "transitions":[
            {"gear4":"(1.0)"}
          ]
        },
        "r_gear4":{
          "transitions":[
            {"r_gear4_end":"query.variant == 27140"},
            {"default":"!(query.variant == 27140 || query.variant == 27141 || query.variant == 27142)"},
            {"r_gear40":"query.variant == 27141 || query.variant == 27142"}
          ],
          "on_entry":[
            "/function akumanomi/gomgom/ryuo_g"
          ]
        },
        "r_gear40":{
          "transitions":[
            {"r_gear4":"(1.0)"}
          ]
        },
        "gear4_end":{
          "transitions":[
            {"default":"(1.0)"}
          ],
          "on_entry":[
            "/tag @s remove b_haki",
            "/tag @s add gear4_end",
            "/tag @s add b_haki_endg"
          ]
        },
        "r_gear4_end":{
          "transitions":[
            {"default":"(1.0)"}
          ],
          "on_entry":[
            "/tag @s remove ryuo",
            "/tag @s add gear4_end",
            "/tag @s add ryuo_endg"
          ]
        }
      }
    }
  }
}