{
  "format_version":"1.16.100",
  "animation_controllers":{
    "controller.animation.gear4":{
      "states":{
        "default":{
          "transitions":[
            {"boundman1":"query.variant == 27141 && query.has_any_family('b_haki') == 1.0"},
            {"snakeman1":"query.variant == 27142 && query.has_any_family('b_haki') == 1.0"},
            {"r_boundman1":"query.variant == 27141 && query.has_any_family('ryuo') == 1.0"},
            {"r_snakeman1":"query.variant == 27142 && query.has_any_family('ryuo') == 1.0"}
          ]
        },
        "boundman1":{
          "transitions":[
            {"boundman_state":"variable.time = (variable.time ?? 0);variable.time = variable.time < 20 ? variable.time + 1:0;return variable.time == 0;"},
            {"go_default":"query.variant == 2700"}
          ],
          "on_entry":[
            "/function akumanomi/gomgom/gear4start",
            "/function akumanomi/gomgom/boundman_give"
          ]
        },
        "boundman_state":{
          "transitions":[
            {"go_default":"query.variant == 2700"},
            {"boundman_end":"!(query.variant == 27141)"},
            {"konggun":"query.get_equipped_item_name == 'konggun' && variable.attack_time"}
          ]
        },
        "konggun":{
          "transitions":[
            {"boundman_state":"!variable.attack_time"}
          ],
          "on_entry":[
            "/summon onepiece_addon:konggun_attack"
          ]
        },
        "boundman_end":{
          "transitions":[
            {"default":"(1.0)"}
          ],
          "on_entry":[
            "/function akumanomi/gomgom/boundman_end"
          ]
        },
        "snakeman1":{
          "transitions":[
            {"snakeman_state":"variable.time = (variable.time ?? 0);variable.time = variable.time < 20 ? variable.time + 1:0;return variable.time == 0;"}
          ],
          "on_entry":[
            "/function akumanomi/gomgom/gear4start",
            "/function akumanomi/gomgom/snakeman_give"
          ]
        },
        "snakeman_state":{
          "transitions":[
            {"go_default":"query.variant == 2700"},
            {"snakeman_end":"!(query.variant == 27142)"},
            {"blackmamba1":"query.is_using_item && query.get_equipped_item_name == 'blackmamba'"}
          ]
        },
        "blackmamba1":{
          "transitions":[
            {"blackmamba2":"variable.time = (variable.time ?? 0);variable.time = variable.time < 20 ? variable.time + 1:0;return variable.time == 0;"}
          ],
          "on_entry":[
            "/fill ~2~~2 ~-2~~-2 onepiece_addon:blackmamba_block"
          ]
        },
        "blackmamba2":{
          "transitions":[
            {"blackmamba_end":"(!query.is_using_item) || query.is_moving"},
            {"blackmamba3":"variable.time = (variable.time ?? 0);variable.time = variable.time < 20 ? variable.time + 1:0;return variable.time == 0;"}
          ],
          "on_entry":[
            "/function akumanomi/gomgom/blackmamba1"
          ]
        },
        "blackmamba3":{
          "transitions":[
            {"blackmamba_end":"(!query.is_using_item) || query.is_moving"},
            {"blackmamba4":"variable.time = (variable.time ?? 0);variable.time = variable.time < 40 ? variable.time + 1:0;return variable.time == 0;"}
          ],
          "on_entry":[
            "/function akumanomi/gomgom/blackmamba2"
          ]
        },
        "blackmamba4":{
          "transitions":[
            {"blackmamba_end":"(!query.is_using_item) || query.is_moving"},
            {"blackmamba5":"variable.time = (variable.time ?? 0);variable.time = variable.time < 20 ? variable.time + 1:0;return variable.time == 0;"}
          ],
          "on_entry":[
            "/function akumanomi/gomgom/blackmamba3"
          ]
        },
        "blackmamba5":{
          "transitions":[
            {"blackmamba_end":"(!query.is_using_item) || query.is_moving"}
          ],
          "on_entry":[
            "/function akumanomi/gomgom/blackmamba4"
          ]
        },
        "blackmamba_end":{
          "transitions":[
            {"snakeman_state":"(1.0)"}
          ],
          "on_entry":[
            "/tag @e[type=onepiece_addon:blackmamba_e] add despawn",
            "/fill ~-16~-3~-16 ~16~3~16 air 0 replace onepiece_addon:blackmamba_block"
          ]
        },
        "snakeman_end":{
          "transitions":[
            {"default":"(1.0)"}
          ],
          "on_entry":[
            "/function akumanomi/gomgom/snakeman_end"
          ]
        },
        "r_boundman1":{
          "transitions":[
            {"r_boundman_state":"variable.time = (variable.time ?? 0);variable.time = variable.time < 20 ? variable.time + 1:0;return variable.time == 0;"},
            {"go_default":"query.variant == 2700"}
          ],
          "on_entry":[
            "/function akumanomi/gomgom/gear4start",
            "/function akumanomi/gomgom/boundman_give"
          ]
        },
        "r_boundman_state":{
          "transitions":[
            {"go_default":"query.variant == 2700"},
            {"r_boundman_end":"!(query.variant == 27141)"},
            {"r_konggun":"query.get_equipped_item_name == 'konggun' && variable.attack_time"}
          ]
        },
        "r_konggun":{
          "transitions":[
            {"r_boundman_state":"!variable.attack_time"}
          ],
          "on_entry":[
            "/summon onepiece_addon:konggun_attack"
          ]
        },
        "r_boundman_end":{
          "transitions":[
            {"default":"(1.0)"}
          ],
          "on_entry":[
            "/function akumanomi/gomgom/boundman_end"
          ]
        },
        "r_snakeman1":{
          "transitions":[
            {"r_snakeman_state":"variable.time = (variable.time ?? 0);variable.time = variable.time < 20 ? variable.time + 1:0;return variable.time == 0;"}
          ],
          "on_entry":[
            "/function akumanomi/gomgom/gear4start",
            "/function akumanomi/gomgom/snakeman_give"
          ]
        },
        "r_snakeman_state":{
          "transitions":[
            {"go_default":"query.variant == 2700"},
            {"r_snakeman_end":"!(query.variant == 27142)"},
            {"r_blackmamba1":"query.is_using_item && query.get_equipped_item_name == 'blackmamba'"}
          ]
        },
        "r_blackmamba1":{
          "transitions":[
            {"r_blackmamba2":"variable.time = (variable.time ?? 0);variable.time = variable.time < 20 ? variable.time + 1:0;return variable.time == 0;"}
          ],
          "on_entry":[
            "/fill ~2~~2 ~-2~~-2 onepiece_addon:blackmamba_block"
          ]
        },
        "r_blackmamba2":{
          "transitions":[
            {"r_blackmamba_end":"(!query.is_using_item) || query.is_moving"},
            {"r_blackmamba3":"variable.time = (variable.time ?? 0);variable.time = variable.time < 20 ? variable.time + 1:0;return variable.time == 0;"}
          ],
          "on_entry":[
            "/function akumanomi/gomgom/blackmamba1"
          ]
        },
        "r_blackmamba3":{
          "transitions":[
            {"r_blackmamba_end":"(!query.is_using_item) || query.is_moving"},
            {"r_blackmamba4":"variable.time = (variable.time ?? 0);variable.time = variable.time < 40 ? variable.time + 1:0;return variable.time == 0;"}
          ],
          "on_entry":[
            "/function akumanomi/gomgom/blackmamba2"
          ]
        },
        "r_blackmamba4":{
          "transitions":[
            {"r_blackmamba_end":"(!query.is_using_item) || query.is_moving"},
            {"r_blackmamba5":"variable.time = (variable.time ?? 0);variable.time = variable.time < 20 ? variable.time + 1:0;return variable.time == 0;"}
          ],
          "on_entry":[
            "/function akumanomi/gomgom/blackmamba3"
          ]
        },
        "r_blackmamba5":{
          "transitions":[
            {"r_blackmamba_end":"(!query.is_using_item) || query.is_moving"}
          ],
          "on_entry":[
            "/function akumanomi/gomgom/blackmamba4"
          ]
        },
        "r_blackmamba_end":{
          "transitions":[
            {"r_snakeman_state":"(1.0)"}
          ],
          "on_entry":[
            "/tag @e[type=onepiece_addon:blackmamba_e] add despawn",
            "/fill ~-16~-3~-16 ~16~3~16 air 0 replace onepiece_addon:blackmamba_block"
          ]
        },
        "r_snakeman_end":{
          "transitions":[
            {"default":"(1.0)"}
          ],
          "on_entry":[
            "/function akumanomi/gomgom/snakeman_end"
          ]
        },
        "go_default":{
          "transitions":[
            {"default":"(1.0)"}
          ],
          "on_entry":[
            "/tag @s remove boundman",
            "/tag @s remove snakeman"
          ]
        }
      }
    }
  }
}