{
  "format_version":"1.16.100",
  "animation_controllers":{
    "controller.animation.jotai1":{
      "states":{
        "default":{
          "transitions":[
            {"kaen_ryuo0":"query.variant == 2708 && query.get_equipped_item_name == 'kaen_ryuo'"},
            {"kurouzu":"(query.variant == 2709 || query.variant == 2715) && query.get_equipped_item_name('off_hand') == 'kurouzu' && query.is_sneaking && !query.is_in_water"},
            {"gomgom_particle":"query.variant == 2714 || query.variant == 27141 || query.variant == 27142"},
            {"hobihobi1":"query.variant == 2716 && !query.is_alive"},
            {"parasite":"query.variant == 2712 && !query.is_in_water"},
            {"muso_donatu":"query.variant == 2719 && !(query.get_equipped_item_name == 'musodonatu' || query.get_equipped_item_name == 'chikaramochi' || query.get_equipped_item_name == 'mochiginchaku')"},
            {"phoenix_fly0":"query.variant == 27111 && !query.is_in_water"},
            {"p_phoenix_fly0":"query.variant == 27112 && !query.is_in_water"},
            {"p_phoenix_cooltime1":"query.variant == 271121"},
            {"amal1":"query.variant == 27021"},
            {"amal_cooltime1":"query.variant == 270211"},
            {"uouo_fly0":"query.variant == 27201"},
            {"uouo_cooltime1":"query.variant == 272011"},
            {"yomiyomi0":"query.variant == 27210 && !query.is_alive"},
            {"yomiyomi":"query.variant == 2721 && query.get_equipped_item_name == 'astral_projection' && query.is_using_item && !query.is_in_water"},
            {"yomiyomi2_float1":"query.variant == 27211"},
            {"hanahana_wing":"query.variant == 2723 && (query.get_equipped_item_name == 'hanahana_wing1' || query.get_equipped_item_name == 'hanahana_wing2' || query.get_equipped_item_name == 'hanahana_wing3')"}
          ]
        },
        "kurouzu":{
          "transitions":[
            {"default":"variable.time = (variable.time ?? 0);variable.time = variable.time < 2 ? variable.time + 1:0;return variable.time == 0;"}
          ],
          "on_entry":[
            "/particle onepiece_addon:kurouzu_particle ^^1^2"
          ]
        },
        "kaen_ryuo0":{
          "transitions":[
            {"kaen_ryuo1":"(1.0)"}
          ],
          "on_entry":[
            "/summon onepiece_addon:kaen_ryuo_e ^^-1^2"
          ]
        },
        "kaen_ryuo1":{
          "transitions":[
            {"kaen_ryuo3":"(query.get_equipped_item_name == 'kaen_ryuo' && query.is_using_item) || !(query.get_equipped_item_name == 'kaen_ryuo')"},
            {"kaen_ryuo2":"query.get_equipped_item_name == 'kaen_ryuo'"}
          ],
          "on_entry":[
            "/tp @e[type=onepiece_addon:kaen_ryuo_e] ^^-1^2"
          ]
        },
        "kaen_ryuo2":{
          "transitions":[
            {"kaen_ryuo1":"(1.0)"}
          ]
        },
        "kaen_ryuo3":{
          "transitions":[
            {"default":"!(query.get_equipped_item_name == 'kaen_ryuo')"},
            {"kaen_ryuo4":"query.get_equipped_item_name == 'kaen_ryuo' && query.is_using_item"}
          ],
          "on_entry":[
            "/tag @e[type=onepiece_addon:kaen_ryuo_e] add despawn"
          ]
        },
        "kaen_ryuo4":{
          "transitions":[
            {"default":"!query.is_using_item"},
            {"kaen_ryuo5":"query.is_using_item"}
          ],
          "on_entry":[
            "/function akumanomi/meramera/kaen_ryuo_hold"
          ]
        },
        "kaen_ryuo5":{
          "transitions":[
            {"kaen_ryuo4":"(1.0)"}
          ]
        },
        "hanahana_wing":{
          "transitions":[
            {"default":"(1.0)"}
          ],
          "on_entry":[
            "/effect @s slow_falling 1 0 true"
          ]
        },
        "muso_donatu":{
          "transitions":[
            {"default":"(1.0)"}
          ],
          "on_entry":[
            "/clear @s onepiece_addon:chikaramochi",
            "/clear @s onepiece_addon:mochiginchaku"
          ]
        },
        "yomiyomi0":{
          "transitions":[
            {"yomiyomi1":"variable.time = (variable.time ?? 0);variable.time = variable.time < 5 ? variable.time + 1:0;return variable.time == 0;"}
          ]
        },
        "yomiyomi1":{
          "transitions":[
            {"yomiyomi2":"variable.time = (variable.time ?? 0);variable.time = variable.time < 5 ? variable.time + 1:0;return variable.time == 0;"}
          ],
          "on_entry":[
            "/tag @s[tag=yomiyomi0] add yomiyomi"
          ]
        },
        "yomiyomi2":{
          "transitions":[
            {"yomiyomi3":"query.variant == 2721"},
            {"default":"!(query.variant == 2721)"}
          ]
        },
        "yomiyomi3":{
          "transitions":[
            {"default":"(1.0)"}
          ],
          "on_entry":[
            "/tag @s remove yomiyomi0"
          ],
          "on_exit":[
            "/function akumanomi/yomiyomi/yomi_give"
          ]
        },
        "yomiyomi2_float1":{
          "transitions":[
            {"yomiyomi2_float2":"query.variant == 27211"},
            {"default":"!(query.variant == 27211)"}
          ],
          "on_entry":[
            "/function akumanomi/yomiyomi/yomiyomi2float"
          ]
        },
        "yomiyomi2_float2":{
          "transitions":[
            {"yomiyomi2_float1":"(1.0)"}
          ]
        },
        "yomiyomi":{
          "transitions":[
            {"default":"!query.is_using_item"}
          ],
          "on_entry":[
            "/summon onepiece_addon:yomi_player"
          ],
          "on_exit":[
            "/function akumanomi/yomiyomi/yomiyomi"
          ]
        },
        //ウオウオ
        "uouo_fly0":{
          "transitions":[
            {"uouo_fly1":"(1.0)"}
          ],
          "on_entry":[
            "/function akumanomi/uouo/uo2_give"
          ]
        },
        "uouo_fly1":{
          "transitions":[
            {"uouo_fly2":"(1.0)"}
          ],
          "on_entry":[
            "/tag @s add uouo2"
          ]
        },
        "uouo_fly2":{
          "transitions":[
            {"uouo_stay1":"query.is_sneaking"},
            {"uouo_fly3":"query.variant == 27201"},
            {"uouo_fly_end":"!(query.variant == 27201)"}
          ],
          "on_entry":[
            "/function akumanomi/uouo/uouofly"
          ]
        },
        "uouo_fly3":{
          "transitions":[
            {"uouo_fly2":"(1.0)"}
          ]
        },
        "uouo_fly_end":{
          "transitions":[
            {"default":"(1.0)"}
          ],
          "on_entry":[
            "/tag @s remove uouo2",
            "/clear @s onepiece_addon:borobreath",
            "/clear @s onepiece_addon:uouo2"
          ]
        },
        "uouo_stay1":{
          "transitions":[
            {"uouo_stay2":"(1.0)"}
          ],
          "on_entry":[
            "/tag @s remove uouo2"
          ]
        },
        "uouo_stay2":{
          "transitions":[
            {"uouo_stay3":"(1.0)"}
          ],
          "on_entry":[
            "/effect @s slow_falling 100000 3 true"
          ]
        },
        "uouo_stay3":{
          "transitions":[
            {"uouo_stay_end":"!(query.variant == 27201)"},
            {"uouo_stay_fly1":"!query.is_sneaking"},
            {"uouo_stay4":"variable.time = (variable.time ?? 0);variable.time = variable.time < 23 ? variable.time + 1:0;return variable.time == 0;"}
          ],
          "on_entry":[
            "/effect @s levitation 1 0 true"
          ]
        },
        "uouo_stay4":{
          "transitions":[
            {"uouo_stay_end":"!(query.variant == 27201)"},
            {"uouo_stay3":"query.variant == 27201"}
          ]
        },
        "uouo_stay_end":{
          "transitions":[
            {"default":"(1.0)"}
          ],
          "on_entry":[
            "/effect @s slow_falling 0 4 true",
            "/clear @s onepiece_addon:borobreath",
            "/clear @s onepiece_addon:uouo2"
          ]
        },
        "uouo_stay_fly1":{
          "transitions":[
            {"uouo_fly1":"(1.0)"}
          ],
          "on_entry":[
            "/effect @s slow_falling 0 4 true"
          ]
        },
        "uouo_cooltime1":{
          "transitions":[
            {"uouo_cooltime2":"(1.0)"}
          ],
          "on_entry":[
            "/function cooltime_start"
          ]
        },
        "uouo_cooltime2":{
          "transitions":[
            {"uouo_cooltime3":"query.variant == 272011"},
            {"cooltime_end":"!(query.variant == 272011)"}
          ],
          "on_entry":[
            "/function cooltime_state"
          ]
        },
        "uouo_cooltime3":{
          "transitions":[
            {"uouo_cooltime2":"query.variant == 272011"},
            {"cooltime_end":"!(query.variant == 272011)"}
          ],
          "on_entry":[
            "/function cooltime_state"
          ]
        },
        "cooltime_end":{
          "transitions":[
            {"default":"(1.0)"}
          ],
          "on_entry":[
            "/tag @s remove coolup"
          ]
        },
        //ゴロゴロ
        "amal1":{
          "transitions":[
            {"amal2":"(1.0)"}
          ],
          "on_entry":[
            "/effect @s speed 10000 10 true",
            "/clear @s onepiece_addon:el-thor"
          ]
        },
        "amal2":{
          "transitions":[
            {"amal_attack":"query.variant == 27021"},
            {"amal_end":"!(query.variant == 27021)"}
          ]
        },
        "amal_attack":{
          "transitions":[
            {"amal2":"(1.0)"}
          ],
          "on_entry":[
            "/summon onepiece_addon:amal_attack",
            "/particle onepiece_addon:amal_particle ~~~"
          ]
        },
        "amal_end":{
          "transitions":[
            {"default":"(1.0)"}
          ],
          "on_entry":[
            "/effect @s speed 0 11 true",
            "/function akumanomi/gorogoro/amal_end"
          ]
        },
        "amal_cooltime1":{
          "transitions":[
            {"amal_cooltime2":"(1.0)"}
          ],
          "on_entry":[
            "/function cooltime_start"
          ]
        },
        "amal_cooltime2":{
          "transitions":[
            {"amal_cooltime3":"query.variant == 270211"},
            {"cooltime_end":"!(query.variant == 270211)"}
          ],
          "on_entry":[
            "/function cooltime_state"
          ]
        },
        "amal_cooltime3":{
          "transitions":[
            {"amal_cooltime2":"query.variant == 270211"},
            {"cooltime_end":"!(query.variant == 270211)"}
          ],
          "on_entry":[
            "/function cooltime_state"
          ]
        },
        //不死鳥(人獣)
        "phoenix_fly0":{
          "transitions":[
            {"phoenix_fly1":"(1.0)"}
          ],
          "on_entry":[
            "/function akumanomi/toritori/phoenix_give"
          ]
        },
        "phoenix_fly1":{
          "transitions":[
            {"phoenix_fly2":"(1.0)"}
          ],
          "on_entry":[
            "/tag @s add phoenix"
          ]
        },
        "phoenix_fly2":{
          "transitions":[
            {"phoenix_stay1":"query.is_sneaking"},
            {"phoenix_fly3":"query.variant == 27111"},
            {"phoenix_fly_end":"!(query.variant == 27111)"}
          ],
          "on_entry":[
            "/function akumanomi/toritori/phoenixfly"
          ]
        },
        "phoenix_fly3":{
          "transitions":[
            {"phoenix_fly2":"(1.0)"}
          ]
        },
        "phoenix_fly_end":{
          "transitions":[
            {"phoenix_end":"(1.0)"}
          ],
          "on_entry":[
            "/tag @s remove phoenix"
          ]
        },
        "phoenix_stay1":{
          "transitions":[
            {"phoenix_stay2":"(1.0)"}
          ],
          "on_entry":[
            "/tag @s remove phoenix"
          ]
        },
        "phoenix_stay2":{
          "transitions":[
            {"phoenix_stay3":"(1.0)"}
          ],
          "on_entry":[
            "/effect @s slow_falling 100000 3 true"
          ]
        },
        "phoenix_stay3":{
          "transitions":[
            {"phoenix_stay_end":"!(query.variant == 27111)"},
            {"phoenix_stay_fly1":"!query.is_sneaking"},
            {"phoenix_stay4":"variable.time = (variable.time ?? 0);variable.time = variable.time < 23 ? variable.time + 1:0;return variable.time == 0;"}
          ],
          "on_entry":[
            "/effect @s levitation 1 0 true"
          ]
        },
        "phoenix_stay4":{
          "transitions":[
            {"phoenix_stay_end":"!(query.variant == 27111)"},
            {"phoenix_stay3":"query.variant == 27111"}
          ]
        },
        "phoenix_stay_end":{
          "transitions":[
            {"phoenix_end":"(1.0)"}
          ],
          "on_entry":[
            "/effect @s slow_falling 0 4 true"
          ]
        },
        "phoenix_stay_fly1":{
          "transitions":[
            {"phoenix_fly1":"(1.0)"}
          ],
          "on_entry":[
            "/effect @s slow_falling 0 4 true"
          ]
        },
        "phoenix_end":{
          "transitions":[
            {"default":"(1.0)"}
          ],
          "on_entry":[
            "/function akumanomi/toritori/tori_give"
          ]
        },
        //不死鳥(獣)
        "p_phoenix_fly0":{
          "transitions":[
            {"p_phoenix_fly1":"(1.0)"}
          ],
          "on_entry":[
            "/function akumanomi/toritori/p_phoenix_give"
          ]
        },
        "p_phoenix_fly1":{
          "transitions":[
            {"p_phoenix_fly2":"(1.0)"}
          ],
          "on_entry":[
            "/tag @s add p_phoenix"
          ]
        },
        "p_phoenix_fly2":{
          "transitions":[
            {"p_phoenix_stay1":"query.is_sneaking"},
            {"p_phoenix_fly3":"query.variant == 27112"},
            {"p_phoenix_fly_end":"!(query.variant == 27112)"}
          ],
          "on_entry":[
            "/function akumanomi/toritori/p_phoenixfly"
          ]
        },
        "p_phoenix_fly3":{
          "transitions":[
            {"p_phoenix_fly2":"(1.0)"}
          ]
        },
        "p_phoenix_fly_end":{
          "transitions":[
            {"p_phoenix_end":"(1.0)"}
          ],
          "on_entry":[
            "/tag @s remove p_phoenix"
          ]
        },
        "p_phoenix_stay1":{
          "transitions":[
            {"p_phoenix_stay2":"(1.0)"}
          ],
          "on_entry":[
            "/tag @s remove p_phoenix"
          ]
        },
        "p_phoenix_stay2":{
          "transitions":[
            {"p_phoenix_stay3":"(1.0)"}
          ],
          "on_entry":[
            "/effect @s slow_falling 100000 3 true"
          ]
        },
        "p_phoenix_stay3":{
          "transitions":[
            {"p_phoenix_stay_end":"!(query.variant == 27112)"},
            {"p_phoenix_stay_fly1":"!query.is_sneaking"},
            {"p_phoenix_stay4":"variable.time = (variable.time ?? 0);variable.time = variable.time < 23 ? variable.time + 1:0;return variable.time == 0;"}
          ],
          "on_entry":[
            "/effect @s levitation 1 0 true"
          ]
        },
        "p_phoenix_stay4":{
          "transitions":[
            {"p_phoenix_stay_end":"!(query.variant == 27112)"},
            {"p_phoenix_stay3":"query.variant == 27112"}
          ]
        },
        "p_phoenix_stay_end":{
          "transitions":[
            {"p_phoenix_end":"(1.0)"}
          ],
          "on_entry":[
            "/effect @s slow_falling 0 4 true"
          ]
        },
        "p_phoenix_stay_fly1":{
          "transitions":[
            {"p_phoenix_fly1":"(1.0)"}
          ],
          "on_entry":[
            "/effect @s slow_falling 0 4 true"
          ]
        },
        "p_phoenix_end":{
          "transitions":[
            {"default":"(1.0)"}
          ],
          "on_entry":[
            "/clear @s onepiece_addon:bluebird",
            "/clear @s onepiece_addon:perfect_phoenix"
          ]
        },
        "p_phoenix_cooltime1":{
          "transitions":[
            {"p_phoenix_cooltime2":"(1.0)"}
          ],
          "on_entry":[
            "/function cooltime_start"
          ]
        },
        "p_phoenix_cooltime2":{
          "transitions":[
            {"p_phoenix_cooltime3":"query.variant == 271121"},
            {"cooltime_end":"!(query.variant == 271121)"}
          ],
          "on_entry":[
            "/function cooltime_state"
          ]
        },
        "p_phoenix_cooltime3":{
          "transitions":[
            {"p_phoenix_cooltime2":"query.variant == 271121"},
            {"cooltime_end":"!(query.variant == 271121)"}
          ],
          "on_entry":[
            "/function cooltime_state"
          ]
        },
        //ゴムゴム
        "gomgom_particle":{
          "transitions":[
            {"default":"(1.0)"}
          ],
          "on_entry":[
            "/execute @a[tag=gear2] ~~~ particle minecraft:magnesium_salts_emitter ~~~",
            "/execute @a[tag=boundman] ~~~ particle minecraft:magnesium_salts_emitter ^1^2^",
            "/execute @a[tag=boundman] ~~~ particle minecraft:magnesium_salts_emitter ^-1^2^",
            "/execute @a[tag=snakeman] ~~~ particle minecraft:magnesium_salts_emitter ^1^1^",
            "/execute @a[tag=snakeman] ~~~ particle minecraft:magnesium_salts_emitter ^-1^1^",
            "/execute @a[tag=gear2] ~~~ particle minecraft:magnesium_salts_emitter ~~1~"
          ]
        },
        //ホビホビ
        "hobihobi1":{
          "transitions":[
            {"default":"(1.0)"}
          ],
          "on_entry":[
            "/tag @e[family=hobby] add toy_end"
          ]
        },
        "parasite":{
          "transitions":[
            {"default":"(1.0)"}
          ],
          "on_entry":[
            "/execute @e[r=3,tag=parasite] ~~~ tp @s ~~~ ~180~"
          ]
        },
        "go_default":{
          "transitions":[
            {"default":"(1.0)"}
          ]
        }
      }
    }
  }
}