{
  "format_version":"1.16.100",
  "animation_controllers":{
    "controller.animation.k_haki":{
      "states":{
        "default":{
          "transitions":[
            {"1":"query.is_using_item && query.get_equipped_item_name == 'kenbunsyoku'"}
          ],
          "on_entry":[
            "/effect @s blindness 0 1 true"
          ]
        },
        //作る&リセット
        "1":{
          "transitions":[
            {"2":"(1.0)"}
          ],
          "on_entry":[
            "/effect @s blindness 10000 0 true",
            "/scoreboard objectives add khaki dummy 見聞色の覇気"
          ],
          "on_exit":[
            "/function haki/k_haki_reset"
          ]
        },
        //付与
        "2":{
          "transitions":[
            {"3":"variable.time = (variable.time ?? 0);variable.time = variable.time < 40 ? variable.time + 1:0;return variable.time == 0;"},
            {"default":"!query.is_using_item"}
          ],
          "on_entry":[
            "/function haki/k_haki_add"
          ]
        },
        //表示
        "3":{
          "transitions":[
            {"default":"!query.is_using_item"}
          ],
          "on_entry":[
            "/function haki/k_haki_tell"
          ]
        }
      }
    }
  }
}