{
  "format_version":"1.16.100",
  "animation_controllers":{
    "controller.animation.main":{
      "states":{
        "default":{
          "transitions":[
            {"kaen_ryuo1":"query.variant == 2708 && query.get_equipped_item_name == 'kaen_ryuo' && query.is_using_item"},
            {"ice_age1":"query.variant == 2701 && query.get_equipped_item_name == 'ice_age' && query.is_using_item && !query.is_in_water"},
            {"hiehie1":"query.variant == 2701 && query.get_equipped_item_name == 'hiehie_ability' && !query.is_in_water"},
            {"fezantbeck1":"query.variant == 2701 && query.get_equipped_item_name == 'fezantbeck' && query.is_using_item && !query.is_in_water"},
            {"zusizusi1":"query.variant == 2706 && query.get_equipped_item_name == 'gurabito' && query.is_using_item && !query.is_in_water"},
            {"zusizusi2":"query.variant == 2706 && query.get_equipped_item_name == 'gurabito2' && query.is_using_item && !query.is_in_water"},
            {"meteo":"query.variant == 2706 && query.get_equipped_item_name == 'meteo' && query.is_using_item && !query.is_in_water"},
            {"sunasuna1":"!query.is_in_water_or_rain && query.variant == 2704 && query.get_equipped_item_name == 'grandsekko' && query.is_using_item"},
            {"kurouzu1":"(query.variant == 2709 || query.variant == 2715) && query.get_equipped_item_name('off_hand') == 'kurouzu' && query.is_sneaking && !query.is_in_water"},
            {"blackhole1":"(query.variant == 2709 || query.variant == 2715) && query.get_equipped_item_name == 'blackhole_revelation' && query.is_using_item && !query.is_in_water"},
            {"murakumokiri1":"query.variant == 2705 && query.get_equipped_item_name('off_hand') == 'guragura_left' && query.get_equipped_item_name == 'murakumokiri' && query.is_using_item && !query.is_in_water"},
            {"entei1":"query.variant == 2708 && query.get_equipped_item_name == 'entei' && query.is_using_item && !query.is_in_water"},
            {"logia_speed":"((query.variant == 2708 && query.get_equipped_item_name == 'meramera') || (query.variant == 2704 && query.get_equipped_item_name == 'sunasuna')) && variable.attack_time && !query.is_in_water && query.is_on_ground"},
            {"logia_fly":"((query.variant == 2708 && query.get_equipped_item_name == 'meramera') || (query.variant == 2704 && query.get_equipped_item_name == 'sunasuna')) && variable.attack_time && !query.is_in_water && !query.is_on_ground"},
            {"itoito1":"query.variant == 2712 && query.get_equipped_item_name == 'itoito_kakusei' && query.is_using_item && !query.is_in_water"},
            {"gosiki-to":"query.variant == 2712 && query.get_equipped_item_name == 'gosiki-to' && variable.attack_time && !query.is_in_water"},
            {"elthor1":"query.variant == 2702 && query.get_equipped_item_name == 'el-thor' && query.is_using_item && !query.is_in_water"},
            {"gorogoro2":"(query.variant == 2702 || query.variant == 27021) && query.get_equipped_item_name == 'gold_block' && query.is_sneaking && !query.is_in_water"},
            {"gorogoro3":"(query.variant == 2702 || query.variant == 27021) && query.get_equipped_item_name == 'nonosamabou1' && query.is_sneaking && !query.is_in_water"},
            {"gear2_end":"query.variant == 2714 && query.get_equipped_item_name == 'gear' && query.is_using_item"},
            {"gear2_1":"query.variant == 2714 && query.get_equipped_item_name == 'gear2' && query.is_using_item && !query.is_in_water"},
            {"gear3_1":"query.variant == 2714 && query.get_equipped_item_name == 'gear3' && query.is_using_item && !query.is_in_water"},
            {"tori_health":"(query.variant == 2711 || query.variant == 27111) && query.get_equipped_item_name == 'toritori_health' && query.is_using_item && !query.is_in_water"},
            {"hououin1":"query.variant == 27111 && query.get_equipped_item_name == 'hououin' && query.is_using_item && query.is_sneaking && !query.is_on_ground"},
            {"tori_attack":"query.variant == 2711 && query.get_equipped_item_name == 'toritori_attack' && variable.attack_time && !query.is_on_ground"},
            {"nagaremochi1":"query.variant == 2719 && query.get_equipped_item_name == 'nagaremochi' && query.is_using_item && !query.is_in_water"},
            {"kagamimochi1":"query.variant == 2719 && query.get_equipped_item_name == 'kagamimochi' && query.is_using_item && !query.is_in_water"},
            {"yomiyomi1":"query.variant == 2721 && query.get_equipped_item_name == 'brook_ken' && query.get_equipped_item_name('off_hand') == 'yomiyomi' && variable.attack_time && !query.is_in_water"},
            {"soulking1":"query.variant == 2721 && query.get_equipped_item_name == 'soulking' && query.is_using_item && !query.is_in_water"},
            {"betabeta1":"query.variant == 2717 && query.get_equipped_item_name == 'betabetton' && !query.is_in_water"},
            {"gigantescomano1":"query.variant == 2723 && query.get_equipped_item_name == 'gigantescomano' && query.is_using_item"},
            {"spidernet":"query.variant == 2723 && query.get_equipped_item_name == 'spidernet' && query.is_using_item"}
          ]
        },
        "logia_speed":{
          "transitions":[
            {"default":"!variable.attack_time"}
          ],
          "on_entry":[
            "/effect @s speed 5 15 true",
            "/effect @s jump_boost 5 5 true"
          ]
        },
        "logia_fly":{
          "transitions":[
            {"default":"!variable.attack_time"}
          ],
          "on_entry":[
            "/effect @s levitation 1 15 true"
          ]
        },
        "kaen_ryuo1":{
          "transitions":[
            {"kaen_ryuo_attack":"!query.is_using_item"}
          ]
        },
        "kaen_ryuo_attack":{
          "transitions":[
            {"kaen_ryuo_attack1":"(1.0)"}
          ],
          "on_entry":[
            "/particle onepiece_addon:kaenryuo_particle ^^1^2",
            "/tag @e[r=32] remove kaen_ryuo"
          ]
        },
        "kaen_ryuo_attack1":{
          "transitions":[
            {"kaen_ryuo_attack2":"(1.0)"}
          ],
          "on_entry":[
            "/summon onepiece_addon:kaen_ryuo_attack ^^1^1"
          ]
        },
        "kaen_ryuo_attack2":{
          "transitions":[
            {"kaen_ryuo_attack3":"(1.0)"}
          ],
          "on_entry":[
            "/tag @s add kaen_ryuo_shoot"
          ]
        },
        "kaen_ryuo_attack3":{
          "transitions":[
            {"default":"(1.0)"}
          ],
          "on_entry":[
            "/tag @s remove kaen_ryuo_shoot"
          ]
        },
        "spidernet":{
          "transitions":[
            {"default":"!query.is_using_item"}
          ],
          "on_entry":[
            "/summon onepiece_addon:spidernet_e ^^1^4"
          ],
          "on_exit":[
            "/tag @e[type=onepiece_addon:spidernet_e,r=32] add despawn"
          ]
        },
        "gigantescomano1":{
          "transitions":[
            {"gigantescomano2":"(1.0)"}
          ],
          "on_entry":[
            "/summon onepiece_addon:gigantescomano_e ^^1^-5"
          ]
        },
        "gigantescomano2":{
          "transitions":[
            {"gigantescomano_end":"!query.is_using_item"},
            {"gigantescomano3":"variable.time = (variable.time ?? 0);variable.time = variable.time < 7 ? variable.time + 1:0;return variable.time == 0;"}
          ],
          "on_entry":[
            "/execute @e[type=onepiece_addon:gigantescomano_e,r=32] ~~~ summon onepiece_addon:gigantescomano_a ^^2^5"
          ]
        },
        "gigantescomano3":{
          "transitions":[
            {"gigantescomano2":"(1.0)"}
          ]
        },
        "gigantescomano_end":{
          "transitions":[
            {"default":"(1.0)"}
          ],
          "on_entry":[
            "/tag @e[type=onepiece_addon:gigantescomano_e,r=32] add despawn"
          ]
        },
        "delphinium1":{
          "transitions":[
            {"delphinium2":"variable.time = (variable.time ?? 0);variable.time = variable.time < 5 ? variable.time + 1:0;return variable.time == 0;"},
            {"default":"!query.is_using_item"}
          ],
          "on_entry":[
            "/summon onepiece_addon:delphinium_e ^^^2"
          ]
        },
        "delphinium2":{
          "transitions":[
            {"delphinium3":"variable.time = (variable.time ?? 0);variable.time = variable.time < 5 ? variable.time + 1:0;return variable.time == 0;"},
            {"default":"!query.is_using_item"}
          ],
          "on_entry":[
            "/summon onepiece_addon:delphinium_e ^^^3"
          ]
        },
        "delphinium3":{
          "transitions":[
            {"delphinium4":"variable.time = (variable.time ?? 0);variable.time = variable.time < 5 ? variable.time + 1:0;return variable.time == 0;"},
            {"default":"!query.is_using_item"}
          ],
          "on_entry":[
            "/summon onepiece_addon:delphinium_e ^^^4"
          ]
        },
        "delphinium4":{
          "transitions":[
            {"delphinium5":"variable.time = (variable.time ?? 0);variable.time = variable.time < 5 ? variable.time + 1:0;return variable.time == 0;"},
            {"default":"!query.is_using_item"}
          ],
          "on_entry":[
            "/summon onepiece_addon:delphinium_e ^^^5"
          ]
        },
        "delphinium5":{
          "transitions":[
            {"default":"!query.is_using_item"}
          ],
          "on_entry":[
            "/summon onepiece_addon:delphinium_e ^^^6"
          ]
        },
        "betabeta1":{
          "transitions":[
            {"default":"(1.0)"}
          ],
          "on_entry":[
            "/fill ~-1~~-1 ~1~2~1 air 0 replace onepiece_addon:betabeta_block"
          ]
        },
        "hououin1":{
          "transitions":[
            {"default":"!query.is_sneaking"},
            {"hououin2":"!query.is_using_item"}
          ]
        },
        "hououin2":{
          "transitions":[
            {"hououin3":"(1.0)"}
          ],
          "on_entry":[
            "/tag @s add hououin_shoot",
            "/effect @s invisibility 2 0 true"
          ]
        },
        "hououin3":{
          "transitions":[
            {"default":"(1.0)"}
          ],
          "on_entry":[
            "/tag @s remove hououin_shoot"
          ]
        },
        "gosiki-to":{
          "transitions":[
            {"default":"!variable.attack_time"}
          ],
          "on_entry":[
            "/particle onepiece_addon:gosiki-to_particle ^^2^1"
          ]
        },
        "murakumokiri1":{
          "transitions":[
            {"murakumokiri2":"!query.is_using_item"}
          ]
        },
        "murakumokiri2":{
          "transitions":[
            {"default":"(1.0)"}
          ],
          "on_entry":[
            "/summon onepiece_addon:guragura_attack4 ^^1^5"
          ]
        },
        //融解
        "hiehie1":{
          "transitions":[
            {"default":"(1.0)"}
          ],
          "on_entry":[
            "/fill ~-1~~-1 ~1~2~1 air 0 replace ice"
          ]
        },
        //暴雉嘴
        "fezantbeck1":{
          "transitions":[
            {"fezantbeck2":"!query.is_using_item"}
          ]
        },
        "fezantbeck2":{
          "transitions":[
            {"fezantbeck3":"(1.0)"}
          ],
          "on_entry":[
            "/tag @s add short_shoot"
          ]
        },
        "fezantbeck3":{
          "transitions":[
            {"default":"(1.0)"}
          ],
          "on_entry":[
            "/tag @s remove short_shoot"
          ]
        },
        //氷河時代
        "ice_age1":{
          "transitions":[
            {"default":"!query.is_using_item"},
            {"ice_age2":"variable.time = (variable.time ?? 0);variable.time = variable.time < 40 ? variable.time + 1:0;return variable.time == 0;"}
          ]
        },
        "ice_age2":{
          "transitions":[
            {"default":"!query.is_using_item"}
          ],
          "on_entry":[
            "/function akumanomi/hiehie/ice_age"
          ]
        },
        //重力
        "zusizusi1":{
          "transitions":[
            {"default":"!(query.get_equipped_item_name == 'gurabito') || !query.is_using_item"}
          ],
          "on_entry":[
            "/effect @e[r=16,tag=!zusizusi,family=!zusizusi] slowness 10 4 true",
            "/effect @e[r=16,tag=!zusizusi,family=!zusizusi] mining_fatigue 10 4 true"
          ]
        },
        //重力(横)
        "zusizusi2":{
          "transitions":[
            {"default":"!(query.get_equipped_item_name == 'gurabito2') || !query.is_using_item"}
          ],
          "on_entry":[
            "/summon onepiece_addon:gurabito2 ~~~"
          ]
        },
        //隕石
        "meteo":{
          "transitions":[
            {"default":"!query.is_using_item"}
          ],
          "on_entry":[
            "/function akumanomi/zusizusi/meteo"
          ]
        },
        //干割
        "sunasuna1":{
          "transitions":[
            {"sunasuna2":"variable.time = (variable.time ?? 0);variable.time = variable.time < 20 ? variable.time + 1:0;return variable.time == 0;"},
            {"default":"!(query.get_equipped_item_name == 'grandsekko') || !query.is_using_item"}
          ],
          "on_entry":[
            "/function akumanomi/sunasuna/grandsekko1",
            "/effect @e[dx=-5,dy=0,dz=-5] wither 3 3 true",
            "/effect @e[dx=-5,dy=0,dz=5] wither 3 3 true",
            "/effect @e[dx=5,dy=0,dz=-5] wither 3 3 true",
            "/effect @e[dx=5,dy=0,dz=5] wither 3 3 true"
          ]
        },
        "sunasuna2":{
          "transitions":[
            {"sunasuna3":"variable.time = (variable.time ?? 0);variable.time = variable.time < 20 ? variable.time + 1:0;return variable.time == 0;"},
            {"default":"!(query.get_equipped_item_name == 'grandsekko') || !query.is_using_item"}
          ],
          "on_entry":[
            "/function akumanomi/sunasuna/grandsekko2",
            "/effect @e[dx=-10,dy=0,dz=-10] wither 3 3 true",
            "/effect @e[dx=-10,dy=0,dz=10] wither 3 3 true",
            "/effect @e[dx=10,dy=0,dz=-10] wither 3 3 true",
            "/effect @e[dx=10,dy=0,dz=10] wither 3 3 true"
          ]
        },
        "sunasuna3":{
          "transitions":[
            {"sunasuna4":"variable.time = (variable.time ?? 0);variable.time = variable.time < 20 ? variable.time + 1:0;return variable.time == 0;"},
            {"default":"!(query.get_equipped_item_name == 'grandsekko') || !query.is_using_item"}
          ],
          "on_entry":[
            "/function akumanomi/sunasuna/grandsekko3",
            "/effect @e[dx=-16,dy=0,dz=-16] wither 3 3 true",
            "/effect @e[dx=-16,dy=0,dz=16] wither 3 3 true",
            "/effect @e[dx=16,dy=0,dz=-16] wither 3 3 true",
            "/effect @e[dx=16,dy=0,dz=16] wither 3 3 true"
          ]
        },
        "sunasuna4":{
          "transitions":[
            {"sunasuna5":"variable.time = (variable.time ?? 0);variable.time = variable.time < 20 ? variable.time + 1:0;return variable.time == 0;"},
            {"default":"!(query.get_equipped_item_name == 'grandsekko') || !query.is_using_item"}
          ],
          "on_entry":[
            "/function akumanomi/sunasuna/grandsekko4",
            "/effect @e[dx=-24,dy=0,dz=-24] wither 3 3 true",
            "/effect @e[dx=-24,dy=0,dz=24] wither 3 3 true",
            "/effect @e[dx=24,dy=0,dz=-24] wither 3 3 true",
            "/effect @e[dx=24,dy=0,dz=24] wither 3 3 true"
          ]
        },
        "sunasuna5":{
          "transitions":[
            {"default":"!(query.get_equipped_item_name == 'grandsekko') || !query.is_using_item"}
          ],
          "on_entry":[
            "/function akumanomi/sunasuna/grandsekko5",
            "/effect @e[dx=-32,dy=0,dz=-32] wither 3 3 true",
            "/effect @e[dx=-32,dy=0,dz=32] wither 3 3 true",
            "/effect @e[dx=32,dy=0,dz=-32] wither 3 3 true",
            "/effect @e[dx=32,dy=0,dz=32] wither 3 3 true"
          ]
        },
        //闇水
        "kurouzu1":{
          "transitions":[
            {"kurouzu2":"(1.0)"}
          ],
          "on_entry":[
            "/tag @e[r=16,tag=kurouzuend] remove kurouzuend"
          ]
        },
        "kurouzu2":{
          "transitions":[
            {"kurouzu3":"query.get_equipped_item_name('off_hand') == 'kurouzu' && query.is_sneaking"},
            {"kurouzu_end":"!(query.get_equipped_item_name('off_hand') == 'kurouzu') || !query.is_sneaking || query.is_in_water"},
            {"go_default":"query.variant == 2700"}
          ],
          "on_entry":[
            "/tag @e[rm=1,r=16,tag=devil] add kurouzu",
            "/tag @e[rm=1,r=16,family=devil] add kurouzu",
            "/tp @e[rm=1,r=16,family=devil] ^^^3",
            "/tp @e[rm=1,r=16,tag=devil] ^^^3"
          ]
        },
        "kurouzu3":{
          "transitions":[
            {"kurouzu2":"(1.0)"}
          ]
        },
        "kurouzu_end":{
          "transitions":[
            {"default":"(1.0)"}
          ],
          "on_entry":[
            "/tag @e[rm=1,r=16,tag=kurouzu] remove kurouzu"
          ],
          "on_exit":[
            "/tag @e[rm=1,r=16,tag=devil] add kurouzuend",
            "/tag @e[rm=1,r=16,family=devil] add kurouzuend"
          ]
        },
        //闇穴解放
        "blackhole1":{
          "transitions":[
            {"blackhole2":"variable.time = (variable.time ?? 0);variable.time = variable.time < 20 ? variable.time + 1:0;return variable.time == 0;"},
            {"revelation":"!query.is_using_item"}
          ],
          "on_entry":[
            "/function akumanomi/yamiyami/blackhole1"
          ]
        },
        "blackhole2":{
          "transitions":[
            {"blackhole3":"variable.time = (variable.time ?? 0);variable.time = variable.time < 20 ? variable.time + 1:0;return variable.time == 0;"},
            {"revelation":"!query.is_using_item"}
          ],
          "on_entry":[
            "/function akumanomi/yamiyami/blackhole2"
          ]
        },
        "blackhole3":{
          "transitions":[
            {"blackhole4":"variable.time = (variable.time ?? 0);variable.time = variable.time < 20 ? variable.time + 1:0;return variable.time == 0;"},
            {"revelation":"!query.is_using_item"}
          ],
          "on_entry":[
            "/function akumanomi/yamiyami/blackhole3"
          ]
        },
        "blackhole4":{
          "transitions":[
            {"blackhole5":"variable.time = (variable.time ?? 0);variable.time = variable.time < 20 ? variable.time + 1:0;return variable.time == 0;"},
            {"revelation":"!query.is_using_item"}
          ],
          "on_entry":[
            "/function akumanomi/yamiyami/blackhole4"
          ]
        },
        "blackhole5":{
          "transitions":[
            {"revelation":"!query.is_using_item"}
          ],
          "on_entry":[
            "/function akumanomi/yamiyami/blackhole5"
          ]
        },
        "revelation":{
          "transitions":[
            {"default":"(1.0)"}
          ],
          "on_entry":[
            "/function akumanomi/yamiyami/revelation"
          ],
          "on_exit":[
            "/tag @e remove blackhole"
          ]
        },
        //炎帝
        "entei1":{
          "transitions":[
            {"entei2":"variable.time = (variable.time ?? 0);variable.time = variable.time < 20 ? variable.time + 1:0;return variable.time == 0;"},
            {"default":"!query.is_using_item"}
          ],
          "on_entry":[
            "/fill ~5~~5 ~-5~~-5 fire 0 replace air"
          ]
        },
        "entei2":{
          "transitions":[
            {"entei3":"variable.time = (variable.time ?? 0);variable.time = variable.time < 20 ? variable.time + 1:0;return variable.time == 0;"},
            {"default":"!query.is_using_item"}
          ],
          "on_entry":[
            "/fill ~10~~10 ~-10~~-10 fire 0 replace air"
          ]
        },
        "entei3":{
          "transitions":[
            {"entei4":"variable.time = (variable.time ?? 0);variable.time = variable.time < 20 ? variable.time + 1:0;return variable.time == 0;"},
            {"default":"!query.is_using_item"}
          ],
          "on_entry":[
            "/fill ~16~~16 ~-16~~-16 fire 0 replace air"
          ]
        },
        "entei4":{
          "transitions":[
            {"entei5":"variable.time = (variable.time ?? 0);variable.time = variable.time < 20 ? variable.time + 1:0;return variable.time == 0;"},
            {"default":"!query.is_using_item"}
          ],
          "on_entry":[
            "/fill ~24~~24 ~-24~~-24 fire 0 replace air"
          ]
        },
        "entei5":{
          "transitions":[
            {"default":"!query.is_using_item"}
          ],
          "on_entry":[
            "/fill ~32~~32 ~-32~~-32 fire 0 replace air",
            "/summon onepiece_addon:entei_e ~~~"
          ],
          "on_exit":[
            "/tag @e[type=onepiece_addon:entei_e] add kill",
            "/summon onepiece_addon:entei_attack ^^^16"
          ]
        },
        //イトイトの覚醒
        "itoito1":{
          "transitions":[
            {"itoito2":"variable.time = (variable.time ?? 0);variable.time = variable.time < 20 ? variable.time + 1:0;return variable.time == 0;"},
            {"default":"!query.is_using_item"}
          ],
          "on_entry":[
            "/function akumanomi/itoito/itoito1"
          ]
        },
        "itoito2":{
          "transitions":[
            {"itoito3":"variable.time = (variable.time ?? 0);variable.time = variable.time < 20 ? variable.time + 1:0;return variable.time == 0;"},
            {"default":"!query.is_using_item"}
          ],
          "on_entry":[
            "/function akumanomi/itoito/itoito2"
          ]
        },
        "itoito3":{
          "transitions":[
            {"itoito4":"variable.time = (variable.time ?? 0);variable.time = variable.time < 20 ? variable.time + 1:0;return variable.time == 0;"},
            {"default":"!query.is_using_item"}
          ],
          "on_entry":[
            "/function akumanomi/itoito/itoito3"
          ]
        },
        "itoito4":{
          "transitions":[
            {"itoito5":"variable.time = (variable.time ?? 0);variable.time = variable.time < 20 ? variable.time + 1:0;return variable.time == 0;"},
            {"default":"!query.is_using_item"}
          ],
          "on_entry":[
            "/function akumanomi/itoito/itoito4"
          ]
        },
        "itoito5":{
          "transitions":[
            {"default":"!query.is_using_item"}
          ],
          "on_entry":[
            "/function akumanomi/itoito/itoito5"
          ]
        },
        //神の裁き
        "elthor1":{
          "transitions":[
            {"elthor2":"variable.time = (variable.time ?? 0);variable.time = variable.time < 20 ? variable.time + 1:0;return variable.time == 0;"},
            {"elthor10":"!query.is_using_item"}
          ]
        },
        "elthor10":{
          "transitions":[
            {"default":"(1.0)"}
          ],
          "on_entry":[
            "/execute @e[r=8,family=mob] ~~~ summon lightning_bolt",
            "/execute @e[r=8,family=mob] ~~~ summon lightning_bolt",
            "/execute @e[r=8,family=mob] ~~~ summon lightning_bolt"
          ]
        },
        "elthor2":{
          "transitions":[
            {"elthor3":"variable.time = (variable.time ?? 0);variable.time = variable.time < 20 ? variable.time + 1:0;return variable.time == 0;"},
            {"elthor20":"!query.is_using_item"}
          ]
        },
        "elthor20":{
          "transitions":[
            {"default":"(1.0)"}
          ],
          "on_entry":[
            "/execute @e[r=16,family=mob] ~~~ summon lightning_bolt",
            "/execute @e[r=16,family=mob] ~~~ summon lightning_bolt",
            "/execute @e[r=16,family=mob] ~~~ summon lightning_bolt"
          ]
        },
        "elthor3":{
          "transitions":[
            {"elthor4":"variable.time = (variable.time ?? 0);variable.time = variable.time < 20 ? variable.time + 1:0;return variable.time == 0;"},
            {"elthor30":"!query.is_using_item"}
          ]
        },
        "elthor30":{
          "transitions":[
            {"default":"(1.0)"}
          ],
          "on_entry":[
            "/execute @e[r=32,family=mob] ~~~ summon lightning_bolt",
            "/execute @e[r=32,family=mob] ~~~ summon lightning_bolt",
            "/execute @e[r=32,family=mob] ~~~ summon lightning_bolt"
          ]
        },
        "elthor4":{
          "transitions":[
            {"elthor5":"variable.time = (variable.time ?? 0);variable.time = variable.time < 20 ? variable.time + 1:0;return variable.time == 0;"},
            {"elthor40":"!query.is_using_item"}
          ]
        },
        "elthor40":{
          "transitions":[
            {"default":"(1.0)"}
          ],
          "on_entry":[
            "/execute @e[r=48,family=mob] ~~~ summon lightning_bolt",
            "/execute @e[r=48,family=mob] ~~~ summon lightning_bolt",
            "/execute @e[r=48,family=mob] ~~~ summon lightning_bolt"
          ]
        },
        "elthor5":{
          "transitions":[
            {"elthor50":"!query.is_using_item"}
          ]
        },
        "elthor50":{
          "transitions":[
            {"default":"(1.0)"}
          ],
          "on_entry":[
            "/execute @e[r=64,family=mob] ~~~ summon lightning_bolt",
            "/execute @e[r=64,family=mob] ~~~ summon lightning_bolt",
            "/execute @e[r=64,family=mob] ~~~ summon lightning_bolt"
          ]
        },
        //のの様棒
        "gorogoro2":{
          "transitions":[
            {"default":"!query.is_sneaking"},
            {"go_default":"query.variant == 2700"}
          ],
          "on_entry":[
            "/replaceitem entity @s slot.weapon.mainhand 0 onepiece_addon:nonosamabou1"
          ]
        },
        "gorogoro3":{
          "transitions":[
            {"default":"!query.is_sneaking"},
            {"go_default":"query.variant == 2700"}
          ],
          "on_entry":[
            "/replaceitem entity @s slot.weapon.mainhand 0 onepiece_addon:nonosamabou2"
          ]
        },
        //ギア２
        "gear2_1":{
          "transitions":[
            {"default":"!query.is_using_item"},
            {"gear2_2":"variable.time = (variable.time ?? 0);variable.time = variable.time < 30 ? variable.time + 1:0;return variable.time == 0;"}
          ],
          "on_entry":[
            "/function akumanomi/gomgom/gear2_start"
          ]
        },
        "gear2_2":{
          "transitions":[
            {"gear2_3":"variable.time = (variable.time ?? 0);variable.time = variable.time < 20 ? variable.time + 1:0;return variable.time == 0;"}
          ],
          "on_entry":[
            "/function akumanomi/gomgom/gear2_give"
          ]
        },
        "gear2_3":{
          "transitions":[
            {"gear2_state":"!query.is_using_item"}
          ]
        },
        "gear2_state":{
          "transitions":[
            {"gear2_end":"query.get_equipped_item_name == 'gear' && query.is_using_item"},
            {"redhawk_hold":"query.get_equipped_item_name == 'redhawk' && query.has_any_family('b_haki','ryuo') == 1.0 && query.is_using_item"},
            {"go_default":"query.variant == 2700"}
          ]
        },
        "gear2_end":{
          "transitions":[
            {"default":"!query.is_using_item"}
          ],
          "on_entry":[
            "/function akumanomi/gomgom/gear2_end"
          ]
        },
        "redhawk_hold":{
          "transitions":[
            {"redhawk_attack0":"!query.is_using_item"}
          ]
        },
        "redhawk_attack0":{
          "transitions":[
            {"redhawk_attack1":"variable.time = (variable.time ?? 0);variable.time = variable.time < 10 ? variable.time + 1:0;return variable.time == 0;"}
          ],
          "on_exit":[
            "/tag @s add redhawk00"
          ]
        },
        "redhawk_attack1":{
          "transitions":[
            {"gear2_state":"variable.time = (variable.time ?? 0);variable.time = variable.time < 20 ? variable.time + 1:0;return variable.time == 0;"}
          ],
          "on_exit":[
            "/tag @s remove redhawk00"
          ]
        },
        //ギア３
        "gear3_1":{
          "transitions":[
            {"default":"!query.is_using_item"},
            {"gear3_2":"variable.time = (variable.time ?? 0);variable.time = variable.time < 30 ? variable.time + 1:0;return variable.time == 0;"},
            {"go_default":"query.variant == 2700"}
          ],
          "on_entry":[
            "/function akumanomi/gomgom/gear3_start"
          ]
        },
        "gear3_2":{
          "transitions":[
            {"gear3_state":"!query.is_using_item"}
          ],
          "on_entry":[
            "/function akumanomi/gomgom/gear3_give"
          ]
        },
        "gear3_state":{
          "transitions":[
            {"gear3_end":"!(query.get_equipped_item_name == 'gigant_pistol' || query.get_equipped_item_name == 'gear3')"}
          ]
        },
        "gear3_end":{
          "transitions":[
            {"default":"(1.0)"}
          ],
          "on_entry":[
            "/function akumanomi/gomgom/gear3_end"
          ]
        },
        //トリトリ
        "tori_health":{
          "transitions":[
            {"default":"!query.is_using_item"},
            {"tori_health1":"variable.time = (variable.time ?? 0);variable.time = variable.time < 20 ? variable.time + 1:0;return variable.time == 0;"}
          ],
          "on_entry":[
            "/function akumanomi/toritori/tori_health"
          ]
        },
        "tori_health1":{
          "transitions":[
            {"tori_health":"(1.0)"}
          ]
        },
        "tori_attack":{
          "transitions":[
            {"default":"!variable.attack_time"}
          ],
          "on_entry":[
            "/summon onepiece_addon:toritori_attack1"
          ]
        },
        //流れモチ
        "nagaremochi1":{
          "transitions":[
            {"nagaremochi2":"variable.time = (variable.time ?? 0);variable.time = variable.time < 20 ? variable.time + 1:0;return variable.time == 0;"},
            {"default":"!query.is_using_item"}
          ],
          "on_entry":[
            "/function akumanomi/mochimochi/mochimochi1"
          ]
        },
        "nagaremochi2":{
          "transitions":[
            {"nagaremochi3":"variable.time = (variable.time ?? 0);variable.time = variable.time < 20 ? variable.time + 1:0;return variable.time == 0;"},
            {"default":"!query.is_using_item"}
          ],
          "on_entry":[
            "/function akumanomi/mochimochi/mochimochi2"
          ]
        },
        "nagaremochi3":{
          "transitions":[
            {"nagaremochi4":"variable.time = (variable.time ?? 0);variable.time = variable.time < 20 ? variable.time + 1:0;return variable.time == 0;"},
            {"default":"!query.is_using_item"}
          ],
          "on_entry":[
            "/function akumanomi/mochimochi/mochimochi3"
          ]
        },
        "nagaremochi4":{
          "transitions":[
            {"nagaremochi5":"variable.time = (variable.time ?? 0);variable.time = variable.time < 20 ? variable.time + 1:0;return variable.time == 0;"},
            {"default":"!query.is_using_item"}
          ],
          "on_entry":[
            "/function akumanomi/mochimochi/mochimochi4"
          ]
        },
        "nagaremochi5":{
          "transitions":[
            {"default":"!query.is_using_item"}
          ],
          "on_entry":[
            "/function akumanomi/mochimochi/mochimochi5"
          ]
        },
        //加々身モチ
        "kagamimochi1":{
          "transitions":[
            {"kagamimochi2":"variable.time = (variable.time ?? 0);variable.time = variable.time < 20 ? variable.time + 1:0;return variable.time == 0;"},
            {"default":"!query.is_using_item"}
          ],
          "on_entry":[
            "/fill ~5~-1~5 ~-5~-1~-5 onepiece_addon:mochimochi_block2 0 replace onepiece_addon:mochimochi_block"
          ]
        },
        "kagamimochi2":{
          "transitions":[
            {"kagamimochi3":"variable.time = (variable.time ?? 0);variable.time = variable.time < 20 ? variable.time + 1:0;return variable.time == 0;"},
            {"default":"!query.is_using_item"}
          ],
          "on_entry":[
            "/fill ~10~-1~10 ~-10~-1~6 onepiece_addon:mochimochi_block2 0 replace onepiece_addon:mochimochi_block",
            "/fill ~10~-1~-10 ~-10~-1~-6 onepiece_addon:mochimochi_block2 0 replace onepiece_addon:mochimochi_block",
            "/fill ~10~-1~5 ~6~-1~-5 onepiece_addon:mochimochi_block2 0 replace onepiece_addon:mochimochi_block",
            "/fill ~-10~-1~5 ~-6~-1~-5 onepiece_addon:mochimochi_block2 0 replace onepiece_addon:mochimochi_block"
          ]
        },
        "kagamimochi3":{
          "transitions":[
            {"kagamimochi4":"variable.time = (variable.time ?? 0);variable.time = variable.time < 20 ? variable.time + 1:0;return variable.time == 0;"},
            {"default":"!query.is_using_item"}
          ],
          "on_entry":[
            "/fill ~16~-1~16 ~-16~-1~11 onepiece_addon:mochimochi_block2 0 replace onepiece_addon:mochimochi_block",
            "/fill ~16~-1~-16 ~-16~-1~-11 onepiece_addon:mochimochi_block2 0 replace onepiece_addon:mochimochi_block",
            "/fill ~16~-1~10 ~11~-1~-10 onepiece_addon:mochimochi_block2 0 replace onepiece_addon:mochimochi_block",
            "/fill ~-16~-1~10 ~-11~-1~-10 onepiece_addon:mochimochi_block2 0 replace onepiece_addon:mochimochi_block"
          ]
        },
        "kagamimochi4":{
          "transitions":[
            {"kagamimochi5":"variable.time = (variable.time ?? 0);variable.time = variable.time < 20 ? variable.time + 1:0;return variable.time == 0;"},
            {"default":"!query.is_using_item"}
          ],
          "on_entry":[
            "/fill ~24~-1~24 ~-24~-1~17 onepiece_addon:mochimochi_block2 0 replace onepiece_addon:mochimochi_block",
            "/fill ~24~-1~-24 ~-24~-1~-17 onepiece_addon:mochimochi_block2 0 replace onepiece_addon:mochimochi_block",
            "/fill ~24~-1~16 ~17~-1~-16 onepiece_addon:mochimochi_block2 0 replace onepiece_addon:mochimochi_block",
            "/fill ~-24~-1~16 ~-17~-1~-16 onepiece_addon:mochimochi_block2 0 replace onepiece_addon:mochimochi_block"
          ]
        },
        "kagamimochi5":{
          "transitions":[
            {"default":"!query.is_using_item"}
          ],
          "on_entry":[
            "/fill ~32~-1~32 ~-32~-1~25 onepiece_addon:mochimochi_block2 0 replace onepiece_addon:mochimochi_block",
            "/fill ~32~-1~-32 ~-32~-1~-25 onepiece_addon:mochimochi_block2 0 replace onepiece_addon:mochimochi_block",
            "/fill ~32~-1~24 ~25~-1~-24 onepiece_addon:mochimochi_block2 0 replace onepiece_addon:mochimochi_block",
            "/fill ~-32~-1~24 ~-25~-1~-24 onepiece_addon:mochimochi_block2 0 replace onepiece_addon:mochimochi_block"
          ]
        },
        //ヨミ
        "yomiyomi1":{
          "transitions":[
            {"yomiyomi2":"(1.0)"}
          ],
          "on_entry":[
            "/tag @e[r=5,tag=!yomiyomi] add yomicold"
          ],
          "on_exit":[
            "/execute @e[tag=yomicold] ~~~ summon onepiece_addon:yomicold"
          ]
        },
        "yomiyomi2":{
          "transitions":[
            {"default":"!variable.attack_time"}
          ],
          "on_entry":[
            "/tag @e[tag=yomicold] remove yomicold"
          ]
        },
        "soulking1":{
          "transitions":[
            {"default":"(1.0)"}
          ],
          "on_entry":[
            "/kill @e[r=16,family=sorusoru1]"
          ]
        },
        "go_default":{
          "transitions":[
            {"default":"(1.0)"}
          ]
        }
      }
    }
  }
}