{
  "format_version":"1.16.100",
  "animation_controllers":{
    "controller.animation.muso":{
      "states":{
        "default":{
          "transitions":[
            {"1":"query.is_using_item && query.get_equipped_item_name == 'muso'"}
          ]
        },
        "1":{
          "transitions":[
            {"2":"(1.0)"}
          ],
          "on_entry":[
            "/scoreboard objectives add kaizoku1kill dummy 海賊１討伐数"
          ]
        },
        "2":{
          "transitions":[
            {"3":"!query.is_using_item"}
          ],
          "on_entry":[
            "/scoreboard objectives setdisplay sidebar kaizoku1kill"
          ]
        },
        "3":{
          "transitions":[
            {"4":"query.is_using_item && query.get_equipped_item_name == 'muso'"}
          ],
          "on_exit":[
            "/scoreboard players set @s kaizoku1kill 0",
            "/scoreboard objectives remove kaizoku1kill"
          ]
        },
        "4":{
          "transitions":[
            {"default":"!query.is_using_item"}
          ]
        }
      }
    }
  }
}