{
  "format_version":"1.16.100",
  "animation_controllers":{
    "controller.animation.offhand1":{
      "states":{
        "default":{
          "transitions":[
            {"bubbles":"query.get_equipped_item_name('off_hand') == 'soap_bubbles'"},
            {"midoriboshi1":"query.get_equipped_item_name('off_hand') == 'midoriboshi1'"},
            {"sandaikitetu":"query.get_equipped_item_name('off_hand') == 'sandaikitetu'"},
            {"sandaikitetu_haki":"query.get_equipped_item_name('off_hand') == 'sandaikitetu_haki'"}
          ]
        },
        "sandaikitetu":{
          "transitions":[
            {"default":"!(query.get_equipped_item_name('off_hand') == 'sandaikitetu')"}
          ],
          "on_entry":[
            "/tag @s add sandaikitetu"
          ],
          "on_exit":[
            "/tag @s remove sandaikitetu"
          ]
        },
        "sandaikitetu_haki":{
          "transitions":[
            {"default":"!(query.get_equipped_item_name('off_hand') == 'sandaikitetu_haki')"}
          ],
          "on_entry":[
            "/tag @s add sandaikitetu_haki"
          ],
          "on_exit":[
            "/tag @s remove sandaikitetu_haki"
          ]
        },
        "midoriboshi1":{
          "transitions":[
            {"default":"!(query.get_equipped_item_name('off_hand') == 'midoriboshi1')"}
          ],
          "on_entry":[
            "/tag @s add midoriboshi1"
          ],
          "on_exit":[
            "/tag @s remove midoriboshi1"
          ]
        },
        "bubbles":{
          "transitions":[
            {"default":"!(query.get_equipped_item_name('off_hand') == 'soap_bubbles')"}
          ],
          "on_entry":[
            "/effect @s water_breathing 100000 0 true"
          ],
          "on_exit":[
            "/effect @s water_breathing 0 1 true"
          ]
        },
        "go_default":{
          "transitions":[
            {"default":"(1.0)"}
          ]
        }
      }
    }
  }
}