{
  "format_version":"1.16.100",
  "animation_controllers":{
    "controller.animation.shoot":{
      "states":{
        "default":{
          "transitions":[
            {"kairouseki1":"query.is_using_item && query.get_equipped_item_name == 'kairouseki'"},
            {"shoot":"query.is_using_item"}
          ],
          "on_entry":[
            "/tag @s remove shootout"
          ]
        },
        "kairouseki1":{
          "transitions":[
            {"kairouseki2":"variable.time = (variable.time ?? 0);variable.time = variable.time < 5 ? variable.time + 1:0;return variable.time == 0;"}
          ]
        },
        "kairouseki2":{
          "transitions":[
            {"default":"!query.is_using_item"}
          ],
          "on_entry":[
            "/clear @s onepiece_addon:kairouseki 1"
          ]
        },
        "shoot":{
          "transitions":[
            {"shootout":"!query.is_using_item"}
          ],
          "on_entry":[
            "/tag @s add shoot"
          ]
        },
        "shootout":{
          "transitions":[
            {"default":"(1.0)"}
          ],
          "on_entry":[
            "/tag @s remove shoot",
            "/tag @s add shootout"
          ]
        }
      }
    }
  }
}