{
  "format_version":"1.16.100",
  "animation_controllers":{
    "controller.animation.strawman0":{
      "states":{
        "default":{
          "transitions":[
            {"strawman":"query.variant == 27181"},
            {"strawman_standby":"query.variant == 2718 && query.is_using_item && (query.get_equipped_item_name == 'strawmanplayer' || query.get_equipped_item_name == 'strawmanace' || query.get_equipped_item_name == 'strawmanakainu' || query.get_equipped_item_name == 'strawmanaokizi' || query.get_equipped_item_name == 'strawmanmam' || query.get_equipped_item_name == 'strawmancrocodile' || query.get_equipped_item_name == 'strawmandoframingo' || query.get_equipped_item_name == 'strawmanenel' || query.get_equipped_item_name == 'strawmanfujitora' || query.get_equipped_item_name == 'strawmanluffy' || query.get_equipped_item_name == 'strawmanluffy2' || query.get_equipped_item_name == 'strawmankizaru' || query.get_equipped_item_name == 'strawmanmalco' || query.get_equipped_item_name == 'strawmansirohige' || query.get_equipped_item_name == 'strawmansyankusu' || query.get_equipped_item_name == 'strawmanteach' || query.get_equipped_item_name == 'strawmanzoro' || query.get_equipped_item_name == 'strawmanzoro2' || query.get_equipped_item_name == 'strawmanlayry' || query.get_equipped_item_name == 'strawmankaizoku' || query.get_equipped_item_name == 'strawmankaizoku2' || query.get_equipped_item_name == 'strawmankaizoku3' || query.get_equipped_item_name == 'strawmankaizoku4' || query.get_equipped_item_name == 'strawmankaigun' || query.get_equipped_item_name == 'strawmankaigun2' || query.get_equipped_item_name == 'strawmansyuga-' || query.get_equipped_item_name == 'strawmantrabol' || query.get_equipped_item_name == 'strawmanlaw' || query.get_equipped_item_name == 'strawmanlaw2' || query.get_equipped_item_name == 'strawmankaido' || query.get_equipped_item_name == 'strawmankatakuri' || query.get_equipped_item_name == 'strawmansanji' || query.get_equipped_item_name == 'strawmanusopp' || query.get_equipped_item_name == 'strawmanfranky' || query.get_equipped_item_name == 'strawmanjinbe' || query.get_equipped_item_name == 'strawmannami' || query.get_equipped_item_name == 'strawmanrobin' || query.get_equipped_item_name == 'strawmanchopper' || query.get_equipped_item_name == 'strawmanbrook' || query.get_equipped_item_name == 'strawmanhyogoro' || query.get_equipped_item_name == 'strawmansabo')"},
            {"replaceitem":"!(query.variant == 2718 || query.variant == 27181) && (query.get_equipped_item_name == 'strawmanplayer' || query.get_equipped_item_name == 'strawmanace' || query.get_equipped_item_name == 'strawmanakainu' || query.get_equipped_item_name == 'strawmanaokizi' || query.get_equipped_item_name == 'strawmanmam' || query.get_equipped_item_name == 'strawmancrocodile' || query.get_equipped_item_name == 'strawmandoframingo' || query.get_equipped_item_name == 'strawmanenel' || query.get_equipped_item_name == 'strawmanfujitora' || query.get_equipped_item_name == 'strawmanluffy' || query.get_equipped_item_name == 'strawmanluffy2' || query.get_equipped_item_name == 'strawmankizaru' || query.get_equipped_item_name == 'strawmanmalco' || query.get_equipped_item_name == 'strawmansirohige' || query.get_equipped_item_name == 'strawmansyankusu' || query.get_equipped_item_name == 'strawmanteach' || query.get_equipped_item_name == 'strawmanzoro' || query.get_equipped_item_name == 'strawmanzoro2' || query.get_equipped_item_name == 'strawmanlayry' || query.get_equipped_item_name == 'strawmankaizoku' || query.get_equipped_item_name == 'strawmankaizoku2' || query.get_equipped_item_name == 'strawmankaizoku3' || query.get_equipped_item_name == 'strawmankaizoku4' || query.get_equipped_item_name == 'strawmankaigun' || query.get_equipped_item_name == 'strawmankaigun2' || query.get_equipped_item_name == 'strawmansyuga-' || query.get_equipped_item_name == 'strawmantrabol' || query.get_equipped_item_name == 'strawmanlaw' || query.get_equipped_item_name == 'strawmanlaw2' || query.get_equipped_item_name == 'strawmankaido' || query.get_equipped_item_name == 'strawmankatakuri' || query.get_equipped_item_name == 'strawmansanji' || query.get_equipped_item_name == 'strawmanusopp' || query.get_equipped_item_name == 'strawmanfranky' || query.get_equipped_item_name == 'strawmanjinbe' || query.get_equipped_item_name == 'strawmannami' || query.get_equipped_item_name == 'strawmanrobin' || query.get_equipped_item_name == 'strawmanchopper' || query.get_equipped_item_name == 'strawmanbrook' || query.get_equipped_item_name == 'strawmanhyogoro' || query.get_equipped_item_name == 'strawmansabo')"}
          ]
        },
        "strawman":{
          "transitions":[
            {"strawman_end":"!(query.variant == 27181)"},
            {"strawman0":"query.is_using_item && query.get_equipped_item_name == 'strawman0'"},
            {"strawman_standby":"query.is_using_item && (query.get_equipped_item_name == 'strawmanplayer' || query.get_equipped_item_name == 'strawmanace' || query.get_equipped_item_name == 'strawmanakainu' || query.get_equipped_item_name == 'strawmanaokizi' || query.get_equipped_item_name == 'strawmanmam' || query.get_equipped_item_name == 'strawmancrocodile' || query.get_equipped_item_name == 'strawmandoframingo' || query.get_equipped_item_name == 'strawmanenel' || query.get_equipped_item_name == 'strawmanfujitora' || query.get_equipped_item_name == 'strawmanluffy' || query.get_equipped_item_name == 'strawmanluffy2' || query.get_equipped_item_name == 'strawmankizaru' || query.get_equipped_item_name == 'strawmanmalco' || query.get_equipped_item_name == 'strawmansirohige' || query.get_equipped_item_name == 'strawmansyankusu' || query.get_equipped_item_name == 'strawmanteach' || query.get_equipped_item_name == 'strawmanzoro' || query.get_equipped_item_name == 'strawmanzoro2' || query.get_equipped_item_name == 'strawmanlayry' || query.get_equipped_item_name == 'strawmankaizoku' || query.get_equipped_item_name == 'strawmankaizoku2' || query.get_equipped_item_name == 'strawmankaizoku3' || query.get_equipped_item_name == 'strawmankaizoku4' || query.get_equipped_item_name == 'strawmankaigun' || query.get_equipped_item_name == 'strawmankaigun2' || query.get_equipped_item_name == 'strawmansyuga-' || query.get_equipped_item_name == 'strawmantrabol' || query.get_equipped_item_name == 'strawmanlaw' || query.get_equipped_item_name == 'strawmanlaw2' || query.get_equipped_item_name == 'strawmankaido' || query.get_equipped_item_name == 'strawmankatakuri' || query.get_equipped_item_name == 'strawmansanji' || query.get_equipped_item_name == 'strawmanusopp' || query.get_equipped_item_name == 'strawmanfranky' || query.get_equipped_item_name == 'strawmanjinbe' || query.get_equipped_item_name == 'strawmannami' || query.get_equipped_item_name == 'strawmanrobin' || query.get_equipped_item_name == 'strawmanchopper' || query.get_equipped_item_name == 'strawmanbrook' || query.get_equipped_item_name == 'strawmanhyogoro' || query.get_equipped_item_name == 'strawmansabo')"}
          ],
          "on_entry":[
            "/effect @s resistance 100000 20 true"
          ]
        },
        "strawman_standby":{
          "transitions":[
            {"strawman":"!query.is_using_item"}
          ],
          "on_entry":[
            "/function akumanomi/warawara/strawman_start",
            "/tag @e[tag=sacrifice_standby] add sacrifice",
            "/tag @s add strawman"
          ]
        },
        "strawman0":{
          "transitions":[
            {"strawman_end":"!query.is_using_item"}
          ]
        },
        "strawman_end":{
          "transitions":[
            {"default":"!(query.variant == 27181)"}
          ],
          "on_entry":[
            "/tag @s remove strawman",
            "/tag @e remove sacrifice",
            "/tag @e remove sacrifice_standby",
            "/effect @s resistance 0 21 true"
          ]
        },
        "replaceitem":{
          "transitions":[
            {"default":"(1.0)"}
          ],
          "on_entry":[
            "/replaceitem entity @s slot.weapon.mainhand 0 air"
          ]
        }
      }
    }
  }
}