{
  "format_version": "1.16.100",
  "minecraft:item": {
    "description": {
      "identifier": "wesl3y:gomu_third",
      "category": "commands"
    },

    "components": {
      "tag:gomu_third": {},
      "minecraft:icon": {
        "texture": "gomu_third"
      },
      "minecraft:max_stack_size": 1,
      "minecraft:hand_equipped": true,
	  "minecraft:wearable": {
	    "slot": "slot.armor.head"
	  },
	  "minecraft:armor": {
		"protection": 0
	  },
      "minecraft:display_name": {
        "value": "Gear Third\n§5(Gomu Gomu)\n§7(Hold to Use)"
      },
      "minecraft:render_offsets": {
	    "main_hand": {
		  "first_person": { 
		    "scale": [0.0,0.0,0.0]
		  },
		  "third_person": { 
			"scale": [0.0,0.0,0.0]
		  }
		}
	  }
    }
  }
}