{
  "format_version": "1.16.100",
  "minecraft:item": {
    "description": {
      "identifier": "wesl3y:gomu_second",
      "category": "commands"
    },

    "components": {
      "tag:modo": {},
      "tag:gomu_second": {},
      "minecraft:icon": {
        "texture": "gomu_second"
      },
      "minecraft:use_duration": 99999,
      "minecraft:max_stack_size": 1,
      "minecraft:hand_equipped": true,
      "minecraft:food": {
        "can_always_eat": true
      },
      "minecraft:display_name": {
        "value": "Gear Second\n§5(Gomu Gomu)\n§7(Hold to Use)"
      },
      "minecraft:render_offsets": {
	    "main_hand": {
		  "first_person": { 
		    "scale": [0.0,0.0,0.0]
		  },
		  "third_person": { 
			"scale": [0.0,0.0,0.0]
		  }
		}
	  }
    }
  }
}