{
  "format_version":"1.16.100",
  "animation_controllers":{
    "controller.animation.kaizoku1spawn":{
      "states":{
        "default":{
          "transitions":[
            {"1":"(1.0)"}
          ]
        },
        "1":{
          "transitions":[
            {"2":"variable.time = (variable.time ?? 0);variable.time = variable.time < 100 ? variable.time + 1:0;return variable.time == 0;"}
          ],
          "on_entry":[
            "/title @a title 時間経過で海賊１を召喚します"
          ]
        },
        "2":{
          "transitions":[
            {"3":"variable.time = (variable.time ?? 0);variable.time = variable.time < 100 ? variable.time + 1:0;return variable.time == 0;"}
          ],
          "on_entry":[
            "/summon onepiece_addon:kaizoku ~2~~",
            "/summon onepiece_addon:kaizoku ~-2~~",
            "/summon onepiece_addon:kaizoku ~~~2",
            "/summon onepiece_addon:kaizoku ~~~-2",
            "/summon onepiece_addon:kaizoku ~~~-3",
            "/summon onepiece_addon:kaizoku ~~~3",
            "/summon onepiece_addon:kaizoku ~3~~",
            "/summon onepiece_addon:kaizoku ~-3~~",
            "/summon onepiece_addon:kaizoku ~~~",
            "/summon onepiece_addon:kaizoku ~~~"
          ]
        },
        "3":{
          "transitions":[
            {"2":"(1.0)"}
          ]
        }
      }
    }
  }
}