{"resource_pack_name":"vanilla","texture_name":"atlas.items","texture_data":{"yg:glitch":{"textures":"textures/items/pamobile/yg_glitch"},"yg:timothy":{"textures":"textures/items/pamobile/yg_timothy"},"yg:screech":{"textures":"textures/items/pamobile/yg_screech"},"yg:seek":{"textures":"textures/items/pamobile/yg_seek"},"yg:figure":{"textures":"textures/items/pamobile/yg_figure"},"yg:rush":{"textures":"textures/items/pamobile/yg_rush"},"yg:halt":{"textures":"textures/items/pamobile/yg_halt"},"yg:eye":{"textures":"textures/items/pamobile/yg_eye"},"yg:ambush":{"textures":"textures/items/pamobile/yg_ambush"},"yg:silence":{"textures":"textures/items/pamobile/yg_silence"},"yg:depth":{"textures":"textures/items/pamobile/yg_depth"},"yg:jack":{"textures":"textures/items/pamobile/yg_jack"},"yg:shadow":{"textures":"textures/items/pamobile/yg_shadow"},"yg:greed":{"textures":"textures/items/pamobile/yg_greed"},"yg:closet":{"textures":"textures/items/yg_closet"},"yg_flashlight":{"textures":"textures/items/yg_flashlight"},"yg:vitamins":{"textures":"textures/items/yg_vitamins"},"yg_lighter":{"textures":"textures/items/yg_lighter"}}}