{
  "format_version":"1.16.100",
  "animation_controllers":{
    "controller.animation.big_mam3":{
      "states":{
        "default":{
          "transitions":[
            {"k":"query.variant == 27000"},
            {"kurouzu":"query.variant == 270"},
            {"big_mam":"query.has_target && !query.is_in_water"}
          ],
          "on_exit":[
            "/summon onepiece_addon:treeman ~~~ true"
          ]
        },
        "big_mam":{
          "transitions":[
            {"default":"variable.time = (variable.time ?? 0);variable.time = variable.time < 60 ? variable.time + 1:0;return variable.time == 0;"}
          ]
        },
        "kurouzu":{
          "transitions":[
            {"default":"query.variant == 0"}
          ]
        },
        "k":{}
      }
    }
  }
}