{
  "format_version":"1.16.100",
  "animation_controllers":{
    "controller.animation.mamkaido_haki":{
      "states":{
        "default":{
          "transitions":[
            {"1":"!query.is_sheared"},
            {"ryuo_hit":"query.is_sheared"}
          ],
          "on_entry":[
            "/function mob/mamkaido_haki"
          ]
        },
        "1":{
          "transitions":[
            {"default":"!query.is_sheared"},
            {"ryuo_hit":"query.is_sheared"}
          ],
          "on_entry":[
            "/function mob/mamkaido_haki"
          ]
        },
        "ryuo_hit":{
          "transitions":[
            {"default":"!query.is_sheared"}
          ],
          "on_entry":[
            "/function mob/ryuo_hit"
          ]
        }
      }
    }
  }
}