{
  "format_version":"1.16.100",
  "animation_controllers":{
    "controller.animation.malco":{
      "states":{
        "default":{
          "transitions":[
            {"k":"query.variant == 27000"},
            {"kurouzu":"query.variant == 270"},
            {"malco1":"query.has_target && !query.is_in_water"}
          ]
        },
        "malco1":{
          "transitions":[
            {"default":"(1.0)"}
          ],
          "on_entry":[
            "/execute @e[type=onepiece_addon:malco] ~~~ particle minecraft:blue_flame_particle ~1~~",
            "/execute @e[type=onepiece_addon:malco] ~~~ particle minecraft:blue_flame_particle ~~~1",
            "/execute @e[type=onepiece_addon:malco] ~~~ particle minecraft:blue_flame_particle ~-1~~",
            "/execute @e[type=onepiece_addon:malco] ~~~ particle minecraft:blue_flame_particle ~~~-1",
            "/execute @e[type=onepiece_addon:malco] ~~~ particle minecraft:blue_flame_particle ~1~1~",
            "/execute @e[type=onepiece_addon:malco] ~~~ particle minecraft:blue_flame_particle ~~1~1",
            "/execute @e[type=onepiece_addon:malco] ~~~ particle minecraft:blue_flame_particle ~-1~1~",
            "/execute @e[type=onepiece_addon:malco] ~~~ particle minecraft:blue_flame_particle ~~1~-1"
          ]
        },
        "kurouzu":{
          "transitions":[
            {"default":"query.variant == 0"}
          ]
        },
        "k":{}
      }
    }
  }
}