{
  "format_version":"1.16.100",
  "animation_controllers":{
    "controller.animation.malco2":{
      "states":{
        "default":{
          "transitions":[
            {"k":"query.variant == 27000"},
            {"kurouzu":"query.variant == 270"},
            {"malco2":"!query.is_in_water"}
          ]
        },
        "malco2":{
          "transitions":[
            {"default":"(1.0)"}
          ],
          "on_entry":[
            "/execute @e[type=onepiece_addon:malco] ~~~ effect @e[onepiece_addon:malco] regeneration 10 2 true"
          ]
        },
        "kurouzu":{
          "transitions":[
            {"default":"query.variant == 0"}
          ]
        },
        "k":{}
      }
    }
  }
}