{
  "format_version": "1.12.0",
  "minecraft:entity": {
    "description": {
      "identifier": "onepiece_addon:meteo_entity",
      "is_spawnable": false,
      "is_summonable": true,
      "is_experimental": false
    },
    "component_groups": {
      "minecraft:exploding": {
        "minecraft:explode": {
         "fuseLength": 0,
         "fuseLit": true,
         "power": 20,
         "causesFire": true,
         "fireAffectedByGriefing": false,
         "destroyAffectedByGriefing": false
        }
       }
    },

    "components": {
      "minecraft:collision_box": {
        "width": 16,
        "height": 16
      },
      "minecraft:spell_effects": {
        "add_effects": [
          {
            "effect": "slowness",
            "duration": 100,
            "amplifier": 0,
            "visible": false
          }
        ]
      },
      "minecraft:damage_sensor": {
        "triggers": {
          "cause": "fall",
          "deals_damage": false
        }
      },
      "minecraft:projectile": {
        "on_hit": {
          "definition_event": {
            "affectProjectile": true,
            "eventTrigger": {
                  "event": "minecraft:explode",
                  "target": "self"
            }
           }
        },
        "power": 1,
        "gravity": 1,
        "angle_offset": 0.0,
        "inertia": 0.1,
        "knockback":true,
        "multiple_targets":true,
        "liquid_inertia": 0.1
      },
      "minecraft:health": {
        "value": 40,
        "max": 40
      },
	    "minecraft:physics": {
      },
      "minecraft:pushable": {
        "is_pushable": false,
        "is_pushable_by_piston": false
      },
      "minecraft:conditional_bandwidth_optimization": {
        "default_values": {
          "max_optimized_distance": 80.0,
          "max_dropped_ticks": 10,
          "use_motion_prediction_hints": true
        }
      }
    },

    "events": {
      "minecraft:explode": {
        "add": {
         "component_groups": [
          "minecraft:exploding"
        ]
      }
    }
  }
}
}
