{
  "format_version": "1.12",
  "minecraft:recipe_shaped": {
    "description": {
      "identifier": "taco"
    },

    
    "tags": ["crafting_table"],
    "pattern": [
      "ABC"
    ],
    "key": {
      "A": {
        "item": "minecraft:wheat",
        "data": 0
      },
      "B": {
        "item": "minecraft:cooked_beef",
        "data": 0
      },
      "C": {
        "item": "minecraft:kelp",
        "data": 0
      }
    },
    "result": {
      "item": "random:taco",
      "count": 1
    }
  }
}