{
  "format_version": "1.13.0",
  "minecraft:entity": {    
    "description": {
      "identifier": "onepiece_addon:guragura_ex_m",
      "is_spawnable": false,
      "is_summonable": true,
      "is_experimental": false,
      "scripts": {
        "animate": [
          
        ]
      },
      "animations": {

      }
    },
    "component_groups": {

    },
    "components": {
      "minecraft:type_family": {
        "family": [ "guragura" ]
      },
      "minecraft:collision_box": {
        "width": 0.0,
        "height": 0.0
      },
      "minecraft:explode": {
        "breaks_blocks":true,
        "fuse_length": 0,
        "fuse_lit": true,
        "power": 1,
        "causes_fire": false,
        "destroy_affected_by_griefing": true
      },
      "minecraft:transformation": {
        "into": "onepiece_addon:despawn",
        "delay": 0.2
      },
      "minecraft:damage_sensor": {
        "triggers": {
            "on_damage": {"filters": {}},
            "deals_damage": false
        }
      }
    },
    "events": {
    }
  }
}