{
	"format_version": "1.12.0",
	"minecraft:geometry": [
		{
			"description": {
				"identifier": "geometry.exit_sign",
				"texture_width": 32,
				"texture_height": 32,
				"visible_bounds_width": 2,
				"visible_bounds_height": 2.5,
				"visible_bounds_offset": [0, 0.75, 0]
			},
			"bones": [
				{
					"name": "main",
					"pivot": [0, 0, -0.25],
					"cubes": [
						{
							"origin": [-4, 13, -1.25],
							"size": [8, 3, 2],
							"uv": {
								"north": {"uv": [6, 0], "uv_size": [4, 1.5]},
								"east": {"uv": [8, 7], "uv_size": [1, 1.5]},
								"south": {"uv": [6, 1.5], "uv_size": [4, 1.5]},
								"west": {"uv": [8, 8.5], "uv_size": [1, 1.5]},
								"up": {"uv": [8, 5], "uv_size": [4, 1]},
								"down": {"uv": [8, 7], "uv_size": [4, -1]}
							}
						},
						{
							"origin": [-6, 4, -1.25],
							"size": [12, 9, 2],
							"uv": {
								"north": {"uv": [0, 10], "uv_size": [24, 18]},
								"east": {"uv": [6, 5], "uv_size": [1, 4.5]},
								"south": {"uv": [0, 4.5], "uv_size": [6, 4.5]},
								"west": {"uv": [7, 5], "uv_size": [1, 4.5]},
								"up": {"uv": [6, 3], "uv_size": [6, 1]},
								"down": {"uv": [6, 5], "uv_size": [6, -1]}
							}
						}
					]
				}
			]
		}
	]
}