{
	"format_version": "1.12.0",
	"minecraft:geometry": [
		{
			"description": {
				"identifier": "geometry.spider_legs",
				"texture_width": 128,
				"texture_height": 128,
				"visible_bounds_width": 5,
				"visible_bounds_height": 4.5,
				"visible_bounds_offset": [0, 1.75, 0]
			},
			"bones": [
				{
					"name": "Main",
					"pivot": [0, 11, 0]
				},
				{
					"name": "head",
					"parent": "Main",
					"pivot": [0, 37, -9.5],
					"rotation": [10, 0, 0],
					"cubes": [
						{
							"origin": [-5.25, 32, -18],
							"size": [10.5, 10, 9],
							"uv": {
								"north": {"uv": [38, 44], "uv_size": [10, 10]},
								"east": {"uv": [30, 78], "uv_size": [-10, -9]},
								"south": {"uv": [30, 78], "uv_size": [-10, -9]},
								"west": {"uv": [30, 78], "uv_size": [-10, -9]},
								"up": {"uv": [20, 69], "uv_size": [10, 9]},
								"down": {"uv": [20, 69], "uv_size": [10, 9]}
							}
						}
					]
				},
				{
					"name": "jaw",
					"parent": "head",
					"pivot": [0, 30.5, -9.5],
					"rotation": [0.5, 0, 0],
					"cubes": [
						{
							"origin": [-3.75, 27.25, -20],
							"size": [7.5, 4.25, 1.5],
							"uv": {
								"north": {"uv": [30, 78], "uv_size": [-10, -9]},
								"east": {"uv": [30, 78], "uv_size": [-10, -9]},
								"south": {"uv": [30, 78], "uv_size": [-10, -9]},
								"west": {"uv": [30, 78], "uv_size": [-10, -9]},
								"up": {"uv": [20, 69], "uv_size": [10, 9]},
								"down": {"uv": [20, 69], "uv_size": [10, 9]}
							}
						},
						{
							"origin": [-4.5, 27, -19],
							"size": [9, 5.1, 10],
							"uv": {
								"north": {"uv": [30, 78], "uv_size": [-10, -9]},
								"east": {"uv": [30, 78], "uv_size": [-10, -9]},
								"south": {"uv": [30, 78], "uv_size": [-10, -9]},
								"west": {"uv": [30, 78], "uv_size": [-10, -9]},
								"up": {"uv": [20, 69], "uv_size": [10, 9]},
								"down": {"uv": [20, 69], "uv_size": [10, 9]}
							}
						}
					]
				},
				{
					"name": "body",
					"parent": "Main",
					"pivot": [0, 37.5, 0],
					"cubes": [
						{
							"origin": [-5, 35, -9],
							"size": [10, 5, 18],
							"uv": {
								"north": {"uv": [38, 69], "uv_size": [10, 8]},
								"east": {"uv": [43, 28], "uv_size": [18, 8]},
								"south": {"uv": [48, 69], "uv_size": [10, 8]},
								"west": {"uv": [20, 44], "uv_size": [18, 8]},
								"up": {"uv": [0, 40], "uv_size": [10, 18]},
								"down": {"uv": [10, 58], "uv_size": [10, -18]}
							}
						}
					]
				},
				{
					"name": "leftLeg1",
					"parent": "Main",
					"pivot": [5.5, 38, -6]
				},
				{
					"name": "top2",
					"parent": "leftLeg1",
					"pivot": [5, 37.5, -5.5],
					"rotation": [-8.08235, 36.67795, -15.51019],
					"cubes": [
						{
							"origin": [1, 36, -9],
							"size": [29, 7, 7],
							"uv": {
								"north": {"uv": [40, 64], "uv_size": [-20, 5]},
								"east": {"uv": [15, 78], "uv_size": [-5, 5]},
								"south": {"uv": [83, 38], "uv_size": [-20, 5]},
								"west": {"uv": [20, 78], "uv_size": [-5, 5]},
								"up": {"uv": [40, 69], "uv_size": [20, -5]},
								"down": {"uv": [60, 64], "uv_size": [20, 5]}
							}
						}
					]
				},
				{
					"name": "bottom2",
					"parent": "leftLeg1",
					"pivot": [19.41369, 41.81356, -15.12382],
					"cubes": [
						{
							"origin": [20.01249, 40.7948, -21.06075],
							"size": [45.9, 5, 3.5],
							"pivot": [23.5, 43, -18.75],
							"rotation": [47.34379, 6.99954, 85.25348],
							"uv": {
								"north": {"uv": [43, 35], "uv_size": [-43, 5]},
								"east": {"uv": [78, 79], "uv_size": [-4, 5]},
								"south": {"uv": [43, 30], "uv_size": [-43, 5]},
								"west": {"uv": [82, 79], "uv_size": [-4, 5]},
								"up": {"uv": [43, 24], "uv_size": [43, -4]},
								"down": {"uv": [43, 24], "uv_size": [43, 4]}
							}
						}
					]
				},
				{
					"name": "leftLeg2",
					"parent": "Main",
					"pivot": [5.5, 38, 6]
				},
				{
					"name": "top4",
					"parent": "leftLeg2",
					"pivot": [5, 37.5, 5.5],
					"rotation": [8.08235, -36.67795, -15.51019],
					"cubes": [
						{
							"origin": [1, 36, 2],
							"size": [29, 7, 7],
							"uv": {
								"north": {"uv": [63, 38], "uv_size": [20, 5]},
								"east": {"uv": [10, 78], "uv_size": [5, 5]},
								"south": {"uv": [20, 64], "uv_size": [20, 5]},
								"west": {"uv": [15, 78], "uv_size": [5, 5]},
								"up": {"uv": [40, 64], "uv_size": [20, 5]},
								"down": {"uv": [60, 69], "uv_size": [20, -5]}
							}
						}
					]
				},
				{
					"name": "bottom4",
					"parent": "leftLeg2",
					"pivot": [19.41369, 41.81356, 15.12382],
					"cubes": [
						{
							"origin": [13.25, 44.5, 13.5],
							"size": [45.9, 4, 3.5],
							"pivot": [18.5, 41, 16.75],
							"rotation": [-47.6488, -3.31229, 88.64481],
							"uv": {
								"north": {"uv": [0, 30], "uv_size": [43, 5]},
								"east": {"uv": [74, 79], "uv_size": [4, 5]},
								"south": {"uv": [0, 35], "uv_size": [43, 5]},
								"west": {"uv": [78, 79], "uv_size": [4, 5]},
								"up": {"uv": [43, 20], "uv_size": [43, 4]},
								"down": {"uv": [43, 28], "uv_size": [43, -4]}
							}
						}
					]
				},
				{
					"name": "rightLeg1",
					"parent": "Main",
					"pivot": [-5.5, 38, -6]
				},
				{
					"name": "top3",
					"parent": "rightLeg1",
					"pivot": [-5, 37.5, -5.5],
					"rotation": [-8.08235, -36.67795, 15.51019],
					"cubes": [
						{
							"origin": [-30, 36, -9],
							"size": [29, 7, 7],
							"uv": {
								"north": {"uv": [20, 64], "uv_size": [20, 5]},
								"east": {"uv": [15, 78], "uv_size": [5, 5]},
								"south": {"uv": [63, 38], "uv_size": [20, 5]},
								"west": {"uv": [10, 78], "uv_size": [5, 5]},
								"up": {"uv": [60, 69], "uv_size": [-20, -5]},
								"down": {"uv": [80, 64], "uv_size": [-20, 5]}
							}
						}
					]
				},
				{
					"name": "bottom3",
					"parent": "rightLeg1",
					"pivot": [-19.41369, 41.81356, -15.12382],
					"cubes": [
						{
							"origin": [-59.15, 44.5, -16.75],
							"size": [45.9, 4, 3.5],
							"pivot": [-18.5, 41, -16.75],
							"rotation": [47.6488, -3.31229, -88.64481],
							"uv": {
								"north": {"uv": [0, 35], "uv_size": [43, 5]},
								"east": {"uv": [78, 79], "uv_size": [4, 5]},
								"south": {"uv": [0, 30], "uv_size": [43, 5]},
								"west": {"uv": [74, 79], "uv_size": [4, 5]},
								"up": {"uv": [86, 24], "uv_size": [-43, -4]},
								"down": {"uv": [86, 24], "uv_size": [-43, 4]}
							}
						}
					]
				},
				{
					"name": "rightLeg2",
					"parent": "Main",
					"pivot": [-5.5, 38, 6]
				},
				{
					"name": "top5",
					"parent": "rightLeg2",
					"pivot": [-5, 37.5, 5.5],
					"rotation": [8.08235, 36.67795, 15.51019],
					"cubes": [
						{
							"origin": [-30, 36, 2],
							"size": [29, 7, 7],
							"uv": {
								"north": {"uv": [83, 38], "uv_size": [-20, 5]},
								"east": {"uv": [20, 78], "uv_size": [-5, 5]},
								"south": {"uv": [40, 64], "uv_size": [-20, 5]},
								"west": {"uv": [15, 78], "uv_size": [-5, 5]},
								"up": {"uv": [60, 64], "uv_size": [-20, 5]},
								"down": {"uv": [80, 69], "uv_size": [-20, -5]}
							}
						}
					]
				},
				{
					"name": "bottom5",
					"parent": "rightLeg2",
					"pivot": [-19.41369, 41.81356, 15.12382],
					"cubes": [
						{
							"origin": [-59.15, 44.5, 13.5],
							"size": [45.9, 4, 3.5],
							"pivot": [-18.5, 41, 16.75],
							"rotation": [-47.6488, 3.31229, -88.64481],
							"uv": {
								"north": {"uv": [43, 30], "uv_size": [-43, 5]},
								"east": {"uv": [82, 79], "uv_size": [-4, 5]},
								"south": {"uv": [43, 35], "uv_size": [-43, 5]},
								"west": {"uv": [78, 79], "uv_size": [-4, 5]},
								"up": {"uv": [86, 20], "uv_size": [-43, 4]},
								"down": {"uv": [86, 28], "uv_size": [-43, -4]}
							}
						}
					]
				}
			]
		}
	]
}