{"resource_pack_name":"vanilla","texture_name":"atlas.items","texture_data":{"yg:red":{"textures":"textures/items/spawn_eggs/yg_red"},"yg:blue":{"textures":"textures/items/spawn_eggs/yg_blue"},"yg:orange":{"textures":"textures/items/spawn_eggs/yg_orange"},"yg:green":{"textures":"textures/items/spawn_eggs/yg_green"},"yg:purple":{"textures":"textures/items/spawn_eggs/yg_purple"},"yg:purplefm":{"textures":"textures/items/spawn_eggs/yg_purple"},"yg:blue_cut_out":{"textures":"textures/items/yg_blue_cut_out"},"yg:pink":{"textures":"textures/items/spawn_eggs/yg_pink"},"yg:yellow":{"textures":"textures/items/spawn_eggs/yg_yellow"},"yg_box":{"textures":"textures/items/yg_box"}}}