{
  "format_version": "1.16.0",
  "minecraft:entity": {
    "description": {
      "identifier": "onepiece_addon:big_mam",
      "is_spawnable": true,
      "is_summonable": true,
      "is_experimental": false,
      "scripts":{
        "animate":["big_mam","big_mam2","big_mam3","haki","strawman"]
      },
      "animations":{
        "big_mam":"controller.animation.big_mam",
        "haki":"controller.animation.mamkaido_haki",
        "big_mam2":"controller.animation.big_mam2",
        "big_mam3":"controller.animation.big_mam3",
        "strawman":"controller.animation.strawman"
      }
    },
    "component_groups":{
      "onepiece_addon:ryuo_hit":{
        "minecraft:is_sheared":{},
        "minecraft:timer":{
          "looping":false,
          "randomInterval":false,
          "time":1,
          "time_down_event":{
            "event":"onepiece_addon:ryuo_out",
            "target":"self"
          }
        }
      },
      "onepiece_addon:kairouseki":{
        "minecraft:variant":{
          "value":27000
        }
      },
      "onepiece_addon:kurouzu":{
        "minecraft:variant":{
          "value":270
        }
      },
      "onepiece_addon:wild":{
        "minecraft:variant":{
          "value":0
        }
      },
      "onepiece_addon:wild0":{
        "minecraft:tameable": {
          "probability": 1,
          "tame_items": "onepiece_addon:big_mam_pirates",
          "tame_event": {
            "event": "onepiece_addon:on_tame",
            "target": "self"
          }
        }
      },
      "onepiece_addon:tame":{
        "minecraft:behavior.owner_hurt_target": {
          "priority": 1
        },
        "minecraft:healable": {
          "items": [
            {
              "item":"cake",
              "heal_amount":100
            }
          ]
        }
      },
      "onepiece_addon:toy":{
        "minecraft:variant":{
          "value":10000
        },
        "minecraft:transformation":{
          "into": "onepiece_addon:hobbymam"
        }
      },
      "onepiece_addon:mess":{
        "minecraft:type_family": {
          "family": ["mob","yonko","mam","devil","sorusoru","character","in_mess"]
        },
        "minecraft:spawn_entity": {
          "entities": {
            "min_wait_time": 0,
            "max_wait_time": 0,
            "single_use":true,
            "spawn_entity":"onepiece_addon:messmam",
            "num_to_spawn":1
          }
        }
      },
      "onepiece_addon:strawman":{
        "minecraft:is_chested":{}
      }
    },
    
    "components": {
      "minecraft:type_family": {
        "family": ["mob","yonko","mam","devil","sorusoru","character","b_haki"]
      },
      "minecraft:boss": {
        "should_darken_sky": false,
        "name": "boss.big_mam.name",
        "hud_range": 100
      },
      "minecraft:timer": {
        "looping": false,
        "randomInterval": false,
        "time": 0.1,
        "time_down_event": {
         "event": "onepiece_addon:be_wild",
         "target": "self"
        }
      },
      "minecraft:shareables": {
        "items": [
          {
            "item": "onepiece_addon:kairouseki",
            "want_amount": 1,
            "surplus_amount": 1,
            "priority": 0
          }
        ]
      },
      "minecraft:behavior.nearest_attackable_target": {
        "priority": 2,
        "must_see": true,
        "reselect_targets": true,
        "entity_types": [
          {
            "filters":{
              "all_of":[
                {
                  "test":"is_family",
                  "subject":"other",
                  "value":"player"
                },
                {
                  "test": "has_equipment",
                  "subject": "other",
                  "domain": "hand",
                  "operator": "!=",
                  "value": "onepiece_addon:big_mam_pirates"
                },
                {
                  "test": "has_component",
                  "subject": "other",
                  "operator": "!=",
                  "value": "minecraft:is_baby"
                },
                {
                  "test": "has_equipment",
                  "subject": "other",
                  "domain": "hand",
                  "operator": "!=",
                  "value": "cake"
                }
              ]
            },
            "max_dist": 64
          },
          {
            "filters": {
              "all_of":[
                {
                  "test":"is_family",
                  "subject":"other",
                  "value":"mob"
                },
                {
                  "test": "has_component",
                  "subject": "other",
                  "operator": "!=",
                  "value": "minecraft:is_baby"
                },
                {
                  "test":"is_family",
                  "subject":"other",
                  "operator":"!=",
                  "value":"mam"
                }
              ]
            },
            "max_dist": 64
          },
          {
            "filters":{
              "test":"is_family",
              "subject":"other",
              "value":"yonko"
            },
            "max_dist":64
          }
        ]
      },
      "minecraft:behavior.hurt_by_target": {
        "priority": 1
      },
      "minecraft:behavior.equip_item": {
        "priority": 3
      },
      "minecraft:behavior.pickup_items": {
        "priority": 7,
        "max_dist": 3,
        "goal_radius": 2,
        "speed_multiplier": 1.0
      },
      "minecraft:environment_sensor": {
        "triggers": [
          {
            "filters": {
              "all_of": [
                {
                  "test": "has_equipment",
                  "subject": "self",
                  "domain": "hand",
                  "value": "onepiece_addon:kairouseki"
                },
                {
                  "test":"is_variant",
                  "operator":"!=",
                  "subject":"self",
                  "value":27000
                }
              ]
            },
            "event": "onepiece_addon:be_kairouseki"
          },
          {
            "filters": {
              "all_of": [
                {
                  "test": "has_tag",
                  "subject": "self",
                  "value": "kurouzu"
                },
                {
                  "test":"is_variant",
                  "operator":"!=",
                  "subject":"self",
                  "value":270
                }
              ]
            },
            "event": "onepiece_addon:be_kurouzu"
          },
          {
            "filters": {
              "all_of": [
                {
                  "test": "has_tag",
                  "subject": "self",
                  "value": "kurouzuend"
                },
                {
                  "test":"is_variant",
                  "operator":"==",
                  "subject":"self",
                  "value":270
                }
              ]
            },
            "event": "onepiece_addon:kurouzu_end"
          }
        ]
      },
      "minecraft:damage_sensor": {
        "triggers": [
          {
            "on_damage": {
              "filters": {
                "all_of": [
                  {
                    "test": "has_equipment",
                    "subject": "other",
                    "value": "onepiece_addon:mess"
                  },
                  {
                    "test":"has_tag",
                    "subject":"other",
                    "value":"opeope"
                  },
                  {
                    "test":"has_tag",
                    "subject":"other",
                    "value":"room"
                  },
                  {
                    "test":"is_family",
                    "subject":"self",
                    "operator":"!=",
                    "value":"in_mess"
                  }
                ]
              },
              "event": "onepiece_addon:be_mess"
            }
          },
          {
            "on_damage": {
              "filters": {
                "all_of": [
                  {
                    "test": "has_equipment",
                    "subject": "other",
                    "value": "onepiece_addon:strawman0"
                  },
                  {
                    "test":"has_tag",
                    "subject":"other",
                    "value":"warawara"
                  },
                  {
                    "test":"has_component",
                    "subject":"self",
                    "operator":"!=",
                    "value":"minecraft:is_chested"
                  }
                ]
              },
              "event": "onepiece_addon:be_strawman"
            }
          },
          {
            "on_damage": {
              "filters": {
                "all_of": [
                  {
                    "test": "has_equipment",
                    "subject": "other",
                    "value": "onepiece_addon:hobihobi"
                  },
                  {
                    "test":"has_tag",
                    "subject":"other",
                    "value":"hobihobi"
                  },
                  {
                    "test":"is_variant",
                    "operator":"!=",
                    "subject":"self",
                    "value":10000
                  }
                ]
              },
              "event": "onepiece_addon:be_toy"
            }
          },
          {
            "on_damage": {
              "filters": {
                "any_of":[
                  {
                    "test":"is_family","subject":"other","operator":"==","value":"ryuo"
                  },
                  {
                    "test":"has_equipment","subject":"other","operator":"==","domain":"hand","value":"onepiece_addon:enma"
                  }
                ]
              },
              "event": "onepiece_addon:ryuo_hit"
            }
          }
        ]
      },
      "minecraft:follow_range": {
        "value": 32,
        "max": 32
      },
      "minecraft:behavior.trade_with_player": {
        "priority": 1
      },
      "minecraft:economy_trade_table": {
        "display_name": "trade.big_mam.name",
        "table": "trading/big_mam_trades.json",
        "new_screen":true,
        "persist_trades":true,
        "convert_trades_economy": true
      },
      "minecraft:behavior.melee_attack": {},
      "minecraft:attack":{
        "damage":14
      },
      "minecraft:scale":{
        "value":4.89
      },
      "minecraft:movement": {
        "value": 0.25
      },
      "minecraft:health": {
        "value": 600,
        "max": 600
      },
      "minecraft:loot": {
        "table": "loot_tables/entities/big_mam.json"
      },
      "minecraft:nameable": {
      },
      "minecraft:equip_item": {
      },
      "minecraft:collision_box": {
        "width": 0.4,
        "height": 1.8
      },
      "minecraft:movement.basic": {
      },
      "minecraft:navigation.walk": {
        "is_amphibious": true,
        "can_pass_doors":true,
        "can_break_doors":false,
        "can_walk":true,
        "can_open_doors": true,
        "can_path_over_water": true,
        "avoid_water": true
      },
      "minecraft:jump.static": {},
      "minecraft:can_climb": {
      },
      "minecraft:hurt_on_condition": {
        "damage_conditions": [
          {
            "filters": {
              "test": "in_lava",
              "subject": "self",
              "operator": "==",
              "value": true
            },
            "cause": "lava",
            "damage_per_tick": 4
          }
        ]
      },
      "minecraft:breathable": {
        "breathes_solids":true,
        "total_supply": 15,
        "suffocate_time": -1,
        "inhale_time": 3.75,
        "generates_bubbles": false
      },
      "minecraft:despawn": {
        "despawn_from_distance": {
          "min_distance":64
        }
      },
      "minecraft:behavior.random_stroll": {
        "priority": 6,
        "speed_multiplier": 1
      },
      "minecraft:knockback_resistance": {
        "value": 5.0
      },
      "minecraft:behavior.look_at_player": {
        "priority": 9,
        "look_distance": 10,
        "probability": 0.02
      },
      "minecraft:behavior.random_look_around":{
        "priority":7,
        "speed_multiplier":1
      },
      "minecraft:physics": {
      },
      "minecraft:pushable": {
        "is_pushable": false,
        "is_pushable_by_piston": false
      },
      "minecraft:conditional_bandwidth_optimization": {
      },
      "minecraft:experience_reward": {
        "on_death": "query.last_hit_by_player ? 100 + (query.equipment_count * Math.Random(1,3)) : 0"
      }
    },

    "events":{
      "onepiece_addon:be_kairouseki":{
        "remove": {
          "component_groups": [
            "onepiece_addon:wild"
          ]
        },
        "add":{
          "component_groups":[
            "onepiece_addon:kairouseki"
          ]
        }
      },
      "onepiece_addon:be_kurouzu":{
        "remove": {
          "component_groups": [
            "onepiece_addon:wild"
          ]
        },
        "add":{
          "component_groups":[
            "onepiece_addon:kurouzu"
          ]
        }
      },
      "minecraft:entity_spawned":{
        "add": {
          "component_groups": [
            "onepiece_addon:wild","onepiece_addon:wild0"
          ]
        }
      },
      "onepiece_addon:be_wild":{
        "add":{
          "component_groups":[
            "onepiece_addon:wild","onepiece_addon:wild0"
          ]
        }
      },
      "onepiece_addon:on_tame":{
        "remove": {
          "component_groups": [
            "onepiece_addon:wild0"
          ]
        },
        "add": {
          "component_groups": [
            "onepiece_addon:tame"
          ]
        }
      },
      "onepiece_addon:be_toy":{
        "add":{
          "component_groups":[
            "onepiece_addon:toy"
          ]
        }
      },
      "onepiece_addon:be_mess":{
        "add":{
          "component_groups":[
            "onepiece_addon:mess"
          ]
        }
      },
      "onepiece_addon:be_strawman":{
        "add":{
          "component_groups":[
            "onepiece_addon:strawman"
          ]
        }
      },
      "onepiece_addon:ryuo_hit":{
        "add":{
          "component_groups":[
            "onepiece_addon:ryuo_hit"
          ]
        }
      },
      "onepiece_addon:ryuo_out":{
        "remove":{
          "component_groups":[
            "onepiece_addon:ryuo_hit"
          ]
        }
      }
    }
}}
