{
  "format_version": "1.16.0",
  "minecraft:entity": {
    "description": {
      "identifier": "onepiece_addon:hobbyenel",
      "is_spawnable": false,
      "is_summonable": true,
      "is_experimental": false
    },
    "component_groups":{
      "onepiece_addon:wild":{
        "minecraft:tameable": {
          "probability": 1,
          "tame_items": "onepiece_addon:keiyaku",
          "tame_event": {
            "event": "onepiece_addon:on_tame",
            "target": "self"
          }
        }
      },
      "onepiece_addon:parasite":{
        "minecraft:behavior.nearest_attackable_target": {
          "priority": 2,
          "must_see": true,
          "reselect_targets": true,
          "within_radius": 16.0,
          "entity_types": [
            {
              "filters": {
                "any_of": [
                  {
                    "test": "is_family",
                    "subject": "other",
                    "value": "mob"
                  },
                  {
                    "test":"is_family",
                    "subject":"other",
                    "value":"player"
                  }
                ]
              },
              "max_dist": 16
            }
          ]
        }
      },
      "onepiece_addon:tame":{
        "minecraft:is_tamed": {},
        "minecraft:behavior.stay_while_sitting": {
          "priority": 1
        },
        "minecraft:sittable": {
        },
        "minecraft:behavior.follow_owner": {
          "priority": 6,
          "speed_multiplier": 1.0,
          "start_distance": 12,
          "stop_distance": 7
        }
      },
      "onepiece_addon:toy_end":{
        "minecraft:transformation":{
          "into": "onepiece_addon:enel"
        }
      }
    },
    
    "components": {
      "minecraft:timer": {
        "looping": false,
        "randomInterval": false,
        "time": 0.1,
        "time_down_event": {
         "event": "onepiece_addon:be_wild",
         "target": "self"
        }
      },
      "minecraft:type_family": {
        "family": ["mob", "hobby"]
      },
      "minecraft:navigation.walk": {
        "is_amphibious": true,
        "can_pass_doors":true,
        "can_break_doors":false,
        "can_walk":true,
        "can_open_doors": true,
        "can_path_over_water": true
      },
      "minecraft:environment_sensor":{
        "triggers":[
          {
            "filters":{
              "all_of":[
                {
                  "test":"has_tag",
                  "subject":"self",
                  "operator":"==",
                  "value":"parasite"
                }
              ]
            },
            "event":"onepiece_addon:be_parasite"
          },
          {
            "filters": {
              "all_of": [
                {
                  "test": "has_tag",
                  "subject": "self",
                  "value": "toy_end"
                }
              ]
            },
            "event": "onepiece_addon:toy_end"
          }
        ]   
      },
      "minecraft:follow_range": {
        "value": 32,
        "max": 32
      },
      "minecraft:movement": {
        "value": 0.25
      },
      "minecraft:health": {
        "value": 40,
        "max": 40
      },
      "minecraft:attack":{
        "damage":1
      },
      "minecraft:loot": {
        "table": "loot_tables/entities/enel.json"
      },
      "minecraft:nameable": {
      },
      "minecraft:collision_box": {
        "width": 0.6,
        "height": 1.9
      },
      "minecraft:movement.basic": {
      },
      "minecraft:jump.static": {},
      "minecraft:can_climb": {
      },
      "minecraft:hurt_on_condition": {
        "damage_conditions": [
          {
            "filters": {
              "test": "in_lava",
              "subject": "self",
              "operator": "==",
              "value": true
            },
            "cause": "lava",
            "damage_per_tick": 4
          }
        ]
      },
      "minecraft:breathable": {
        "total_supply": 15,
        "suffocate_time": 0
      },
      "minecraft:despawn": {
        "despawn_from_distance": {
          "min_distance":64
        }
      },
      "minecraft:behavior.melee_attack": {
        "priority": 4,
        "track_target": true,
        "speed_multiplier": 1.25
      },
      "minecraft:behavior.random_stroll": {
        "priority": 6,
        "speed_multiplier": 1
      },
      "minecraft:behavior.look_at_player": {
        "priority": 9,
        "look_distance": 10,
        "probability": 0.02
      },
      "minecraft:behavior.random_look_around":{
        "priority":7,
        "speed_multiplier":1
      },
      "minecraft:physics": {
      },
      "minecraft:pushable": {
        "is_pushable": true,
        "is_pushable_by_piston": true
      },
      "minecraft:conditional_bandwidth_optimization": {
      },
      "minecraft:behavior.float": {
        "priority": 0
      }
    },
    "events":{
      "onepiece_addon:be_wild":{
        "add":{
          "component_groups":[
            "onepiece_addon:wild"
          ]
        }
      },
      "onepiece_addon:be_parasite":{
        "remove":{
          "component_groups":[
            "onepiece_addon:wild"
          ]
        },
        "add":{
          "component_groups":[
            "onepiece_addon:parasite"
          ]
        }
      },
      "onepiece_addon:on_tame":{
        "remove": {
          "component_groups": [
            "onepiece_addon:wild"
          ]
        },
        "add": {
          "component_groups": [
            "onepiece_addon:tame"
          ]
        }
      },
      "onepiece_addon:toy_end":{
        "add":{
          "component_groups":[
            "onepiece_addon:toy_end"
          ]
        }
      }
    }
}}
