{
  "format_version": "1.13.0",
  "minecraft:entity": {    
    "description": {
      "identifier": "onepiece_addon:kairouseki_entity",
      "is_spawnable": false,
      "is_summonable": true,
      "is_experimental": false,
      "scripts": {
        "animate": ["kairouseki_entity"]
      },
      "animations": {
        "kairouseki_entity":"controller.animation.kairouseki_entity"
      }
    },
    "component_groups": {
      "onepiece_addon:despawn":{
        "minecraft:instant_despawn": {}
      },
      "onepiece_addon:hit_despawn":{
        "minecraft:spawn_entity": {
          "entities": {
            "min_wait_time": 0,
            "max_wait_time": 0,
            "spawn_item": "onepiece_addon:kairouseki"
          }
        },
        "minecraft:instant_despawn": {}
      }
    },
    "components": {
      "minecraft:knockback_resistance": {
        "value": 5.0
      },
      "minecraft:behavior.nearest_attackable_target": {
        "priority": 1,
        "must_see": false,
        "entity_types": [
          {
            "filters": {
              "test": "is_family",
              "subject": "other",
              "value": "mob"
            },
            "max_dist": 3
          }
        ]
      },
      "minecraft:fire_immune": {
      },
      "minecraft:collision_box": {
        "width": 0.3,
        "height": 0.3
      },
      "minecraft:environment_sensor": {
        "triggers": [
          {
            "filters": {
              "any_of": [
                {
                  "test": "has_tag",
                  "subject": "self",
                  "domain": "hand",
                  "value": "despawn"
                }
              ]
            },
            "event": "onepiece_addon:despawn"
          }
        ]
      },
      "minecraft:damage_sensor": {
        "triggers":[
          {
            "cause": "fall",
            "deals_damage": false
          },
          {
            "cause": "wither",
            "deals_damage": false
          },
          {
            "cause": "fire",
            "deals_damage": false
          },
          {
            "cause": "lightning",
            "deals_damage": false
          },
          {
            "cause": "magma",
            "deals_damage": false
          },
          {
            "cause": "lava",
            "deals_damage": false
          },
          {
            "on_damage": {
              "filters": {
                "all_of": [
                  {
                    "test": "is_family",
                    "subject": "other",
                    "value": "player"
                  }
                ]
              },
              "event": "onepiece_addon:hit_despawn"
            },
            "deals_damage": false
          }
        ]
      },
      "minecraft:physics": {
      },
      "minecraft:conditional_bandwidth_optimization": {
      },
      "minecraft:pushable": {
        "is_pushable": false,
        "is_pushable_by_piston": true
      }
    },
    "events": {
      "onepiece_addon:despawn":{
        "add":{
          "component_groups":[
            "onepiece_addon:despawn"
          ]
        }
      },
      "onepiece_addon:hit_despawn":{
        "add":{
          "component_groups":[
            "onepiece_addon:hit_despawn"
          ]
        }
      }
    }
  }
}