{
  "format_version":"1.16.100",
  "animation_controllers":{
    "controller.animation.zoro2":{
      "states":{
        "default":{
          "transitions":[
            {"c1":"query.has_target && query.mark_variant == 20"},
            {"1":"query.has_target"}
          ]
        },
        "1":{
          "transitions":[
            {"2":"(1.0)"}
          ],
          "on_entry":[
            "/replaceitem entity @s slot.armor.legs 0 air"
          ]
        },
        "2":{
          "transitions":[
            {"03":"!query.has_target"},
            {"c1":"query.has_target && query.mark_variant == 20"}
          ],
          "on_entry":[
            "/replaceitem entity @s slot.weapon.mainhand 0 onepiece_addon:enma"
          ]
        },
        "02":{
          "transitions":[
            {"03":"!query.has_target"}
          ]
        },
        "03":{
          "transitions":[
            {"3":"variable.time = (variable.time ?? 0);variable.time = variable.time < 20 ? variable.time + 1:0;return variable.time == 0;"},
            {"02":"query.has_target"}
          ]
        },
        "3":{
          "transitions":[
            {"4":"(1.0)"}
          ],
          "on_entry":[
            "/replaceitem entity @s slot.weapon.mainhand 0 air"
          ]
        },
        "4":{
          "transitions":[
            {"default":"(1.0)"}
          ],
          "on_entry":[
            "/replaceitem entity @s slot.armor.legs 0 onepiece_addon:enma_off"
          ]
        },
        "c1":{
          "transitions":[
            {"c2":"(1.0)"}
          ],
          "on_entry":[
            "/replaceitem entity @s slot.armor.legs 0 air",
            "/replaceitem entity @s slot.armor.feet 0 air"
          ]
        },
        "c2":{
          "transitions":[
            {"c03":"!query.has_target"}
          ],
          "on_entry":[
            "/replaceitem entity @s slot.weapon.mainhand 0 onepiece_addon:enma",
            "/replaceitem entity @s slot.weapon.offhand 0 onepiece_addon:sandaikitetu",
            "/replaceitem entity @s slot.armor.head 0 onepiece_addon:wadoitimonji"
          ]
        },
        "c02":{
          "transitions":[
            {"c03":"!query.has_target"}
          ]
        },
        "c03":{
          "transitions":[
            {"c3":"variable.time = (variable.time ?? 0);variable.time = variable.time < 20 ? variable.time + 1:0;return variable.time == 0;"},
            {"c02":"query.has_target"}
          ]
        },
        "c3":{
          "transitions":[
            {"c4":"(1.0)"}
          ],
          "on_entry":[
            "/replaceitem entity @s slot.weapon.mainhand 0 air",
            "/replaceitem entity @s slot.weapon.offhand 0 air"
          ]
        },
        "c4":{
          "transitions":[
            {"default":"(1.0)"}
          ],
          "on_entry":[
            "/replaceitem entity @s slot.armor.legs 0 onepiece_addon:enma_off",
            "/replaceitem entity @s slot.armor.feet 0 onepiece_addon:sandaikitetu_off",
            "/replaceitem entity @s slot.armor.head 0 onepiece_addon:wadoitimonji_off"
          ]
        }
      }
    }
  }
}