{
  "format_version": "1.16.100",
  "minecraft:block": {
    "description": {
      "identifier": "onepiece_addon:gravity"
    },

    "components": {
      "minecraft:display_name": "onepiece_addon:gravity",
      "minecraft:loot": "",
      "minecraft:preventsjumping":true,
      "minecraft:unwalkable":true,
      "minecraft:map_color": "#f2ab63",
      "minecraft:unit_cube":{},
      "minecraft:material_instances": {
        "*": {
          "texture": "gravity",
          "render_method": "blend"
        }
      },
      "minecraft:entity_collision":true,
      "minecraft:pick_collision":true,
      "minecraft:block_light_absorption": 0,
      "minecraft:breathability":"air",
      "minecraft:block_light_emission": 0,
      "minecraft:destroy_time": 1000,
      "minecraft:explosion_resistance": 1200,
      "minecraft:immovable":true,
      "minecraft:onlypistonpush":true,
      "minecraft:friction": 0.5,
      "minecraft:flammable":{
        "flame_odds":0,
        "burn_odds":0
      },
      "minecraft:ticking":{
        "on_tick":{
          "event":"onepiece_addon:event1"
        },
        "range":[7, 7],
        "looping":false
      }
    },

    "events": {
      "onepiece_addon:event1":{
        "run_command":{
          "command":"fill ~~~ ~~~ air"
        }
      }
    }
  }
}
        