{
  "format_version": "1.16.100",
  "minecraft:block": {
    "description": {
      "identifier": "onepiece_addon:mochimochi_block2"
    },

    "components": {
      "minecraft:display_name": "onepiece_addon:mochimochi_block2",
      "minecraft:loot": "",
      "minecraft:map_color": "#fbfcf0",
      "minecraft:unit_cube":{},
      "minecraft:material_instances": {
        "*": {
          "texture": "mochimochi_block",
          "render_method": "blend"
        }
      },
      "minecraft:entity_collision":true,
      "minecraft:pick_collision":true,
      "minecraft:block_light_absorption": 13,
      "minecraft:breathability":"solid",
      "minecraft:block_light_emission": 0,
      "minecraft:destroy_time": 1,
      "minecraft:explosion_resistance": 0.4,
      "minecraft:immovable":false,
      "minecraft:onlypistonpush":false,
      "minecraft:friction": 0.6,
      "minecraft:flammable":{
        "flame_odds":200,
        "burn_odds":30
      },
      "minecraft:ticking":{
        "on_tick":{
          "event":"onepiece_addon:event1"
        },
        "range":[3, 3],
        "looping":false
      },
      "minecraft:on_step_on":{
        "event":"onepiece_addon:event_step"
      }
    },

    "events": {
      "onepiece_addon:event_step":{
        "sequence":[
          {
            "run_command":{
              "command":"execute @e[r=1,tag=!mochimochi,family=!mochimochi,family=mob] ~~~ fill ~-3~~-3 ~3~~3 onepiece_addon:mochimochi_block"
            }
          },
          {
            "run_command":{
              "command":"execute @e[r=1,tag=!mochimochi,family=!mochimochi,family=player] ~~~ fill ~-3~~-3 ~3~~3 onepiece_addon:mochimochi_block"
            }
          },
          {
            "run_command":{
              "command":"execute @e[r=1,tag=!mochimochi,family=!mochimochi,family=mob] ~~~ fill ~-2~1~-2 ~2~1~2 onepiece_addon:mochimochi_block"
            }
          },
          {
            "run_command":{
              "command":"execute @e[r=1,tag=!mochimochi,family=!mochimochi,family=player] ~~~ fill ~-2~1~-2 ~2~1~2 onepiece_addon:mochimochi_block"
            }
          },
          {
            "run_command":{
              "command":"execute @e[r=1,tag=!mochimochi,family=!mochimochi,family=mob] ~~~ fill ~-1~2~-1 ~1~2~1 onepiece_addon:mochimochi_block"
            }
          },
          {
            "run_command":{
              "command":"execute @e[r=1,tag=!mochimochi,family=!mochimochi,family=player] ~~~ fill ~-1~2~-1 ~1~2~1 onepiece_addon:mochimochi_block"
            }
          }
        ]
      },
      "onepiece_addon:event1":{
        "run_command":{
          "command":"fill ~~~ ~~~ onepiece_addon:mochimochi_block"
        }
      }
    }
  }
}
        