{
  "format_version": "1.16.100",
  "minecraft:block": {
    "description": {
      "identifier": "onepiece_addon:pirates_ship1_block2"
    },

    "components": {
      "minecraft:display_name": "onepiece_addon:pirates_ship1_block2",
      "minecraft:loot": "loot_tables/blocks/pirates_ship1_block.json",
      "minecraft:map_color": "#f2ab63",
      "minecraft:unit_cube":{},
      "minecraft:material_instances": {
        "*": {
          "texture": "pirates_ship1_block",
          "render_method": "blend"
        }
      },
      "minecraft:entity_collision":true,
      "minecraft:pick_collision":true,
      "minecraft:block_light_absorption": 13,
      "minecraft:breathability":"solid",
      "minecraft:block_light_emission": 0,
      "minecraft:destroy_time": 1,
      "minecraft:explosion_resistance": 1,
      "minecraft:immovable":false,
      "minecraft:onlypistonpush":false,
      "minecraft:friction": 0.5,
      "minecraft:flammable":{
        "flame_odds":100,
        "burn_odds":20
      },
      "minecraft:ticking":{
        "on_tick":{
          "event":"onepiece_addon:event1"
        },
        "range":[0.5, 0.5],
        "looping":false
      }
    },

    "events": {
      "onepiece_addon:event1":{
        "sequence":[
          {
            "run_command":{
              "command":"summon onepiece_addon:kaizoku"
            }
          },
          {
            "run_command":{
              "command":"summon onepiece_addon:kaizoku"
            }
          },
          {
            "run_command":{
              "command":"summon onepiece_addon:kaizoku2"
            }
          }
        ]
      }
    }
  }
}
        