{
  "format_version": "1.16.100",
  "minecraft:block": {
    "description": {
      "identifier": "onepiece_addon:pirates_ship1_block1"
    },

    "components": {
      "minecraft:display_name": "onepiece_addon:pirates_ship1_block1",
      "minecraft:loot": "loot_tables/blocks/pirates_ship1_block.json",
      "minecraft:map_color": "#f2ab63",
      "minecraft:unit_cube":{},
      "minecraft:material_instances": {
        "*": {
          "texture": "pirates_ship1_block",
          "render_method": "blend"
        }
      },
      "minecraft:entity_collision":true,
      "minecraft:pick_collision":true,
      "minecraft:block_light_absorption": 13,
      "minecraft:breathability":"solid",
      "minecraft:block_light_emission": 0,
      "minecraft:destroy_time": 1,
      "minecraft:explosion_resistance": 1,
      "minecraft:immovable":false,
      "minecraft:onlypistonpush":false,
      "minecraft:friction": 0.5,
      "minecraft:flammable":{
        "flame_odds":100,
        "burn_odds":20
      },
      "minecraft:ticking":{
        "on_tick":{
          "event":"onepiece_addon:event1"
        },
        "range":[5, 5],
        "looping":true
      }
    },

    "events": {
      "onepiece_addon:event1":{
        "sequence":[
          {
            "run_command":{
              "command":"execute @e[r=32,type=player,c=1] ~~~ fill ~-16~-16~-16 ~16~13~16 onepiece_addon:pirates_ship1_block2 0 replace onepiece_addon:pirates_ship1_block1"
            }
          }
        ]
      }
    }
  }
}
        