{
  "format_version":"1.16.100",
  "animation_controllers":{
    "controller.animation.room_dead":{
      "states":{
        "default":{
          "transitions":[
            {"state2":"(1.0)"}
          ]
        },
        "state2":{
          "transitions":[
            {"default":"(1.0)"}
          ],
          "on_entry":[
            "/replaceitem entity @a[tag=opeope] slot.weapon.offhand 0 air",
            "/function akumanomi/opeope/ope_give",
            "/tag @a[tag=opeope] remove room"
          ],
          "on_exit":[
            "/kill @s"
          ]           
        }
        
      }
    }
  }
}