{
  "format_version":"1.16.100",
  "animation_controllers":{
    "controller.animation.shambles_tag":{
      "states":{
        "default":{
          "transitions":[
            {"1":"(1.0)"}
          ]
        },
        "1":{
          "transitions":[
            {"2":"variable.time = (variable.time ?? 0);variable.time = variable.time < 2 ? variable.time + 1:0;return variable.time == 0;"}
          ],
          "on_entry":[
            "/tag @e[r=2,c=1,tag=!opeope,type=!onepiece_addon:shambles2_tag,type=!onepiece_addon:room_entity,type=!onepiece_addon:room_medium_entity,type=!onepiece_addon:room_large_entity] add shambles2"
          ]
        },
        "2":{
          "transitions":[
            {"3":"variable.time = (variable.time ?? 0);variable.time = variable.time < 2 ? variable.time + 1:0;return variable.time == 0;"}
          ],
          "on_entry":[
            "/tp @a[tag=opeope] @e[tag=shambles2]"
          ]
        },
        "3":{
          "transitions":[
            {"4":"variable.time = (variable.time ?? 0);variable.time = variable.time < 2 ? variable.time + 1:0;return variable.time == 0;"}
          ],
          "on_entry":[
            "/tp @e[tag=shambles2] @e[type=onepiece_addon:shambles3]"
          ]
        },
        "4":{
        }
      }
    }
  }
}