{
  "format_version":"1.16.100",
  "animation_controllers":{
    "controller.animation.strawman":{
      "states":{
        "default":{
          "transitions":[
            {"1":"query.is_chested"}
          ]
        },
        "1":{
          "transitions":[
            {"dead":"!query.is_alive || query.variant == 10000"}
          ],
          "on_entry":[
            "/tag @s add sacrifice_standby",
            "/function akumanomi/warawara/strawman_mob"
          ]
        },
        "dead":{
          "on_entry":[
            "/function akumanomi/warawara/strawman_clear",
            "/tag @a[tag=warawara,tag=strawman] remove strawman"
          ]
        }
      }
    }
  }
}