{
  "format_version": "1.16.0",
  "minecraft:entity": {
    "description": {
      "identifier": "random:crate",
      "is_spawnable": true,
      "is_summonable": true,
      "is_experimental": false,
      "runtime_identifier": "minecraft:shulker",
      "scripts": {
        "animate": ["random:crate_commands"]
      },
      "animations": {
        "random:crate_commands": "controller.animation.crate_commands"
      }
    },

    "component_groups": {
      "random:crate_commands": {
        "minecraft:skin_id": {
          "value": 1
        }
      },
      "execute_no_commands": {
        "minecraft:skin_id": {
          "value": 0
        }
      }
    },

    "components": {
      "minecraft:physics": {
        "has_gravity": true
      },
      "minecraft:damage_sensor": {
        "triggers": {
            "cause": "all",
            "deals_damage": false
        }
    },
      "minecraft:interact": {
        "interactions": [
          {
            "on_interact": {
              "filters": {
                "all_of": [
                  {
                    "test": "is_family",
                    "subject": "other",
                    "value": "player"
                  }
                ]
              },
              "event": "random:crate_commands"
            }
          }
        ]
      },
      "minecraft:loot": {
        "table": "loot_tables/entities/crate.json"
      },
      "minecraft:health": {
        "value": 10,
        "max": 10
      },
      "minecraft:collision_box": {
        "width": 1.0,
        "height": 1.0
      }
    },

    "events": {
      "random:crate_commands": {
        "remove": {},
        "add": {
          "component_groups": ["random:crate_commands"]
        }
      },
      "minecraft:entity_spawned": {
        "add": {
          "component_groups": ["execute_no_commands"]
        }
      },
      "execute_no_commands": {
        "add": {
          "component_groups": ["execute_no_commands"]
        }
      }
    }
  }
}
