{
  "format_version": "1.16.0",
  "minecraft:entity": {
    "description": {
      "identifier": "random:exit_sign",
      "is_spawnable": true,
      "is_summonable": true,
      "is_experimental": false,
      "runtime_identifier": "minecraft:shulker"
      }
    },

    "components": {
      "minecraft:physics": {
        "has_gravity": true
      },
      "minecraft:damage_sensor": {
        "triggers": {
            "cause": "all",
            "deals_damage": false
        }
    },
      "minecraft:health": {
        "value": 10,
        "max": 10
      },
      "minecraft:collision_box": {
        "width": 1.0,
        "height": 1.0
      }
    }
  }

