{
  "format_version": "1.16.0",
  "minecraft:entity": {
    "description": {
      "identifier": "random:1000th_sub",
      "is_spawnable": true,
      "is_summonable": true,
      "is_experimental": false
    },

    "components": {
      "minecraft:physics": {
        "has_gravity": true
      },
      "minecraft:behavior.random_stroll": {
        "priority": 6,
        "speed_multiplier": 0.8
      },
      "minecraft:behavior.look_at_player": {
        "priority": 7,
        "look_distance": 6.0,
        "probability": 0.02
      },
      "minecraft:behavior.random_look_around": {
        "priority": 9
      },
      "minecraft:health": {
        "value": 2000,
        "max": 2000
      },
      "minecraft:type_family": {
        "family": ["player"]
      },
      "minecraft:behavior.hurt_by_target": {
        "priority": 1
      },
      "minecraft:behavior.melee_attack": {
        "priority": 3
      },
      "minecraft:attack": {
        "damage": 15
      },
      "minecraft:navigation.walk": {
        "can_path_over_water": true,
        "avoid_water": true,
        "avoid_damage_blocks": true,
        "can_pass_doors": true
      },
      "minecraft:behavior.float": {
        "priority": 0
      },
      "minecraft:movement.basic": {},
      "minecraft:movement": {
        "value": 0.35
      },
      "minecraft:can_climb": {},
      "minecraft:jump.static": {},
      "minecraft:collision_box": {
        "width": 0.8,
        "height": 1.9
      }
    }
  }
}
