{
  "format_version": "1.16.0",
  "minecraft:entity": {
    "description": {
      "identifier": "random:backrooms_portal",
      "is_spawnable": true,
      "is_summonable": true,
      "is_experimental": false,
      "runtime_identifier": "minecraft:shulker",
      "scripts": {
        "animate": ["random:backrooms_portal_commands"]
      },
      "animations": {
        "random:backrooms_portal_commands": "controller.animation.backrooms_portal_commands"
      }
    },

    "component_groups": {
      "random:backrooms_portal_commands": {
        "minecraft:skin_id": {
          "value": 1
        }
      },
      "execute_no_commands": {
        "minecraft:skin_id": {
          "value": 0
        }
      }
    },

    "components": {
      "minecraft:physics": {
        "has_gravity": true
      },
      "minecraft:damage_sensor": {
        "triggers": {
            "cause": "all",
            "deals_damage": false
        }
    },
      "minecraft:entity_sensor": {
        "sensor_range": 1.0, //this is for the radius in blocks it will detect other entities in
        "relative_range": false, //if true, the sensor range is additive on top of the entity's hitbox size
        "require_all": true, //if true, all nearby entities must pass the filter conditions for the event to send
        "minimum_count": 1, //minimum amount of entities required for the event to fire. by default, it's 1
        "maximum_count": 4, //maximum amount of entities required for the event to fire. by default it's -1, which means infinity
        "event_filters": { //you can put any filter you want here, the one that's being used in this example just detects players
            "test": "is_family",
            "subject": "other",
            "value": "player"
        },
        "event": "random:backrooms_portal_commands" //the event that fires when all the conditions in event_filters are met
    },
    
      "minecraft:loot": {
        "table": "loot_tables/entities/backrooms_portal.json"
      },
      "minecraft:health": {
        "value": 10,
        "max": 10
      },
      "minecraft:collision_box": {
        "width": 1.0,
        "height": 1.0
      }
    },

    "events": {
      "random:backrooms_portal_commands": {
        "remove": {},
        "add": {
          "component_groups": ["random:backrooms_portal_commands"]
        }
      },
      "minecraft:entity_spawned": {
        "add": {
          "component_groups": ["execute_no_commands"]
        }
      },
      "execute_no_commands": {
        "add": {
          "component_groups": ["execute_no_commands"]
        }
      }
    }
  }
}
