{
  "format_version": "1.16.0",
  "minecraft:entity": {
    "description": {
      "identifier": "random:beast5",
      "is_spawnable": true,
      "is_summonable": true,
      "is_experimental": false
    },
    "components": {
      "minecraft:physics": {
          "has_gravity": true
    },
  "minecraft:conditional_bandwidth_optimization": {},
    "minecraft:behavior.random_stroll": {
      "priority": 6
    },
    "minecraft:behavior.look_at_player": {
      "priority": 5,
      "look_distance": 6.0,
      "probability": 0.02
    },
    "minecraft:behavior.random_look_around": {
      "priority": 3
    },
    "minecraft:health": {
      "value": 50,
      "max": 50
    },
    "minecraft:type_family": {
      "family": [ "backrooms_entity" ]
    },
    "minecraft:behavior.hurt_by_target": {
      "priority": 1
    },
    "minecraft:behavior.delayed_attack": {
      "priority": 1,
      "reach_multiplier": 1,
      "speed_multiplier": 1,
      "attack_duration": 0.1,
      "hit_delay_pct": 1,
      "track_target": true,
      "sound_event": "attack.strong"
    },
    "minecraft:behavior.melee_attack": {
      "priority": 3
    },
    "minecraft:attack": {
      "damage": 10,
      "effect_name": "blindness",
      "effect_duration": 2
    },
    "minecraft:mob_effect": {
      "effect_range": 30,
      "effect_time": 13,
      "mob_effect": "darkness",
      "cooldown_time": 6,
      "entity_filter": {
        "all_of": [
          {
            "test": "is_family",
            "subject": "other",
            "value": "player"
          },
          {
            "operator": "not",
            "test": "has_ability",
            "subject": "other",
            "value": "invulnerable"
          }
        ]
      }
    },
    "minecraft:behavior.nearest_attackable_target": {
      "must_see": false, //If true, potential target must be in mob's line of sight
      "reselect_targets": true, //Allows mob to select new target, if one is closer than current
      "within_radius": 25.0, //Radius that potential target must be withing
      "must_see_forget_duration": 17.0, //If "must_see" = true, time before forgetting target
      "entity_types": [
        {
          "filters": {
            "test": "is_family",
            "subject": "other",
            "value": "player"
          },
          "max_dist": 48.0
        }
      ]
    },
    "minecraft:navigation.walk": {
      "can_path_over_water": true,
      "avoid_water": true,
      "avoid_damage_blocks": true,
      "can_pass_doors": true
    },
    "minecraft:behavior.float": {
      "priority": 0
    },
    "minecraft:movement.basic": {
    },
    "minecraft:movement": {
      "value": 0.30
    },
    "minecraft:can_climb": {
    },
    "minecraft:jump.static": {
    },
    "minecraft:collision_box": {
      "width": 0.6,
      "height": 1.9
    }
  }
}
}