{
    "format_version": "1.16.0",
    "minecraft:entity": {
      "description": {
        "identifier": "random:bones",
        "is_spawnable": true,
        "is_summonable": true,
        "is_experimental": false
      },
      "components": {
        "minecraft:physics": {
            "has_gravity": true
      },
    "minecraft:conditional_bandwidth_optimization": {},
      "minecraft:health": {
        "value": 5,
        "max": 5
      },
      "minecraft:type_family": {
        "family": [ "backrooms_entity" ]
      },
      "minecraft:collision_box": {
        "width": 0.9,
        "height": 1.0
      }
    }
  }
}