{
  "format_version": "1.16.0",
  "minecraft:entity": {
    "description": {
      "identifier": "random:human",
      "is_spawnable": true,
      "is_summonable": true,
      "is_experimental": false,
      "scripts": {
        "animate": ["random:human_commands"]
      },
      "animations": {
        "random:human_commands": "controller.animation.human_commands"
      }
    },

    "component_groups": {
      "random:human_commands": {
        "minecraft:skin_id": {
          "value": 3
        }
      },
      "execute_no_commands": {
        "minecraft:skin_id": {
          "value": 0
        }
      },
      "command_example": {
        "minecraft:skin_id": {
          "value": 1
        }
      },
      "command_zombies": {
        "minecraft:skin_id": {
          "value": 2
        }
      },
      "become_skin_stealer": {
        "minecraft:transformation": {
          "into": "random:skin_stealer"
        }
      }
    },

    "components": {
      "minecraft:physics": {
        "has_gravity": true
      },
      "minecraft:behavior.tempt": {
        "priority": 1,
        "speed_multiplier": 1,
        "items": ["redstone"]
      },
      "minecraft:behavior.avoid_mob_type": {
        "priority": 3,
        "entity_types": [
          {
            "filters": {
              "any_of": [
                {
                  "test": "is_family",
                  "subject": "other",
                  "value": "random:partygoer"
                },
                { "test": "is_family", "subject": "other", "value": "monster" }
              ]
            },

            "max_dist": 6,
            "sprint_speed_multiplier": 1.2
          }
        ]
      },

      "minecraft:damage_sensor": {
        "triggers": [
          {
            "on_damage": {
              "filters": {
                "any_of": [
                  {
                    "test": "is_family",
                    "subject": "other",
                    "value": "player"
                  }
                ]
              },
              "event": "become_skin_stealer"
            }
          }
        ]
      },

      "minecraft:interact": {
        "interactions": [
          {
            "on_interact": {
              "filters": {
                "all_of": [
                  {
                    "test": "is_family",
                    "subject": "other",
                    "value": "player"
                  }
                ]
              },
              "event": "random:human_commands"
            }
          }
        ]
      },
      "minecraft:loot": {
        "table": "loot_tables/entities/human.json"
      },
      "minecraft:behavior.random_stroll": {
        "priority": 6,
        "speed_multiplier": 0.8
      },
      "minecraft:behavior.look_at_player": {
        "priority": 7,
        "look_distance": 6.0,
        "probability": 0.02
      },
      "minecraft:behavior.random_look_around": {
        "priority": 9
      },
      "minecraft:health": {
        "value": 4500,
        "max": 4500
      },
      "minecraft:type_family": {
        "family": ["player"]
      },
      "minecraft:behavior.hurt_by_target": {
        "priority": 1
      },
      "minecraft:behavior.melee_attack": {
        "priority": 3
      },
      "minecraft:attack": {
        "damage": 3
      },
      "minecraft:navigation.walk": {
        "can_path_over_water": true,
        "avoid_water": true,
        "avoid_damage_blocks": true,
        "can_pass_doors": true
      },
      "minecraft:behavior.float": {
        "priority": 0
      },
      "minecraft:movement.basic": {},
      "minecraft:movement": {
        "value": 0.35
      },
      "minecraft:can_climb": {},
      "minecraft:jump.static": {},
      "minecraft:collision_box": {
        "width": 0.8,
        "height": 1.9
      }
    },

    "events": {
      "random:human_commands": {
        "remove": {},
        "add": {
          "component_groups": ["random:human_commands"]
        }
      },
      "minecraft:entity_spawned": {
        "add": {
          "component_groups": ["execute_no_commands"]
        }
      },
      "execute_no_commands": {
        "add": {
          "component_groups": ["execute_no_commands"]
        }
      },
      "command_example": {
        "add": {
          "component_groups": ["command_example"]
        }
      },
      "command_zombies": {
        "add": {
          "component_groups": ["command_zombies"]
        }
      },
      "become_skin_stealer": {
        "sequence": [
          {
            "filters": { "test": "is_difficulty", "value": "easy" },
            "randomize": [
              {
                "weight": 85,
                "add": { "component_groups": ["become_skin_stealer"] }
              },
              {
                "weight": 100
              }
            ]
          },
          {
            "filters": { "test": "is_difficulty", "value": "normal" },
            "add": {
              "component_groups": ["become_skin_stealer"]
            }
          }
        ]
      }
    }
  }
}
