{
    "format_version": "1.16.0",
    "minecraft:entity": {
      "description": {
        "identifier": "random:memoryworm",
        "is_spawnable": true,
        "is_summonable": true,
        "is_experimental": false
      },
      "components": {
        "minecraft:physics": {
            "has_gravity": true
      },
    "minecraft:conditional_bandwidth_optimization": {},
      "minecraft:behavior.random_stroll": {
        "priority": 6
      },
      "minecraft:behavior.look_at_player": {
        "priority": 5,
        "look_distance": 6.0,
        "probability": 0.02
      },
      "minecraft:behavior.random_look_around": {
        "priority": 3
      },
      "minecraft:health": {
        "value": 75
      },
      "minecraft:type_family": {
        "family": [ "backrooms_entity", "monster" ]
      },
      "minecraft:behavior.hurt_by_target": {
        "priority": 1
      },
      "minecraft:behavior.delayed_attack": {
        "priority": 1,
        "reach_multiplier": 2,
        "speed_multiplier": 1,
        "attack_duration": 0.40,
        "hit_delay_pct": 0.2,
        "track_target": true
      },
      "minecraft:attack": {
        "damage": 11
      },
      "minecraft:behavior.nearest_attackable_target": {
        "priority": 1,
        "must_see": true,
        "reselect_targets": true,
        "within_radius": 25.0,
        "must_see_forget_duration": 17.0,
        "entity_types": [
          {
            "filters": {
              "any_of": [
                { "test": "is_family", "subject": "other", "value": "player"},
                { "test": "is_family", "subject": "other", "value": "monster"},
                { "test": "is_family", "subject": "other", "value": "mob"}
              ]
              }
             }
            ]
          },
      "minecraft:navigation.walk": {
        "can_path_over_water": true,
        "avoid_water": true,
        "avoid_damage_blocks": true,
        "can_pass_doors": true
      },
      "minecraft:knockback_resistance": {
        "value": 1
      },
      "minecraft:behavior.float": {
        "priority": 0
      },
      "minecraft:movement.basic": {
      },
      "minecraft:movement": {
        "value": 0.30
      },
      "minecraft:can_climb": {
      },
      "minecraft:jump.static": {
      },
      "minecraft:collision_box": {
        "width": 0.9,
        "height": 2.8
      }
    }
  }
}