{
    "format_version": "1.16.0",
    "minecraft:entity": {
      "description": {
        "identifier": "random:party_host",
        "is_spawnable": true,
        "is_summonable": true,
        "is_experimental": false
      },
      "components": {
        "minecraft:physics": {
            "has_gravity": true
      },
    "minecraft:conditional_bandwidth_optimization": {},
      "minecraft:health": {
        "value": 200,
        "max": 250
      },
	  "minecraft:behavior.delayed_attack": {
        "priority": 1,
        "reach_multiplier": 3,
        "speed_multiplier": 1,
        "attack_duration": 2.0,
        "hit_delay_pct": 1,
        "track_target": true
      },
	  "minecraft:behavior.nearest_attackable_target": {
        "must_see": false, 
        "reselect_targets": true, 
        "within_radius": 25.0, 
        "must_see_forget_duration": 17.0, 
        "entity_types": [
          {
            "filters": {
              "test": "is_family",
              "subject": "other",
              "value": "player"
            },
            "max_dist": 48.0
          }
        ]
      },
	  "minecraft:behavior.summon_entity": {
        "priority": 2,
        "summon_choices": [
          {
            "weight": 1,
            "cooldown_time": 5.0,
            "cast_duration": 2.0,
            "particle_color": "#940000cc",
            "sequence": [
              {
                "shape": "circle",
                "target": "self",
                "base_delay": 1.0,
                "num_entities_spawned": 2,
                "entity_type": "random:partygoer",
                "summon_cap": 5,
                "summon_cap_radius": 16.0,
                "size": 2.0,
                "sound_event": "prepare.summon"
              }
            ]
          }
        ]
      },
      "minecraft:type_family": {
        "family": [ "backrooms_entity" ]
      },
      "minecraft:behavior.hurt_by_target": {
        "priority": 1
      },
      "minecraft:attack": {
        "damage": 15
      },
	  "minecraft:knockback_resistance": {
        "value": 1.0
      },
      "minecraft:collision_box": {
        "width": 1.4,
        "height": 1.5
      }
    }
  }
}