{
  "format_version": "1.16.0",
  "minecraft:entity": {
    "description": {
      "identifier": "random:sniffer",
      "is_spawnable": true,
      "is_summonable": true,
      "is_experimental": false
    },
    "component_groups": {
      "minecraft:sniffer_baby": {
        "minecraft:is_baby": {},
        "minecraft:scale": {
          "value": 0.4
        },
        "minecraft:ageable": {
          "duration": 1200,
          "feed_items": [
            "carrot",
            "apple"
          ],
          "grow_up": {
            "event": "minecraft:ageable_grow_up",
            "target": "self"
          }
        }
      },
      "minecraft:sniffer_adult": {
        "minecraft:experience_reward": {
          "on_bred": "Math.Random(1,7)",
          "on_death": "query.last_hit_by_player ? Math.Random(1,3) : 0"
        },
        "minecraft:behavior.breed": {
          "priority": 3,
          "speed_multiplier": 1.0
        },
        "minecraft:breedable": {
          "breeds_with": {
            "mate_type": "random:sniffer",
            "baby_type": "random:sniffer",
            "breed_event": {
              "event": "minecraft:entity_born",
              "target": "baby"
            }
          },
          "breed_items": [
            "carrot",
            "apple",
            "wheat_seeds"
          ]
        },
        "minecraft:loot": {
          "table": "loot_tables/entities/sniffer.json"
        },
        "minecraft:scale": {
          "value": 2.0
        }
      }
    },
    "components": {
      "minecraft:physics": {
        "has_gravity": true
      },
      "minecraft:conditional_bandwidth_optimization": {},
      "minecraft:behavior.random_stroll": {
        "priority": 6
      },
      "minecraft:behavior.look_at_player": {
        "priority": 5,
        "look_distance": 6.0,
        "probability": 0.02
      },
      "minecraft:behavior.random_look_around": {
        "priority": 3
      },
      "minecraft:health": {
        "value": 50,
        "max": 50
      },
      "minecraft:healable": {
        "items": [
          {
            "item": "carrot",
            "heal_amount": 2
          },
          {
            "item": "apple",
            "heal_amount": 2
          },
          {
            "item": "wheat_seeds",
            "heal_amount": 2
          }
        ]
      },
      "minecraft:behavior.tempt": {
        "priority": 2,
        "speed_multiplier": 0.8,
        "within_radius": 16,
        "items": [
          "carrot",
          "apple",
          "wheat_seeds"
        ]
      },
      "minecraft:type_family": {
        "family": [
          "player"
        ]
      },
      "minecraft:behavior.hurt_by_target": {
        "priority": 1
      },
      "minecraft:behavior.delayed_attack": {
        "priority": 1,
        "reach_multiplier": 1,
        "speed_multiplier": 1,
        "attack_duration": 0.1,
        "hit_delay_pct": 1,
        "track_target": true,
        "sound_event": "attack.strong"
      },
      "minecraft:behavior.melee_attack": {
        "priority": 3
      },
      "minecraft:attack": {
        "damage": 5
      },
      "minecraft:navigation.walk": {
        "can_path_over_water": true,
        "avoid_water": true,
        "avoid_damage_blocks": true,
        "can_pass_doors": true
      },
      "minecraft:behavior.float": {
        "priority": 0
      },
      "minecraft:movement.basic": {},
      "minecraft:movement": {
        "value": 0.20
      },
      "minecraft:can_climb": {},
      "minecraft:jump.static": {},
      "minecraft:collision_box": {
        "width": 0.9,
        "height": 1.3
      }
    },
    "events": {
      "minecraft:entity_spawned": {
        "sequence": [
          {
            "randomize": [
              {
                "weight": 3,
                "remove": {
                },
                "add": {
                  "component_groups": [
                    "minecraft:sniffer_adult",
                    "minecraft:sniffer_wild"
                  ]
                }
              },
              {
                "weight": 1,
                "remove": {
                },
                "add": {
                  "component_groups": [
                    "minecraft:sniffer_baby",
                    "minecraft:sniffer_wild"
                  ]
                }
              }
            ]
          }
        ]
      },
        "minecraft:entity_born": {
          "sequence": [
            {
              "filters": {
                "test": "has_component",
                "operator": "!=",
                "value": "minecraft:is_baby"
              },
              "remove": {},
              "add": {
                "component_groups": [
                  "minecraft:sniffer_baby"
                ]
              }
            }
          ]
        },
        "minecraft:ageable_grow_up": {
          "remove": {
            "component_groups": [
              "minecraft:sniffer_baby"
            ]
          },
          "add": {
            "component_groups": [
              "minecraft:sniffer_adult"
            ]
          }
        }
      }
    }
  }