{
  "format_version": "1.16.0",
  "minecraft:entity": {
    "description": {
      "identifier": "random:spider_legs",
      "is_spawnable": true,
      "is_summonable": true,
      "is_experimental": false
    },
    "components": {
      "minecraft:physics": {
        "has_gravity": true
      },
      "minecraft:conditional_bandwidth_optimization": {},
      "minecraft:behavior.random_stroll": {
        "speed_multiplier": 0.75,
        "priority": 6
      },
      "minecraft:behavior.look_at_player": {
        "priority": 2,
        "look_distance": 6.0,
        "probability": 0.02
      },
      "minecraft:behavior.random_look_around": {
        "priority": 3
      },
      "minecraft:health": {
        "value": 150,
        "max": 150
      },
      "minecraft:type_family": {
        "family": [
          "backrooms_entity"
        ]
      },
      "minecraft:behavior.hurt_by_target": {
        "priority": 1
      },
      "minecraft:behavior.delayed_attack": {
        "priority": 1,
        "reach_multiplier": 1,
        "speed_multiplier": 1,
        "attack_duration": 0.32,
        "hit_delay_pct": 1.0,
        "track_target": true,
        "sound_event": "attack.strong"
      },
      "minecraft:behavior.knockback_roar": {
        "priority": 3,
        "duration": 1,
        "attack_time": 0.5,
        "knockback_damage": 6,
        "knockback_horizontal_strength": 5,
        "knockback_vertical_strength": 5,
        "knockback_range": 5,
        "cooldown_time": 5.0
      },
      "minecraft:attack": {
        "damage": 15
      },
      "minecraft:behavior.nearest_attackable_target": {
        "must_see": false, //If true, potential target must be in mob's line of sight
        "reselect_targets": true, //Allows mob to select new target, if one is closer than current
        "within_radius": 25.0, //Radius that potential target must be withing
        "must_see_forget_duration": 17.0, //If "must_see" = true, time before forgetting target
        "entity_types": [
          {
            "filters": {
              "test": "is_family",
              "subject": "other",
              "value": "player"
            },
            "max_dist": 48.0
          }
        ]
      },
      "minecraft:navigation.walk": {
        "can_path_over_water": true,
        "avoid_water": true,
        "avoid_damage_blocks": true,
        "can_pass_doors": true
      },
      "minecraft:behavior.float": {
        "priority": 0
      },
      "minecraft:knockback_resistance": {
        "value": 100,
        "max": 100
      },
      "minecraft:movement.basic": {},
      "minecraft:movement": {
        "value": 0.50
      },
      "minecraft:can_climb": {},
      "minecraft:jump.static": {},
      "minecraft:collision_box": {
        "width": 2.0,
        "height": 2.0
      }
    }
  }
}