{
  "format_version": "1.13.0",
  "minecraft:entity": {
    "description": {
      "identifier": "onepiece_addon:pesa-do_attack",
      "is_spawnable": false,
      "is_summonable": true,
      "is_experimental": false
    },
    "component_groups": {
    },

    "components": {
      "minecraft:type_family": {
        "family": [ "sunasuna" ]
      },
      "minecraft:timer": {
        "looping": false,
        "randomInterval": false,
        "time": 0,
        "time_down_event": {
         "event": "onepiece_addon:event1",
         "target": "self"
        }
      },
      "minecraft:behavior.knockback_roar": {
        "duration": 999,
        "attack_time": 0.1,
        "knockback_damage": 10,
        "knockback_strength": 0,
        "knockback_range": 5,
        "knockback_filters": {
          "all_of":[
            {
              "test": "has_tag",
              "subject": "other",
              "operator": "!=",
              "value": "sunasuna"
            },
            {
              "test": "is_family",
              "subject": "other",
              "operator": "!=",
              "value": "sunasuna"
            }
          ]
        },
        "damage_filters": {
          "all_of":[
            {
              "test": "has_tag",
              "subject": "other",
              "operator": "!=",
              "value": "sunasuna"
            },
            {
              "test": "is_family",
              "subject": "other",
              "operator": "!=",
              "value": "sunasuna"
            }
          ]
        }
      },
      "minecraft:collision_box": {
        "width": 0,
        "height": 0
      },
	    "minecraft:physics": {
      },
      "minecraft:pushable": {
        "is_pushable": false,
        "is_pushable_by_piston": false
      },
      "minecraft:damage_sensor": {
        "triggers": {
            "on_damage": {"filters": {}},
            "deals_damage": false
        }
      },
      "minecraft:transformation": {
        "into": "onepiece_addon:despawn",
        "delay": 1
      }
    },

    "events": {
      "onepiece_addon:event1":{
        "run_command":{
          "command":"function akumanomi/sunasuna/pesa-do"
        }
      }
    }
  }
}
