{
  "format_version": "1.12.0",
  "minecraft:entity": {
    "description": {
      "identifier": "onepiece_addon:sa-burusu_p",
      "is_spawnable": false,
      "is_summonable": true,
      "is_experimental": false,
      "runtime_identifier": "minecraft:snowball",
      "scripts":{
        "animate":["sa-burusu_p"]
      },
      "animations":{
        "sa-burusu_p":"controller.animation.sa-burusu_p"
      }
    },
    "component_groups": {
    },

    "components": {
      "minecraft:collision_box": {
        "width": 0,
        "height": 0
      },
      "minecraft:projectile": {
        "on_hit": {
          "remove_on_hit": { }
        },
        "power": 0.5,
        "gravity": 0,
        "angle_offset": 0.0,
        "inertia": 1,
        "knockback":false,
        "liquid_inertia": 1
      },
	    "minecraft:physics": {
      },
      "minecraft:pushable": {
        "is_pushable": false,
        "is_pushable_by_piston":false
      },
      "minecraft:transformation": {
        "into": "onepiece_addon:despawn",
        "delay": 2
      },
      "minecraft:conditional_bandwidth_optimization": {
        "default_values": {
          "max_optimized_distance": 80.0,
          "max_dropped_ticks": 10,
          "use_motion_prediction_hints": true
        }
      }
    },

    "events": {
    }
  }
}
