{
	"format_version": "1.8.0",
	"animations": {
		"animation.explosion_block0": {
			"loop": true,
			"bones": {
				"all": {
					"scale": 0
				}
			}
		},
		"animation.explosion_block1": {
			"loop": "hold_on_last_frame",
			"animation_length": 9999,
			"bones": {
				"all": {
					"position": [0, 0, 0]
				},
				"dirt_block1": {
					"rotation": {
						"0.0": [0, 0, 0],
						"0.2": [22.2008, -51.892, -6.01037]
					},
					"position": {
						"0.0": [0, 0, 0],
						"0.2": [-15, 6, 2]
					},
					"scale": 1
				},
				"dirt_block2": {
					"rotation": {
						"0.0": [0, 0, 0],
						"0.2": [20, -55, -47.5]
					},
					"position": {
						"0.0": [0, 0, 0],
						"0.2": [0, 7, 12]
					},
					"scale": 1
				},
				"dirt_block3": {
					"rotation": {
						"0.0": [0, 0, 0],
						"0.2": [-27.76558, -24.94169, -36.33914]
					},
					"position": {
						"0.0": [0, 0, 0],
						"0.2": [21, 6, -12]
					},
					"scale": 1
				},
				"grass_block1": {
					"rotation": {
						"0.0": [0, 0, 0],
						"0.2": [25.56145, -27.51235, -12.45891]
					},
					"position": {
						"0.0": [0, 0, 0],
						"0.2": [12, 6, 5]
					},
					"scale": 1
				},
				"grass_block2": {
					"rotation": {
						"0.0": [0, 0, 0],
						"0.2": [0, -72.5, -22.5]
					},
					"position": {
						"0.0": [0, 0, 0],
						"0.2": [15, 7, -4]
					},
					"scale": 1
				},
				"grass_block3": {
					"rotation": {
						"0.0": [0, 0, 0],
						"0.2": [16.08729, -60.72545, -76.09076]
					},
					"position": {
						"0.0": [0, 0, 0],
						"0.2": [0, 7, 13]
					},
					"scale": 1
				},
				"grass_block7": {
					"rotation": {
						"0.0": [0, 0, 0],
						"0.2": [25, 0, -45]
					},
					"position": {
						"0.0": [0, 0, 0],
						"0.2": [-15, 6, 2]
					},
					"scale": 1
				},
				"grass_block8": {
					"rotation": {
						"0.0": [0, 0, 0],
						"0.2": [-16.50371, 5.90316, 19.14314]
					},
					"position": {
						"0.0": [0, 0, 0],
						"0.2": [0, 5, -19]
					},
					"scale": 1
				},
				"grass_block9": {
					"rotation": {
						"0.0": [0, 0, 0],
						"0.2": [38.95658, -24.1782, -18.32252]
					},
					"position": {
						"0.0": [0, 0, 0],
						"0.2": [-8, 5, -16]
					},
					"scale": 1
				},
				"grass_block10": {
					"rotation": {
						"0.0": [0, 0, 0],
						"0.2": [-32.49858, -21.46902, 13.12427]
					},
					"position": {
						"0.0": [0, 0, 0],
						"0.2": [9, 6, -17]
					},
					"scale": 1
				},
				"stone_block1": {
					"rotation": {
						"0.0": [0, 0, 0],
						"0.2": [0, -30, -27.5]
					},
					"position": {
						"0.0": [0, 0, 0],
						"0.2": [-20, 6, -8]
					},
					"scale": 1
				},
				"stone_block2": {
					"rotation": {
						"0.0": [0, 0, 0],
						"0.2": [0, -40, 20]
					},
					"position": {
						"0.0": [0, 0, 0],
						"0.2": [9, 6, -12]
					},
					"scale": 1
				},
				"stone_block3": {
					"rotation": {
						"0.0": [0, 0, 0],
						"0.2": [-17.5, -40, 22.5]
					},
					"position": {
						"0.0": [0, 0, 0],
						"0.2": [8, 6, 17]
					},
					"scale": 1
				},
				"stone_block4": {
					"rotation": {
						"0.0": [0, 0, 0],
						"0.2": [3.45481, 25.63157, 41.86613]
					},
					"position": {
						"0.0": [0, 0, 0],
						"0.2": [-17, 6, 15]
					},
					"scale": 1
				},
				"dirt_block4": {
					"scale": [0, 0, 1]
				},
				"dirt_block5": {
					"scale": [0, 0, 1]
				},
				"dirt_block6": {
					"scale": [0, 0, 1]
				},
				"grass_block4": {
					"scale": [0, 0, 1]
				},
				"grass_block5": {
					"scale": [0, 0, 1]
				},
				"grass_block6": {
					"scale": [0, 0, 1]
				},
				"grass_block11": {
					"scale": [0, 0, 1]
				},
				"grass_block12": {
					"scale": [0, 0, 1]
				},
				"stone_block5": {
					"scale": [0, 0, 1]
				},
				"stone_block6": {
					"scale": [0, 0, 1]
				}
			}
		},
		"animation.explosion_block2": {
			"animation_length": 9999,
			"bones": {
				"all": {
					"rotation": [0, 0, 0],
					"position": {
						"0.0": [0, -3.9, 0],
						"0.1667": [0, -0.7, 0],
						"0.3333": [0, 3.2, 0]
					},
					"scale": 1
				},
				"dirt_block1": {
					"rotation": {
						"0.0": [0, 0, 27.5],
						"0.1667": [73.00736, -38.40418, -36.24633],
						"0.3333": [103.3947, -26.58742, -1.89885],
						"0.5": [23.05787, -19.7426, 65.93432],
						"1.0": [-24.71913, -67.45723, 245.32899],
						"1.5": [20.35883, -30.14045, 260.82412]
					},
					"position": {
						"0.0": [3.5, 7, -15.9],
						"0.1667": [7.73, 10, -26.82],
						"0.3333": [11.96, 1.45, -39.79],
						"1.5": [46, 1, -56]
					}
				},
				"dirt_block2": {
					"rotation": [-180, 30, -125],
					"position": {
						"0.0": [-10.6, 7, 3.9],
						"1.5": [-41.9, 0, 3.9]
					}
				},
				"dirt_block3": {
					"rotation": [34.32896, 18.79817, -22.77275],
					"position": {
						"0.0": [3.4, 8, -25.1],
						"1.5": [3.4, 0, -52.7]
					}
				},
				"dirt_block4": {
					"rotation": [-28.88636, 15.58394, 25.96295],
					"position": {
						"0.0": [24.6, 8, 11],
						"1.5": [53.4, 0, 17.3]
					}
				},
				"dirt_block5": {
					"rotation": {
						"0.0": [21.99054, 12.19908, -27.62113],
						"0.3333": [-13.43793, 16.13082, -129.22599],
						"0.5": [-4.62934, 24.59477, -101.00966],
						"1.0": [-22.47096, 11.2531, -154.74234],
						"1.5": [-21.46872, -13.12479, -210.00135]
					},
					"position": {
						"0.0": [-17.6, 8, -16.6],
						"0.1667": [-25.79, 12.2, -16.6],
						"0.3333": [-32.63, -0.32, -16.6],
						"1.5": [-37.3, 0, -16.6]
					}
				},
				"dirt_block6": {
					"rotation": {
						"0.0": [22.5, 0, 22.5],
						"0.5": [-167.5, 0, 22.5],
						"1.0": [-177.5, 0, 22.5],
						"1.5": [-185, 0, 22.5]
					},
					"position": {
						"0.0": [2.6, 8, 15],
						"1.5": [10.9, 0, 47]
					},
					"scale": 1
				},
				"grass_block1": {
					"rotation": [-74.0523, 7.30111, -23.97594],
					"position": {
						"0.0": [0, 8, 7.1],
						"1.5": [30.5, 0, 37.9]
					}
				},
				"grass_block2": {
					"rotation": [20.19009, -0.95645, -22.48072],
					"position": {
						"0.0": [14.7, 7, -16.6],
						"1.5": [43.6, 0, -31.4]
					}
				},
				"grass_block3": {
					"rotation": {
						"0.0": [-60, 0, -30],
						"0.5": [-147.5, 0, -30],
						"1.0": [-192.5, 0, -30],
						"1.5": [-247.5, 0, -30]
					},
					"position": {
						"0.0": [-20.1, 7, 14],
						"1.5": [-11, 0, 42.1]
					}
				},
				"grass_block4": {
					"rotation": {
						"0.0": [34.04258, 31.42176, -60.15635],
						"0.5": [-4.98107, 44.78238, -119.55323],
						"1.0": [-35.26439, 30, -167.23561],
						"1.5": [-44.31282, -8.80348, -211.40928]
					},
					"position": {
						"0.0": [-24.1, 8, -3.1],
						"1.5": [-42.2, 0, -3.1]
					}
				},
				"grass_block5": {
					"rotation": [-35, 0, 17.5],
					"position": {
						"0.0": [-17.4, 7, -25.8],
						"1.5": [-17.4, 0, -53.6]
					}
				},
				"grass_block6": {
					"rotation": [-15, 0, -22.5],
					"position": {
						"0.0": [5.6, 8, 13.3],
						"1.5": [15.7, 0.3, 42.9]
					}
				},
				"grass_block7": {
					"rotation": {
						"0.0": [-14.92735, -26.32776, -58.98996],
						"0.5": [-19.61934, -29.8742, -95.76863],
						"1.0": [-119.61003, -30.8761, -163.52845],
						"1.5": [-137.69289, 4.96365, -182.1184]
					},
					"position": {
						"0.0": [-2.9, 7, -6.5],
						"1.5": [-36.3, 0, 18]
					}
				},
				"grass_block8": {
					"rotation": {
						"0.0": [-8.95891, -15.09492, 83.68939],
						"0.5": [-17.5, 0, 142.5],
						"1.0": [-13.0867, 11.72145, 183.65088],
						"1.5": [16.24074, 6.60796, 300.94387]
					},
					"position": {
						"0.0": [18.1, 8, 5.8],
						"1.5": [50.1, 0, 41.7]
					}
				},
				"grass_block9": {
					"rotation": [27.11771, 13.34855, -24.26701],
					"position": {
						"0.0": [-4.9, 8, 17.9],
						"1.5": [-15.9, 0, 50.7]
					}
				},
				"grass_block10": {
					"rotation": {
						"0.0": [37.26251, -4.55749, 30.96275],
						"0.5": [-11.23272, -36.01651, 133.66201],
						"1.0": [-37.39455, 3.04137, 208.9705],
						"1.5": [-32.15172, 20.43663, 234.0527]
					},
					"position": {
						"0.0": [24.6, 7, 0],
						"1.5": [60.4, 0, 0]
					}
				},
				"grass_block11": {
					"rotation": [28.07555, -11.0311, 19.7339],
					"position": {
						"0.0": [17.7, 8, -16.3],
						"1.5": [24.6, 0, -40.8]
					}
				},
				"grass_block12": {
					"rotation": {
						"0.0": [0, 27.5, -55],
						"0.5": [50, -25, -55],
						"1.0": [107.09909, -12.98149, -138.98741],
						"1.5": [181.08914, 3.40973, -183.89275]
					},
					"position": {
						"0.0": [-5.6, 7, 2.5],
						"1.5": [-23.9, 0, 40.2]
					}
				},
				"stone_block1": {
					"rotation": {
						"0.0": [17.5, 0, 37.5],
						"0.1667": [13.0867, -11.72145, 78.65088],
						"0.3333": [-2.35666, -17.34551, 135.35952],
						"1.0": [-16.50371, -5.90316, 198.35686],
						"1.5": [-14.89149, 9.29798, 248.78223]
					},
					"position": {
						"0.0": [4.3, 7, -3.9],
						"0.1667": [16.39, 12.8, -4.78],
						"0.3333": [28.8, -0.1, -5.66],
						"1.5": [56.3, 0, -11.8]
					}
				},
				"stone_block2": {
					"rotation": {
						"0.0": [-17.96937, 31.86919, -147.95377],
						"0.5": [-35.30937, -8.13558, -217.69114],
						"1.0": [-19.25707, -31.16189, -262.36751],
						"1.5": [4.64404, -35.85604, -304.28759]
					},
					"position": {
						"0.0": [-16.3, 8, -5.4],
						"1.5": [-42.3, 0, -20.8]
					}
				},
				"stone_block3": {
					"rotation": [50, 0, -37.5],
					"position": {
						"0.0": [12.1, 6, 11.9],
						"1.5": [53.4, 0, 13.9]
					}
				},
				"stone_block4": {
					"rotation": {
						"0.0": [0, 35, -60],
						"0.375": [-27.30492, 22.79919, -113.10757],
						"0.5": [-32.89913, -12.67956, -168.74227],
						"1.0": [-10.27206, -33.64409, -221.88679],
						"1.5": [21.88151, -28.02432, -280.52368]
					},
					"position": {
						"0.0": [-7.8, 8, 15.7],
						"0.1667": [-14.57, 10.4, 17.56],
						"0.3333": [-27.57, -0.2, 19.42],
						"1.5": [-42.6, 0, 32.4]
					}
				},
				"stone_block5": {
					"rotation": {
						"0.0": [-38.42684, 25.49671, 28.48347],
						"0.5": [26.57316, 25.49671, 28.48347],
						"1.0": [66.57316, 25.49671, 28.48347],
						"1.5": [124.07316, 25.49671, 28.48347]
					},
					"position": {
						"0.0": [0, 7, -14.8],
						"1.5": [4.1, 0, -49.8]
					}
				},
				"stone_block6": {
					"rotation": [28.20867, 21.63471, -34.50269],
					"position": {
						"0.0": [-11.4, 7, -12.6],
						"0.5": [-28.13, 0, -24.97],
						"0.9583": [-35.81, 0, -33.33],
						"1.0": [-36.51, 0, -39.33],
						"1.4583": [-34.18, 0, -39.12],
						"1.5": [-41.6, 0, -39.1]
					}
				}
			}
		},
		"animation.explosion_block3": {
			"animation_length": 9999,
			"bones": {
				"dirt_block1": {
					"rotation": {
						"0.0": [0, 0, 0],
						"1.5": [0, 0, -365]
					},
					"position": {
						"0.0": [0, 0, 0],
						"0.75": [-93.7, 112.4, 28.4],
						"1.25": [-149.9, 3.3, 45],
						"1.5": [-199.1, 5.3, 53.4]
					},
					"scale": 1
				},
				"dirt_block2": {
					"rotation": [0, 0, 0],
					"position": {
						"0.0": [0, 0, 0],
						"0.75": [-119.7, 90.4, 105.3],
						"1.25": [-161.9, 14.4, 124.3],
						"1.5": [-203.9, 7.4, 142.5]
					},
					"scale": 1
				},
				"dirt_block3": {
					"rotation": {
						"0.0": [0, 0, 0],
						"1.5": [385, 0, 0]
					},
					"position": {
						"0.0": [0, 0, 0],
						"0.75": [0, 61, -91.5],
						"1.2083": [0, 8.3, -146.7],
						"1.5": [0, 7.3, -188.9]
					},
					"scale": 1
				},
				"dirt_block4": {
					"rotation": {
						"0.0": [0, 0, 0],
						"1.5": [0, 0, -357.5]
					},
					"position": {
						"0.0": [0, 0, 0],
						"0.75": [-45, 34.3, 0],
						"1.2083": [-67.3, 4.3, 0],
						"1.5": [-113.3, 6.3, 0]
					},
					"scale": 1
				},
				"dirt_block5": {
					"rotation": {
						"0.0": [0, 0, 0],
						"1.5": [-37.88198, -4.26611, -602.40398]
					},
					"position": {
						"0.0": [0, 0, 0],
						"0.75": [-44.2, 57.4, 54.2],
						"1.25": [-68, 3.2, 78.7],
						"1.5": [-95, 7.2, 114.9]
					},
					"scale": 1
				},
				"grass_block1": {
					"rotation": {
						"0.0": [0, 0, 0],
						"1.5": [-365, 0, 0]
					},
					"position": {
						"0.0": [0, 0, 0],
						"0.75": [0, 118.5, 95.6],
						"1.25": [0, 5.5, 148.8],
						"1.5": [0, 5.5, 180.7]
					},
					"scale": 1
				},
				"grass_block2": {
					"rotation": {
						"0.0": [0, 0, 0],
						"1.5": [93.944, 48.2629, 580.40885]
					},
					"position": {
						"0.0": [0, 0, 0],
						"0.75": [55.9, 69, 77.1],
						"1.25": [86.7, 8.8, 153.9],
						"1.5": [126.2, 6.8, 210.1]
					},
					"scale": 1
				},
				"grass_block3": {
					"rotation": {
						"0.0": [0, 0, 0],
						"1.5": [-347.5, 0, 0]
					},
					"position": {
						"0.0": [0, 0, 0],
						"0.75": [0, 56.4, 59],
						"1.2083": [0, 3.2, 105.6],
						"1.5": [0, 5.2, 135.6]
					},
					"scale": 1
				},
				"grass_block4": {
					"rotation": {
						"0.0": [0, 0, 0],
						"1.5": [492.5, 0, 0]
					},
					"position": {
						"0.0": [0, 0, 0],
						"0.75": [18.8, 47.5, -71.9],
						"1.25": [13.2, 5, -121.9],
						"1.5": [26.1, 5, -168.3]
					},
					"scale": 1
				},
				"grass_block7": {
					"rotation": {
						"0.0": [0, 0, 0],
						"1.5": [-93.43492, 63.36884, -584.91163]
					},
					"position": {
						"0.0": [0, 0, 0],
						"0.75": [-58.6, 122.9, -95],
						"1.25": [-77.94, 16.88, -151.93],
						"1.5": [-113.6, 6.4, -207.7]
					},
					"scale": 1
				},
				"grass_block8": {
					"rotation": {
						"0.0": [0, 0, 0],
						"1.5": [-113.59187, 23.38762, -565.75794]
					},
					"position": {
						"0.0": [0, 0, 0],
						"0.75": [-88.5, 79.6, -28],
						"1.25": [-125.5, 4, -62.2],
						"1.5": [-168.5, 6, -77.1]
					},
					"scale": 1
				},
				"grass_block9": {
					"rotation": {
						"0.0": [0, 0, 0],
						"1.5": [0, 0, 452.5]
					},
					"position": {
						"0.0": [0, 0, 0],
						"0.75": [101.1, 75.1, 0],
						"1.2083": [157.2, 15.3, 0],
						"1.5": [199.2, 6.3, 0]
					},
					"scale": 1
				},
				"stone_block1": {
					"rotation": {
						"0.0": [0, 0, 0],
						"1.5": [0, 0, 967.5]
					},
					"position": {
						"0.0": [0, 0, 0],
						"0.75": [70.5, 113, 0],
						"1.25": [145.4, 15.2, 0],
						"1.5": [212, 6.2, 0]
					},
					"scale": 1
				},
				"stone_block2": {
					"rotation": {
						"0.0": [0, 0, 0],
						"1.5": [402.5, 0, 0]
					},
					"position": {
						"0.0": [0, 0, 0.4],
						"0.75": [0, 120.1, -87.4],
						"1.25": [0, 7.5, -157.9],
						"1.5": [0, 6.5, -205.5]
					},
					"scale": 1
				},
				"stone_block3": {
					"rotation": {
						"0.0": [0, 0, 0],
						"1.5": [71.5617, 37.68524, 457.12949]
					},
					"position": {
						"0.0": [0, 0, 0],
						"0.75": [79, 58.7, -54],
						"1.2083": [136.11, 16.11, -78.75],
						"1.25": [141.3, 11.8, -81],
						"1.5": [206.1, 6.8, -102.4]
					},
					"scale": 1
				},
				"stone_block4": {
					"rotation": {
						"0.0": [0, 0, 0],
						"1.5": [-360, 0, 0]
					},
					"position": {
						"0.0": [0.2, 0, 0],
						"0.75": [0, 44.2, 86.1],
						"1.2083": [0, 5.3, 135.8],
						"1.5": [0, 5.3, 165.1]
					},
					"scale": 1
				},
				"stone_block5": {
					"rotation": {
						"0.0": [0, 0, 0],
						"1.5": [-46.01142, -37.17206, 484.12992]
					},
					"position": {
						"0.0": [0, 0, 0],
						"0.75": [94.4, 105.7, 66],
						"1.0833": [111.7, 24.9, 66],
						"1.25": [133.5, 14.8, 83.28],
						"1.5": [166.2, 5.9, 109.2]
					},
					"scale": 1
				},
				"stone_block6": {
					"rotation": {
						"0.0": [0, 0, 0],
						"1.5": [483.25153, -59.84451, -19.73054]
					},
					"position": {
						"0.0": [0, 0, 0],
						"0.75": [39.8, 44.9, -45.5],
						"1.25": [65.9, 15.4, -75.8],
						"1.5": [90.7, 6.4, -103.3]
					},
					"scale": 1
				},
				"dirt_block6": {
					"scale": [0, 0, 1]
				},
				"grass_block5": {
					"scale": [0, 0, 1]
				},
				"grass_block6": {
					"scale": [0, 0, 1]
				},
				"grass_block10": {
					"scale": [0, 0, 1]
				},
				"grass_block11": {
					"scale": [0, 0, 1]
				},
				"grass_block12": {
					"scale": [0, 0, 1]
				}
			}
		}
	}
}