{
  "format_version": "1.8.0",
  "animations": {
		"animation.fly.hana": {
			"loop": true,
			"bones": {
				"wing_right": {
					"rotation": {
						"0.0": [0, 0, 0],
						"0.2": [0, -55, 0],
						"0.4": [0, 57.5, 0],
						"0.6": [0, 0, 0],
						"0.8": [0, -12.5, 0],
						"1.0": [0, 35, 0],
						"1.2": [0, 5, 0]
					}
				},
				"wing_right2": {
					"rotation": {
						"0.0": [0, 0, 0],
						"0.2": [0, -30, 0],
						"0.4": [0, -20, 0],
						"0.6": [0, 0, 0],
						"0.8": [0, -30, 0],
						"1.0": [0, -20, 0],
						"1.2": [0, -15, 0]
					}
				},
				"wing_left": {
					"rotation": {
						"0.0": [0, 0, 0],
						"0.2": [0, 60, 0],
						"0.4": [0, -60, 0],
						"0.6": [0, 0, 0],
						"0.8": [0, 17.5, 0],
						"1.0": [0, -37.5, 0],
						"1.2": [0, -5, 0]
					}
				},
				"wing_left2": {
					"rotation": {
						"0.0": [0, 0, 0],
						"0.2": [0, 30, 0],
						"0.4": [0, 20, 0],
						"0.6": [0, 0, 0],
						"0.8": [0, 30, 0],
						"1.0": [0, 20, 0],
						"1.2": [0, 15, 0]
					}
				}
			}
		},
		"animation.fly.mera": {
			"loop": true,
			"animation_length": 0.7,
			"particle_effects": {
				"0.0": [
					{
						"effect": "mera",
						"locator": "body"
					}
				],
				"0.1": [
					{
						"effect": "mera",
						"locator": "body"
					}
				],
				"0.2": [
					{
						"effect": "mera",
						"locator": "body"
					}
				],
				"0.3": [
					{
						"effect": "mera",
						"locator": "body"
					}
				],
				"0.4": [
					{
						"effect": "mera",
						"locator": "body"
					}
				],
				"0.5": [
					{
						"effect": "mera",
						"locator": "body"
					}
				],
				"0.6": [
					{
						"effect": "mera",
						"locator": "body"
					}
				],
				"0.7": [
					{
						"effect": "mera",
						"locator": "body"
					}
				]
			}
		},
		"animation.fly.moku": {
			"loop": true,
			"animation_length": 0.05,
			"bones": {
				"root": {
					"rotation": [10, 0, 0]
				}
			},
			"particle_effects": {
				"0.0": [
					{
						"effect": "moku",
						"locator": "body"
					}
				]
			}
		},
		"animation.fly.suna": {
			"loop": true,
			"animation_length": 0.05,
			"bones": {
				"tudo": {
					"rotation": ["query.target_x_rotation + 22.5", 0, 0]
				}
			},
			"particle_effects": {
				"0.0": [
					{
						"effect": "suna",
						"locator": "body"
					}
				]
			}
		},
		"animation.fly.moving": {
			"loop": "hold_on_last_frame",
			"bones": {
				"root": {
					"rotation": ["query.target_x_rotation + 80", 0, 0],
					"position": [0, 4, 8]
				}
			}
		}
	}
}