{
	"format_version": "1.8.0",
	"animations": {
		"animation.drophy.handcuffs_kairoseki": {
			"loop": "hold_on_last_frame",
			"override_previous_animation": true,
			"bones": {
				"handcuffs_kairoseki": {
					"rotation": [-35, 0, 0],
					"position": [0, 1, -5]
				},
				"rightArm": {
					"rotation": [-27.14233, -4.59902, -8.88927],
					"position": [0, -1, -1]
				},
				"rightArm2": {
					"rotation": [0, 0, 0]
				},
				"leftArm": {
					"rotation": [-27.14233, 4.59902, 8.88927],
					"position": [0, -1, -1]
				},
				"leftArm2": {
					"rotation": [0, 0, 0]
				}
			}
		},
		"animation.human.handcuffs_kairoseki": {
			"loop": "hold_on_last_frame",
			"override_previous_animation": true,
			"bones": {
				"handcuffs_kairoseki": {
					"rotation": [-35, 0, 0],
					"position": [0, 1, -5]
				},
				"rightArm": {
					"rotation": [-32.5, 0, 0]
				},
				"leftArm": {
					"rotation": [-35, 0, 0]
				}
			}
		}
	}
}