{
	"format_version": "1.8.0",
	"animations": {
		"animation.humanoid.look_at_target.default" : {
			"loop" : true,
			"bones" : {
				"head" : {
					"relative_to" : {
						"rotation" : "entity"
					},
					"rotation" : [ "query.target_x_rotation", "query.target_y_rotation", 0.0 ]
				}
			}
		},
		"animation.human.empty_hand": {
			"loop": true,
			"bones": {
				"rightArm": {
					"position": [ 13.5, -10.0, 12.0 ],
					"rotation": [ "95.0 + variable.is_using_vr * 7.5", "-45.0 + variable.is_using_vr * 7.5", "115.0 + variable.is_using_vr * -2.5" ]
				},
				"rightArmHaki": {
					"rotation": [0, 0, 0]
				},
				"rightArmHaki2": {
					"rotation": [0, 0, 0]
				},
				"leftArm": {
					"position": [ -13.5, -10.0, 12.0 ],
					"rotation": [ "95.0 + variable.is_using_vr * 7.5", "45.0 + variable.is_using_vr * -7.5", "-115.0 + variable.is_using_vr * 2.5" ]
				},
				"leftArmHaki": {
					"rotation": [0, 0, 0]
				},
				"leftArmHaki2": {
					"rotation": [0, 0, 0]
				}
			}
		},
		"animation.human.default": {
		    "loop": true,
			"bones": {
				"rightArm": {
					"rotation": ["5 * !(variable.attack_time || query.is_using_item || query.get_equipped_item_name('off_hand') == 'handcuffs_kairoseki')", 0, 0]
				},
				"rightArm2": {
					"rotation": ["-7.5 * !(variable.attack_time || query.is_using_item || query.get_equipped_item_name('off_hand') == 'handcuffs_kairoseki')", 0, 0]
				},
				"leftArm": {
					"rotation": ["5 * !(variable.attack_time || query.is_using_item || query.get_equipped_item_name('off_hand') == 'handcuffs_kairoseki')", 0, 0]
				},
				"leftArm2": {
					"rotation": ["-7.5 * !(variable.attack_time || query.is_using_item || query.get_equipped_item_name('off_hand') == 'handcuffs_kairoseki')", 0, 0]
				},
				"rightleg": {
					"rotation": [-5, 0, 0]
				},
				"rightLeg2": {
					"rotation": [7.5, 0, 0]
				},
				"leftleg": {
					"rotation": [-5, 0, 0]
				},
				"leftLeg2": {
					"rotation": [7.5, 0, 0]
				}
			}
		},
		"animation.human.kill": {
		    "loop": true,
			"override_previous_animation": true,
			"bones": {
				"tudo": {
					"rotation": [-90, 0, 0],
					"position": [0, -10, 0]
				},
				"head": {
					"rotation": [5, 15, 0],
					"position": [0, 0, -1]
				},
				"rightArm": {
					"rotation": [0, 0, 25]
				},
				"leftArm": {
					"rotation": [0, 0, -25]
				},
				"rightleg": {
					"rotation": [0, 0, 12.5]
				},
				"leftLeg": {
					"rotation": [0, 0, -12.5]
				}
			}
		},
		"animation.human.jump": {
			"loop": true,
			"animation_length": 9999,
			"bones": {
				"LeftArm": {
					"rotation": {
						"0.0": ["-20 * !(variable.attack_time || query.get_equipped_item_name('off_hand') == 'handcuffs_kairoseki')", 0, "-25 * !(variable.attack_time || query.get_equipped_item_name('off_hand') == 'handcuffs_kairoseki')"],
						"2.0": [0, 0, 0]
					}
				},
				"RightArm": {
					"rotation": {
						"0.0": ["-20 * !(variable.attack_time || query.get_equipped_item_name('off_hand') == 'handcuffs_kairoseki')", 0, "25 * !(variable.attack_time || query.get_equipped_item_name('off_hand') == 'handcuffs_kairoseki')"],
						"2.0": [0, 0, 0]
					}
				},
				"RightArm2": {
					"rotation": {
						"0.0": ["-15 * !(variable.attack_time || query.get_equipped_item_name('off_hand') == 'handcuffs_kairoseki')", 0, 0],
						"2.0": [0, 0, 0]
					}
				},
				"LeftLeg": {
					"rotation": [-32.5, 0, 0]
				},
				"LeftArm2": {
					"rotation": {
						"0.0": ["-15 * !(variable.attack_time || query.get_equipped_item_name('off_hand') == 'handcuffs_kairoseki')", 0, 0],
						"2.0": [0, 0, 0]
					}
				},
				"LeftLeg2": {
					"rotation": [45, 0, 0]
				},
				"RightLeg2": {
					"rotation": [0, 0, 0]
				},
				"root": {
					"rotation": {
						"0.0": [-7, 0, 0],
						"0.2": [-2, 0, 0]
					},
					"position": {
						"0.0": [0, 0, -2.5],
						"0.2": [0, 0, -0.7]
					}
				}
			}
		},
		"animation.human.jump_running": {
			"loop": true,
			"animation_length": 9999,
			"override_previous_animation": true,
			"bones": {
				"leftArm": {
					"rotation": ["5 * !(variable.attack_time || query.get_equipped_item_name('off_hand') == 'handcuffs_kairoseki')", 0, -25],
					"position": [0, 0, "1 * !(variable.attack_time || query.get_equipped_item_name('off_hand') == 'handcuffs_kairoseki')"]
				},
				"rightArm": {
					"rotation": ["5 * !(variable.attack_time || query.get_equipped_item_name('off_hand') == 'handcuffs_kairoseki')", 0, "25 * !(variable.attack_time || query.get_equipped_item_name('off_hand') == 'handcuffs_kairoseki')"],
					"position": [0, 0, "1 * !(variable.attack_time || query.get_equipped_item_name('off_hand') == 'handcuffs_kairoseki')"]
				},
				"rightArm2": {
					"rotation": ["-15 * !(variable.attack_time || query.get_equipped_item_name('off_hand') == 'handcuffs_kairoseki')", 0, 0]
				},
				"leftLeg": {
					"rotation": [-32.5, 0, 0]
				},
				"rightLeg": {
					"rotation": [15, 0, 0]
				},
				"leftArm2": {
					"rotation": ["-15 * !(variable.attack_time || query.get_equipped_item_name('off_hand') == 'handcuffs_kairoseki')", 0, 0]
				},
				"leftLeg2": {
					"rotation": [45, 0, 0]
				},
				"rightLeg2": {
					"rotation": [0, 0, 0]
				},
				"root": {
					"rotation": [13, 0, 0],
					"position": [0, 0, 1.3]
				}
			}
		},
		"animation.human.moving.arms": {
			"loop": true,
			"animation_length": 1.5,
			"bones": {
				"rightArm": {
					"rotation": {
						"0.0": ["12.5 * !(query.equipped_item_any_tag('slot.armor.legs','black_leg') && query.get_equipped_item_name == '' || query.get_equipped_item_name('off_hand') == 'handcuffs_kairoseki')", 0, 0],
						"0.375": [0, 0, 0],
						"0.75": ["-12.5 * !(query.equipped_item_any_tag('slot.armor.legs','black_leg') && query.get_equipped_item_name == '' || query.get_equipped_item_name('off_hand') == 'handcuffs_kairoseki')", 0, 0],
						"1.125": [0, 0, 0],
						"1.5": ["12.5 * !(query.equipped_item_any_tag('slot.armor.legs','black_leg') && query.get_equipped_item_name == '' || query.get_equipped_item_name('off_hand') == 'handcuffs_kairoseki')", 0, 0]
					}
				},
				"rightArm2": {
					"rotation": ["-5 * !(query.equipped_item_any_tag('slot.armor.legs','black_leg') && query.get_equipped_item_name == '' || query.get_equipped_item_name('off_hand') == 'handcuffs_kairoseki')", 0, 0]
				},
				"leftArm": {
					"rotation": {
						"0.0": ["-12.5 * !(query.equipped_item_any_tag('slot.armor.legs','black_leg') && query.get_equipped_item_name == '' || query.get_equipped_item_name('off_hand') == 'handcuffs_kairoseki')", 0, 0],
						"0.375": [0, 0, 0],
						"0.75": ["12.5 * !(query.equipped_item_any_tag('slot.armor.legs','black_leg') && query.get_equipped_item_name == '' || query.get_equipped_item_name('off_hand') == 'handcuffs_kairoseki')", 0, 0],
						"1.125": [0, 0, 0],
						"1.5": ["-12.5 * !(query.equipped_item_any_tag('slot.armor.legs','black_leg') && query.get_equipped_item_name == '' || query.get_equipped_item_name('off_hand') == 'handcuffs_kairoseki')", 0, 0]
					}
				},
				"leftArm2": {
					"rotation": ["-5 * !(query.equipped_item_any_tag('slot.armor.legs','black_leg') && query.get_equipped_item_name == '' || query.get_equipped_item_name('off_hand') == 'handcuffs_kairoseki')", 0, 0]
				}
			}
		},
		"animation.human.moving.legs": {
			"loop": true,
			"animation_length": 1.5,
			"bones": {
				"tudo": {
					"position": {
						"0.0": [0, -1, 0],
						"0.375": [0, 0, 0],
						"0.75": [0, -1, 0],
						"1.125": [0, 0, 0],
						"1.5": [0, -1, 0]
					}
				},
				"waist": {
					"rotation": [5, 0, 0]
				},
				"body": {
					"rotation": {
						"0.0": [0, 7.5, 0],
						"0.375": [0, 0, 0],
						"0.75": [0, -7.5, 0],
						"1.125": [0, 0, 0],
						"1.5": [0, 7.5, 0]
					}
				},
				"rightLeg": {
					"rotation": {
						"0.0": [-15, 0, 0],
						"0.375": [0, 0, 0],
						"0.75": [12.5, 0, 0],
						"1.125": [0, 0, 0],
						"1.5": [-15, 0, 0]
					}
				},
				"rightLeg2": {
					"rotation": {
						"0.0": [15, 0, 0],
						"0.375": [0, 0, 0],
						"0.75": [22.5, 0, 0],
						"1.125": [22.5, 0, 0],
						"1.5": [15, 0, 0]
					}
				},
				"leftLeg": {
					"rotation": {
						"0.0": [12.5, 0, 0],
						"0.375": [0, 0, 0],
						"0.75": [-15, 0, 0],
						"1.125": [0, 0, 0],
						"1.5": [15, 0, 0]
					}
				},
				"leftLeg2": {
					"rotation": {
						"0.0": [22.5, 0, 0],
						"0.375": [22.5, 0, 0],
						"0.75": [15, 0, 0],
						"1.125": [2.5, 0, 0],
						"1.5": [15, 0, 0]
					}
				}
			}
		},
		"animation.human.running.arms": {
			"loop": true,
			"animation_length": 0.5,
			"bones": {
				"rightArm": {
					"rotation": {
						"0.0": ["37.5 * !(query.equipped_item_any_tag('slot.armor.legs','black_leg') && query.get_equipped_item_name == '' || query.get_equipped_item_name('off_hand') == 'handcuffs_kairoseki')", 0, 0],
						"0.125": [0, 0, 0],
						"0.25": ["-37.5 * !(query.equipped_item_any_tag('slot.armor.legs','black_leg') && query.get_equipped_item_name == '' || query.get_equipped_item_name('off_hand') == 'handcuffs_kairoseki')", 0, 0],
						"0.375": [0, 0, 0],
						"0.5": ["37.5 * !(query.equipped_item_any_tag('slot.armor.legs','black_leg') && query.get_equipped_item_name == '' || query.get_equipped_item_name('off_hand') == 'handcuffs_kairoseki')", 0, 0]
					}
				},
				"rightArm2": {
					"rotation": ["-17.5 * !(query.equipped_item_any_tag('slot.armor.legs','black_leg') && query.get_equipped_item_name == '' || query.get_equipped_item_name('off_hand') == 'handcuffs_kairoseki')", 0, 0]
				},
				"leftArm": {
					"rotation": {
						"0.0": ["-37.5 * !(query.equipped_item_any_tag('slot.armor.legs','black_leg') && query.get_equipped_item_name == '' || query.get_equipped_item_name('off_hand') == 'handcuffs_kairoseki')", 0, 0],
						"0.125": [0, 0, 0],
						"0.25": ["37.5 * !(query.equipped_item_any_tag('slot.armor.legs','black_leg') && query.get_equipped_item_name == '' || query.get_equipped_item_name('off_hand') == 'handcuffs_kairoseki')", 0, 0],
						"0.375": [0, 0, 0],
						"0.5": ["-37.5 * !(query.equipped_item_any_tag('slot.armor.legs','black_leg') && query.get_equipped_item_name == '' || query.get_equipped_item_name('off_hand') == 'handcuffs_kairoseki')", 0, 0]
					}
				},
				"leftArm2": {
					"rotation": ["-17.5 * !(query.equipped_item_any_tag('slot.armor.legs','black_leg') && query.get_equipped_item_name == '' || query.get_equipped_item_name('off_hand') == 'handcuffs_kairoseki')", 0, 0]
				}
			}
		},
		"animation.human.running.legs": {
			"loop": true,
			"animation_length": 0.5,
			"bones": {
				"tudo": {
					"position": {
						"0.0": [0, -1, 0],
						"0.125": [0, 0, 0],
						"0.25": [0, -1, 0],
						"0.375": [0, 0, 0],
						"0.5": [0, -1, 0]
					},
					"rotation": [12.5, 0, 0]
				},
				"newcape": {
					"rotation": [15, 0, 0]
				},
				"body": {
					"rotation": {
						"0.0": [0, 7.5, 0],
						"0.125": [0, 0, 0],
						"0.25": [0, -7.5, 0],
						"0.375": [0, 0, 0],
						"0.5": [0, 7.5, 0]
					}
				},
				"rightLeg": {
					"rotation": {
						"0.0": [-25, 0, 0],
						"0.125": [0, 0, 0],
						"0.25": [17.5, 0, 0],
						"0.375": [0, 0, 0],
						"0.5": [-25, 0, 0]
					}
				},
				"rightLeg2": {
					"rotation": {
						"0.0": [15, 0, 0],
						"0.125": [0, 0, 0],
						"0.25": [22.5, 0, 0],
						"0.375": [22.5, 0, 0],
						"0.5": [15, 0, 0]
					}
				},
				"leftLeg": {
					"rotation": {
						"0.0": [17.5, 0, 0],
						"0.125": [0, 0, 0],
						"0.25": [-25, 0, 0],
						"0.375": [0, 0, 0],
						"0.5": [17.5, 0, 0]
					}
				},
				"leftLeg2": {
					"rotation": {
						"0.0": [22.5, 0, 0],
						"0.125": [22.5, 0, 0],
						"0.25": [15, 0, 0],
						"0.375": [2.5, 0, 0],
						"0.5": [15, 0, 0]
					}
				}
			}
		},
		"animation.human.attack1": {
			"loop": "hold_on_last_frame",
			"animation_length": 0.3,
			"bones": {
				"waist": {
					"rotation": [7, -3, 4.5]
				},
				"rightArm": {
					"rotation": [-85.5, 4.5, 42],
					"position": [0, 0, 0]
				}
			}
		},
		"animation.human.attack2": {
			"loop": "hold_on_last_frame",
			"animation_length": 0.3,
			"bones": {
				"waist": {
					"rotation": [7, 3, -4.5]
				},
				"leftArm": {
					"rotation": [-85.5, 4.5, -42],
					"position": [0, 0, 0]
				}
			}
		}
	}
}