{
	"format_version": "1.8.0",
	"animations": {
		"animation.alvida.default": {
			"loop": "hold_on_last_frame",
			"bones": {
				"rightArm": {
					"rotation": [-82.47854, 32.49191, -3.91022],
					"position": [0, -1.5, -1.5]
				},
				"rightArm2": {
					"rotation": [-52.5, 0, 0]
				}
			}
		},
		"animation.kuro.special_attack": {
			"loop": true,
			"bones": {
				"tudo": {
					"scale": [0, 0, 0]
				},
				"head": {
					"scale": [0, 0, 0]
				}
			}
		},
		"animation.look.projetil": {
			"loop": true,
			"bones": {
				"body": {
					"rotation": ["-q.target_x_rotation", "-q.body_y_rotation", 0]
				}
			}
		},
		"animation.projetil.style_zoro": {
			"loop": true,
			"animation_length": 1.0,
			"bones": {
				"body": {
					"scale": {
					    "0.0": [0.1, 0.1, 0.1],
					    "0.6": [1, 1, 1]
					}
				}
			}
		},
		"animation.projetil.uo_dragon": {
			"loop": true,
			"animation_length": 1.0,
			"bones": {
				"root": {
					"rotation": {
					    "0.0": [0, 0, 0],
					    "1.0": [180, 0, 0]
					}
				}
			}
		},




		"animation.bara.damage": {
			"loop": "hold_on_last_frame",
			"animation_length": 0.5,
			"bones": {
				"waist": {
					"position": {
					    "0.0": [0, 3, 0],
					    "0.2": [0, 3, 0],
					    "0.6": [0, 0, 0]
					}
				}
			}
		},
		"animation.enkai_hibashira": {
			"loop": true,
			"animation_length": 0.3,
			"particle_effects": {
				"0.0": [
				    {
					    "effect": "enkai_hibashira1",
					    "locator": "1"
				    }
				],
				"0.15": [
				    {
					    "effect": "enkai_hibashira1",
					    "locator": "1"
				    }
				]
			}
		}
	}
}