{
	"format_version": "1.8.0",
	"animations": {
		"animation.empty": {
			"loop": true,
			"animation_length": 0.1,
			"override_previous_animation": true
		},
		"animation.wanted.first": {
			"loop": true,
			"bones": {
				"rightArm": {
					"rotation": [0, 45, 65],
					"position": [5, 5, -3],
					"scale": 1.0
				}
			}
		},
		"animation.haki_observation": {
			"animation_length": 0.3,
			"bones": {
				"root": {
					"rotation": {
						"0.0": [0, 0, 0],
						"0.2": [0, 45, 0],
						"0.3": [0, 0, 0]
					}
				}
			},
			"sound_effects": {
				"0.2": {
					"effect": "game.player.hurt"
				}
			}
		},
		"animation.haki_observation2": {
			"animation_length": 0.3,
			"bones": {
				"root": {
					"rotation": {
						"0.0": [0, 0, 0],
						"0.2": [0, -45, 0],
						"0.3": [0, 0, 0]
					}
				}
			},
			"sound_effects": {
				"0.2": {
					"effect": "random.hurt"
				}
			}
		}
	}
}