{
	"format_version": "1.8.0",
	"animations": {
		"animation.smoke_player.first": {
			"loop": true,
			"bones": {
				"rightSmoker": {
					"scale": [0, 0, 0]
				},
				"leftSmoker": {
					"scale": [0, 0, 0]
				}
			}
		},
		"animation.smoke_player.third": {
			"loop": true,
			"animation_length": 2.0,
			"bones": {
				"smokep1": {
					"scale": {
						"0.0": [1, 1, 1],
						"1.0": [1.4, 1.4, 1.4],
						"2.0": [1, 1, 1]
					}
				},
				"smokep2": {
					"scale": {
						"0.0": [1, 1, 1],
						"1.0": [1.4, 1.4, 1.4],
						"2.0": [1, 1, 1]
					}
				},
				"smokep3": {
					"scale": {
						"0.0": [1, 1, 1],
						"1.0": [1.4, 1.4, 1.4],
						"2.0": [1, 1, 1]
					}
				},
				"smokep4": {
					"scale": {
						"0.0": [1, 1, 1],
						"1.0": [1.4, 1.4, 1.4],
						"2.0": [1, 1, 1]
					}
				},
				"smokep5": {
					"scale": {
						"0.0": [1, 1, 1],
						"1.0": [1.4, 1.4, 1.4],
						"2.0": [1, 1, 1]
					}
				},
				"smokep6": {
					"scale": {
						"0.0": [1, 1, 1],
						"1.0": [1.4, 1.4, 1.4],
						"2.0": [1, 1, 1]
					}
				},
				"smokep7": {
					"position": {
						"0.0": [0, 0, 0],
						"1.0": [-0.4, 0, 0],
						"2.0": [0, 0, 0]
					},
					"scale": {
						"0.0": [1, 1, 1],
						"1.0": [1.8, 1.4, 1.4],
						"2.0": [1, 1, 1]
					}
				},
				"smokeg1": {
					"scale": {
						"0.0": [1, 1, 1],
						"1.0": [0.6, 0.6, 0.6],
						"2.0": [1, 1, 1]
					}
				},
				"smokeg2": {
					"scale": {
						"0.0": [1, 1, 1],
						"1.0": [0.6, 0.6, 0.6],
						"2.0": [1, 1, 1]
					}
				},
				"smokeg3": {
					"scale": {
						"0.0": [1, 1, 1],
						"1.0": [0.6, 0.6, 0.6],
						"2.0": [1, 1, 1]
					}
				},
				"smokeg4": {
					"scale": {
						"0.0": [1, 1, 1],
						"1.0": [0.6, 0.6, 0.6],
						"2.0": [1, 1, 1]
					}
				},
				"smokeg5": {
					"scale": {
						"0.0": [1, 1, 1],
						"1.0": [0.6, 0.6, 0.6],
						"2.0": [1, 1, 1]
					}
				},
				"smokep9": {
					"scale": {
						"0.0": [1, 1, 1],
						"1.0": [1.4, 1.4, 1.4],
						"2.0": [1, 1, 1]
					}
				},
				"smokep10": {
					"scale": {
						"0.0": [1, 1, 1],
						"1.0": [1.4, 1.4, 1.4],
						"2.0": [1, 1, 1]
					}
				},
				"smokep11": {
					"scale": {
						"0.0": [1, 1, 1],
						"1.0": [1.4, 1.4, 1.4],
						"2.0": [1, 1, 1]
					}
				},
				"smokep12": {
					"scale": {
						"0.0": [1, 1, 1],
						"1.0": [1.4, 1.4, 1.4],
						"2.0": [1, 1, 1]
					}
				},
				"smokep13": {
					"scale": {
						"0.0": [1, 1, 1],
						"1.0": [1.4, 1.4, 1.4],
						"2.0": [1, 1, 1]
					}
				},
				"smokep14": {
					"scale": {
						"0.0": [1, 1, 1],
						"1.0": [1.4, 1.4, 1.4],
						"2.0": [1, 1, 1]
					}
				},
				"smokep15": {
					"position": {
						"0.0": [0, 0, 0],
						"1.0": [0.4, 0, 0],
						"2.0": [0, 0, 0]
					},
					"scale": {
						"0.0": [1, 1, 1],
						"1.0": [1.8, 1.4, 1.4],
						"2.0": [1, 1, 1]
					}
				},
				"smokeg6": {
					"scale": {
						"0.0": [1, 1, 1],
						"1.0": [0.6, 0.6, 0.6],
						"2.0": [1, 1, 1]
					}
				},
				"smokeg7": {
					"scale": {
						"0.0": [1, 1, 1],
						"1.0": [0.6, 0.6, 0.6],
						"2.0": [1, 1, 1]
					}
				},
				"smokeg8": {
					"scale": {
						"0.0": [1, 1, 1],
						"1.0": [0.6, 0.6, 0.6],
						"2.0": [1, 1, 1]
					}
				},
				"smokeg9": {
					"scale": {
						"0.0": [1, 1, 1],
						"1.0": [0.6, 0.6, 0.6],
						"2.0": [1, 1, 1]
					}
				},
				"smokeg10": {
					"scale": {
						"0.0": [1, 1, 1],
						"1.0": [0.6, 0.6, 0.6],
						"2.0": [1, 1, 1]
					}
				}
			}
		}
	}
}