{
	"format_version": "1.8.0",
	"animations": {
		"animation.sword3.first_person": {
			"loop": true,
			"bones": {
				"katana3": {
					"scale": 0
				}
			}
		},
		"animation.suit.mugiwara": {
			"loop": true,
			"bones": {
				"mugiwara2": {
					"scale": 0
				}
			}
		},
		"animation.suit.mugiwara2": {
			"loop": true,
			"bones": {
				"mugiwara": {
					"scale": 0
				}
			}
		},
		"animation.suit.cape_walk": {
			"loop": true,
			"animation_length": 2.0,
			"bones": {
				"newcapeArm": {
					"rotation": {
						"0.0": [0, 0, 0],
						"1.0": [0, 0, -10],
						"2.0": [0, 0, 0]
					}
				},
				"newcapeArm2": {
					"rotation": {
						"0.0": [0, 0, 0],
						"1.0": [0, 0, 10],
						"2.0": [0, 0, 0]
					}
				},
				"newcape": {
					"rotation": [5, 0, 0]
				},
				"newcape1": {
					"scale": 0
				},
				"newcape2": {
					"rotation": [10, 0, 0]
				}
			}
		},
		"animation.suit.cape_stop": {
			"loop": true,
			"animation_length": 2.0,
			"bones": {
				"newcapeArm": {
					"rotation": {
						"0.0": [0, 0, 0],
						"1.0": [0, 0, -5],
						"2.0": [0, 0, 0]
					}
				},
				"newcapeArm2": {
					"rotation": {
						"0.0": [0, 0, 0],
						"1.0": [0, 0, 5],
						"2.0": [0, 0, 0]
					}
				},
				"newcape2": {
					"rotation": [2.5, 0, 0]
				}
			}
		},
		"animation.suit.haki_head": {
			"loop": true,
			"bones": {
				"head": {
					"scale": [0, 0, 0]
				},
				"neck": {
					"scale": [0, 0, 0]
				}
			}
		}
	}
}