{"format_version":"1.8.0","minecraft:entity":{"description":{"identifier":"yg:closet","is_spawnable":true,"is_summonable":true,"is_experimental":false,"scripts":{"animate":["hide"]},"animations":{"hide":"controller.animation.hide"}},"components":{"minecraft:health":{"value":10,"max":10},"minecraft:scale":{"value":1},"minecraft:collision_box":{"height":1.8,"width":0.6},"minecraft:knockback_resistance":{"value":999,"max":999},"minecraft:pushable":{"is_pushable":false,"is_pushable_by_piston":false},"minecraft:damage_sensor":{"triggers":{"cause":"all","deals_damage":false}},"minecraft:rideable":{"seat_count":1,"rider_can_interact":true,"crouching_skip_interact":true,"family_types":["player"],"interact_text":"Hide","seats":{"position":[0,0.5,0.2]}},"minecraft:type_family":{"family":["inanimate"]}}}}