{
  "format_version": "1.8.0",
  "minecraft:entity": {
    "description": {
      "identifier": "br:skin_stealer",
      "is_spawnable": true,
      "is_summonable": true,
      "is_experimental": false
    },
    "component_groups": {
      "minecraft:raid_configuration": {
        "minecraft:dweller": {
          "dwelling_type": "village",
          "dweller_role": "hostile",
          "update_interval_base": 60,
          "update_interval_variant": 40,
          "can_find_poi": false,
          "can_migrate": false,
          "first_founding_reward": 0
        },
        "minecraft:behavior.move_to_village": {
          "priority": 3,
          "speed_multiplier": 1.2
        },
        "minecraft:ambient_sound_interval": {
          "value": 2.0,
          "range": 4.0,
          "event_name": "ambient.in.raid"
        }
      }
    },
    "components": {
      "minecraft:breathable": {
        "totalSupply": 15,
        "suffocateTime": 0
      },
      "minecraft:nameable": {
        "alwaysShow": false,
        "allowNameTagRenaming": false
      },
      "minecraft:loot": {
        "table": "loot_tables/entities/witch.json"
      },
      "minecraft:health": {
        "value": 100,
        "max": 100
      },
      "minecraft:movement": {
        "value": 0.25
      },
      "minecraft:navigation.walk": {
        "can_path_over_water": true,
        "avoid_water": false
      },
      "minecraft:movement.basic": {},
      "minecraft:jump.static": {},
      "minecraft:can_climb": {},
      "minecraft:behavior.float": {
        "priority": 1
      },
      "minecraft:behavior.random_stroll": {
        "priority": 4,
        "speed_multiplier": 1.0
      },
      "minecraft:behavior.look_at_player": {
        "priority": 5,
        "look_distance": 8.0
      },
      "minecraft:behavior.random_look_around": {
        "priority": 5,
        "look_distance": 8.0
      },
      "minecraft:behavior.hurt_by_target": {
        "priority": 3
      },
      "minecraft:behavior.nearest_attackable_target": {
        "priority": 2,
        "entity_types": [
          {
            "filters": {
              "any_of": [
                {
                  "test": "is_family",
                  "subject": "other",
                  "value": "player"
                },
                {
                  "test": "is_family",
                  "subject": "other",
                  "value": "snowgolem"
                },
                {
                  "test": "is_family",
                  "subject": "other",
                  "value": "irongolem"
                },
                {
                  "test": "is_family",
                  "subject": "other",
                  "value": "ravager"
                },
                {
                  "test": "is_family",
                  "subject": "other",
                  "value": "villager"
                }
              ]
            },
            "max_dist": 200.0,
            "must_see": false
          }
        ],
        "must_reach": true,
        "within_radius": 0.0,
        "must_see": false
      },
      "minecraft:type_family": {
        "family": [
          "witch",
          "monster"
        ]
      },
      "minecraft:physics": {},
      "minecraft:follow_range": {
        "value": 64
      },
      "minecraft:experience_reward": {
        "on_death": "query.last_hit_by_player ? 10 : 0"
      },
      "minecraft:underwater_movement": {
        "value": 0.02
      },
      "minecraft:scale": {
        "value": 1
      },
      "minecraft:attack": {
        "damage": 65
      },
      "minecraft:behavior.melee_attack": {
        "priority": 2,
        "speed_multiplier": 1.6,
        "target_dist": 0.0,
        "max_dist": 3,
        "random_stop_interval": 100,
        "track_target": false,
        "reach_multiplier": 1.4
      },
      "minecraft:behavior.owner_hurt_by_target": {
        "priority": 1
      },
      "minecraft:behavior.owner_hurt_target": {
        "priority": 2
      },
      "minecraft:behavior.avoid_mob_type": {
        "priority": 3,
        "entity_types": [
          {
            "filters": {
              "other_with_families": [
                "ocelot",
                "player",
                "ravager",
                "villager"
              ]
            },
            "max_dist": 6,
            "walk_speed_multiplier": 1.0,
            "sprint_speed_multiplier": 1.2
          }
        ],
        "max_dist": 6,
        "walk_speed_multiplier": 1.0,
        "sprint_speed_multiplier": 1.2,
        "sneak_speed_multiplier": 1.0
      },
      "minecraft:on_death": {
        "event": "on:death",
        "target": "self"
      },
      "minecraft:on_hurt": {
        "event": "on:hurt",
        "target": "self"
      },
      "minecraft:on_hurt_by_player": {
        "event": "on:hurt_by_player",
        "target": "self"
      },
      "minecraft:on_ignite": {
        "event": "on:ignite",
        "target": "self"
      },
      "minecraft:on_target_acquired": {
        "event": "on:target_acquired",
        "target": "self"
      },
      "minecraft:on_target_escape": {
        "event": "on:target_escape",
        "target": "self"
      },
      "minecraft:on_wake_with_owner": {
        "event": "on:wake_with_owner",
        "target": "self"
      },
      "minecraft:equip_item": {}
    },
    "events": {
      "minecraft:spawn_for_raid": {
        "add": {
          "component_groups": [
            "minecraft:raid_configuration"
          ]
        }
      },
      "on:death": {
        "run_command": {
          "command": []
        }
      },
      "on:hurt": {
        "run_command": {
          "command": []
        }
      },
      "on:hurt_by_player": {
        "run_command": {
          "command": []
        }
      },
      "on:ignite": {
        "run_command": {
          "command": []
        }
      },
      "on:target_acquired": {
        "run_command": {
          "command": []
        }
      },
      "on:target_escape": {
        "run_command": {
          "command": []
        }
      },
      "on:wake_with_owner": {
        "run_command": {
          "command": []
        }
      }
    }
  }
}