{
  "format_version": "1.16.100",
  "minecraft:item": {
    "description": {
      "identifier": "wesl3y:haki_armament1",
      "category": "commands"
    },

    "components": {
	  "tag:haki_armament": {},
	  "tag:haki_armament1": {},
      "minecraft:icon": {
        "texture": "haki_armament"
      },
      "minecraft:max_stack_size": 1,
      "minecraft:hand_equipped": true,
	  "minecraft:wearable": {
	    "slot": "slot.armor.feet"
	  },
	  "minecraft:armor": {
		"protection": 3
	  },
      "minecraft:display_name": {
        "value": "§5Haki Armament\n§7Arms\n(Crouch With Item)"
      },
      "minecraft:render_offsets": {
	    "main_hand": {
		  "first_person": { 
		    "scale": [0.0,0.0,0.0]
		  },
		  "third_person": { 
			"scale": [0.0,0.0,0.0]
		  }
		}
	  }
    }
  }
}