{
  "format_version": "1.13.0",
  "minecraft:entity": {
    "description": {
      "identifier": "onepiece_addon:hiken_p",
      "is_spawnable": false,
      "is_summonable": true,
      "is_experimental": false,
      "runtime_identifier": "minecraft:snowball",
      "scripts":{
        "animate":["hiken"]
      },
      "animations":{
        "hiken":"controller.animation.hiken"
      }
    },
    "component_groups": {
    },

    "components": {
      "minecraft:type_family": {
        "family": [ "meramera" ]
      },
      "minecraft:projectile": {
        "power": 1.5,
        "gravity": 0,
        "angle_offset": 0.0,
        "inertia": 1,
        "knockback":false,
        "liquid_inertia": 0.1
      },
      "minecraft:collision_box": {
        "width":0.0,
        "height":0.0
      },
      "minecraft:physics": {
      },
      "minecraft:transformation": {
        "into": "onepiece_addon:despawn",
        "delay": 1.5
      },
      "minecraft:pushable": {
        "is_pushable": false,
        "is_pushable_by_piston": false
      },
      "minecraft:conditional_bandwidth_optimization": {
        "default_values": {
          "max_optimized_distance": 80.0,
          "max_dropped_ticks": 10,
          "use_motion_prediction_hints": true
        }
      }
    },

    "events": {
    }

  }
}