{
  "format_version": "1.16.100",
  "minecraft:entity": {
    "description": {
      "identifier": "onepiece_addon:kaen_ryuo_p",
      "is_spawnable": false,
      "is_summonable": true,
      "is_experimental": false,
      "runtime_identifier": "minecraft:snowball",
      "scripts":{
        "animate":["1"]
      },
      "animations":{
        "1":"controller.animation.kaen_ryuo_p"
      }
    },
    "component_groups": {
    },

    "components": {
      "minecraft:type_family": {
        "family": [ "meramera" ]
      },
      "minecraft:projectile": {
        "on_hit": {
          "remove_on_hit": {},
          "stick_in_ground": {
            "shake_time" : 0.35
          }
        },
        "power": 1.5,
        "gravity": 0.00,
        "uncertainty_base": 1,
        "uncertainty_multiplier": 0,
        "anchor": 1,
        "should_bounce": true,
        "offset": [ 0, -0.1, 0 ]
      },
      "minecraft:collision_box": {
        "width":0.0,
        "height":0.0
      },
      "minecraft:physics": {
      },
      "minecraft:transformation": {
        "into": "onepiece_addon:despawn",
        "delay": 1.5
      },
      "minecraft:pushable": {
        "is_pushable": false,
        "is_pushable_by_piston": false
      },
      "minecraft:damage_sensor": {
        "triggers": {
            "on_damage": {"filters": {}},
            "deals_damage": false
        }
      },
      "minecraft:conditional_bandwidth_optimization": {
        "default_values": {
          "max_optimized_distance": 80.0,
          "max_dropped_ticks": 10,
          "use_motion_prediction_hints": true
        }
      }
    },

    "events": {
    }

  }
}