{
  "format_version":"1.16.100",
  "animation_controllers":{
    "controller.animation.law2":{
      "states":{
        "default":{
          "transitions":[
            {"k":"query.variant == 27000"},
            {"kurouzu":"query.variant == 270"},
            {"0":"query.get_equipped_item_name == 'gamma_knife' && variable.attack_time && !query.is_in_water"}
          ]
        },
        "0":{
          "transitions":[
            {"default":"!variable.attack_time"}
          ],
          "on_entry":[
            "/function mob/law2_gamma_knife"
          ]
        },
        "kurouzu":{
          "transitions":[
            {"default":"query.variant == 0"}
          ]
        },
        "k":{}
      }
    }
  }
}