{
  "format_version": "1.16.0",
  "minecraft:entity": {
    "description": {
      "identifier": "random:death_moth",
      "is_spawnable": true,
      "is_summonable": true,
      "is_experimental": false
    },

    "components": {
      "minecraft:conditional_bandwidth_optimization": {
      },
      "minecraft:physics": {
        "has_gravity": true
      },
      "minecraft:can_fly": {
      },
      "minecraft:damage_sensor": {
        "triggers": {
          "cause": "fall",
          "deals_damage": false
        }
      },
      "minecraft:navigation.fly": {
        "can_path_over_water": true,
        "can_path_from_air": true
      },
      "minecraft:movement.fly": {
      },
      "minecraft:behavior.tempt": {
        "priority": 4,
        "items": [
          "wheat_seeds",
          "random:almond_water"
        ]
      },
      "minecraft:tameable": {
        "probability": 0.33,
        "tame_items": "random:almond_water",
        "tame_event": {
          "event": "minecraft:on_tame",
          "target": "self"
        }
      },
      "minecraft:healable": {
        "items": [
          {
            "item": "random:almond_water",
            "heal_amount": 3
          }
        ]
      },
      "minecraft:behavior.follow_owner": {
        "priority": 6,
        "speed_multiplier": 1.0,
        "start_distance": 10,
        "stop_distance": 2
      },
      "minecraft:behavior.random_fly": {
        "priority": 1,
        "xz_dist": 10,
        "y_dist": 0.1,
        "y_offset": 0,
        "can_land_on_trees": true,
        "avoid_damage_blocks": true
      },
      "minecraft:behavior.look_at_player": {
        "priority": 7,
        "look_distance": 6.0,
        "probability": 0.02
      },
      "minecraft:behavior.random_look_around": {
        "priority": 9
      },
      "minecraft:health": {
        "value": 20,
        "max": 20
      },
      "minecraft:type_family": {
        "family": ["player"]
      },
      "minecraft:behavior.hurt_by_target": {
        "priority": 1
      },
      "minecraft:behavior.melee_attack": {
        "priority": 3
      },
      "minecraft:attack": {
        "damage": 5
      },
      "minecraft:behavior.float": {
        "priority": 0
      },
      "minecraft:movement.basic": {},
      "minecraft:movement": {
        "value": 0.35
      },
      "minecraft:scale": {
        "value":0.50
      },
      "minecraft:can_climb": {},
      "minecraft:jump.static": {},
      "minecraft:collision_box": {
        "width": 0.8,
        "height": 1.5
      }
    }
  }
}
