{
    "format_version": "1.16.0",
    "minecraft:entity": {
      "description": {
        "identifier": "random:window_entity",
        "is_spawnable": true,
        "is_summonable": true,
        "is_experimental": false
      },
      "components": {
        "minecraft:physics": {
            "has_gravity": true
      },
    "minecraft:conditional_bandwidth_optimization": {},
      "minecraft:behavior.look_at_player": {
        "priority": 5,
        "look_distance": 6.0,
        "probability": 0.02
      },
      "minecraft:behavior.random_look_around": {
        "priority": 3
      },
      "minecraft:health": {
        "value": 40,
        "max": 40
      },
      "minecraft:type_family": {
        "family": [ "backrooms_entity" ]
      },
      "minecraft:behavior.hurt_by_target": {
        "priority": 1
      },
      "minecraft:behavior.delayed_attack": {
        "priority": 1,
        "reach_multiplier": 1,
        "speed_multiplier": 1,
        "attack_duration": 0.1,
        "hit_delay_pct": 1,
        "track_target": true,
        "sound_event": "attack.strong"
      },
      "minecraft:behavior.melee_attack": {
        "priority": 3
      },
      "minecraft:attack": {
        "damage": 1000
      },
      "minecraft:behavior.float": {
        "priority": 0
      },
      "minecraft:can_climb": {
      },
      "minecraft:jump.static": {
      },
      "minecraft:collision_box": {
        "width": 0.9,
        "height": 1.9
      }
    }
  }
}