{
  "format_version": "1.13.0",
  "minecraft:feature_rules": {
    "description": {
      "identifier": "wesl3y:sea_ship_feature",
      "places_feature": "wesl3y:ship_feature"
    },
    "conditions": {
      "placement_pass": "surface_pass",
      "minecraft:biome_filter": [
        {
          "all_of": [
            {
              "test": "has_biome_tag",
              "operator": "==",
              "value": "ocean"
            }
          ]
        }
      ]
    },
    "distribution": {
      "iterations": 1,
      "scatter_chance": 0.4,
      "coordinate_eval_order": "xzy",
      "x": {
        "distribution": "uniform",
        "extent": [ 0, 10 ]
      },
      "y": "query.heightmap(variable.worldx, variable.worldz)-2",
      "z": {
        "distribution": "uniform",
        "extent": [ 0, 10 ]
      }
    }
  }
}