{
  "format_version":"1.16.100",
  "animation_controllers":{
    "controller.animation.ace":{
      "states":{
        "default":{
          "transitions":[
            {"k":"query.variant == 27000"},
            {"kurouzu":"query.variant == 270"},
            {"ace1":"query.has_target && !query.is_in_water"}
          ]
        },
        "ace1":{
          "transitions":[
            {"default":"variable.time = (variable.time ?? 0);variable.time = variable.time < 200 ? variable.time + 1:0;return variable.time == 0;"}
          ],
          "on_entry":[
            "/fill ~16~~16 ~-16~~-16 fire 0 replace air"
          ]
        },
        "kurouzu":{
          "transitions":[
            {"default":"query.variant == 0"}
          ]
        },
        "k":{}
      }
    },
    "controller.animation.ace2":{
      "states":{
        "default":{
          "transitions":[
            {"k":"query.variant == 27000"},
            {"kurouzu":"query.variant == 270"},
            {"ace1":"query.has_target && !query.is_in_water"}
          ]
        },
        "ace1":{
          "transitions":[
            {"default":"(1.0)"}
          ],
          "on_entry":[
            "/particle onepiece_addon:mera_move_particle ~~~",
            "/effect @s speed 1 3 true"
          ]
        },
        "kurouzu":{
          "transitions":[
            {"default":"query.variant == 0"}
          ]
        },
        "k":{}
      }
    }
  }
}