
 {
	"format_version": "1.16.100",
	"minecraft:biome": {
		"description": {
			"identifier": "kaitei"
		},
  "components": {
    "minecraft:climate":{
    },
    "minecraft:overworld_height":{
      "noise_type":"deep_ocean"
    },
    "minecraft:surface_parameters":{
      "top_material":"minecraft:stone",//表面
      "mid_material":"minecraft:stone",//表面から2~4
      "sea_floor_material":"minecraft:stone",//海底の表面
      "foundation_material":"minecraft:stone",//表面から4ブロック以下
      "sea_floor_depth":7,//海底の表面の出てくる深さ
      "sea_material":"minecraft:water"
    },
    "minecraft:surface_material_adjustments":{
      "adjustments":[
        {
          "materials":{
            "foundation_material":"onepiece_addon:kairouseki_block"
          },
          "noise_range":[-0.1, 0.1]
        }
      ]
    },
    "minecraft:overworld_generation_rules":{
      "generate_for_climates":[
        ["lukewarm",1],
        ["warm",1],
        ["cold",1],
        ["frozen",1]
      ]
    },
    "monster": {},
    "overworld": {},
    "plains": {},
    "ocean":{}
  }
}
}
