{
  "format_version": "1.12",
  "minecraft:recipe_shaped": {
    "description": {
    "identifier": "wesl3y:food_plate"
    },

    
    "tags": [ "crafting_table" ],
    "pattern": [
      "SZL",
      "#X#"
    ],
    "key": {
      "S": {
        "item": "wesl3y:fish_blue2"
      },
      "Z": {
        "item": "wesl3y:fish_green2"
      },
      "L": {
        "item": "wesl3y:sea_king2"
      },
      "X": {
        "item": "minecraft:bowl"
      }
    },
    "result": {
      "item": "wesl3y:food_plate"
    }
  }
}