{
  "format_version": "1.12",
  "minecraft:recipe_shaped": {
    "description": {
    "identifier": "wesl3y:sniper"
    },

    
    "tags": [ "crafting_table" ],
    "pattern": [
      "ZXL",
      "LSX",
      "LXS"
    ],
    "key": {
      "X": {
        "item": "minecraft:stick"
      },
      "S": {
        "item": "minecraft:gold_ingot"
      },
      "Z": {
        "item": "minecraft:iron_ingot"
      }
    },
    "result": {
      "item": "wesl3y:sniper"
    }
  }
}