{
  "format_version": "1.12",
  "minecraft:recipe_shaped": {
    "description": {
      "identifier": "motoserra_11b0e0f3"
    },
    "tags": [
      "crafting_table"
    ],
    "pattern": [
      "  A",
      "BA ",
      "C  "
    ],
    "key": {
      "A": {
        "item": "minecraft:iron_ingot",
        "data": 0
      },
      "B": {
        "item": "minecraft:chain",
        "data": 0
      },
      "C": {
        "item": "minecraft:concrete",
        "data": 14
      }
    },
    "result": {
      "item": "mn:motoserra",
      "count": 1
    }
  }
}