{
  "format_version": "1.16.0",
  "minecraft:entity": {
    "description": {
      "identifier": "wesl3y:attack_alvida",
      "is_spawnable": false,
      "is_summonable": true,
      "is_experimental": false
    },
    "component_groups": {
      "wesl3y:despawn": {
        "minecraft:transformation": {
          "into": "wesl3y:despawn",
          "delay": 0.0
        }
      }
    },
    "components": {
      "minecraft:type_family": {
        "family": [
          "sla"
        ]
      },
      "minecraft:scale": {
        "value": 1.0
      },
      "minecraft:knockback_resistance": {
        "value": 1.0
      },
      "minecraft:damage_sensor": {
        "triggers": [
          {
            "cause": "all",
            "deals_damage": false
          }
        ]
      },
      "minecraft:environment_sensor": {
        "triggers": [
          {
            "event": "wesl3y:command"
          }
        ]
      },
      "minecraft:timer": {
        "time": 0.2,
        "looping": true,
        "time_down_event": {
          "event": "wesl3y:despawn"
        }
      },
      "minecraft:behavior.knockback_roar": {
        "priority": 1,
        "duration": 0.1,
        "attack_time": 0.1,
        "knockback_damage": [7, 11],
        "knockback_horizontal_strength": 3,
        "knockback_range": 3,
        "knockback_filters": {
          "test": "is_family",
          "subject": "other",
          "operator": "!=",
          "value": "alvida"
        },
        "damage_filters": {
          "test": "is_family",
          "subject": "other",
          "operator": "!=",
          "value": "alvida"
        },
        "on_roar_end": {
          "event": "wesl3y:"
        },
        "cooldown_time": 0.1
      },
      "minecraft:physics": {},
      "minecraft:pushable": {
        "is_pushable": false,
        "is_pushable_by_piston": false
      }
    },
    "events": {
      "wesl3y:command": {},
      "wesl3y:despawn": {
        "add": {
          "component_groups": [
            "wesl3y:despawn"
          ]
        }
      }
    }
  }
}