{
  "format_version": "1.16.0",
  "minecraft:entity": {
    "description": {
      "identifier": "wesl3y:attack_crocodile",
      "is_spawnable": false,
      "is_summonable": true,
      "is_experimental": false,
	  "runtime_identifier": "minecraft:snowball"
    },
	
	"component_groups": {},
	
    "components": {
      "minecraft:type_family": {
        "family": [ "suna", "attack", "projectile" ]
      },
      "minecraft:collision_box": {
        "width": 0.5,
        "height": 0.5
      },
	  "minecraft:scale": {
	    "value": 1.0
	  },
      "minecraft:environment_sensor": {
        "triggers": [
          {
            "event": "wesl3y:command"
          }
        ]
      },
      "minecraft:explode": {
        "fuseLength": 1.5,
        "fuseLit": true,
        "power": 0,
        "breaks_blocks": false
      },
      "minecraft:projectile": {
        "on_hit": {
          "impact_damage": {
            "damage": [12, 16],
            "knockback": true,
            "semirandomdiffdamage": false,
            "destroy_on_hit": false
          },
          "definition_event": {
            "affectProjectile": true,
            "eventTrigger": {
			  "event": "minecraft:event_lightning",
			  "target": "self"
			}
          }
        },
        "power": 1.0,
        "gravity": 0.001,
        "angle_offset": 0.0,
        "inertia": 1,
        "liquid_inertia": 1,
        "reflect_on_hurt": false,
	    "catch_fire": false,
		"uncertaintyBase": 0,
        "offset": [ 0, 0.5, 0 ]
      },
      "minecraft:physics": {}
    },
	
	"events": {
	  "wesl3y:command": {
		"run_command": {
		  "command": [
		    "damage @e[family=!attack,tag=!suna_fruit,family=!suna_fruit,r=3] 16 entity_attack entity @s",
			"particle wesl3y:suna_desert_spada ~~~"
		  ]
		}
	  }
	}
  }
}