{
  "format_version": "1.16.0",
  "minecraft:entity": {
    "description": {
      "identifier": "wesl3y:attack_buggy",
      "is_spawnable": false,
      "is_summonable": true,
      "is_experimental": false,
	  "runtime_identifier": "minecraft:snowball"
    },
	
	"component_groups": {},
	
    "components": {
      "minecraft:type_family": {
        "family": [ "sword_attack", "attack", "projectile" ]
      },
      "minecraft:collision_box": {
        "width": 0.5,
        "height": 0.5
      },
	  "minecraft:scale": {
	    "value": 0.8
	  },
      "minecraft:explode": {
        "fuseLength": 1.5,
        "fuseLit": true,
        "power": 0,
        "breaks_blocks": false
      },
      "minecraft:projectile": {
        "on_hit": {
          "impact_damage": {
            "damage": [7, 11],
            "knockback": true,
            "semirandomdiffdamage": false,
            "destroy_on_hit": false
          },
          "stick_in_ground": {
            "shake_time": 2.0
          },
          "definition_event": {
            "affectProjectile": true,
            "eventTrigger": {
			  "event": "minecraft:event_lightning",
			  "target": "self"
			}
          }
        },
        "power": 1.0,
        "gravity": 0.001,
        "angle_offset": 0.0,
        "inertia": 1,
        "liquid_inertia": 1,
        "reflect_on_hurt": true,
	    "catch_fire": false,
		"uncertaintyBase": 10,
        "offset": [ 0, 1.8, 0 ]
      },
      "minecraft:physics": {}
    },
	
	"events": {}
  }
}