{
  "format_version": "1.13.0",
  "minecraft:entity": {    
    "description": {
      "identifier": "onepiece_addon:blackmamba_attack",
      "is_spawnable": false,
      "is_summonable": true,
      "is_experimental": false
    },
    "component_groups": {
    },
    "components": {
      "minecraft:type_family": {
        "family": ["blackmamba_e","b_haki"]
      },
      "minecraft:behavior.knockback_roar": {
        "duration": 999,
        "attack_time": 0.1,
        "knockback_damage": 10,
        "knockback_strength": 1,
        "knockback_range": 2,
        "knockback_filters": {
          "all_of":[
            {
              "test": "has_tag",
              "subject": "other",
              "operator": "!=",
              "value": "snakeman"
            },
            {
              "test": "is_family",
              "subject": "other",
              "operator": "!=",
              "value": "blackmamba_e"
            }
          ]
        },
        "damage_filters": {
          "all_of":[
            {
              "test": "has_tag",
              "subject": "other",
              "operator": "!=",
              "value": "snakeman"
            },
            {
              "test": "is_family",
              "subject": "other",
              "operator": "!=",
              "value": "blackmamba_e"
            }
          ]
        }
      },
      "minecraft:transformation": {
        "into": "onepiece_addon:despawn",
        "delay": 0.3
      },
      "minecraft:collision_box": {
        "width": 0.0,
        "height": 0.0
      },
      "minecraft:damage_sensor": {
        "triggers": {
            "on_damage": {"filters": {}},
            "deals_damage": false
        }
      }
    },
    "events": {
    }
  }
}