{
  "format_version": "1.13.0",
  "minecraft:entity": {    
    "description": {
      "identifier": "onepiece_addon:blackmamba_e",
      "is_spawnable": false,
      "is_summonable": true,
      "is_experimental": false,
      "scripts": {
        "animate": ["blackmamba_e"]
      },
      "animations": {
        "blackmamba_e":"controller.animation.blackmamba_e"
      }
    },
    "component_groups": {
      "onepiece_addon:despawn":{
        "minecraft:transformation":{
          "into": "onepiece_addon:despawn"
        }
      }
    },
    "components": {
      "minecraft:type_family": {
        "family": ["blackmamba_e"]
      },
      "minecraft:environment_sensor": {
        "triggers": [
          {
            "filters": {
              "all_of": [
                {
                  "test":"has_tag",
                  "operator":"==",
                  "subject":"self",
                  "value":"despawn"
                }
              ]
            },
            "event": "onepiece_addon:be_despawn"
          }
        ]
      },
      "minecraft:collision_box": {
        "width": 0.0,
        "height": 0.0
      },
      "minecraft:damage_sensor": {
        "triggers": {
            "on_damage": {"filters": {}},
            "deals_damage": false
        }
      }
    },
    "events": {
      "onepiece_addon:be_despawn":{
        "add":{
          "component_groups":[
            "onepiece_addon:despawn"
          ]
        }
      }
    }
  }
}