
 {
	"format_version": "1.16.100",
	"minecraft:item": {
		"description": {
			"identifier": "onepiece_addon:devilFruit_hobihobi",
			"category": "items"
		},
  "components": {
    "minecraft:use_duration":1,
    "minecraft:use_animation":"eat",
    "minecraft:food":{
      "nutrition":1,
      "can_always_eat":true,
      "saturation_modifier":"poor",
      "on_consume":{
        "event":"onepiece_addon:be_hobihobi"
      }
    },
    "minecraft:max_stack_size": 1,
    "minecraft:icon":{
      "texture": "devilFruit_hobihobi"
    },
    "minecraft:display_name":{
      "value":"item.onepiece_addon:devilFruit.name"
    },
    "minecraft:explodable":false
  },
  "events":{
    "onepiece_addon:be_hobihobi":{
      "sequence":[
        {
          "add_mob_effect":{
            "effect":"nausea",
            "target":"holder",
            "duration":10,
            "amplifier":1
          }
        },
        {
          "run_command":{
            "command":"function akumanomi/reset"
          }
        },
        {
          "run_command":{
            "command":"tag @s[tag=!devil] add devil"
          }
        },
        {
          "run_command":{
            "command":"give @s[tag=unlimited] onepiece_addon:devilFruit_reset"
          }
        },
        {
          "run_command":{
            "command":"tag @s add hobihobi"
          }
        },
        {
          "run_command":{
            "command":"function akumanomi/hobihobi/hobi_give"
          }
        },
        {
          "run_command":{
            "command":"function akumanomi/score"
          }
        }
      ]
    }
  }
}
}
