
 {
	"format_version": "1.16.100",
	"minecraft:item": {
		"description": {
			"identifier": "onepiece_addon:devilFruit_reset",
			"category": "items"
		},
  "components": {
    "minecraft:use_duration":1,
    "minecraft:use_animation":"eat",
    "minecraft:food":{
      "nutrition":1,
      "can_always_eat":true,
      "saturation_modifier":"poor",
      "on_consume":{
        "event":"onepiece_addon:be_reset"
      }
    },
    "minecraft:max_stack_size": 64,
    "minecraft:icon":{
      "texture": "devilFruit_reset"
    },
    "minecraft:display_name":{
      "value":"item.onepiece_addon:devilFruit_reset.name"
    },
    "minecraft:explodable":false
  },
  "events":{
    "onepiece_addon:be_reset":{
      "sequence":[
        {
          "run_command":{
            "command":"function akumanomi/reset_message"
          }
        },
        {
          "run_command":{
            "command":"function akumanomi/score_reset"
          }
        },
        {
          "run_command":{
            "command":"tag @s remove devil"
          }
        },
        {
          "run_command":{
            "command":"function akumanomi/reset"
          }
        }
      ]
    }
  }
}
}
