{
  "format_version": "1.16.0",
  "minecraft:entity": {
    "description": {
      "identifier": "wesl3y:babe",
      "is_spawnable": true,
      "is_summonable": true,
      "is_experimental": false,
      "scripts": {
        "animate": [
          "regen",
          "mob",
          "pvp"
        ]
      },
      "animations": {
        "regen": "animation.regen",
        "mob": "controller.animation.babe",
        "pvp": "controller.animation.pvp_mob"
      }
    },
    "component_groups": {
      "wesl3y:despawn": {
        "minecraft:instant_despawn": {}
      },
      "wesl3y:ground": {
        "minecraft:movement": {
          "value": 0.25
        },
        "minecraft:flying_speed": {
          "value": 0.025
        },
        "minecraft:navigation.walk": {
          "is_amphibious": true,
          "can_break_doors": true
        },
        "minecraft:physics": {},
        "minecraft:movement.basic": {}
      },
      "wesl3y:fly": {
        "minecraft:is_chested": {},
        "minecraft:flying_speed": {
          "value": 0.55
        },
        "minecraft:navigation.hover": {
          "avoid_damage_blocks": true,
          "can_path_from_air": true,
          "can_path_over_water": true,
          "can_sink": false
        },
        "minecraft:physics": {
          "has_gravity": false
        },
        "minecraft:can_fly": {},
        "minecraft:movement.hover": {}
      },
      "wesl3y:melee": {
        "minecraft:is_sheared": {}
      },
      "wesl3y:ranged": {
        "minecraft:is_saddled": {},
        "minecraft:timer": {
          "time": 0.1,
          "looping": true,
          "time_down_event": {
            "event": "wesl3y:shooter"
          }
        }
      },
      "wesl3y:shooter": {
        "minecraft:is_charged": {},
        "minecraft:shooter": {
          "def": "wesl3y:attack_babe"
        },
        "minecraft:behavior.ranged_attack": {
          "priority": 10,
          "charge_charged_trigger": 0.5,
          "charge_shoot_trigger": 0.5,
          "attack_interval_min": 5,
          "attack_interval_max": 5,
          "attack_radius": 30
        },
        "minecraft:timer": {
          "time": 2,
          "looping": true,
          "time_down_event": {
            "event": "wesl3y:melee"
          }
        }
      }
    },
    "components": {
      "minecraft:experience_reward": {
        "on_death": "query.last_hit_by_player ? 11 : 10"
      },
      "minecraft:type_family": {
        "family": [
          "pirate",
          "babe",
          "boss"
        ]
      },
      "minecraft:breathable": {
        "total_supply": 15,
        "suffocate_time": 0
      },
      "minecraft:collision_box": {
        "width": 0.8,
        "height": 1.8
      },
      "minecraft:health": {
        "value": 650,
        "max": 650
      },
      "minecraft:attack": {
        "damage": [10, 14]
      },
      "minecraft:scale": {
        "value": 1.6
      },
      "minecraft:equipment": {
        "table": "loot_tables/hand/babe.json"
      },
      "minecraft:loot": {
        "table": "loot_tables/entities/babe.json"
      },
      "minecraft:knockback_resistance": {
        "value": 0.22
      },
      "minecraft:follow_range": {
        "value": 64,
        "max": 64
      },
      "minecraft:behavior.float": {
        "priority": 0
      },
      "minecraft:rideable": {
        "seat_count": 1,
        "family_types": [
          "hana"
        ],
        "seats": [
          {
            "position": [ 0.0, 0.7, 0.25 ],
            "lock_rider_rotation": 0
          }
        ]
      },
      "minecraft:behavior.nearest_attackable_target": {
        "priority": 2,
        "must_see": true,
        "reselect_targets": true,
        "entity_types": [
          {
            "filters": {
              "all_of": [
                {
                  "test": "is_family",
                  "subject": "other",
                  "value": "player"
                },
                {
                  "test": "has_tag",
                  "subject": "other",
                  "operator": "!=",
                  "value": "shichibukai"
                },
                {
                  "test": "has_tag",
                  "subject": "other",
                  "operator": "!=",
                  "value": "yonkou"
                },
                {
                  "any_of": [
                    {
                      "test": "has_tag",
                      "subject": "other",
                      "value": "pirate3"
                    },
                    {
                      "test": "has_tag",
                      "subject": "other",
                      "value": "pirate4"
                    },
                    {
                      "test": "has_tag",
                      "subject": "other",
                      "value": "pirate5"
                    }
                  ]
                }
              ]
            },
            "max_dist": 64
          }
        ]
      },
      "minecraft:behavior.hurt_by_target": {
        "priority": 1
      },
      "minecraft:behavior.random_stroll": {
        "priority": 7,
        "speed_multiplier": 1
      },
      "minecraft:behavior.look_at_player": {
        "priority": 8,
        "look_distance": 6,
        "probability": 0.02
      },
      "minecraft:behavior.random_look_around": {
        "priority": 9
      },
      "minecraft:hurt_on_condition": {
        "damage_conditions": [
          {
            "filters": {
              "test": "in_lava",
              "subject": "self",
              "operator": "==",
              "value": true
            },
            "cause": "lava",
            "damage_per_tick": 4
          }
        ]
      },
      "minecraft:damage_sensor": {
        "triggers": [
          {
            "on_damage": {
              "filters": {
                "all_of": [
                  {
                    "test": "has_damage",
                    "value": "fatal"
                  },
                  {
                    "test": "is_family",
                    "subject": "other",
                    "value": "player"
                  }
                ]
              },
              "event": "wesl3y:kill",
              "target": "self"
            }
          }
        ]
      },
      "minecraft:scheduler": {
        "min_delay_secs": 0,
        "max_delay_secs": 0,
        "scheduled_events": [
          {
            "filters": {
              "all_of":[
                { "test": "distance_to_nearest_player", "operator": ">", "value": 100 }
              ]
            },
            "event": "wesl3y:despawn"
          }
        ]
      },
      "minecraft:on_target_acquired": {},
      "minecraft:despawn": {
        "despawn_from_distance": {}
      },
      "minecraft:nameable": {},
      "minecraft:jump.static": {},
      "minecraft:can_climb": {},
      "minecraft:conditional_bandwidth_optimization": {},
      "minecraft:pushable": {
        "is_pushable": true,
        "is_pushable_by_piston": true
      }
    },
    "events": {
      "wesl3y:kill": {
        "run_command": {
          "command": [
            "scoreboard players add @s[tag=!babe] recompensa 3500",
            "tag @s[tag=!babe] add babe",
            "scoreboard players add @s[tag=hArmament] xp_hakiarm 12",
            "scoreboard players add @s[tag=hObservation] xp_hakiobs 12",
            "scoreboard players add @s xp_health 12",
            "scoreboard players add @s xp_strength 12",
            "scoreboard players add @s xp_speed 12",
            "scoreboard players add @s xp_jump 12"
          ],
          "target": "other"
        }
      },
      "wesl3y:despawn": {
        "add": {
          "component_groups": [
            "wesl3y:despawn"
          ]
        }
      },
      "wesl3y:to_walk": {
        "remove": {
          "component_groups": [
            "wesl3y:fly"
          ]
        },
        "add": {
          "component_groups": [
            "wesl3y:ground"
          ]
        }
      },
      "wesl3y:to_fly": {
        "remove": {
          "component_groups": [
            "wesl3y:ground"
          ]
        },
        "add": {
          "component_groups": [
            "wesl3y:fly"
          ]
        }
      },
      "wesl3y:melee": {
        "remove": {
          "component_groups": [
            "wesl3y:ranged",
            "wesl3y:shooter"
          ]
        },
        "add": {
          "component_groups": [
            "wesl3y:melee"
          ]
        }
      },
      "wesl3y:ranged": {
        "remove": {
          "component_groups": [
            "wesl3y:melee"
          ]
        },
        "add": {
          "component_groups": [
            "wesl3y:ranged"
          ]
        }
      },
      "wesl3y:shooter": {
        "run_command": {
          "command": [
            "playanimation @s animation.babe.ranged wesl3y"
          ]
        },
        "remove": {
          "component_groups": [
            "wesl3y:ranged"
          ]
        },
        "add": {
          "component_groups": [
            "wesl3y:shooter"
          ]
        }
      },
      "minecraft:entity_spawned": {
        "add": {
          "component_groups": [
            "wesl3y:ground",
            "wesl3y:melee"
          ]
        }
      }
    }
  }
}