{
  "format_version": "1.16.0",
  "minecraft:entity": {
    "description": {
      "identifier": "wesl3y:zoro_alabasta",
      "is_spawnable": true,
      "is_summonable": true,
      "is_experimental": false,
      "scripts": {
        "animate": [
          "regen",
          "mob",
          "pvp"
        ]
      },
      "animations": {
        "regen": "animation.regen",
        "mob": "controller.animation.zoro_alabasta",
        "pvp": "controller.animation.pvp_mob"
      }
    },
    "component_groups": {
      "wesl3y:ground": {
        "minecraft:movement": {
          "value": 0.25
        },
        "minecraft:flying_speed": {
          "value": 0.025
        },
        "minecraft:navigation.walk": {
          "is_amphibious": true,
          "can_break_doors": true
        },
        "minecraft:physics": {},
        "minecraft:movement.basic": {}
      },
      "wesl3y:fly": {
        "minecraft:flying_speed": {
          "value": 0.52
        },
        "minecraft:navigation.hover": {
          "avoid_damage_blocks": true,
          "can_path_from_air": true,
          "can_path_over_water": true,
          "can_sink": false
        },
        "minecraft:physics": {
          "has_gravity": false
        },
        "minecraft:can_fly": {},
        "minecraft:movement.hover": {}
      },
      "wesl3y:melee": {
        "minecraft:behavior.melee_attack": {
          "priority": 2,
          "speed_multiplier": 2.0,
          "track_target": true
        },
        "minecraft:behavior.delayed_attack": {
          "priority": 0,
          "attack_once": false,
          "track_target": true,
          "require_complete_path": false,
          "random_stop_interval": 0,
          "reach_multiplier": 1.5,
          "speed_multiplier": 1.8,
          "attack_duration": 0.19,
          "hit_delay_pct": 0.1
        }
      },
      "wesl3y:ranged": {},
      "wesl3y:shooter": {},
      "wesl3y:despawn": {
        "minecraft:instant_despawn": {}
      }
    },
    "components": {
      "minecraft:experience_reward": {
        "on_death": "query.last_hit_by_player ? 3 : 2"
      },
      "minecraft:type_family": {
        "family": [
          "pirate",
          "zoro",
          "boss"
        ]
      },
      "minecraft:breathable": {
        "total_supply": 15,
        "suffocate_time": 0
      },
      "minecraft:collision_box": {
        "width": 0.6,
        "height": 1.8
      },
      "minecraft:health": {
        "value": 750,
        "max": 750
      },
      "minecraft:attack": {
        "damage": [11, 15]
      },
      "minecraft:scale": {
        "value": 1.0
      },
      "minecraft:equipment": {
        "table": "loot_tables/hand/zoro_alabasta.json"
      },
      "minecraft:loot": {
        "table": "loot_tables/entities/zoro_alabasta.json"
      },
      "minecraft:knockback_resistance": {
        "value": 0.27
      },
      "minecraft:follow_range": {
        "value": 64,
        "max": 64
      },
      "minecraft:behavior.float": {
        "priority": 0
      },
      "minecraft:rideable": {
        "seat_count": 1,
        "family_types": [
          "hana"
        ],
        "seats": [
          {
            "position": [ 0.0, 0.0, 0.0 ],
            "lock_rider_rotation": 0
          }
        ]
      },
      "minecraft:behavior.nearest_attackable_target": {
        "priority": 2,
        "must_see": true,
        "reselect_targets": true,
        "entity_types": [
          {
            "filters": {
              "test": "has_tag",
              "subject": "other",
              "value": "empty"
            },
            "max_dist": 64
          }
        ]
      },
      "minecraft:behavior.hurt_by_target": {
        "priority": 1
      },
      "minecraft:behavior.random_stroll": {
        "priority": 7,
        "speed_multiplier": 1
      },
      "minecraft:behavior.look_at_player": {
        "priority": 8,
        "look_distance": 6,
        "probability": 0.02
      },
      "minecraft:behavior.random_look_around": {
        "priority": 9
      },
      "minecraft:hurt_on_condition": {
        "damage_conditions": [
          {
            "filters": {
              "test": "in_lava",
              "subject": "self",
              "operator": "==",
              "value": true
            },
            "cause": "lava",
            "damage_per_tick": 4
          }
        ]
      },
      "minecraft:damage_sensor": {
        "triggers": [
          {
            "on_damage": {
              "filters": {
                "all_of": [
                  {
                    "test": "has_damage",
                    "value": "fatal"
                  },
                  {
                    "test": "is_family",
                    "subject": "other",
                    "value": "player"
                  }
                ]
              },
              "event": "wesl3y:kill",
              "target": "self"
            }
          }
        ]
      },
      "minecraft:environment_sensor": {
        "triggers": [
          {
            "filters": {
              "all_of": [
                { "test": "has_equipment", "subject": "self", "domain": "hand", "operator": "!=", "value": "wesl3y:sandai_kitetsu_sheath" },
                { "test": "has_target", "value": false }
              ]
            },
            "event": "wesl3y:swords"
          },
          {
            "filters": {
              "all_of": [
                { "test": "has_equipment", "subject": "self", "domain": "hand", "operator": "==", "value": "wesl3y:sandai_kitetsu_sheath" },
                { "test": "has_target", "value": true }
              ]
            },
            "event": "wesl3y:swords2"
          }
        ]
      },
      "minecraft:scheduler": {
        "min_delay_secs": 0,
        "max_delay_secs": 0,
        "scheduled_events": [
          {
            "filters": {
              "all_of":[
                { "test": "distance_to_nearest_player", "operator": ">", "value": 100 }
              ]
            },
            "event": "wesl3y:despawn"
          }
        ]
      },
      "minecraft:on_target_acquired": {},
      "minecraft:timer": {
        "time": [ 8, 16 ],
        "looping": true,
        "time_down_event": {
          "event": "wesl3y:random_event"
        }
      },
      "minecraft:despawn": {
        "despawn_from_distance": {}
      },
      "minecraft:nameable": {},
      "minecraft:jump.static": {},
      "minecraft:can_climb": {},
      "minecraft:conditional_bandwidth_optimization": {},
      "minecraft:pushable": {
        "is_pushable": true,
        "is_pushable_by_piston": true
      }
    },
    "events": {
      "wesl3y:kill": {
        "run_command": {
          "command": [
            "scoreboard players add @s[tag=hArmament] xp_hakiarm 14",
            "scoreboard players add @s[tag=hObservation] xp_hakiobs 14",
            "scoreboard players add @s xp_health 14",
            "scoreboard players add @s xp_strength 14",
            "scoreboard players add @s xp_speed 14",
            "scoreboard players add @s xp_jump 14"
          ],
          "target": "other"
        }
      },
      "wesl3y:despawn": {
        "add": {
          "component_groups": [
            "wesl3y:despawn"
          ]
        }
      },
      "wesl3y:swords": {
        "run_command": {
          "command": [
            "replaceitem entity @s slot.armor.head 0 wesl3y:wado_ichimonji_sheath",
            "replaceitem entity @s slot.weapon.mainhand 0 wesl3y:sandai_kitetsu_sheath",
            "replaceitem entity @s slot.weapon.offhand 0 wesl3y:yubashiri_sheath"
          ]
        }
      },
      "wesl3y:swords2": {
        "run_command": {
          "command": [
            "replaceitem entity @s slot.armor.head 0 wesl3y:wado_ichimonji",
            "replaceitem entity @s slot.weapon.mainhand 0 wesl3y:sandai_kitetsu",
            "replaceitem entity @s slot.weapon.offhand 0 wesl3y:yubashiri"
          ]
        }
      },
      "wesl3y:to_walk": {
        "remove": {
          "component_groups": [
            "wesl3y:fly"
          ]
        },
        "add": {
          "component_groups": [
            "wesl3y:ground"
          ]
        }
      },
      "wesl3y:to_fly": {
        "remove": {
          "component_groups": [
            "wesl3y:ground"
          ]
        },
        "add": {
          "component_groups": [
            "wesl3y:fly"
          ]
        }
      },
      "wesl3y:melee": {
        "sequence": [
          {
            "remove": {
              "component_groups": [
                "wesl3y:ranged"
              ]
            },
            "add": {
              "component_groups": [
                "wesl3y:melee"
              ]
            }
          }
        ]
      },
      "wesl3y:ranged": {
        "sequence": [
          {
            "remove": {
              "component_groups": [
                "wesl3y:melee"
              ]
            },
            "add": {
              "component_groups": [
                "wesl3y:ranged"
              ]
            }
          }
        ]
      },
      "wesl3y:random_event": {
        "sequence": [
          {
            "randomize": [
              {
                "weight": 1,
                "filters": {
                  "all_of": [
                    {
                      "test": "has_target",
                      "value": true
                    },
                    {
                      "test": "on_ground",
                      "value": true
                    }
                  ]
                },
                "run_command": {
                  "command": [
                    "effect @s speed 5 1 true",
                    "effect @s resistance 5 0 true"
                  ]
                }
              }
            ]
          }
        ]
      },
      "minecraft:entity_spawned": {
        "add": {
          "component_groups": [
            "wesl3y:ground",
            "wesl3y:melee"
          ]
        }
      }
    }
  }
}