{
  "format_version": "1.17.100",
  "minecraft:item": {
    "description": {
      "identifier": "wesl3y:fish_green",
      "category": "items"
    },
    "components": {
      "minecraft:use_duration": 1,
      "minecraft:use_animation":"eat",
      "minecraft:max_stack_size": 64,
      "minecraft:icon": {
        "texture": "fish_green"
      },
      "minecraft:display_name": {
        "value": "Fish Green Raw\n§7(+25 Time Haki\n+50 Energy)"
      },
      "minecraft:food":{
        "nutrition": 8,
        "can_always_eat": true,
        "saturation_modifier":"poor",
        "on_consume":{
          "event": "wg"
        }
      },
      "minecraft:render_offsets": {}
    },
    "events": {
      "wg": {
        "run_command": {
          "command": [
            "scoreboard players add @s haki_time 25",
            "scoreboard players add @s energy 50"
          ]
		}
	  }
	}
  }
}