{
  "format_version": "1.17.100",
  "minecraft:item": {
    "description": {
      "identifier": "wesl3y:food_plate",
      "category": "items"
    },
    "components": {
      "minecraft:use_duration":1,
      "minecraft:use_animation":"eat",
      "minecraft:max_stack_size": 64,
      "minecraft:icon": {
        "texture": "food_plate"
      },
      "minecraft:display_name": {
        "value": "Food Plate\n§7(+300 Time Haki\n+300 Time Mod\n+300 Energy)"
      },
      "minecraft:food":{
        "nutrition": 8,
        "can_always_eat": true,
        "saturation_modifier":"poor",
        "on_consume":{
          "event": "wg"
        }
      },
      "minecraft:render_offsets": {
	    "main_hand": {
		  "first_person": { 
		    "scale": [0.010,0.010,0.010]
		  },
		  "third_person": { 
			"scale": [0.032,0.032,0.032]
		  }
		}
	  }
    },
    "events": {
      "wg": {
        "run_command": {
          "command": [
            "scoreboard players add @s haki_time 300",
            "scoreboard players add @s mode_time 300",
            "scoreboard players add @s energy 300",
            "effect @s[tag=chef] regeneration 5 2 true"
          ]
		}
	  }
	}
  }
}