{
  "format_version": "1.17.100",
  "minecraft:item": {
    "description": {
      "identifier": "wesl3y:sake2",
      "category": "items"
    },
    "components": {
      "minecraft:use_duration": 1,
      "minecraft:use_animation":"eat",
      "minecraft:max_stack_size": 64,
      "minecraft:icon": {
        "texture": "sake2"
      },
      "minecraft:display_name": {
        "value": "Sake\n§7(+150 Time Haki\n+100 Time Mode)"
      },
      "minecraft:food":{
        "nutrition": 6,
        "can_always_eat": true,
        "saturation_modifier":"poor",
        "on_consume":{
          "event": "wg"
        }
      },
      "minecraft:render_offsets": {
	    "main_hand": {
		  "first_person": { 
		    "scale": [0.016,0.016,0.016]
		  },
		  "third_person": { 
			"scale": [0.064,0.064,0.064]
		  }
		}
	  }
    },
    "events": {
      "wg": {
        "run_command": {
          "command": [
            "effect @s nausea 10 2 true",
            "scoreboard players add @s haki_time 150",
            "scoreboard players add @s mode_time 100"
          ]
		}
	  }
	}
  }
}