{
  "format_version": "1.17.100",
  "minecraft:item": {
    "description": {
      "identifier": "wesl3y:sea_king",
      "category": "items"
    },
    "components": {
      "minecraft:use_duration":1,
      "minecraft:use_animation":"eat",
      "minecraft:max_stack_size": 64,
      "minecraft:icon": {
        "texture": "sea_king"
      },
      "minecraft:display_name": {
        "value": "Sea King Raw\n§7(+50 Time Haki\n+75 Energy)"
      },
      "minecraft:food":{
        "nutrition": 8,
        "can_always_eat": true,
        "saturation_modifier":"poor",
        "on_consume":{
          "event": "wg"
        }
      },
      "minecraft:render_offsets": {
	    "main_hand": {
		  "first_person": { 
		    "scale": [0.016,0.016,0.016]
		  },
		  "third_person": { 
			"scale": [0.064,0.064,0.064]
		  }
		}
	  }
    },
    "events": {
      "wg": {
        "run_command": {
          "command": [
            "scoreboard players add @s haki_time 50",
            "scoreboard players add @s energy 75"
          ]
		}
	  }
	}
  }
}