{
  "format_version": "1.8.0",
  "minecraft:spawn_rules": {
    "description": {
      "identifier": "wesl3y:fish_blue",
      "population_control": "water_animal"
    },
    "conditions": [
      {
        "minecraft:density_limit": {
          "surface":10
        },
        "minecraft:spawns_on_surface": {},
        "minecraft:spawns_underwater": {},

        "minecraft:distance_filter": {
          "min": 12,
          "max": 32
        },
        "minecraft:weight": {
          "default": 60
        },
        "minecraft:herd": {
          "min_size":2,
          "max_size":5
        },

        "minecraft:biome_filter": [
          {"test": "has_biome_tag", "operator":"==", "value": "ocean"},
          {"test": "has_biome_tag", "operator":"!=", "value": "warm"}
        ]
      },
      {
        "minecraft:density_limit": {
          "surface":4
        },
        "minecraft:spawns_on_surface": {},
        "minecraft:spawns_underwater": {},

        "minecraft:distance_filter": {
          "min": 12,
          "max": 32
        },
        "minecraft:weight": {
          "default": 40
        },
        "minecraft:herd": {
          "min_size":2,
          "max_size":5
        },
    
        "minecraft:biome_filter": [
          {"test": "has_biome_tag", "operator":"==", "value": "river"}
        ]
      }
    ]
  }
}