{
  "format_version": "1.8.0",
  "minecraft:spawn_rules": {
    "description": {
      "identifier": "wesl3y:sea_beast_mohmoo",
      "population_control": "water_animal"
    },
    "conditions": [
      {
        "minecraft:spawns_on_surface": {},
        "minecraft:spawns_underwater": {},

        "minecraft:distance_filter": {
          "min": 12,
          "max": 32
        },
        "minecraft:weight": {
          "default": 30
        },
        "minecraft:density_limit": {
          "surface":20
        },
        "minecraft:herd": {
          "min_size":0,
          "max_size":1
        },

        "minecraft:biome_filter": [
          {"test": "has_biome_tag", "operator":"==", "value": "ocean"},
          {"test": "has_biome_tag", "operator":"!=", "value": "warm"}
        ]
      }
    ]
  }
}