{
  "format_version": "1.8.0",
  "minecraft:spawn_rules": {
    "description": {
      "identifier": "wesl3y:spawn_mobs",
      "population_control": "animal"
    },
    "conditions": [
      {
        "minecraft:spawns_on_surface": {},
        "minecraft:distance_filter": {
          "min": 12,
          "max": 32
        },
        "minecraft:weight": {
          "default": 15
        },
        "minecraft:density_limit": {
          "surface": 20
        },
        "minecraft:herd": {
          "min_size":0,
          "max_size":1
        },
        "minecraft:biome_filter": {
		  "any_of": [
            { "test": "has_biome_tag", "operator":"==", "value": "animal"},
            { "test": "has_biome_tag", "operator":"==", "value": "taiga"},
			{ "test": "has_biome_tag", "operator":"!=", "value": "mega"},
			{"test": "has_biome_tag", "operator":"==", "value": "savanna"},
			{"test": "has_biome_tag", "operator":"==", "value": "extreme_hills"}
		  ]
        }
      }
    ]
  }
}