{
  "format_version": "1.8.0",
  "minecraft:spawn_rules": {
    "description": {
      "identifier": "wesl3y:spawn_ussop_shooter",
      "population_control": "animal"
    },
    "conditions": [
      {
        "minecraft:spawns_on_surface": {},
        "minecraft:distance_filter": {
          "min": 12,
          "max": 32
        },
        "minecraft:weight": {
          "default": 12
        },
        "minecraft:density_limit": {
          "surface": 20
        },
        "minecraft:herd": {
          "min_size":0,
          "max_size":1
        },
        "minecraft:biome_filter": [
          {"test": "has_biome_tag", "operator":"==", "value": "plains"}
        ]
      }
    ]
  }
}