{
  "format_version": "1.17.100",
  "minecraft:item": {
    "description": {
      "identifier": "wesl3y:hito_human_fruit",
      "category": "items"
    },
    "components": {
      "minecraft:use_duration":1,
      "minecraft:use_animation":"eat",
      "minecraft:max_stack_size": 1,
      "minecraft:icon": {
        "texture": "hito_human_fruit"
      },
      "minecraft:display_name": {
        "value": "§cAkuma no Mi\n§6(Zoan)\n§7(Hold to Use)"
      },
      "minecraft:food":{
        "nutrition": 6,
        "can_always_eat": true,
        "saturation_modifier":"poor",
        "on_consume":{
          "event": "wg"
        }
      },
      "minecraft:render_offsets": {}
    },
    "events": {
      "wg": {
        "run_command": {
          "command": [
            "kill @s[tag=fruit]",
            "tellraw @s[tag=!fruit,tag=hito_human_off] {\"rawtext\":[{\"text\":\"§cDevil Fruit already used\"}]}",
            "tag @s[tag=!fruit,tag=!hito_human_fruit,tag=!hito_human_off] add fruit_zoan",
            "tag @s[tag=!fruit,tag=!hito_human_fruit,tag=!hito_human_off] add hito_human_fruit",
            "execute @s[tag=!fruit,tag=hito_human_fruit,tag=!hito_human_off] ~~~ function fruit/fruit",
            "execute @s[tag=!fruit,tag=hito_human_fruit,tag=!hito_human_off] ~~~ tellraw @a {\"rawtext\":[{\"selector\":\"@s\"},{\"text\":\" has made the advancement §a[Fruit Zoan]\"}]}",
            "tag @s[tag=!fruit,tag=hito_human_fruit,tag=!hito_human_off] add fruit"
          ]
		}
	  }
	}
  }
}