{
  "format_version": "1.16.0",
  "minecraft:entity": {
    "description": {
      "identifier": "onepiece_addon:franky",
      "is_spawnable": true,
      "is_summonable": true,
      "is_experimental": false,
      "scripts":{
        "animate":["franky","strawman","climatact"]
      },
      "animations":{
        "franky":"controller.animation.franky",
        "climatact":"controller.animation.climatact",
        "strawman":"controller.animation.strawman"
      }
    },
    "component_groups":{
      "onepiece_addon:wild":{
        "minecraft:variant":{
          "value":0
        },
        "minecraft:target_nearby_sensor": {
          "inside_range": 10.0,
          "outside_range": 11.0,
          "must_see":  true,
          "on_inside_range": {
            "event": "onepiece_addon:switch_to_melee",
            "target": "self"
          },
          "on_outside_range": {
            "event": "onepiece_addon:switch_to_ranged",
            "target": "self"
          }
        }
      },
      "onepiece_addon:ranged_mode": {
        "minecraft:shooter": {
          "def": "onepiece_addon:radicalbeam_p"
        },
        "minecraft:behavior.ranged_attack": {
          "priority": 3,
          "burst_shots": 1,
          "burst_interval": 0,
          "charge_charged_trigger": 1,
          "charge_shoot_trigger": 2,
          "attack_interval_min": 3,
          "attack_interval_max": 3,
          "attack_radius": 32.0
        },
        "minecraft:is_sheared":{}
      },
      "onepiece_addon:melee_mode": {
        "minecraft:attack": {
          "damage": 10
        },
        "minecraft:behavior.melee_attack": {
          "priority": 3
        }
      },
      "onepiece_addon:super":{
        "minecraft:variant":{
          "value":100000
        },
        "minecraft:timer": {
          "looping": false,
          "randomInterval": false,
          "time": 2,
          "time_down_event": {
           "event": "onepiece_addon:super_end",
           "target": "self"
          }
        },
        "minecraft:spell_effects": {
          "add_effects": [
            {
              "effect": "slowness",
              "duration": 2,
              "amplifier": 20,
              "visible": false
            }
          ]
        }
      },
      "onepiece_addon:toy":{
        "minecraft:variant":{
          "value":10000
        },
        "minecraft:transformation":{
          "into": "onepiece_addon:hobbyfranky"
        }
      },
      "onepiece_addon:mess":{
        "minecraft:type_family": {
          "family": ["mob","kaizoku","franky","character","in_mess","h2"]
        },
        "minecraft:spawn_entity": {
          "entities": {
            "min_wait_time": 0,
            "max_wait_time": 0,
            "single_use":true,
            "spawn_entity":"onepiece_addon:messfranky",
            "num_to_spawn":1
          }
        }
      },
      "onepiece_addon:strawman":{
        "minecraft:is_chested":{}
      }
    },
    
    "components": {
      "minecraft:type_family": {
        "family": ["mob","kaizoku","franky","character","h2"]
      },
      "minecraft:timer": {
        "looping": false,
        "randomInterval": false,
        "time": 0.1,
        "time_down_event": {
         "event": "onepiece_addon:be_wild",
         "target": "self"
        }
      },
      "minecraft:behavior.nearest_attackable_target": {
        "priority": 2,
        "must_see": true,
        "reselect_targets": true,
        "entity_types": [
          {
            "filters":{
              "all_of": [
                { "test": "is_family", "subject": "other", "value": "player" },
                {"test":"has_tag","subject":"other","value":"yonko"}
              ]
            },
            "max_dist": 64
          }
        ]
      },
      "minecraft:behavior.hurt_by_target": {
        "priority": 1
      },
      "minecraft:environment_sensor": {
        "triggers": [
          {
            "filters": {
              "all_of": [
                {
                  "test": "has_tag",
                  "subject": "self",
                  "value": "super"
                },
                {
                  "test":"is_variant",
                  "operator":"!=",
                  "subject":"self",
                  "value":100000
                }
              ]
            },
            "event": "onepiece_addon:be_super"
          }
        ]
      },
      "minecraft:damage_sensor": {
        "triggers": [
          {
            "on_damage": {
              "filters": {
                "all_of": [
                  {
                    "test": "has_equipment",
                    "subject": "other",
                    "value": "onepiece_addon:mess"
                  },
                  {
                    "test":"has_tag",
                    "subject":"other",
                    "value":"opeope"
                  },
                  {
                    "test":"has_tag",
                    "subject":"other",
                    "value":"room"
                  },
                  {
                    "test":"is_family",
                    "subject":"self",
                    "operator":"!=",
                    "value":"in_mess"
                  }
                ]
              },
              "event": "onepiece_addon:be_mess"
            }
          },
          {
            "on_damage": {
              "filters": {
                "all_of": [
                  {
                    "test": "has_equipment",
                    "subject": "other",
                    "value": "onepiece_addon:strawman0"
                  },
                  {
                    "test":"has_tag",
                    "subject":"other",
                    "value":"warawara"
                  },
                  {
                    "test":"has_component",
                    "subject":"self",
                    "operator":"!=",
                    "value":"minecraft:is_chested"
                  }
                ]
              },
              "event": "onepiece_addon:be_strawman"
            }
          },
          {
            "on_damage": {
              "filters": {
                "all_of": [
                  {
                    "test": "has_equipment",
                    "subject": "other",
                    "value": "onepiece_addon:hobihobi"
                  },
                  {
                    "test":"has_tag",
                    "subject":"other",
                    "value":"hobihobi"
                  },
                  {
                    "test":"is_variant",
                    "operator":"!=",
                    "subject":"self",
                    "value":10000
                  }
                ]
              },
              "event": "onepiece_addon:be_toy"
            }
          }
        ]
      },
      "minecraft:behavior.equip_item": {
        "priority": 3
      },
      "minecraft:equip_item": {
      },
      "minecraft:shareables": {
        "items": [
          {
            "item": "onepiece_addon:cola",
            "want_amount": 1,
            "surplus_amount": 1,
            "priority": 1
          },
          {
            "item": "onepiece_addon:sorcery_clima_tact1_2",
            "want_amount": 1,
            "surplus_amount": 1,
            "priority": 0
          }
        ]
      },
      "minecraft:follow_range": {
        "value": 32,
        "max": 32
      },
      "minecraft:movement": {
        "value": 0.28
      },
      "minecraft:scale":{
        "value":1.5
      },
      "minecraft:health": {
        "value": 200,
        "max": 200
      },
      "minecraft:loot": {
        "table": "loot_tables/entities/franky.json"
      },
      "minecraft:nameable": {
      },
      "minecraft:collision_box": {
        "width": 0.6,
        "height": 1.9
      },
      "minecraft:movement.basic": {
      },
      "minecraft:navigation.walk": {
        "is_amphibious": true,
        "can_pass_doors":true,
        "can_break_doors":false,
        "can_walk":true,
        "can_open_doors": true,
        "can_path_over_water": true
      },
      "minecraft:jump.static": {},
      "minecraft:can_climb": {
      },
      "minecraft:hurt_on_condition": {
        "damage_conditions": [
          {
            "filters": {
              "test": "in_lava",
              "subject": "self",
              "operator": "==",
              "value": true
            },
            "cause": "lava",
            "damage_per_tick": 4
          }
        ]
      },
      "minecraft:breathable": {
        "total_supply": 15,
        "suffocate_time": 0
      },
      "minecraft:despawn": {
        "despawn_from_distance": {
          "min_distance":64
        }
      },
      "minecraft:behavior.random_stroll": {
        "priority": 6,
        "speed_multiplier": 1
      },
      "minecraft:behavior.look_at_player": {
        "priority": 9,
        "look_distance": 10,
        "probability": 0.02
      },
      "minecraft:behavior.pickup_items": {
        "priority": 7,
        "max_dist": 3,
        "goal_radius": 2,
        "speed_multiplier": 1.0
      },
      "minecraft:behavior.random_look_around":{
        "priority":7,
        "speed_multiplier":1
      },
      "minecraft:physics": {
      },
      "minecraft:pushable": {
        "is_pushable": true,
        "is_pushable_by_piston": true
      },
      "minecraft:conditional_bandwidth_optimization": {
      },
      "minecraft:experience_reward": {
        "on_death": "query.last_hit_by_player ? 50 + (query.equipment_count * Math.Random(1,3)) : 0"
      },
      "minecraft:behavior.float": {
        "priority": 0
      }
    },
    "events":{
      "minecraft:entity_spawned": {
        "add": {
          "component_groups": [
            "onepiece_addon:wild"
          ]
        }
      },
      "onepiece_addon:be_wild":{
        "add":{
          "component_groups":[
            "onepiece_addon:wild"
          ]
        }
      },
      "onepiece_addon:switch_to_melee": {
        "remove": {
          "component_groups": [
            "onepiece_addon:ranged_mode"
          ]
        },
        "add": {
          "component_groups": [
            "onepiece_addon:melee_mode"
          ]
        }
      },
      "onepiece_addon:switch_to_ranged": {
        "remove": {
          "component_groups": [
            "onepiece_addon:melee_mode"
          ]
        },
        "add": {
          "component_groups": [
            "onepiece_addon:ranged_mode"
          ]
        }
      },
      "onepiece_addon:be_super":{
        "remove":{
          "component_groups":[
            "onepiece_addon:wild","onepiece_addon:melee_mode","onepiece_addon:ranged_mode"
          ]
        },
        "add":{
          "component_groups":[
            "onepiece_addon:super"
          ]
        }
      },
      "onepiece_addon:super_end":{
        "remove":{
          "component_groups":[
            "onepiece_addon:super"
          ]
        },
        "add":{
          "component_groups":[
            "onepiece_addon:wild"
          ]
        }
      },
      "onepiece_addon:be_toy":{
        "add":{
          "component_groups":[
            "onepiece_addon:toy"
          ]
        }
      },
      "onepiece_addon:be_mess":{
        "add":{
          "component_groups":[
            "onepiece_addon:mess"
          ]
        }
      },
      "onepiece_addon:be_strawman":{
        "add":{
          "component_groups":[
            "onepiece_addon:strawman"
          ]
        }
      }
    }
}}
