{
  "format_version": "1.16.100",
  "minecraft:item": {
    "description": {
      "identifier": "wesl3y:weapons_armor",
	  "category": "equipment"
    },

    "components": {
      "minecraft:render_offsets": {
	    "main_hand": {
		  "first_person": { 
		    "scale": [0.04,0.04,0.04]
		  },
		  "third_person": { 
			"scale": [0.08,0.08,0.08]
		  }
		}
	  },
	  "minecraft:creative_category": {
	    "parent": "itemGroup.name.chestplate"
	  },
	  "minecraft:armor": {
		"protection": 8
	  },
      "minecraft:durability": {
        "max_durability": 2500
      },
	  "minecraft:repairable": {
		"repair_items": [
		  {
			"items": [
			  "wesl3y:weapons_armor"
			],
			"repair_amount": 100
		  }
		]
	  },
      "minecraft:icon": {
        "texture": "weapons_armor"
      },
      "minecraft:max_stack_size": 1,
      "minecraft:hand_equipped": true,
	  "minecraft:wearable": {
	    "slot": "slot.armor.chest"
	  },
      "minecraft:display_name": {
        "value":"Weapons Armor"
      }
    }
  }
}