{
  "format_version": "1.16.100",
  "minecraft:item": {
    "description": {
      "identifier": "wesl3y:sword_ittoryu_mihawk",
      "category": "commands"
    },
    "components": {
      "tag:arm": {},
      "minecraft:icon": {
        "texture": "sword_skill_mihawk"
      },
      "minecraft:display_name": {
        "value":"Skill Mihawk\n§b(Style Ittoryu)\n§7(Squat to Change)\n(Legs)"
      },
      "tag:sword_ittoryu_mihawk": {},
      "tag:skill": {},
      "tag:swordman": {},
	  "minecraft:wearable": {
	    "slot": "slot.armor.legs"
	  },
	  "minecraft:armor": {
		"protection": 0
	  },
      "minecraft:use_duration": 99999,
      "minecraft:max_stack_size": 1,
      "minecraft:hand_equipped": true,
      "minecraft:food": {
        "can_always_eat": true
      },
      "minecraft:render_offsets": {
	    "main_hand": {
		  "first_person": { 
		    "scale": [0.0,0.0,0.0]
		  },
		  "third_person": { 
			"scale": [0.0,0.0,0.0]
		  }
		},
		"off_hand": {
		  "first_person": { 
			"scale": [0.0,0.0,0.0]
		  },
		  "third_person": { 
			"scale": [0.0,0.0,0.0]
	      }
	    }
	  }
    },
    "events": {}
  }
}