{
  "format_version": "1.16.100",
  "minecraft:item": {
    "description": {
      "identifier": "wesl3y:tori_phoenix_skill2",
      "category": "commands"
    },
    "components": {
      "tag:arm": {},
      "minecraft:icon": {
        "texture": "tori_phoenix_skill2"
      },
      "minecraft:display_name": {
        "value":"Skill 2\n§b(Tori Phoenix)\n§7(Crouch to change/Agache para Mudar)"
      },
      "tag:skill": {},
      "minecraft:use_duration": 99999,
      "minecraft:max_stack_size": 1,
      "minecraft:hand_equipped": true,
      "minecraft:food": {
        "can_always_eat": true
      },
      "minecraft:on_use": {
        "on_use": {
          "event": "using",
          "target": "self"
        }
      },
      "minecraft:render_offsets": {
	    "main_hand": {
		  "first_person": { 
		    "scale": [0.0,0.0,0.0]
		  },
		  "third_person": { 
			"scale": [0.0,0.0,0.0]
		  }
		},
		"off_hand": {
		  "first_person": { 
			"scale": [0.0,0.0,0.0]
		  },
		  "third_person": { 
			"scale": [0.0,0.0,0.0]
	      }
	    }
	  }
    },
    "events": {
      "using": {
        "sequence": [
          {
            "randomize": [
              {
                "condition": "query.mark_variant == 41 && query.scoreboard('cooldown_skill2') == 0 && query.scoreboard('skill2') <= 1 && !query.is_sneaking",
                "run_command": {
                  "command": [
                    "playanimation @s animation.tori_phoenix2.attack1 wesl3y",
                    "tag @s add tori_phoenix_skill1",
                    "execute @s[scores={fruit=..10}] ^^^4 damage @e[r=4,tag=!tori_phoenix_skill1] 5 entity_attack entity @s",
                    "execute @s[scores={fruit=..10}] ^^^6 damage @e[r=4,tag=!tori_phoenix_skill1] 5 entity_attack entity @s",
                    "execute @s[scores={fruit=11..20}] ^^^4 damage @e[r=4,tag=!tori_phoenix_skill1] 7 entity_attack entity @s",
                    "execute @s[scores={fruit=11..20}] ^^^6 damage @e[r=4,tag=!tori_phoenix_skill1] 7 entity_attack entity @s",
                    "execute @s[scores={fruit=21..30}] ^^^4 damage @e[r=4,tag=!tori_phoenix_skill1] 10 entity_attack entity @s",
                    "execute @s[scores={fruit=21..30}] ^^^6 damage @e[r=4,tag=!tori_phoenix_skill1] 10 entity_attack entity @s",
                    "execute @s[scores={fruit=31..40}] ^^^4 damage @e[r=4,tag=!tori_phoenix_skill1] 12 entity_attack entity @s",
                    "execute @s[scores={fruit=31..40}] ^^^6 damage @e[r=4,tag=!tori_phoenix_skill1] 12 entity_attack entity @s",
                    "execute @s[scores={fruit=41..50}] ^^^4 damage @e[r=4,tag=!tori_phoenix_skill1] 15 entity_attack entity @s",
                    "execute @s[scores={fruit=41..50}] ^^^6 damage @e[r=4,tag=!tori_phoenix_skill1] 15 entity_attack entity @s",
                    "execute @s[scores={fruit=51..60}] ^^^4 damage @e[r=4,tag=!tori_phoenix_skill1] 17 entity_attack entity @s",
                    "execute @s[scores={fruit=51..60}] ^^^6 damage @e[r=4,tag=!tori_phoenix_skill1] 17 entity_attack entity @s",
                    "execute @s[scores={fruit=61..70}] ^^^4 damage @e[r=4,tag=!tori_phoenix_skill1] 20 entity_attack entity @s",
                    "execute @s[scores={fruit=61..70}] ^^^6 damage @e[r=4,tag=!tori_phoenix_skill1] 20 entity_attack entity @s",
                    "execute @s[scores={fruit=71..80}] ^^^4 damage @e[r=4,tag=!tori_phoenix_skill1] 22 entity_attack entity @s",
                    "execute @s[scores={fruit=71..80}] ^^^9 damage @e[r=4,tag=!tori_phoenix_skill1] 22 entity_attack entity @s",
                    "execute @s[scores={fruit=81..}] ^^^4 damage @e[r=4,tag=!tori_phoenix_skill1] 25 entity_attack entity @s",
                    "execute @s[scores={fruit=81..}] ^^^6 damage @e[r=4,tag=!tori_phoenix_skill1] 25 entity_attack entity @s",
                    "summon wesl3y:tori_phoenix_attack ^^^-1 wesl3y:tori_phoenix1",
                    "scoreboard players set @s cooldown_skill2 30",
                    "scoreboard players add @s xp_fruit 1"
                  ]
                }
              },
              {
                "condition": "query.scoreboard('cooldown_skill2') == 0 && query.scoreboard('skill2') >= 2 && !query.is_sneaking",
                "run_command": {
                  "command": [
                    "playanimation @s animation.tori_phoenix.attack2 wesl3y",
                    "tag @s add tori_phoenix_skill2",
                    "tag @s[scores={fruit=..10}] add dano12",
                    "tag @s[scores={fruit=11..20}] add dano15",
                    "tag @s[scores={fruit=21..30}] add dano17",
                    "tag @s[scores={fruit=31..40}] add dano20",
                    "tag @s[scores={fruit=41..50}] add dano22",
                    "tag @s[scores={fruit=51..60}] add dano25",
                    "tag @s[scores={fruit=61..70}] add dano27",
                    "tag @s[scores={fruit=71..80}] add dano30",
                    "tag @s[scores={fruit=81..}] add dano32",
                    "event entity @s wesl3y:tori_phoenix_skill2",
                    "scoreboard players set @s cooldown_skill2 40",
                    "scoreboard players add @s xp_fruit 1"
                  ]
                }
              }
            ]
          }
        ]
      }
    }
  }
}