{
  "format_version": "1.16.100",
  "minecraft:item": {
    "description": {
      "identifier": "wesl3y:tori_phoenix_skill1",
      "category": "commands"
    },
    "components": {
      "tag:arm": {},
      "minecraft:icon": {
        "texture": "tori_phoenix_skill1"
      },
      "minecraft:display_name": {
        "value":"Regeneration\n§b(Tori Phoenix)\n§7(Hold To Use)"
      },
      "tag:skill": {},
      "minecraft:use_duration": 99999,
      "minecraft:max_stack_size": 1,
      "minecraft:hand_equipped": true,
	  "minecraft:cooldown": {
		"category": "skill",
		"duration": 1.0
	  },
      "minecraft:on_use": {
        "on_use": {
          "event": "wg",
          "target": "self"
        }
      },
      "minecraft:render_offsets": {
	    "main_hand": {
		  "first_person": { 
		    "scale": [0.0,0.0,0.0]
		  },
		  "third_person": { 
			"scale": [0.0,0.0,0.0]
		  }
		},
		"off_hand": {
		  "first_person": { 
			"scale": [0.0,0.0,0.0]
		  },
		  "third_person": { 
			"scale": [0.0,0.0,0.0]
	      }
	    }
	  }
    },
    "events": {
      "wg": {
        "run_command": {
          "command": [
            "scoreboard players remove @s energy 100",
            "execute @s[scores={energy=..499}] ~~~ effect @s wither 5 2 true",
            "execute @s[scores={energy=..499}] ~~~ effect @s wither 5 2 true",
            "execute @s[scores={energy=500..}] ~~~ effect @e[r=2.5] regeneration 2 4 true",
            "execute @s[scores={energy=500..}] ~~~ particle wesl3y:tori_phoenix_player ~~~",
            "execute @s[scores={energy=500..}] ~~~ particle wesl3y:tori_phoenix_player ~~1~",
            "scoreboard players add @s xp_fruit 1"
          ]
        }
      }
    }
  }
}