{
  "format_version": "1.10.0",
  "minecraft:client_entity": {
    "description": {
      "identifier": "al:q",
      "textures": {
        "default": "textures/entity/pamobile/al_q"
      },
      "materials": {
        "default": "skeleton"
      },
      "geometry": {
        "default": "geometry.al_q"
      },
      "render_controllers": [
        "controller.render.translucence"
      ],
      "spawn_egg": {
        "base_color": "#FFFCB3",
        "overlay_color": "#AC9B3D"
      },
      "animations": {
        "walk": "animation.moto.walk",
        "idle": "animation.moto.idle"
      },
      "scripts": {
        "animate": [
          "root",
          {
            "walk": "query.is_moving"
          },
          {
            "idle": "!query.is_moving"
          }
        ]
      }
    }
  }
}