{"format_version":"1.10.0","minecraft:client_entity":{"description":{"identifier":"yg:glitch","materials":{"default":"witch"},"textures":{"default":"textures/entity/doors/yg_glitch"},"geometry":{"default":"geometry.yg_glitch"},"scripts":{"animate":["move","general","attack_controllers","looking_at"],"pre_animation":["variable.attack = Math.sin(variable.attack_time * 30.0);"],"scale":"0.7"},"animations":{"attack":"animation.yg_glitch.attack","attack_controllers":"controller.animation.yg_glitch.attack","general":"controller.animation.yg_glitch.general","gazo_general":"animation.yg_glitch.general","looking":"animation.yg_glitch.looking","looking_at":"controller.animation.yg_glitch.looking_at","move":"controller.animation.yg_glitch.move","moving":"animation.yg_glitch.move"},"particle_effects":{"glitch":"yg:glitch"},"render_controllers":["controller.render.witch"],"spawn_egg":{"base_color":"#000000","overlay_color":"#25053c"}}}}