{
  "format_version": "1.13.0",
  "minecraft:entity": {    
    "description": {
      "identifier": "onepiece_addon:hana_damage_back",
      "is_spawnable": false,
      "is_summonable": true,
      "is_experimental": false
    },
    "component_groups": {
    },
    "components": {
      "minecraft:type_family": {
        "family": [ "player","hanahana" ]
      },
      "minecraft:collision_box": {
        "width": 0.0,
        "height": 0.0
      },
      "minecraft:behavior.knockback_roar": {
        "duration": 999,
        "attack_time": 0.1,
        "knockback_damage": 2,
        "knockback_strength": 0,
        "knockback_range": 1,
        "damage_filters": {
          "all_of":[
            {
              "test": "has_tag",
              "subject": "other",
              "operator": "==",
              "value": "hanahana"
            }
          ]
        }
      },
      "minecraft:transformation": {
        "into": "onepiece_addon:despawn",
        "delay": 0.2
      },
      "minecraft:damage_sensor": {
        "triggers": {
            "on_damage": {"filters": {}},
            "deals_damage": false
        }
      }
    },
    "events": {
    }
  }
}