{
	"entity_sounds": {
		"entities": {
			"ag1:seek": {
				"events": {
					"ambient": "mob.ravager.ambient",
					"ambient.in.raid": {
						"pitch": [0.8, 1.2],
						"sound": "mob.ravager.ambient",
						"volume": 3
					},
					"attack.strong": "mob.ravager.bite",
					"celebrate": "mob.ravager.celebrate",
					"death": "mob.ravager.death",
					"hurt": "mob.ravager.hurt",
					"roar": "mob.ravager.roar",
					"step": "mob.ravager.step",
					"stun": "mob.ravager.stun"
				},
				"pitch": [0.8, 1.2],
				"volume": 1
			}
		}
	}
}