{"format_version":"1.10.0","animation_controllers":{"controller.animation.bomu_using":{"states":{"default":{"transitions":[{"bomu2":"query.scoreboard('cooldown_skill1') == 0 && query.scoreboard('skill1') == 2 && query.get_equipped_item_name =='bomu_skill1' && variable.attack_time && !query.is_sneaking"}]},"bomu2":{"transitions":[{"bomu2_2":"variable.cooltime = (variable.cooltime ?? 0);variable.cooltime = variable.cooltime < 5 ? variable.cooltime + 1:0;return variable.cooltime == 0;"}],"on_entry":["/playanimation @s[hasitem={item=wesl3y:black_leg,location=slot.armor.legs,quantity=!1}] animation.bomu2.attack2 wesl3y"]},"bomu2_2":{"transitions":[{"default":"!variable.attack_time"}],"on_entry":["/particle wesl3y:bomu_kick_bomb ^^^0.5","/particle wesl3y:bomu_kick_bomb2 ^^^0.5","/particle wesl3y:bomu_kick_bomb1 ^^^0.5","/execute @s ~~~ detect ~~-1~ grass 0 summon wesl3y:explosion_block ~~~ grass_mini","/execute @s ~~~ detect ~~-1~ dirt 0 summon wesl3y:explosion_block ~~~ grass_mini","/execute @s ~~~ detect ~~-1~ stone 0 summon wesl3y:explosion_block ~~~ grass_mini","/execute @s ~~~ detect ~~-1~ ice 0 summon wesl3y:explosion_block ~~~ ice_mini","/execute @s ~~~ detect ~~-1~ sand 0 summon wesl3y:explosion_block ~~~ sand_mini","/execute @s ~~~ detect ~~-1~ sandstone 0 summon wesl3y:explosion_block ~~~ sand_mini","/execute @s ~~~ detect ~~-1~ wood 0 summon wesl3y:explosion_block ~~~ wood_mini","/execute @s ~~~ detect ~~-1~ log 0 summon wesl3y:explosion_block ~~~ wood_mini","/execute @s ~~~ detect ~~-1~ planks 0 summon wesl3y:explosion_block ~~~ wood_mini","/playanimation @s animation.empty wesl3y","/damage @e[family=!attack,rm=0.5,r=4] 10 entity_explosion entity @s[scores={fruit=..10}]","/damage @e[family=!attack,rm=0.5,r=4] 12 entity_explosion entity @s[scores={fruit=11..20}]","/damage @e[family=!attack,rm=0.5,r=4] 15 entity_explosion entity @s[scores={fruit=21..30}]","/damage @e[family=!attack,rm=0.5,r=4] 17 entity_explosion entity @s[scores={fruit=31..40}]","/damage @e[family=!attack,rm=0.5,r=4] 20 entity_explosion entity @s[scores={fruit=41..50}]","/damage @e[family=!attack,rm=0.5,r=4] 22 entity_explosion entity @s[scores={fruit=51..60}]","/damage @e[family=!attack,rm=0.5,r=4] 25 entity_explosion entity @s[scores={fruit=61..70}]","/damage @e[family=!attack,rm=0.5,r=4] 27 entity_explosion entity @s[scores={fruit=71..80}]","/damage @e[family=!attack,rm=0.5,r=4] 30 entity_explosion entity @s[scores={fruit=81..}]"],"on_exit":["/tag @s add impulse","/summon wesl3y:impulse ~~~","/scoreboard players set @s cooldown_skill1 50","/scoreboard players add @s xp_fruit 1"]}}},"controller.animation.bomu_change":{"states":{"default":{"transitions":[{"skill1":"query.get_equipped_item_name =='bomu_skill1' && query.is_sneaking && !(query.is_using_item || variable.attack_time)"}]},"skill1":{"transitions":[{"default":"!query.is_sneaking"}],"on_entry":["/scoreboard players set @s[scores={skill1=3..}] skill1 4","/scoreboard players set @s[scores={skill1=2}] skill1 3","/scoreboard players set @s[scores={skill1=..1}] skill1 2","/scoreboard players set @s[scores={skill1=4}] skill1 1"]}}},"controller.animation.bomu_hand":{"states":{"default":{"transitions":[{"bomu1":"query.get_equipped_item_name =='bomu_skill1'"}],"on_entry":["/tag @s remove tell_bomu"]},"bomu1":{"transitions":[{"default":"query.get_equipped_item_name !='bomu_skill1'"}],"on_entry":["/tag @s add tell_bomu"]}}},"controller.animation.doru_hand":{"states":{"default":{"transitions":[{"doru":"query.get_equipped_item_name('main_hand') =='doru_skill1' && !query.is_sneaking"}]},"doru":{"transitions":[{"default":"query.get_equipped_item_name('main_hand') !='doru_skill1'"}],"on_entry":["/tag @s add tell_doru"],"on_exit":["/tag @s remove tell_doru"]}}},"controller.animation.doru_change":{"states":{"default":{"transitions":[{"skill1":"query.get_equipped_item_name =='doru_skill1' && query.is_sneaking && !(query.is_using_item || variable.attack_time)"}]},"skill1":{"transitions":[{"default":"!query.is_sneaking"}],"on_entry":["/scoreboard players set @s[scores={skill1=2..}] skill1 3","/scoreboard players set @s[scores={skill1=..1}] skill1 2","/scoreboard players set @s[scores={skill1=3}] skill1 1"]}}},"controller.animation.gomu_using":{"states":{"default":{"transitions":[{"gomu1":"query.scoreboard('cooldown_skill1') == 0 && query.scoreboard('skill1') <= 1 && query.get_equipped_item_name =='gomu_skill1' && variable.attack_time && !query.is_sneaking"},{"gomu2":"query.scoreboard('cooldown_skill1') == 0 && query.scoreboard('skill1') == 2 && query.get_equipped_item_name =='gomu_skill1' && variable.attack_time && !query.is_sneaking"},{"gomu3":"query.scoreboard('cooldown_skill1') == 0 && query.scoreboard('skill1') >= 3 && query.get_equipped_item_name =='gomu_skill1' && query.is_using_item && !query.is_sneaking"},{"gomu4":"query.scoreboard('cooldown_skill2') == 0 && query.scoreboard('skill2') <= 1 && query.get_equipped_item_name =='gomu_skill2' && query.is_using_item && !query.is_sneaking"},{"gomu5":"query.scoreboard('cooldown_skill2') == 0 && query.scoreboard('skill2') >= 2 && query.get_equipped_item_name =='gomu_skill2' && query.is_using_item && !query.is_sneaking"},{"gomu6":"query.scoreboard('cooldown_skill3') == 0 && query.get_equipped_item_name =='gomu_skill3' && query.is_using_item"},{"gomu_second1":"query.scoreboard('cooldown_skill1') == 0 && query.scoreboard('skill1') <= 1 && query.get_equipped_item_name =='gomu_skill_second1' && variable.attack_time && !query.is_sneaking"},{"gomu_second2":"query.scoreboard('cooldown_skill1') == 0 && query.scoreboard('skill1') == 2 && query.get_equipped_item_name =='gomu_skill_second1' && variable.attack_time && !query.is_sneaking"},{"gomu_second3":"query.scoreboard('cooldown_skill1') == 0 && query.scoreboard('skill1') >= 3 && query.get_equipped_item_name =='gomu_skill_second1' && !query.equipped_item_any_tag('slot.armor.feet','haki_armament') && query.is_using_item && !query.is_sneaking"},{"2gomu_second3":"query.scoreboard('cooldown_skill1') == 0 && query.scoreboard('skill1') >= 3 && query.get_equipped_item_name =='gomu_skill_second1' && query.equipped_item_any_tag('slot.armor.feet','haki_armament') && query.is_using_item && !query.is_sneaking"},{"gomu_second4":"query.scoreboard('cooldown_skill2') == 0 && query.get_equipped_item_name =='gomu_skill_second2' && query.is_using_item"}]},"gomu1":{"transitions":[{"gomu1_2":"variable.time = (variable.time ?? 0);variable.time = variable.time < 5 ? variable.time + 1:0;return variable.time == 0;"}],"on_entry":["/playanimation @s animation.gomu1.attack2 wesl3y"]},"gomu1_2":{"transitions":[{"default":"(1.0)"}],"on_entry":["/execute @s[scores={fruit=..10}] ^^1^3 detect ~~1~ air 0 execute @e[r=3,tag=!gomu_fruit] ~~~ damage @s 5 entity_attack entity @e[tag=gomu_fruit]","/execute @s[scores={fruit=..10}] ^^1^6 detect ~~1~ air 0 execute @e[r=3,tag=!gomu_fruit] ~~~ damage @s 5 entity_attack entity @e[tag=gomu_fruit]","/execute @s[scores={fruit=..10}] ^^1^9 detect ~~1~ air 0 execute @e[r=3,tag=!gomu_fruit] ~~~ damage @s 5 entity_attack entity @e[tag=gomu_fruit]","/execute @s[scores={fruit=11..20}] ^^1^3 detect ~~1~ air 0 execute @e[r=3,tag=!gomu_fruit] ~~~ damage @s 7 entity_attack entity @e[tag=gomu_fruit]","/execute @s[scores={fruit=11..20}] ^^1^6 detect ~~1~ air 0 execute @e[r=3,tag=!gomu_fruit] ~~~ damage @s 7 entity_attack entity @e[tag=gomu_fruit]","/execute @s[scores={fruit=11..20}] ^^1^9 detect ~~1~ air 0 execute @e[r=3,tag=!gomu_fruit] ~~~ damage @s 7 entity_attack entity @e[tag=gomu_fruit]","/execute @s[scores={fruit=21..30}] ^^1^3 detect ~~1~ air 0 execute @e[r=3,tag=!gomu_fruit] ~~~ damage @s 10 entity_attack entity @e[tag=gomu_fruit]","/execute @s[scores={fruit=21..30}] ^^1^6 detect ~~1~ air 0 execute @e[r=3,tag=!gomu_fruit] ~~~ damage @s 10 entity_attack entity @e[tag=gomu_fruit]","/execute @s[scores={fruit=21..30}] ^^1^9 detect ~~1~ air 0 execute @e[r=3,tag=!gomu_fruit] ~~~ damage @s 10 entity_attack entity @e[tag=gomu_fruit]","/execute @s[scores={fruit=31..40}] ^^1^3 detect ~~1~ air 0 execute @e[r=3,tag=!gomu_fruit] ~~~ damage @s 12 entity_attack entity @e[tag=gomu_fruit]","/execute @s[scores={fruit=31..40}] ^^1^6 detect ~~1~ air 0 execute @e[r=3,tag=!gomu_fruit] ~~~ damage @s 12 entity_attack entity @e[tag=gomu_fruit]","/execute @s[scores={fruit=31..40}] ^^1^9 detect ~~1~ air 0 execute @e[r=3,tag=!gomu_fruit] ~~~ damage @s 12 entity_attack entity @e[tag=gomu_fruit]","/execute @s[scores={fruit=41..50}] ^^1^3 detect ~~1~ air 0 execute @e[r=3,tag=!gomu_fruit] ~~~ damage @s 15 entity_attack entity @e[tag=gomu_fruit]","/execute @s[scores={fruit=41..50}] ^^1^6 detect ~~1~ air 0 execute @e[r=3,tag=!gomu_fruit] ~~~ damage @s 15 entity_attack entity @e[tag=gomu_fruit]","/execute @s[scores={fruit=41..50}] ^^1^9 detect ~~1~ air 0 execute @e[r=3,tag=!gomu_fruit] ~~~ damage @s 15 entity_attack entity @e[tag=gomu_fruit]","/execute @s[scores={fruit=51..60}] ^^1^3 detect ~~1~ air 0 execute @e[r=3,tag=!gomu_fruit] ~~~ damage @s 17 entity_attack entity @e[tag=gomu_fruit]","/execute @s[scores={fruit=51..60}] ^^1^6 detect ~~1~ air 0 execute @e[r=3,tag=!gomu_fruit] ~~~ damage @s 17 entity_attack entity @e[tag=gomu_fruit]","/execute @s[scores={fruit=51..60}] ^^1^9 detect ~~1~ air 0 execute @e[r=3,tag=!gomu_fruit] ~~~ damage @s 17 entity_attack entity @e[tag=gomu_fruit]","/execute @s[scores={fruit=61..70}] ^^1^3 detect ~~1~ air 0 execute @e[r=3,tag=!gomu_fruit] ~~~ damage @s 20 entity_attack entity @e[tag=gomu_fruit]","/execute @s[scores={fruit=61..70}] ^^1^6 detect ~~1~ air 0 execute @e[r=3,tag=!gomu_fruit] ~~~ damage @s 20 entity_attack entity @e[tag=gomu_fruit]","/execute @s[scores={fruit=61..70}] ^^1^9 detect ~~1~ air 0 execute @e[r=3,tag=!gomu_fruit] ~~~ damage @s 20 entity_attack entity @e[tag=gomu_fruit]","/execute @s[scores={fruit=71..80}] ^^1^3 detect ~~2~ air 0 execute @e[r=3,tag=!gomu_fruit] ~~~ damage @s 22 entity_attack entity @e[tag=gomu_fruit]","/execute @s[scores={fruit=71..80}] ^^1^6 detect ~~1~ air 0 execute @e[r=3,tag=!gomu_fruit] ~~~ damage @s 22 entity_attack entity @e[tag=gomu_fruit]","/execute @s[scores={fruit=71..80}] ^^1^9 detect ~~1~ air 0 execute @e[r=3,tag=!gomu_fruit] ~~~ damage @s 22 entity_attack entity @e[tag=gomu_fruit]","/execute @s[scores={fruit=81..}] ^^1^3 detect ~~1~ air 0 execute @e[r=3,tag=!gomu_fruit] ~~~ damage @s 25 entity_attack entity @e[tag=gomu_fruit]","/execute @s[scores={fruit=81..}] ^^1^3 detect ~~1~ air 0 execute @e[r=3,tag=!gomu_fruit] ~~~ damage @s 25 entity_attack entity @e[tag=gomu_fruit]","/execute @s[scores={fruit=81..}] ^^1^9 detect ~~1~ air 0 execute @e[r=3,tag=!gomu_fruit] ~~~ damage @s 25 entity_attack entity @e[tag=gomu_fruit]","/scoreboard players set @s cooldown_skill1 30","/scoreboard players add @s xp_fruit 1"]},"gomu2":{"transitions":[{"gomu2_2":"variable.time = (variable.time ?? 0);variable.time = variable.time < 5 ? variable.time + 1:0;return variable.time == 0;"}],"on_entry":["/playanimation @s animation.gomu2.attack2 wesl3y"]},"gomu2_2":{"transitions":[{"default":"(1.0)"}],"on_entry":["/execute @s[scores={fruit=..10}] ^^1^3 detect ~~1~ air 0 execute @e[r=3,tag=!gomu_fruit] ~~~ damage @s 7 entity_attack entity @e[tag=gomu_fruit]","/execute @s[scores={fruit=..10}] ^^1^6 detect ~~1~ air 0 execute @e[r=3,tag=!gomu_fruit] ~~~ damage @s 7 entity_attack entity @e[tag=gomu_fruit]","/execute @s[scores={fruit=..10}] ^^1^9 detect ~~1~ air 0 execute @e[r=3,tag=!gomu_fruit] ~~~ damage @s 7 entity_attack entity @e[tag=gomu_fruit]","/execute @s[scores={fruit=11..20}] ^^1^3 detect ~~1~ air 0 execute @e[r=3,tag=!gomu_fruit] ~~~ damage @s 10 entity_attack entity @e[tag=gomu_fruit]","/execute @s[scores={fruit=11..20}] ^^1^6 detect ~~1~ air 0 execute @e[r=3,tag=!gomu_fruit] ~~~ damage @s 10 entity_attack entity @e[tag=gomu_fruit]","/execute @s[scores={fruit=11..20}] ^^1^9 detect ~~1~ air 0 execute @e[r=3,tag=!gomu_fruit] ~~~ damage @s 10 entity_attack entity @e[tag=gomu_fruit]","/execute @s[scores={fruit=21..30}] ^^1^3 detect ~~1~ air 0 execute @e[r=3,tag=!gomu_fruit] ~~~ damage @s 12 entity_attack entity @e[tag=gomu_fruit]","/execute @s[scores={fruit=21..30}] ^^1^6 detect ~~1~ air 0 execute @e[r=3,tag=!gomu_fruit] ~~~ damage @s 12 entity_attack entity @e[tag=gomu_fruit]","/execute @s[scores={fruit=21..30}] ^^1^9 detect ~~1~ air 0 execute @e[r=3,tag=!gomu_fruit] ~~~ damage @s 12 entity_attack entity @e[tag=gomu_fruit]","/execute @s[scores={fruit=31..40}] ^^1^3 detect ~~1~ air 0 execute @e[r=3,tag=!gomu_fruit] ~~~ damage @s 15 entity_attack entity @e[tag=gomu_fruit]","/execute @s[scores={fruit=31..40}] ^^1^6 detect ~~1~ air 0 execute @e[r=3,tag=!gomu_fruit] ~~~ damage @s 15 entity_attack entity @e[tag=gomu_fruit]","/execute @s[scores={fruit=31..40}] ^^1^9 detect ~~1~ air 0 execute @e[r=3,tag=!gomu_fruit] ~~~ damage @s 15 entity_attack entity @e[tag=gomu_fruit]","/execute @s[scores={fruit=41..50}] ^^1^3 detect ~~1~ air 0 execute @e[r=3,tag=!gomu_fruit] ~~~ damage @s 17 entity_attack entity @e[tag=gomu_fruit]","/execute @s[scores={fruit=41..50}] ^^1^6 detect ~~1~ air 0 execute @e[r=3,tag=!gomu_fruit] ~~~ damage @s 17 entity_attack entity @e[tag=gomu_fruit]","/execute @s[scores={fruit=41..50}] ^^1^9 detect ~~1~ air 0 execute @e[r=3,tag=!gomu_fruit] ~~~ damage @s 17 entity_attack entity @e[tag=gomu_fruit]","/execute @s[scores={fruit=51..60}] ^^1^3 detect ~~1~ air 0 execute @e[r=3,tag=!gomu_fruit] ~~~ damage @s 20 entity_attack entity @e[tag=gomu_fruit]","/execute @s[scores={fruit=51..60}] ^^1^6 detect ~~1~ air 0 execute @e[r=3,tag=!gomu_fruit] ~~~ damage @s 20 entity_attack entity @e[tag=gomu_fruit]","/execute @s[scores={fruit=51..60}] ^^1^9 detect ~~1~ air 0 execute @e[r=3,tag=!gomu_fruit] ~~~ damage @s 20 entity_attack entity @e[tag=gomu_fruit]","/execute @s[scores={fruit=61..70}] ^^1^3 detect ~~1~ air 0 execute @e[r=3,tag=!gomu_fruit] ~~~ damage @s 22 entity_attack entity @e[tag=gomu_fruit]","/execute @s[scores={fruit=61..70}] ^^1^6 detect ~~1~ air 0 execute @e[r=3,tag=!gomu_fruit] ~~~ damage @s 22 entity_attack entity @e[tag=gomu_fruit]","/execute @s[scores={fruit=61..70}] ^^1^9 detect ~~1~ air 0 execute @e[r=3,tag=!gomu_fruit] ~~~ damage @s 22 entity_attack entity @e[tag=gomu_fruit]","/execute @s[scores={fruit=71..80}] ^^1^3 detect ~~2~ air 0 execute @e[r=3,tag=!gomu_fruit] ~~~ damage @s 25 entity_attack entity @e[tag=gomu_fruit]","/execute @s[scores={fruit=71..80}] ^^1^6 detect ~~1~ air 0 execute @e[r=3,tag=!gomu_fruit] ~~~ damage @s 25 entity_attack entity @e[tag=gomu_fruit]","/execute @s[scores={fruit=71..80}] ^^1^9 detect ~~1~ air 0 execute @e[r=3,tag=!gomu_fruit] ~~~ damage @s 25 entity_attack entity @e[tag=gomu_fruit]","/execute @s[scores={fruit=81..}] ^^1^3 detect ~~1~ air 0 execute @e[r=3,tag=!gomu_fruit] ~~~ damage @s 27 entity_attack entity @e[tag=gomu_fruit]","/execute @s[scores={fruit=81..}] ^^1^6 detect ~~1~ air 0 execute @e[r=3,tag=!gomu_fruit] ~~~ damage @s 27 entity_attack entity @e[tag=gomu_fruit]","/execute @s[scores={fruit=81..}] ^^1^9 detect ~~1~ air 0 execute @e[r=3,tag=!gomu_fruit] ~~~ damage @s 27 entity_attack entity @e[tag=gomu_fruit]","/scoreboard players set @s cooldown_skill1 50","/scoreboard players add @s xp_fruit 1"]},"gomu3":{"transitions":[{"gomu3_2":"query.get_equipped_item_name == 'gomu_skill1' && !query.is_using_item"},{"fail1":"!(query.scoreboard('skill1') >= 3) || query.get_equipped_item_name != 'gomu_skill1' || !query.is_alive"}],"on_entry":["/playanimation @s animation.gomu3.attack wesl3y"]},"gomu3_2":{"transitions":[{"default":"variable.cooltime = (variable.cooltime ?? 0);variable.cooltime = variable.cooltime < 2 ? variable.cooltime + 1:0;return variable.cooltime == 0;"}],"on_entry":["/playanimation @s animation.gomu3.attack2 wesl3y","/tag @s add gomu3","/event entity @s wesl3y:gomu","/effect @s levitation 1 5 true"],"on_exit":["/scoreboard players set @s cooldown_skill1 60","/scoreboard players add @s xp_fruit 1"]},"gomu4":{"transitions":[{"gomu4_2":"query.get_equipped_item_name == 'gomu_skill2' && !query.is_using_item"},{"fail2":"!(query.scoreboard('skill2') <= 1) || query.get_equipped_item_name != 'gomu_skill2' || !query.is_alive"}],"on_entry":["/playanimation @s animation.gomu4.attack wesl3y"]},"gomu4_2":{"transitions":[{"default":"(1.0)"}],"on_entry":["/playanimation @s animation.gomu4.attack2 wesl3y","/damage @e[family=!attack,rm=0.5,r=4] 20 entity_attack entity @s[scores={fruit=..10}]","/damage @e[family=!attack,rm=0.5,r=4] 22 entity_attack entity @s[scores={fruit=11..20}]","/damage @e[family=!attack,rm=0.5,r=4] 25 entity_attack entity @s[scores={fruit=21..30}]","/damage @e[family=!attack,rm=0.5,r=4] 27 entity_attack entity @s[scores={fruit=31..40}]","/damage @e[family=!attack,rm=0.5,r=4] 30 entity_attack entity @s[scores={fruit=41..50}]","/damage @e[family=!attack,rm=0.5,r=4] 32 entity_attack entity @s[scores={fruit=51..60}]","/damage @e[family=!attack,rm=0.5,r=4] 35 entity_attack entity @s[scores={fruit=61..70}]","/damage @e[family=!attack,rm=0.5,r=4] 37 entity_attack entity @s[scores={fruit=71..80}]","/damage @e[family=!attack,rm=0.5,r=4] 40 entity_attack entity @s[scores={fruit=81..}]","/scoreboard players set @s cooldown_skill2 70","/scoreboard players add @s xp_fruit 1"]},"gomu5":{"transitions":[{"gomu5_2":"query.get_equipped_item_name =='gomu_skill2' && !query.is_using_item"},{"fail1":"!(query.scoreboard('skill2') >= 2) || query.get_equipped_item_name != 'gomu_skill2' || !query.is_alive"}],"on_entry":["/playanimation @s animation.gomu5.attack wesl3y"]},"gomu5_2":{"transitions":[{"default":"(1.0)"}],"on_entry":["/playanimation @s animation.empty wesl3y","/playanimation @s animation.gomu5.attack2 wesl3y","/execute @s[scores={fruit=..10}] ^^1^4 damage @e[tag=!gomu_fruit,family=!attack,r=5] 25 entity_attack entity @s","/execute @s[scores={fruit=11..20}] ^^1^4 damage @e[tag=!gomu_fruit,family=!attack,r=5] 27 entity_attack entity @s","/execute @s[scores={fruit=21..30}] ^^1^4 damage @e[tag=!gomu_fruit,family=!attack,r=5] 30 entity_attack entity @s","/execute @s[scores={fruit=31..40}] ^^1^4 damage @e[tag=!gomu_fruit,family=!attack,r=5] 32 entity_attack entity @s","/execute @s[scores={fruit=41..50}] ^^1^4 damage @e[tag=!gomu_fruit,family=!attack,r=5] 35 entity_attack entity @s","/execute @s[scores={fruit=51..60}] ^^1^4 damage @e[tag=!gomu_fruit,family=!attack,r=5] 37 entity_attack entity @s","/execute @s[scores={fruit=61..70}] ^^1^4 damage @e[tag=!gomu_fruit,family=!attack,r=5] 40 entity_attack entity @s","/execute @s[scores={fruit=71..80}] ^^1^4 damage @e[tag=!gomu_fruit,family=!attack,r=5] 42 entity_attack entity @s","/execute @s[scores={fruit=81..}] ^^1^4 damage @e[tag=!gomu_fruit,family=!attack,r=5] 45 entity_attack entity @s","/tag @s add impulse","/summon wesl3y:impulse","/scoreboard players set @s cooldown_skill2 120","/scoreboard players add @s xp_fruit 1"]},"gomu6":{"transitions":[{"gomu6_2":"query.get_equipped_item_name == 'gomu_skill3' && query.is_using_item"},{"gomu6_3":"query.get_equipped_item_name == 'gomu_skill3' && !query.is_using_item"},{"fail3":"query.get_equipped_item_name != 'gomu_skill3' || !query.is_alive"}],"on_entry":["/scoreboard players set @s time_skill 80"]},"gomu6_2":{"animations":["gatling_gun"],"transitions":[{"gomu6_3":"query.get_equipped_item_name == 'gomu_skill3' && !query.is_using_item || query.scoreboard('time_skill') == 0"},{"fail3":"query.get_equipped_item_name != 'gomu_skill3' || !query.is_alive"}]},"gomu6_3":{"transitions":[{"default":"(1.0)"}],"on_entry":["/scoreboard players set @s cooldown_skill3 140","/scoreboard players add @s xp_fruit 1"]},"gomu_second1":{"transitions":[{"gomu_second1_2":"variable.time = (variable.time ?? 0);variable.time = variable.time < 2 ? variable.time + 1:0;return variable.time == 0;"}],"on_entry":["/playanimation @s animation.gomu_second1.attack2 wesl3y"]},"gomu_second1_2":{"transitions":[{"default":"(1.0)"}],"on_entry":["/execute @s[scores={fruit=..10}] ^^1^3 detect ~~1~ air 0 execute @e[r=3,tag=!gomu_fruit] ~~~ damage @s 7 entity_attack entity @e[tag=gomu_fruit]","/execute @s[scores={fruit=..10}] ^^1^6 detect ~~1~ air 0 execute @e[r=3,tag=!gomu_fruit] ~~~ damage @s 7 entity_attack entity @e[tag=gomu_fruit]","/execute @s[scores={fruit=..10}] ^^1^9 detect ~~1~ air 0 execute @e[r=3,tag=!gomu_fruit] ~~~ damage @s 7 entity_attack entity @e[tag=gomu_fruit]","/execute @s[scores={fruit=11..20}] ^^1^3 detect ~~1~ air 0 execute @e[r=3,tag=!gomu_fruit] ~~~ damage @s 10 entity_attack entity @e[tag=gomu_fruit]","/execute @s[scores={fruit=11..20}] ^^1^6 detect ~~1~ air 0 execute @e[r=3,tag=!gomu_fruit] ~~~ damage @s 10 entity_attack entity @e[tag=gomu_fruit]","/execute @s[scores={fruit=11..20}] ^^1^9 detect ~~1~ air 0 execute @e[r=3,tag=!gomu_fruit] ~~~ damage @s 10 entity_attack entity @e[tag=gomu_fruit]","/execute @s[scores={fruit=21..30}] ^^1^3 detect ~~1~ air 0 execute @e[r=3,tag=!gomu_fruit] ~~~ damage @s 12 entity_attack entity @e[tag=gomu_fruit]","/execute @s[scores={fruit=21..30}] ^^1^6 detect ~~1~ air 0 execute @e[r=3,tag=!gomu_fruit] ~~~ damage @s 12 entity_attack entity @e[tag=gomu_fruit]","/execute @s[scores={fruit=21..30}] ^^1^9 detect ~~1~ air 0 execute @e[r=3,tag=!gomu_fruit] ~~~ damage @s 12 entity_attack entity @e[tag=gomu_fruit]","/execute @s[scores={fruit=31..40}] ^^1^3 detect ~~1~ air 0 execute @e[r=3,tag=!gomu_fruit] ~~~ damage @s 15 entity_attack entity @e[tag=gomu_fruit]","/execute @s[scores={fruit=31..40}] ^^1^6 detect ~~1~ air 0 execute @e[r=3,tag=!gomu_fruit] ~~~ damage @s 15 entity_attack entity @e[tag=gomu_fruit]","/execute @s[scores={fruit=31..40}] ^^1^9 detect ~~1~ air 0 execute @e[r=3,tag=!gomu_fruit] ~~~ damage @s 15 entity_attack entity @e[tag=gomu_fruit]","/execute @s[scores={fruit=41..50}] ^^1^3 detect ~~1~ air 0 execute @e[r=3,tag=!gomu_fruit] ~~~ damage @s 17 entity_attack entity @e[tag=gomu_fruit]","/execute @s[scores={fruit=41..50}] ^^1^6 detect ~~1~ air 0 execute @e[r=3,tag=!gomu_fruit] ~~~ damage @s 17 entity_attack entity @e[tag=gomu_fruit]","/execute @s[scores={fruit=41..50}] ^^1^9 detect ~~1~ air 0 execute @e[r=3,tag=!gomu_fruit] ~~~ damage @s 17 entity_attack entity @e[tag=gomu_fruit]","/execute @s[scores={fruit=51..60}] ^^1^3 detect ~~1~ air 0 execute @e[r=3,tag=!gomu_fruit] ~~~ damage @s 20 entity_attack entity @e[tag=gomu_fruit]","/execute @s[scores={fruit=51..60}] ^^1^6 detect ~~1~ air 0 execute @e[r=3,tag=!gomu_fruit] ~~~ damage @s 20 entity_attack entity @e[tag=gomu_fruit]","/execute @s[scores={fruit=51..60}] ^^1^9 detect ~~1~ air 0 execute @e[r=3,tag=!gomu_fruit] ~~~ damage @s 20 entity_attack entity @e[tag=gomu_fruit]","/execute @s[scores={fruit=61..70}] ^^1^3 detect ~~1~ air 0 execute @e[r=3,tag=!gomu_fruit] ~~~ damage @s 22 entity_attack entity @e[tag=gomu_fruit]","/execute @s[scores={fruit=61..70}] ^^1^6 detect ~~1~ air 0 execute @e[r=3,tag=!gomu_fruit] ~~~ damage @s 22 entity_attack entity @e[tag=gomu_fruit]","/execute @s[scores={fruit=61..70}] ^^1^9 detect ~~1~ air 0 execute @e[r=3,tag=!gomu_fruit] ~~~ damage @s 22 entity_attack entity @e[tag=gomu_fruit]","/execute @s[scores={fruit=71..80}] ^^1^3 detect ~~2~ air 0 execute @e[r=3,tag=!gomu_fruit] ~~~ damage @s 25 entity_attack entity @e[tag=gomu_fruit]","/execute @s[scores={fruit=71..80}] ^^1^6 detect ~~1~ air 0 execute @e[r=3,tag=!gomu_fruit] ~~~ damage @s 25 entity_attack entity @e[tag=gomu_fruit]","/execute @s[scores={fruit=71..80}] ^^1^9 detect ~~1~ air 0 execute @e[r=3,tag=!gomu_fruit] ~~~ damage @s 25 entity_attack entity @e[tag=gomu_fruit]","/execute @s[scores={fruit=81..}] ^^1^3 detect ~~1~ air 0 execute @e[r=3,tag=!gomu_fruit] ~~~ damage @s 27 entity_attack entity @e[tag=gomu_fruit]","/execute @s[scores={fruit=81..}] ^^1^3 detect ~~1~ air 0 execute @e[r=3,tag=!gomu_fruit] ~~~ damage @s 27 entity_attack entity @e[tag=gomu_fruit]","/execute @s[scores={fruit=81..}] ^^1^9 detect ~~1~ air 0 execute @e[r=3,tag=!gomu_fruit] ~~~ damage @s 27 entity_attack entity @e[tag=gomu_fruit]","/scoreboard players set @s cooldown_skill1 30","/scoreboard players add @s xp_fruit 1"]},"gomu_second2":{"transitions":[{"gomu_second2_2":"variable.time = (variable.time ?? 0);variable.time = variable.time < 5 ? variable.time + 1:0;return variable.time == 0;"}],"on_entry":["/playanimation @s animation.gomu2.attack2 wesl3y"]},"gomu_second2_2":{"transitions":[{"default":"(1.0)"}],"on_entry":["/execute @s[scores={fruit=..10}] ^^1^3 detect ~~1~ air 0 execute @e[r=3,tag=!gomu_fruit] ~~~ damage @s 10 entity_attack entity @e[tag=gomu_fruit]","/execute @s[scores={fruit=..10}] ^^1^6 detect ~~1~ air 0 execute @e[r=3,tag=!gomu_fruit] ~~~ damage @s 10 entity_attack entity @e[tag=gomu_fruit]","/execute @s[scores={fruit=..10}] ^^1^9 detect ~~1~ air 0 execute @e[r=3,tag=!gomu_fruit] ~~~ damage @s 10 entity_attack entity @e[tag=gomu_fruit]","/execute @s[scores={fruit=11..20}] ^^1^3 detect ~~1~ air 0 execute @e[r=3,tag=!gomu_fruit] ~~~ damage @s 12 entity_attack entity @e[tag=gomu_fruit]","/execute @s[scores={fruit=11..20}] ^^1^6 detect ~~1~ air 0 execute @e[r=3,tag=!gomu_fruit] ~~~ damage @s 12 entity_attack entity @e[tag=gomu_fruit]","/execute @s[scores={fruit=11..20}] ^^1^9 detect ~~1~ air 0 execute @e[r=3,tag=!gomu_fruit] ~~~ damage @s 12 entity_attack entity @e[tag=gomu_fruit]","/execute @s[scores={fruit=21..30}] ^^1^3 detect ~~1~ air 0 execute @e[r=3,tag=!gomu_fruit] ~~~ damage @s 15 entity_attack entity @e[tag=gomu_fruit]","/execute @s[scores={fruit=21..30}] ^^1^6 detect ~~1~ air 0 execute @e[r=3,tag=!gomu_fruit] ~~~ damage @s 15 entity_attack entity @e[tag=gomu_fruit]","/execute @s[scores={fruit=21..30}] ^^1^9 detect ~~1~ air 0 execute @e[r=3,tag=!gomu_fruit] ~~~ damage @s 15 entity_attack entity @e[tag=gomu_fruit]","/execute @s[scores={fruit=31..40}] ^^1^3 detect ~~1~ air 0 execute @e[r=3,tag=!gomu_fruit] ~~~ damage @s 17 entity_attack entity @e[tag=gomu_fruit]","/execute @s[scores={fruit=31..40}] ^^1^6 detect ~~1~ air 0 execute @e[r=3,tag=!gomu_fruit] ~~~ damage @s 17 entity_attack entity @e[tag=gomu_fruit]","/execute @s[scores={fruit=31..40}] ^^1^9 detect ~~1~ air 0 execute @e[r=3,tag=!gomu_fruit] ~~~ damage @s 17 entity_attack entity @e[tag=gomu_fruit]","/execute @s[scores={fruit=41..50}] ^^1^3 detect ~~1~ air 0 execute @e[r=3,tag=!gomu_fruit] ~~~ damage @s 20 entity_attack entity @e[tag=gomu_fruit]","/execute @s[scores={fruit=41..50}] ^^1^6 detect ~~1~ air 0 execute @e[r=3,tag=!gomu_fruit] ~~~ damage @s 20 entity_attack entity @e[tag=gomu_fruit]","/execute @s[scores={fruit=41..50}] ^^1^9 detect ~~1~ air 0 execute @e[r=3,tag=!gomu_fruit] ~~~ damage @s 20 entity_attack entity @e[tag=gomu_fruit]","/execute @s[scores={fruit=51..60}] ^^1^3 detect ~~1~ air 0 execute @e[r=3,tag=!gomu_fruit] ~~~ damage @s 22 entity_attack entity @e[tag=gomu_fruit]","/execute @s[scores={fruit=51..60}] ^^1^6 detect ~~1~ air 0 execute @e[r=3,tag=!gomu_fruit] ~~~ damage @s 22 entity_attack entity @e[tag=gomu_fruit]","/execute @s[scores={fruit=51..60}] ^^1^9 detect ~~1~ air 0 execute @e[r=3,tag=!gomu_fruit] ~~~ damage @s 22 entity_attack entity @e[tag=gomu_fruit]","/execute @s[scores={fruit=61..70}] ^^1^3 detect ~~1~ air 0 execute @e[r=3,tag=!gomu_fruit] ~~~ damage @s 25 entity_attack entity @e[tag=gomu_fruit]","/execute @s[scores={fruit=61..70}] ^^1^6 detect ~~1~ air 0 execute @e[r=3,tag=!gomu_fruit] ~~~ damage @s 25 entity_attack entity @e[tag=gomu_fruit]","/execute @s[scores={fruit=61..70}] ^^1^9 detect ~~1~ air 0 execute @e[r=3,tag=!gomu_fruit] ~~~ damage @s 25 entity_attack entity @e[tag=gomu_fruit]","/execute @s[scores={fruit=71..80}] ^^1^3 detect ~~2~ air 0 execute @e[r=3,tag=!gomu_fruit] ~~~ damage @s 27 entity_attack entity @e[tag=gomu_fruit]","/execute @s[scores={fruit=71..80}] ^^1^6 detect ~~1~ air 0 execute @e[r=3,tag=!gomu_fruit] ~~~ damage @s 27 entity_attack entity @e[tag=gomu_fruit]","/execute @s[scores={fruit=71..80}] ^^1^9 detect ~~1~ air 0 execute @e[r=3,tag=!gomu_fruit] ~~~ damage @s 27 entity_attack entity @e[tag=gomu_fruit]","/execute @s[scores={fruit=81..}] ^^1^3 detect ~~1~ air 0 execute @e[r=3,tag=!gomu_fruit] ~~~ damage @s 30 entity_attack entity @e[tag=gomu_fruit]","/execute @s[scores={fruit=81..}] ^^1^6 detect ~~1~ air 0 execute @e[r=3,tag=!gomu_fruit] ~~~ damage @s 30 entity_attack entity @e[tag=gomu_fruit]","/execute @s[scores={fruit=81..}] ^^1^9 detect ~~1~ air 0 execute @e[r=3,tag=!gomu_fruit] ~~~ damage @s 30 entity_attack entity @e[tag=gomu_fruit]","/scoreboard players set @s cooldown_skill1 50","/scoreboard players add @s xp_fruit 1"]},"gomu_second3":{"transitions":[{"gomu_second3_2":"query.get_equipped_item_name =='gomu_skill_second1' && !query.is_using_item"},{"fail1":"!(query.scoreboard('skill1') >= 3) || query.get_equipped_item_name != 'gomu_skill_second1' || !query.is_alive"}],"on_entry":["/playanimation @s animation.gomu5.attack wesl3y"]},"gomu_second3_2":{"transitions":[{"default":"(1.0)"}],"on_entry":["/playanimation @s animation.empty wesl3y","/playanimation @s animation.gomu5.attack2 wesl3y","/execute @s[scores={fruit=..10}] ^^1^4 damage @e[tag=!gomu_fruit,family=!attack,r=5] 27 entity_attack entity @s","/execute @s[scores={fruit=11..20}] ^^1^4 damage @e[tag=!gomu_fruit,family=!attack,r=5] 30 entity_attack entity @s","/execute @s[scores={fruit=21..30}] ^^1^4 damage @e[tag=!gomu_fruit,family=!attack,r=5] 32 entity_attack entity @s","/execute @s[scores={fruit=31..40}] ^^1^4 damage @e[tag=!gomu_fruit,family=!attack,r=5] 35 entity_attack entity @s","/execute @s[scores={fruit=41..50}] ^^1^4 damage @e[tag=!gomu_fruit,family=!attack,r=5] 37 entity_attack entity @s","/execute @s[scores={fruit=51..60}] ^^1^4 damage @e[tag=!gomu_fruit,family=!attack,r=5] 40 entity_attack entity @s","/execute @s[scores={fruit=61..70}] ^^1^4 damage @e[tag=!gomu_fruit,family=!attack,r=5] 42 entity_attack entity @s","/execute @s[scores={fruit=71..80}] ^^1^4 damage @e[tag=!gomu_fruit,family=!attack,r=5] 45 entity_attack entity @s","/execute @s[scores={fruit=81..}] ^^1^4 damage @e[tag=!gomu_fruit,family=!attack,r=5] 47 entity_attack entity @s","/tag @s add impulse","/summon wesl3y:impulse","/scoreboard players set @s cooldown_skill1 120","/scoreboard players add @s xp_fruit 1"]},"2gomu_second3":{"transitions":[{"2gomu_second3_2":"query.get_equipped_item_name =='gomu_skill_second1' && !query.is_using_item"},{"fail1":"!(query.scoreboard('skill1') >= 3) || query.get_equipped_item_name != 'gomu_skill_second1' || !query.is_alive"}],"on_entry":["/playanimation @s animation.2gomu_second3.attack wesl3y"]},"2gomu_second3_2":{"transitions":[{"2gomu_second3_3":"variable.time = (variable.time ?? 0);variable.time = variable.time < 5 ? variable.time + 1:0;return variable.time == 0;"}],"on_entry":["/playanimation @s animation.2gomu_second3.attack2 wesl3y"]},"2gomu_second3_3":{"transitions":[{"default":"(1.0)"}],"on_entry":["/execute @s[scores={fruit=..10}] ^^1^3 detect ~~1~ air 0 execute @e[r=3,tag=!gomu_fruit] ~~~ damage @s 30 entity_attack entity @e[tag=gomu_fruit]","/execute @s[scores={fruit=..10}] ^^1^6 detect ~~1~ air 0 execute @e[r=3,tag=!gomu_fruit] ~~~ damage @s 30 entity_attack entity @e[tag=gomu_fruit]","/execute @s[scores={fruit=..10}] ^^1^9 detect ~~1~ air 0 execute @e[r=3,tag=!gomu_fruit] ~~~ damage @s 30 entity_attack entity @e[tag=gomu_fruit]","/execute @s[scores={fruit=11..20}] ^^1^3 detect ~~1~ air 0 execute @e[r=3,tag=!gomu_fruit] ~~~ damage @s 32 entity_attack entity @e[tag=gomu_fruit]","/execute @s[scores={fruit=11..20}] ^^1^6 detect ~~1~ air 0 execute @e[r=3,tag=!gomu_fruit] ~~~ damage @s 32 entity_attack entity @e[tag=gomu_fruit]","/execute @s[scores={fruit=11..20}] ^^1^9 detect ~~1~ air 0 execute @e[r=3,tag=!gomu_fruit] ~~~ damage @s 32 entity_attack entity @e[tag=gomu_fruit]","/execute @s[scores={fruit=21..30}] ^^1^3 detect ~~1~ air 0 execute @e[r=3,tag=!gomu_fruit] ~~~ damage @s 35 entity_attack entity @e[tag=gomu_fruit]","/execute @s[scores={fruit=21..30}] ^^1^6 detect ~~1~ air 0 execute @e[r=3,tag=!gomu_fruit] ~~~ damage @s 35 entity_attack entity @e[tag=gomu_fruit]","/execute @s[scores={fruit=21..30}] ^^1^9 detect ~~1~ air 0 execute @e[r=3,tag=!gomu_fruit] ~~~ damage @s 35 entity_attack entity @e[tag=gomu_fruit]","/execute @s[scores={fruit=31..40}] ^^1^3 detect ~~1~ air 0 execute @e[r=3,tag=!gomu_fruit] ~~~ damage @s 37 entity_attack entity @e[tag=gomu_fruit]","/execute @s[scores={fruit=31..40}] ^^1^6 detect ~~1~ air 0 execute @e[r=3,tag=!gomu_fruit] ~~~ damage @s 37 entity_attack entity @e[tag=gomu_fruit]","/execute @s[scores={fruit=31..40}] ^^1^9 detect ~~1~ air 0 execute @e[r=3,tag=!gomu_fruit] ~~~ damage @s 37 entity_attack entity @e[tag=gomu_fruit]","/execute @s[scores={fruit=41..50}] ^^1^3 detect ~~1~ air 0 execute @e[r=3,tag=!gomu_fruit] ~~~ damage @s 40 entity_attack entity @e[tag=gomu_fruit]","/execute @s[scores={fruit=41..50}] ^^1^6 detect ~~1~ air 0 execute @e[r=3,tag=!gomu_fruit] ~~~ damage @s 40 entity_attack entity @e[tag=gomu_fruit]","/execute @s[scores={fruit=41..50}] ^^1^9 detect ~~1~ air 0 execute @e[r=3,tag=!gomu_fruit] ~~~ damage @s 40 entity_attack entity @e[tag=gomu_fruit]","/execute @s[scores={fruit=51..60}] ^^1^3 detect ~~1~ air 0 execute @e[r=3,tag=!gomu_fruit] ~~~ damage @s 42 entity_attack entity @e[tag=gomu_fruit]","/execute @s[scores={fruit=51..60}] ^^1^6 detect ~~1~ air 0 execute @e[42=3,tag=!gomu_fruit] ~~~ damage @s 45 entity_attack entity @e[tag=gomu_fruit]","/execute @s[scores={fruit=51..60}] ^^1^9 detect ~~1~ air 0 execute @e[r=3,tag=!gomu_fruit] ~~~ damage @s 52 entity_attack entity @e[tag=gomu_fruit]","/execute @s[scores={fruit=61..70}] ^^1^3 detect ~~1~ air 0 execute @e[r=3,tag=!gomu_fruit] ~~~ damage @s 45 entity_attack entity @e[tag=gomu_fruit]","/execute @s[scores={fruit=61..70}] ^^1^6 detect ~~1~ air 0 execute @e[r=3,tag=!gomu_fruit] ~~~ damage @s 45 entity_attack entity @e[tag=gomu_fruit]","/execute @s[scores={fruit=61..70}] ^^1^9 detect ~~1~ air 0 execute @e[r=3,tag=!gomu_fruit] ~~~ damage @s 45 entity_attack entity @e[tag=gomu_fruit]","/execute @s[scores={fruit=71..80}] ^^1^3 detect ~~2~ air 0 execute @e[r=3,tag=!gomu_fruit] ~~~ damage @s 47 entity_attack entity @e[tag=gomu_fruit]","/execute @s[scores={fruit=71..80}] ^^1^6 detect ~~1~ air 0 execute @e[r=3,tag=!gomu_fruit] ~~~ damage @s 47 entity_attack entity @e[tag=gomu_fruit]","/execute @s[scores={fruit=71..80}] ^^1^9 detect ~~1~ air 0 execute @e[r=3,tag=!gomu_fruit] ~~~ damage @s 47 entity_attack entity @e[tag=gomu_fruit]","/execute @s[scores={fruit=81..}] ^^1^3 detect ~~1~ air 0 execute @e[r=3,tag=!gomu_fruit] ~~~ damage @s 50 entity_attack entity @e[tag=gomu_fruit]","/execute @s[scores={fruit=81..}] ^^1^6 detect ~~1~ air 0 execute @e[r=3,tag=!gomu_fruit] ~~~ damage @s 50 entity_attack entity @e[tag=gomu_fruit]","/execute @s[scores={fruit=81..}] ^^1^9 detect ~~1~ air 0 execute @e[r=3,tag=!gomu_fruit] ~~~ damage @s 50 entity_attack entity @e[tag=gomu_fruit]","/scoreboard players set @s cooldown_skill1 150","/scoreboard players add @s xp_fruit 1"]},"gomu_second4":{"transitions":[{"gomu_second4_2":"query.get_equipped_item_name == 'gomu_skill_second2' && query.is_using_item"},{"gomu_second4_3":"query.get_equipped_item_name == 'gomu_skill_second2' && !query.is_using_item"},{"fail_second2":"query.get_equipped_item_name != 'gomu_skill_second2' || !query.is_alive"}],"on_entry":["/scoreboard players set @s time_skill 100"]},"gomu_second4_2":{"animations":["jet_gatling_gun"],"transitions":[{"gomu_second4_3":"query.get_equipped_item_name == 'gomu_skill_second2' && !query.is_using_item || query.scoreboard('time_skill') == 0"},{"fail_second2":"query.get_equipped_item_name != 'gomu_skill_second2' || !query.is_alive"}]},"gomu_second4_3":{"transitions":[{"default":"(1.0)"}],"on_entry":["/scoreboard players set @s cooldown_skill2 140","/scoreboard players add @s xp_fruit 1"]},"fail1":{"transitions":[{"default":"!query.is_using_item || !query.is_sneaking || !query.is_alive"}],"on_entry":["/tag @s remove gomu3","/playanimation @s animation.empty wesl3y"]},"fail2":{"transitions":[{"default":"!query.is_using_item || !query.is_sneaking || !query.is_alive"}],"on_entry":["/playanimation @s animation.empty wesl3y"]},"fail3":{"transitions":[{"default":"!query.is_using_item || !query.is_sneaking || !query.is_alive"}],"on_entry":["/playanimation @s animation.empty wesl3y"]},"fail_second1":{"transitions":[{"default":"!query.is_using_item || !query.is_sneaking || !query.is_alive"}],"on_entry":["/tag @s remove gomu3","/playanimation @s animation.empty wesl3y"]},"fail_second2":{"transitions":[{"default":"!query.is_using_item || !query.is_sneaking || !query.is_alive"}],"on_entry":["/playanimation @s animation.empty wesl3y"]}}},"controller.animation.gomu_change":{"states":{"default":{"transitions":[{"skill1":"query.get_equipped_item_name =='gomu_skill1' && query.is_sneaking && !(query.is_using_item || variable.attack_time)"},{"skill2":"query.get_equipped_item_name =='gomu_skill2' && query.is_sneaking && !(query.is_using_item || variable.attack_time)"},{"skill_second1":"query.get_equipped_item_name =='gomu_skill_second1' && query.is_sneaking && !(query.is_using_item || variable.attack_time)"},{"gomu_second":"query.get_equipped_item_name =='gomu_second2' && query.is_sneaking && !(query.is_using_item || variable.attack_time)"},{"gomu_third":"query.get_equipped_item_name =='gomu_third2' && query.is_sneaking && !(query.is_using_item || variable.attack_time)"},{"gomu_fourth_boundman":"query.get_equipped_item_name =='gomu_fourth2_boundman' && query.is_sneaking && !(query.is_using_item || variable.attack_time)"},{"gomu_fourth_snakeman":"query.get_equipped_item_name =='gomu_fourth2_snakeman' && query.is_sneaking && !(query.is_using_item || variable.attack_time)"}]},"skill1":{"transitions":[{"default":"!query.is_sneaking"}],"on_entry":["/scoreboard players set @s[scores={skill1=3..}] skill1 4","/scoreboard players set @s[scores={skill1=2}] skill1 3","/scoreboard players set @s[scores={skill1=..1}] skill1 2","/scoreboard players set @s[scores={skill1=4}] skill1 1"]},"skill2":{"transitions":[{"default":"!query.is_sneaking"}],"on_entry":["/scoreboard players set @s[scores={skill2=2..}] skill2 3","/scoreboard players set @s[scores={skill2=..1}] skill2 2","/scoreboard players set @s[scores={skill2=3}] skill2 1"]},"skill_second1":{"transitions":[{"default":"!query.is_sneaking"}],"on_entry":["/scoreboard players set @s[scores={skill1=3..}] skill1 4","/scoreboard players set @s[scores={skill1=2}] skill1 3","/scoreboard players set @s[scores={skill1=..1}] skill1 2","/scoreboard players set @s[scores={skill1=4}] skill1 1"]},"gomu_second":{"transitions":[{"default":"!query.is_sneaking"}],"on_entry":["/function replaceitem/gomu_third_hand"]},"gomu_third":{"transitions":[{"default":"!query.is_sneaking"}],"on_entry":["/function replaceitem/gomu_second_hand"]},"gomu_fourth_boundman":{"transitions":[{"default":"!query.is_sneaking"}],"on_entry":["/function replaceitem/gomu_fourth_snakeman_hand"]},"gomu_fourth_snakeman":{"transitions":[{"default":"!query.is_sneaking"}],"on_entry":["/function replaceitem/gomu_second_hand"]}}},"controller.animation.gomu_hand":{"states":{"default":{"transitions":[{"gomu1":"query.get_equipped_item_name =='gomu_skill1'"},{"gomu2":"query.get_equipped_item_name =='gomu_skill2'"},{"gomu3":"query.get_equipped_item_name =='gomu_skill3'"},{"gomu_second1":"query.get_equipped_item_name =='gomu_skill_second1'"},{"gomu_second2":"query.get_equipped_item_name =='gomu_skill_second2'"}],"on_entry":["/tag @s remove tell_gomu","/tag @s remove tell_gomu_2","/tag @s remove tell_gomu_3","/tag @s remove tell_gomu2","/tag @s remove tell_gomu2_2","/tag @s remove tell_gomu3","/tag @s remove tell_gomu3_2"]},"gomu1":{"transitions":[{"default":"query.get_equipped_item_name !='gomu_skill1'"}],"on_entry":["/tag @s add tell_gomu"]},"gomu2":{"transitions":[{"default":"query.get_equipped_item_name !='gomu_skill2'"}],"on_entry":["/tag @s add tell_gomu_2"]},"gomu3":{"transitions":[{"default":"query.get_equipped_item_name !='gomu_skill3'"}],"on_entry":["/tag @s add tell_gomu_3"]},"gomu_second1":{"transitions":[{"default":"query.get_equipped_item_name !='gomu_skill_second1'"}],"on_entry":["/tag @s add tell_gomu2"]},"gomu_second2":{"transitions":[{"default":"query.get_equipped_item_name !='gomu_skill_second2'"}],"on_entry":["/tag @s add tell_gomu2_2"]}}},"controller.animation.gura_using":{"states":{"default":{"transitions":[{"gura3":"query.scoreboard('cooldown_skill2') == 0 && query.scoreboard('skill2') <= 1 && query.get_equipped_item_name =='gura_skill2' && query.is_using_item && !query.is_sneaking"},{"gura4":"query.scoreboard('cooldown_skill2') == 0 && query.scoreboard('skill2') >= 2 && query.get_equipped_item_name =='gura_skill2' && query.is_using_item && !query.is_sneaking"}]},"gura3":{"transitions":[{"gura3_2":"query.is_alive && query.get_equipped_item_name == 'gura_skill2' && variable.attack_time"},{"fail2":"!(query.scoreboard('skill2') <= 1) || query.get_equipped_item_name != 'gura_skill2' || !query.is_alive"}],"on_entry":["/playanimation @s animation.gura3.attack wesl3y"]},"gura3_2":{"transitions":[{"default":"variable.time = (variable.time ?? 0);variable.time = variable.time < 2 ? variable.time + 1:0;return variable.time == 0;"}],"on_entry":["/tag @s add impulse","/summon wesl3y:impulse ~~~","/execute @s ~~~ detect ~~-1~ grass 0 summon wesl3y:explosion_block ~~~ grass_mini","/execute @s ~~~ detect ~~-1~ dirt 0 summon wesl3y:explosion_block ~~~ grass_mini","/execute @s ~~~ detect ~~-1~ stone 0 summon wesl3y:explosion_block ~~~ grass_mini","/execute @s ~~~ detect ~~-1~ ice 0 summon wesl3y:explosion_block ~~~ ice_mini","/execute @s ~~~ detect ~~-1~ sand 0 summon wesl3y:explosion_block ~~~ sand_mini","/execute @s ~~~ detect ~~-1~ sandstone 0 summon wesl3y:explosion_block ~~~ sand_mini","/execute @s ~~~ detect ~~-1~ wood 0 summon wesl3y:explosion_block ~~~ wood_mini","/execute @s ~~~ detect ~~-1~ log 0 summon wesl3y:explosion_block ~~~ wood_mini","/execute @s ~~~ detect ~~-1~ planks 0 summon wesl3y:explosion_block ~~~ wood_mini","/playanimation @s animation.empty wesl3y","/damage @e[family=!attack,rm=0.5,r=3] 15 entity_attack entity @s[scores={fruit=..10}]","/damage @e[family=!attack,rm=0.5,r=3] 17 entity_attack entity @s[scores={fruit=11..20}]","/damage @e[family=!attack,rm=0.5,r=3] 20 entity_attack entity @s[scores={fruit=21..30}]","/damage @e[family=!attack,rm=0.5,r=3] 22 entity_attack entity @s[scores={fruit=31..40}]","/damage @e[family=!attack,rm=0.5,r=3] 25 entity_attack entity @s[scores={fruit=41..50}]","/damage @e[family=!attack,rm=0.5,r=3] 27 entity_attack entity @s[scores={fruit=51..60}]","/damage @e[family=!attack,rm=0.5,r=3] 30 entity_attack entity @s[scores={fruit=61..70}]","/damage @e[family=!attack,rm=0.5,r=3] 32 entity_attack entity @s[scores={fruit=71..80}]","/damage @e[family=!attack,rm=0.5,r=3] 35 entity_attack entity @s[scores={fruit=81..}]","/scoreboard players set @s cooldown_skill2 70","/scoreboard players add @s xp_fruit 1"]},"gura4":{"transitions":[{"gura4_2":"query.is_alive && query.get_equipped_item_name == 'gura_skill2' && variable.attack_time"},{"fail2":"!(query.scoreboard('skill2') >= 2) || query.get_equipped_item_name != 'gura_skill2' || !query.is_alive"}],"on_entry":["/playanimation @s animation.gura4.attack wesl3y"]},"gura4_2":{"transitions":[{"default":"variable.time = (variable.time ?? 0);variable.time = variable.time < 2 ? variable.time + 1:0;return variable.time == 0;"}],"on_entry":["/tag @s add impulse","/summon wesl3y:impulse ~~~","/execute @s ~~~ detect ~~-1~ grass 0 summon wesl3y:explosion_block ~~~ grass_mini","/execute @s ~~~ detect ~~-1~ dirt 0 summon wesl3y:explosion_block ~~~ grass_mini","/execute @s ~~~ detect ~~-1~ stone 0 summon wesl3y:explosion_block ~~~ grass_mini","/execute @s ~~~ detect ~~-1~ ice 0 summon wesl3y:explosion_block ~~~ ice_mini","/execute @s ~~~ detect ~~-1~ sand 0 summon wesl3y:explosion_block ~~~ sand_mini","/execute @s ~~~ detect ~~-1~ sandstone 0 summon wesl3y:explosion_block ~~~ sand_mini","/execute @s ~~~ detect ~~-1~ wood 0 summon wesl3y:explosion_block ~~~ wood_mini","/execute @s ~~~ detect ~~-1~ log 0 summon wesl3y:explosion_block ~~~ wood_mini","/execute @s ~~~ detect ~~-1~ planks 0 summon wesl3y:explosion_block ~~~ wood_mini","/playanimation @s animation.empty wesl3y","/damage @e[family=!attack,rm=0.5,r=3] 20 entity_attack entity @s[scores={fruit=..10}]","/damage @e[family=!attack,rm=0.5,r=3] 22 entity_attack entity @s[scores={fruit=11..20}]","/damage @e[family=!attack,rm=0.5,r=3] 25 entity_attack entity @s[scores={fruit=21..30}]","/damage @e[family=!attack,rm=0.5,r=3] 27 entity_attack entity @s[scores={fruit=31..40}]","/damage @e[family=!attack,rm=0.5,r=3] 30 entity_attack entity @s[scores={fruit=41..50}]","/damage @e[family=!attack,rm=0.5,r=3] 32 entity_attack entity @s[scores={fruit=51..60}]","/damage @e[family=!attack,rm=0.5,r=3] 35 entity_attack entity @s[scores={fruit=61..70}]","/damage @e[family=!attack,rm=0.5,r=3] 37 entity_attack entity @s[scores={fruit=71..80}]","/damage @e[family=!attack,rm=0.5,r=3] 40 entity_attack entity @s[scores={fruit=81..}]","/scoreboard players set @s cooldown_skill2 90","/scoreboard players add @s xp_fruit 1"]},"fail2":{"transitions":[{"default":"!query.is_using_item || !query.is_sneaking || !query.is_alive"}],"on_entry":["/playanimation @s animation.empty wesl3y"]}}},"controller.animation.gura_change":{"states":{"default":{"transitions":[{"skill1":"query.get_equipped_item_name =='gura_skill1' && query.is_sneaking && !(query.is_using_item || variable.attack_time)"},{"skill2":"query.get_equipped_item_name =='gura_skill2' && query.is_sneaking && !(query.is_using_item || variable.attack_time)"}]},"skill1":{"transitions":[{"default":"!query.is_sneaking"}],"on_entry":["/scoreboard players set @s[scores={skill1=2..}] skill1 3","/scoreboard players set @s[scores={skill1=..1}] skill1 2","/scoreboard players set @s[scores={skill1=3}] skill1 1"]},"skill2":{"transitions":[{"default":"!query.is_sneaking"}],"on_entry":["/scoreboard players set @s[scores={skill2=2..}] skill2 3","/scoreboard players set @s[scores={skill2=..1}] skill2 2","/scoreboard players set @s[scores={skill2=3}] skill2 1"]}}},"controller.animation.gura_hand":{"states":{"default":{"transitions":[{"gura1":"query.get_equipped_item_name =='gura_skill1'"},{"gura2":"query.get_equipped_item_name =='gura_skill2'"},{"gura3":"query.get_equipped_item_name =='gura_skill3'"}],"on_entry":["/tag @s remove tell_gura","/tag @s remove tell_gura_2","/tag @s remove tell_gura_3"]},"gura1":{"transitions":[{"default":"query.get_equipped_item_name !='gura_skill1'"}],"on_entry":["/tag @s add tell_gura"]},"gura2":{"transitions":[{"default":"query.get_equipped_item_name !='gura_skill2'"}],"on_entry":["/tag @s add tell_gura_2"]},"gura3":{"transitions":[{"default":"query.get_equipped_item_name !='gura_skill3'"}],"on_entry":["/tag @s add tell_gura_3"]}}},"controller.animation.hana_change":{"states":{"default":{"transitions":[{"skill1":"query.get_equipped_item_name =='hana_skill1' && query.is_sneaking && !(query.is_using_item || variable.attack_time)"},{"skill2":"query.get_equipped_item_name =='hana_skill2' && query.is_sneaking && !(query.is_using_item || variable.attack_time)"}]},"skill1":{"transitions":[{"default":"!query.is_sneaking"}],"on_entry":["/scoreboard players set @s[scores={skill1=3..}] skill1 4","/scoreboard players set @s[scores={skill1=2}] skill1 3","/scoreboard players set @s[scores={skill1=..1}] skill1 2","/scoreboard players set @s[scores={skill1=4}] skill1 1"]},"skill2":{"transitions":[{"default":"!query.is_sneaking"}],"on_entry":["/scoreboard players set @s[scores={skill2=4..}] skill2 5","/scoreboard players set @s[scores={skill2=3}] skill2 4","/scoreboard players set @s[scores={skill2=2}] skill2 3","/scoreboard players set @s[scores={skill2=..1}] skill2 2","/scoreboard players set @s[scores={skill2=5}] skill2 1"]}}},"controller.animation.hana_hand":{"states":{"default":{"transitions":[{"hana1":"query.get_equipped_item_name =='hana_skill1'"},{"hana2":"query.get_equipped_item_name =='hana_skill2'"}],"on_entry":["/tag @s remove tell_hana","/tag @s remove tell_hana_2"]},"hana1":{"transitions":[{"default":"query.get_equipped_item_name !='hana_skill1'"}],"on_entry":["/tag @s add tell_hana"]},"hana2":{"transitions":[{"default":"query.get_equipped_item_name !='hana_skill2'"}],"on_entry":["/tag @s add tell_hana_2"]}}},"controller.animation.kilo_using":{"states":{"default":{"transitions":[{"kilo2":"query.scoreboard('cooldown_skill1') == 0 && query.scoreboard('skill1') == 2 && query.get_equipped_item_name =='kilo_skill1' && query.is_using_item && !query.is_sneaking"},{"kilo3":"query.scoreboard('cooldown_skill1') == 0 && query.scoreboard('skill1') >= 3 && query.get_equipped_item_name =='kilo_skill1' && query.is_using_item && !query.is_sneaking"}]},"kilo2":{"transitions":[{"kilo2_2":"query.get_equipped_item_name == 'kilo_skill1' && !query.is_on_ground"},{"fail1":"!(query.scoreboard('skill1') == 2) || query.get_equipped_item_name != 'kilo_skill1' || !query.is_alive"}],"on_entry":["/effect @s clear","/effect @s levitation 1 10 true"]},"kilo2_2":{"transitions":[{"kilo2_3":"query.get_equipped_item_name == 'kilo_skill1' && query.is_on_ground"},{"fail1":"!(query.scoreboard('skill1') == 2) || query.get_equipped_item_name != 'kilo_skill1' || !query.is_alive"}],"on_entry":["/effect @s levitation 2 6 true"]},"kilo2_3":{"transitions":[{"default":"(1.0)"}],"on_exit":["/execute @s ~~~ detect ~~-1~ grass 0 summon wesl3y:explosion_block ~~~ grass_medium","/execute @s ~~~ detect ~~-1~ dirt 0 summon wesl3y:explosion_block ~~~ grass_medium","/execute @s ~~~ detect ~~-1~ stone 0 summon wesl3y:explosion_block ~~~ grass_medium","/execute @s ~~~ detect ~~-1~ ice 0 summon wesl3y:explosion_block ~~~ ice_medium","/execute @s ~~~ detect ~~-1~ sand 0 summon wesl3y:explosion_block ~~~ sand_medium","/execute @s ~~~ detect ~~-1~ sandstone 0 summon wesl3y:explosion_block ~~~ sand_medium","/execute @s ~~~ detect ~~-1~ wood 0 summon wesl3y:explosion_block ~~~ wood_medium","/execute @s ~~~ detect ~~-1~ log 0 summon wesl3y:explosion_block ~~~ wood_medium","/execute @s ~~~ detect ~~-1~ planks 0 summon wesl3y:explosion_block ~~~ wood_medium","/playanimation @s animation.empty wesl3y","/damage @e[family=!attack,rm=0.1,r=10] 10 entity_attack entity @s[scores={fruit=..10}]","/damage @e[family=!attack,rm=0.1,r=10] 12 entity_attack entity @s[scores={fruit=11..20}]","/damage @e[family=!attack,rm=0.1,r=10] 15 entity_attack entity @s[scores={fruit=21..30}]","/damage @e[family=!attack,rm=0.1,r=10] 17 entity_attack entity @s[scores={fruit=31..40}]","/damage @e[family=!attack,rm=0.1,r=10] 20 entity_attack entity @s[scores={fruit=41..50}]","/damage @e[family=!attack,rm=0.1,r=10] 22 entity_attack entity @s[scores={fruit=51..60}]","/damage @e[family=!attack,rm=0.1,r=10] 25 entity_attack entity @s[scores={fruit=61..70}]","/damage @e[family=!attack,rm=0.1,r=10] 27 entity_attack entity @s[scores={fruit=71..80}]","/damage @e[family=!attack,rm=0.1,r=10] 30 entity_attack entity @s[scores={fruit=81..}]","/scoreboard players set @s cooldown_skill1 50","/scoreboard players add @s xp_fruit 1"]},"kilo3":{"transitions":[{"kilo3_2":"query.get_equipped_item_name == 'kilo_skill1' && !query.is_on_ground"},{"fail1":"!(query.scoreboard('skill1') >= 3) || query.get_equipped_item_name != 'kilo_skill1' || !query.is_alive"}],"on_entry":["/effect @s clear","/effect @s levitation 1 10 true"]},"kilo3_2":{"transitions":[{"kilo3_3":"query.get_equipped_item_name == 'kilo_skill1' && query.is_on_ground"},{"fail1":"!(query.scoreboard('skill1') >= 3) || query.get_equipped_item_name != 'kilo_skill1' || !query.is_alive"}],"on_entry":["/effect @s levitation 2 6 true"]},"kilo3_3":{"transitions":[{"default":"(1.0)"}],"on_exit":["/particle wesl3y:mega_explosion ~~0.5~","/execute @s ~~~ detect ~~-1~ grass 0 summon wesl3y:explosion_block ~~~ grass_big","/execute @s ~~~ detect ~~-1~ dirt 0 summon wesl3y:explosion_block ~~~ grass_big","/execute @s ~~~ detect ~~-1~ stone 0 summon wesl3y:explosion_block ~~~ grass_big","/execute @s ~~~ detect ~~-1~ ice 0 summon wesl3y:explosion_block ~~~ ice_big","/execute @s ~~~ detect ~~-1~ sand 0 summon wesl3y:explosion_block ~~~ sand_big","/execute @s ~~~ detect ~~-1~ sandstone 0 summon wesl3y:explosion_block ~~~ sand_big","/execute @s ~~~ detect ~~-1~ wood 0 summon wesl3y:explosion_block ~~~ wood_big","/execute @s ~~~ detect ~~-1~ log 0 summon wesl3y:explosion_block ~~~ wood_big","/execute @s ~~~ detect ~~-1~ planks 0 summon wesl3y:explosion_block ~~~ wood_big","/playanimation @s animation.empty wesl3y","/damage @e[family=!attack,rm=0.1,r=10] 15 entity_attack entity @s[scores={fruit=..10}]","/damage @e[family=!attack,rm=0.1,r=10] 17 entity_attack entity @s[scores={fruit=11..20}]","/damage @e[family=!attack,rm=0.1,r=10] 20 entity_attack entity @s[scores={fruit=21..30}]","/damage @e[family=!attack,rm=0.1,r=10] 22 entity_attack entity @s[scores={fruit=31..40}]","/damage @e[family=!attack,rm=0.1,r=10] 25 entity_attack entity @s[scores={fruit=41..50}]","/damage @e[family=!attack,rm=0.1,r=10] 27 entity_attack entity @s[scores={fruit=51..60}]","/damage @e[family=!attack,rm=0.1,r=10] 30 entity_attack entity @s[scores={fruit=61..70}]","/damage @e[family=!attack,rm=0.1,r=10] 32 entity_attack entity @s[scores={fruit=71..80}]","/damage @e[family=!attack,rm=0.1,r=10] 35 entity_attack entity @s[scores={fruit=81..}]","/scoreboard players set @s cooldown_skill1 70","/scoreboard players add @s xp_fruit 1"]},"fail1":{"transitions":[{"default":"(1.0)"}],"on_exit":["/playanimation @s animation.empty wesl3y"]}}},"controller.animation.kilo_change":{"states":{"default":{"transitions":[{"skill1":"query.get_equipped_item_name =='kilo_skill1' && query.is_sneaking && !(query.is_using_item || variable.attack_time)"}]},"skill1":{"transitions":[{"default":"!query.is_sneaking"}],"on_entry":["/scoreboard players set @s[scores={skill1=3..}] skill1 4","/scoreboard players set @s[scores={skill1=2}] skill1 3","/scoreboard players set @s[scores={skill1=..1}] skill1 2","/scoreboard players set @s[scores={skill1=4}] skill1 1"]}}},"controller.animation.kilo_hand":{"states":{"default":{"transitions":[{"kilo1":"query.get_equipped_item_name =='kilo_skill1'"}],"on_entry":["/tag @s remove tell_kilo"]},"kilo1":{"transitions":[{"default":"query.get_equipped_item_name !='kilo_skill1'"}],"on_entry":["/tag @s add tell_kilo"]}}},"controller.animation.magu_using":{"states":{"default":{"transitions":[{"magu1":"query.scoreboard('cooldown_skill1') == 0 && query.scoreboard('skill1') <= 1 && query.get_equipped_item_name =='magu_skill1' && query.is_using_item && !query.is_sneaking"},{"magu2":"query.scoreboard('cooldown_skill1') == 0 && query.scoreboard('skill1') >= 2 && query.get_equipped_item_name =='magu_skill1' && query.is_using_item && !query.is_sneaking"},{"magu4":"query.scoreboard('cooldown_skill2') == 0 && query.scoreboard('skill2') >= 2 && query.get_equipped_item_name =='magu_skill2' && query.is_using_item && !query.is_sneaking"}]},"magu1":{"transitions":[{"magu1_1":"query.get_equipped_item_name =='magu_skill1' && variable.attack_time"},{"fail1":"!(query.scoreboard('skill1') <= 1) || query.get_equipped_item_name !='magu_skill1' || !query.is_alive"}],"on_entry":["/playanimation @s animation.magu1.attack wesl3y"]},"magu1_1":{"transitions":[{"default":"variable.time = (variable.time ?? 0);variable.time = variable.time < 2 ? variable.time + 1:0;return variable.time == 0;"}],"on_entry":["/playanimation @s animation.empty wesl3y","/playanimation @s animation.magu1.attack2 wesl3y","/execute @e[family=!npc,family=!attack,tag=!magu_fruit,r=3,c=5] ~~~ summon wesl3y:magu_attack ~~~ wesl3y:magu1","/scoreboard players set @s cooldown_skill1 30","/scoreboard players add @s xp_fruit 1"],"on_exit":["/execute @s[tag=haki_armament] ~~~ tag @e[type=wesl3y:magu_attack,family=magu1,c=5] add haki_armament","/execute @s[scores={fruit=..10}] ~~~ tag @e[type=wesl3y:magu_attack,family=magu1,c=5] add dano5","/execute @s[scores={fruit=11..20}] ~~~ tag @e[type=wesl3y:magu_attack,family=magu1,c=5] add dano7","/execute @s[scores={fruit=21..30}] ~~~ tag @e[type=wesl3y:magu_attack,family=magu1,c=5] add dano10","/execute @s[scores={fruit=31..40}] ~~~ tag @e[type=wesl3y:magu_attack,family=magu1,c=5] add dano12","/execute @s[scores={fruit=41..50}] ~~~ tag @e[type=wesl3y:magu_attack,family=magu1,c=5] add dano15","/execute @s[scores={fruit=51..60}] ~~~ tag @e[type=wesl3y:magu_attack,family=magu1,c=5] add dano17","/execute @s[scores={fruit=61..70}] ~~~ tag @e[type=wesl3y:magu_attack,family=magu1,c=5] add dano20","/execute @s[scores={fruit=71..80}] ~~~ tag @e[type=wesl3y:magu_attack,family=magu1,c=5] add dano22","/execute @s[scores={fruit=81..}] ~~~ tag @e[type=wesl3y:magu_attack,family=magu1,c=5] add dano25"]},"magu2":{"transitions":[{"magu2_1":"query.get_equipped_item_name =='magu_skill1' && variable.attack_time"},{"fail1":"!(query.scoreboard('skill1') >= 2) || query.get_equipped_item_name !='magu_skill1' || !query.is_alive"}],"on_entry":["/playanimation @s animation.magu2.attack wesl3y"]},"magu2_1":{"transitions":[{"default":"variable.time = (variable.time ?? 0);variable.time = variable.time < 2 ? variable.time + 1:0;return variable.time == 0;"}],"on_entry":["/playanimation @s animation.empty wesl3y","/playanimation @s animation.magu2.attack2 wesl3y","/summon wesl3y:magu_attack ^^1^2 wesl3y:magu2","/scoreboard players set @s cooldown_skill1 50","/scoreboard players add @s xp_fruit 1"],"on_exit":["/execute @s[tag=haki_armament] ~~~ tag @e[type=wesl3y:magu_attack,family=magu2,c=5] add haki_armament","/execute @s[scores={fruit=..10}] ~~~ tag @e[type=wesl3y:magu_attack,family=magu2] add dano10","/execute @s[scores={fruit=11..20}] ~~~ tag @e[type=wesl3y:magu_attack,family=magu2] add dano12","/execute @s[scores={fruit=21..30}] ~~~ tag @e[type=wesl3y:magu_attack,family=magu2] add dano15","/execute @s[scores={fruit=31..40}] ~~~ tag @e[type=wesl3y:magu_attack,family=magu2] add dano17","/execute @s[scores={fruit=41..50}] ~~~ tag @e[type=wesl3y:magu_attack,family=magu2] add dano20","/execute @s[scores={fruit=51..60}] ~~~ tag @e[type=wesl3y:magu_attack,family=magu2] add dano22","/execute @s[scores={fruit=61..70}] ~~~ tag @e[type=wesl3y:magu_attack,family=magu2] add dano25","/execute @s[scores={fruit=71..80}] ~~~ tag @e[type=wesl3y:magu_attack,family=magu2] add dano27","/execute @s[scores={fruit=81..}] ~~~ tag @e[type=wesl3y:magu_attack,family=magu2] add dano40"]},"magu4":{"transitions":[{"magu4_2":"query.get_equipped_item_name=='magu_skill2' && variable.attack_time"},{"fail2":"!(query.scoreboard('skill2') >= 2) || query.get_equipped_item_name !='magu_skill2' || !query.is_alive"}],"on_entry":["/playanimation @s animation.magu4.attack wesl3y"]},"magu4_2":{"transitions":[{"default":"variable.time = (variable.time ?? 0);variable.time = variable.time < 2 ? variable.time + 1:0;return variable.time == 0;"}],"on_entry":["/playanimation @s animation.empty wesl3y","/playanimation @s animation.magu4.attack2 wesl3y","/execute @e[family=!npc,family=!attack,tag=!magu_fruit,r=3,c=8] ~~~ summon wesl3y:magu_attack ~~~ wesl3y:magu4","/scoreboard players set @s cooldown_skill2 90","/scoreboard players add @s xp_fruit 1"],"on_exit":["/execute @s[tag=haki_armament] ~~~ tag @e[type=wesl3y:magu_attack,family=magu4,c=5] add haki_armament","/execute @s[scores={fruit=..10}] ~~~ tag @e[type=wesl3y:magu_attack,family=magu4,c=8] add dano20","/execute @s[scores={fruit=11..20}] ~~~ tag @e[type=wesl3y:magu_attack,family=magu4,c=8] add dano22","/execute @s[scores={fruit=21..30}] ~~~ tag @e[type=wesl3y:magu_attack,family=magu4,c=8] add dano25","/execute @s[scores={fruit=31..40}] ~~~ tag @e[type=wesl3y:magu_attack,family=magu4,c=8] add dano27","/execute @s[scores={fruit=41..50}] ~~~ tag @e[type=wesl3y:magu_attack,family=magu4,c=8] add dano30","/execute @s[scores={fruit=51..60}] ~~~ tag @e[type=wesl3y:magu_attack,family=magu4,c=8] add dano32","/execute @s[scores={fruit=61..70}] ~~~ tag @e[type=wesl3y:magu_attack,family=magu4,c=8] add dano35","/execute @s[scores={fruit=71..80}] ~~~ tag @e[type=wesl3y:magu_attack,family=magu4,c=8] add dano37","/execute @s[scores={fruit=81..}] ~~~ tag @e[type=wesl3y:magu_attack,family=magu4,c=8] add dano40"]},"fail1":{"transitions":[{"default":"!query.is_using_item || !query.is_sneaking || !query.is_alive"}],"on_entry":["/playanimation @s animation.empty wesl3y"]},"fail2":{"transitions":[{"default":"!query.is_using_item || !query.is_sneaking || !query.is_alive"}],"on_entry":["/playanimation @s animation.empty wesl3y"]}}},"controller.animation.magu_change":{"states":{"default":{"transitions":[{"skill1":"query.get_equipped_item_name =='magu_skill1' && query.is_sneaking && !(query.is_using_item || variable.attack_time)"},{"skill2":"query.get_equipped_item_name =='magu_skill2' && query.is_sneaking && !(query.is_using_item || variable.attack_time)"}]},"skill1":{"transitions":[{"default":"!query.is_sneaking"}],"on_entry":["/scoreboard players set @s[scores={skill1=2..}] skill1 3","/scoreboard players set @s[scores={skill1=..1}] skill1 2","/scoreboard players set @s[scores={skill1=3}] skill1 1"]},"skill2":{"transitions":[{"default":"!query.is_sneaking"}],"on_entry":["/scoreboard players set @s[scores={skill2=2..}] skill2 3","/scoreboard players set @s[scores={skill2=..1}] skill2 2","/scoreboard players set @s[scores={skill2=3}] skill2 1"]}}},"controller.animation.magu_hand":{"states":{"default":{"transitions":[{"magu1":"query.get_equipped_item_name =='magu_skill1'"},{"magu2":"query.get_equipped_item_name =='magu_skill2'"},{"magu3":"query.get_equipped_item_name =='magu_skill3'"}],"on_entry":["/tag @s remove tell_magu","/tag @s remove tell_magu_2","/tag @s remove tell_magu_3"]},"magu1":{"transitions":[{"default":"query.get_equipped_item_name !='magu_skill1'"}],"on_entry":["/tag @s add tell_magu"]},"magu2":{"transitions":[{"default":"query.get_equipped_item_name !='magu_skill2'"}],"on_entry":["/tag @s add tell_magu_2"]},"magu3":{"transitions":[{"default":"query.get_equipped_item_name !='magu_skill3'"}],"on_entry":["/tag @s add tell_magu_3"]}}},"controller.animation.mera_using":{"states":{"default":{"transitions":[{"mera1":"query.scoreboard('cooldown_skill1') == 0 && query.scoreboard('skill1') <= 1 && query.get_equipped_item_name =='mera_skill1' && query.is_using_item && !query.is_sneaking"},{"mera7":"query.scoreboard('cooldown_skill3') == 0 && query.get_equipped_item_name =='mera_skill3' && query.is_using_item"}]},"mera1":{"transitions":[{"mera1_2":"query.get_equipped_item_name == 'mera_skill1' && query.is_using_item"},{"mera1_3":"query.get_equipped_item_name == 'mera_skill1' && !query.is_using_item"},{"fail1":"!(query.scoreboard('skill1') <= 1) || query.get_equipped_item_name != 'mera_skill1' || !query.is_alive"}],"on_entry":["/scoreboard players set @s time_skill 40"]},"mera1_2":{"animations":["higan"],"transitions":[{"mera1_3":"query.get_equipped_item_name == 'mera_skill1' && !query.is_using_item || query.scoreboard('time_skill') == 0"},{"fail1":"!(query.scoreboard('skill1') <= 1) || query.get_equipped_item_name != 'mera_skill1' || !query.is_alive"}]},"mera1_3":{"transitions":[{"default":"!query.is_using_item"}],"on_entry":["/scoreboard players set @s cooldown_skill1 20","/scoreboard players add @s xp_fruit 1"]},"mera7":{"transitions":[{"mera7_2":"query.scoreboard('time_skill') == 0"},{"fail3":"query.get_equipped_item_name =='mera_skill3' && !query.is_using_item || query.get_equipped_item_name !='mera_skill3' || !query.is_alive"}],"on_entry":["/playanimation @s animation.mera7.attack wesl3y","/scoreboard players set @s time_skill 30"]},"mera7_2":{"transitions":[{"mera7_3":"query.get_equipped_item_name =='mera_skill3' && !query.is_using_item"},{"fail3":"query.get_equipped_item_name !='mera_skill3' || !query.is_alive"}]},"mera7_3":{"transitions":[{"default":"variable.time = (variable.time ?? 0);variable.time = variable.time < 2 ? variable.time + 1:0;return variable.time == 0;"}],"on_entry":["/playanimation @s animation.mera7.attack2 wesl3y","/tag @s add mera7","/tag @s[scores={fruit=..10}] add dano37","/tag @s[scores={fruit=11..20}] add dano40","/tag @s[scores={fruit=21..30}] add dano42","/tag @s[scores={fruit=31..40}] add dano45","/tag @s[scores={fruit=41..50}] add dano47","/tag @s[scores={fruit=51..60}] add dano50","/tag @s[scores={fruit=61..70}] add dano52","/tag @s[scores={fruit=71..80}] add dano55","/tag @s[scores={fruit=81..}] add dano57","/event entity @s wesl3y:mera2","/scoreboard players set @s cooldown_skill3 170","/scoreboard players add @s xp_fruit 1"]},"fail1":{"transitions":[{"default":"!query.is_using_item || !query.is_sneaking || !query.is_alive"}],"on_entry":["/playanimation @s animation.empty wesl3y"]},"fail2":{"transitions":[{"default":"!query.is_using_item || !query.is_sneaking || !query.is_alive"}],"on_entry":["/playanimation @s animation.empty wesl3y"]},"fail3":{"transitions":[{"default":"!query.is_using_item || !query.is_sneaking || !query.is_alive"}],"on_entry":["/playanimation @s animation.empty wesl3y"]}}},"controller.animation.mera_change":{"states":{"default":{"transitions":[{"skill1":"query.get_equipped_item_name =='mera_skill1' && query.is_sneaking && !(query.is_using_item || variable.attack_time)"},{"skill2":"query.get_equipped_item_name =='mera_skill2' && query.is_sneaking && !(query.is_using_item || variable.attack_time)"}]},"skill1":{"transitions":[{"default":"!query.is_sneaking"}],"on_entry":["/scoreboard players set @s[scores={skill1=3..}] skill1 4","/scoreboard players set @s[scores={skill1=2}] skill1 3","/scoreboard players set @s[scores={skill1=..1}] skill1 2","/scoreboard players set @s[scores={skill1=4}] skill1 1"]},"skill2":{"transitions":[{"default":"!query.is_sneaking"}],"on_entry":["/scoreboard players set @s[scores={skill2=3..}] skill2 4","/scoreboard players set @s[scores={skill2=2}] skill2 3","/scoreboard players set @s[scores={skill2=..1}] skill2 2","/scoreboard players set @s[scores={skill2=4}] skill2 1"]}}},"controller.animation.mera_hand":{"states":{"default":{"transitions":[{"mera1":"query.get_equipped_item_name =='mera_skill1'"},{"mera2":"query.get_equipped_item_name =='mera_skill2'"},{"mera3":"query.get_equipped_item_name =='mera_skill3'"}],"on_entry":["/tag @s remove tell_mera","/tag @s remove tell_mera_2","/tag @s remove tell_mera_3"]},"mera1":{"transitions":[{"default":"query.get_equipped_item_name !='mera_skill1'"}],"on_entry":["/tag @s add tell_mera"]},"mera2":{"transitions":[{"default":"query.get_equipped_item_name !='mera_skill2'"}],"on_entry":["/tag @s add tell_mera_2"]},"mera3":{"transitions":[{"default":"query.get_equipped_item_name !='mera_skill3'"}],"on_entry":["/tag @s add tell_mera_3"]}}},"controller.animation.mogu_mole_using":{"states":{"default":{"transitions":[{"mogu_mole1":"query.scoreboard('cooldown_skill1') == 0 && query.get_equipped_item_name =='mogu_mole_skill1' && variable.attack_time && !query.is_sneaking"}]},"mogu_mole1":{"transitions":[{"default":"!variable.attack_time"}],"on_entry":["/execute @s ~~~ detect ^^1^1 cobblestone 0 fill ^1^1^1^^^ air 0 destroy","/execute @s ~~~ detect ^^1^1 dirt 0 fill ^1^1^1^^^ air 0 destroy","/execute @s ~~~ detect ^^1^1 grass 0 fill ^1^1^1^^^ air 0 destroy","/execute @s ~~~ detect ^^1^1 log 0 fill ^1^1^1^^^ air 0 destroy","/execute @s ~~~ detect ^^1^1 planks 0 fill ^1^1^1^^^ air 0 destroy","/execute @s ~~~ detect ^^1^1 sand 0 fill ^1^1^1^^^ air 0 destroy","/execute @s ~~~ detect ^^1^1 stone 0 fill ^1^1^1^^^ air 0 destroy","/scoreboard players set @s cooldown_skill1 30","/scoreboard players add @s xp_fruit 1"]}}},"controller.animation.mogu_mole_hand":{"states":{"default":{"transitions":[{"mogu_mole":"query.get_equipped_item_name('main_hand') =='mogu_mole_skill1' && !query.is_sneaking"}]},"mogu_mole":{"transitions":[{"default":"query.get_equipped_item_name('main_hand') !='mogu_mole_skill1'"}],"on_entry":["/tag @s add tell_mogu_mole"],"on_exit":["/tag @s remove tell_mogu_mole"]}}},"controller.animation.mogu_mole_change":{"states":{"default":{"transitions":[{"mogu_mole":"query.get_equipped_item_name =='mogu_mole' && query.is_sneaking && !(query.is_using_item || variable.attack_time)"},{"mogu_mole2":"query.get_equipped_item_name =='mogu_mole2' && query.is_sneaking && !(query.is_using_item || variable.attack_time)"}]},"mogu_mole":{"transitions":[{"default":"!query.is_sneaking"}],"on_entry":["/function replaceitem/mogu_mole2_hand"]},"mogu_mole2":{"transitions":[{"default":"!query.is_sneaking"}],"on_entry":["/function replaceitem/mogu_mole_hand"]}}},"controller.animation.suna_using":{"states":{"default":{"transitions":[{"suna3":"query.scoreboard('cooldown_skill2') == 0 && query.scoreboard('skill2') <= 1 && query.get_equipped_item_name =='suna_skill2' && query.is_using_item && !query.is_sneaking"},{"suna4":"query.scoreboard('cooldown_skill2') == 0 && query.scoreboard('skill2') >= 2 && query.get_equipped_item_name =='suna_skill2' && query.is_using_item && !query.is_sneaking"}]},"suna3":{"transitions":[{"suna3_2":"variable.cooltime = (variable.cooltime ?? 0);variable.cooltime = variable.cooltime < 30 ? variable.cooltime + 1:0;return variable.cooltime == 0;"},{"default":"!(query.scoreboard('skill2') <= 1) || query.get_equipped_item_name !='suna_skill2' || !query.is_using_item || !query.is_alive"}],"on_entry":["/playanimation @s animation.suna3.attack wesl3y"]},"suna3_2":{"transitions":[{"default":"!query.is_using_item"}],"on_entry":["/fill ~-10~-2~-10 ~10~2~10 wesl3y:suna_block_grass 0 replace grass","/fill ~-10~-2~-10 ~10~2~10 wesl3y:suna_block_grass 0 replace dirt","/fill ~-10~-2~-10 ~10~2~10 wesl3y:suna_block_sand 0 replace sand","/fill ~-10~-2~-10 ~10~2~10 air 0 replace planks","/fill ~-10~-2~-10 ~10~2~10 air 0 replace log","/scoreboard players set @s cooldown_skill2 70","/scoreboard players add @s xp_fruit 1"]},"suna4":{"transitions":[{"suna4_2":"variable.cooltime = (variable.cooltime ?? 0);variable.cooltime = variable.cooltime < 30 ? variable.cooltime + 1:0;return variable.cooltime == 0;"},{"default":"!(query.scoreboard('skill2') >= 2) || query.get_equipped_item_name !='suna_skill2' || !query.is_using_item || !query.is_alive"}],"on_entry":["/playanimation @s animation.suna3.attack wesl3y"]},"suna4_2":{"transitions":[{"default":"!query.is_using_item"}],"on_entry":["/fill ~-10~-2~-10 ~10~2~10 wesl3y:suna_block_grass 0 replace grass","/fill ~-10~-2~-10 ~10~2~10 wesl3y:suna_block_grass 0 replace dirt","/fill ~-10~-2~-10 ~10~2~10 wesl3y:suna_block_sand 0 replace sand","/fill ~-10~-2~-10 ~10~2~10 air 0 replace planks","/fill ~-10~-2~-10 ~10~2~10 air 0 replace log","/execute @s[scores={fruit=..10}] ~~~ damage @e[tag=!suna_fruit,family=!suna,r=10] 20 entity_attack entity @s","/execute @s[scores={fruit=11..20}] ~~~ damage @e[tag=!suna_fruit,family=!suna,r=10] 20 entity_attack entity @s","/execute @s[scores={fruit=21..30}] ~~~ damage @e[tag=!suna_fruit,family=!suna,r=10] 22 entity_attack entity @s","/execute @s[scores={fruit=31..40}] ~~~ damage @e[tag=!suna_fruit,family=!suna,r=10] 25 entity_attack entity @s","/execute @s[scores={fruit=41..50}] ~~~ damage @e[tag=!suna_fruit,family=!suna,r=10] 27 entity_attack entity @s","/execute @s[scores={fruit=51..60}] ~~~ damage @e[tag=!suna_fruit,family=!suna,r=10] 30 entity_attack entity @s","/execute @s[scores={fruit=61..70}] ~~~ damage @e[tag=!suna_fruit,family=!suna,r=10] 32 entity_attack entity @s","/execute @s[scores={fruit=71..80}] ~~~ damage @e[tag=!suna_fruit,family=!suna,r=10] 35 entity_attack entity @s","/execute @s[scores={fruit=81..}] ~~~ damage @e[tag=!suna_fruit,family=!suna,r=10] 37 entity_attack entity @s","/execute @e[rm=1,r=10] ~~~ function skill/suna4","/scoreboard players set @s cooldown_skill2 90","/scoreboard players add @s xp_fruit 1"]}}},"controller.animation.suna_change":{"states":{"default":{"transitions":[{"skill1":"query.get_equipped_item_name =='suna_skill1' && query.is_sneaking && !(query.is_using_item || variable.attack_time)"},{"skill2":"query.get_equipped_item_name =='suna_skill2' && query.is_sneaking && !(query.is_using_item || variable.attack_time)"}]},"skill1":{"transitions":[{"default":"!query.is_sneaking"}],"on_entry":["/scoreboard players set @s[scores={skill1=2..}] skill1 3","/scoreboard players set @s[scores={skill1=..1}] skill1 2","/scoreboard players set @s[scores={skill1=3}] skill1 1"]},"skill2":{"transitions":[{"default":"!query.is_sneaking"}],"on_entry":["/scoreboard players set @s[scores={skill2=2..}] skill2 3","/scoreboard players set @s[scores={skill2=..1}] skill2 2","/scoreboard players set @s[scores={skill2=3}] skill2 1"]}}},"controller.animation.suna_hand":{"states":{"default":{"transitions":[{"suna1":"query.get_equipped_item_name =='suna_skill1'"},{"suna2":"query.get_equipped_item_name =='suna_skill2'"},{"suna3":"query.get_equipped_item_name =='suna_skill3'"}],"on_entry":["/tag @s remove tell_suna","/tag @s remove tell_suna_2","/tag @s remove tell_suna_3"]},"suna1":{"transitions":[{"default":"query.get_equipped_item_name !='suna_skill1'"}],"on_entry":["/tag @s add tell_suna"]},"suna2":{"transitions":[{"default":"query.get_equipped_item_name !='suna_skill2'"}],"on_entry":["/tag @s add tell_suna_2"]},"suna3":{"transitions":[{"default":"query.get_equipped_item_name !='suna_skill3'"}],"on_entry":["/tag @s add tell_suna_3"]}}},"controller.animation.tori_phoenix_hand":{"states":{"default":{"transitions":[{"tori_phoenix1":"query.get_equipped_item_name('main_hand') =='tori_phoenix_skill2' && !query.is_sneaking"},{"tori_phoenix_fly":"query.get_equipped_item_name('main_hand') =='tori_phoenix_fly' && (query.mark_variant == 40 || query.mark_variant == 41) && query.is_riding"}]},"tori_phoenix1":{"transitions":[{"default":"query.get_equipped_item_name('main_hand') !='tori_phoenix_skill2'"}],"on_entry":["/tag @s add tell_tori_phoenix_2"],"on_exit":["/tag @s remove tell_tori_phoenix_2"]},"tori_phoenix_fly":{"transitions":[{"default":"query.get_equipped_item_name('main_hand') !='tori_phoenix_fly'"}],"on_entry":["/tag @e[type=wesl3y:tori_phoenix_fly,tag=fly,r=3,c=1] remove fly"],"on_exit":["/tag @e[type=wesl3y:tori_phoenix_fly,tag=!fly,r=3,c=1] add fly"]}}},"controller.animation.tori_phoenix_change":{"states":{"default":{"transitions":[{"skill2":"query.get_equipped_item_name =='tori_phoenix_skill2' && query.is_sneaking && !(query.is_using_item || variable.attack_time)"},{"tori_phoenix":"query.get_equipped_item_name =='tori_phoenix' && query.is_sneaking && !(query.is_using_item || variable.attack_time)"},{"tori_phoenix2":"query.get_equipped_item_name =='tori_phoenix2' && query.is_sneaking && !(query.is_using_item || variable.attack_time)"}]},"skill2":{"transitions":[{"default":"!query.is_sneaking"}],"on_entry":["/scoreboard players set @s[scores={skill2=2..}] skill2 3","/scoreboard players set @s[scores={skill2=..1}] skill2 2","/scoreboard players set @s[scores={skill2=3}] skill2 1"]},"tori_phoenix":{"transitions":[{"default":"!query.is_sneaking"}],"on_entry":["/function replaceitem/tori_phoenix_hand"]},"tori_phoenix2":{"transitions":[{"default":"!query.is_sneaking"}],"on_entry":["/function replaceitem/tori_phoenix2_hand"]}}},"controller.animation.uo_dragon_using":{"states":{"default":{"transitions":[{"uo_dragon1":"query.scoreboard('cooldown_skill1') == 0 && query.get_equipped_item_name =='uo_dragon_skill1' && query.is_using_item && !query.is_sneaking"}]},"uo_dragon1":{"transitions":[{"uo_dragon1_2":"query.get_equipped_item_name('main_hand') == 'uo_dragon_skill1' && query.is_using_item"},{"uo_dragon1_3":"query.get_equipped_item_name('main_hand') == 'uo_dragon_skill1' && !query.is_using_item || query.get_equipped_item_name != 'uo_dragon_skill1' || !query.is_alive"}],"on_entry":["/ride @e[family=player,rm=1,r=10] stop_riding","/scoreboard players set @s time_skill 50"]},"uo_dragon1_2":{"animations":["kaifu"],"transitions":[{"uo_dragon1_3":"query.get_equipped_item_name('main_hand') == 'uo_dragon_skill1' && !query.is_using_item || query.scoreboard('time_skill') == 0 || query.get_equipped_item_name != 'uo_dragon_skill1' || !query.is_alive"}]},"uo_dragon1_3":{"transitions":[{"default":"(1.0)"}],"on_entry":["/scoreboard players set @s cooldown_skill1 20","/scoreboard players add @s xp_fruit 1"]}}},"controller.animation.uo_dragon_change":{"states":{"default":{"transitions":[{"uo_dragon":"query.get_equipped_item_name =='uo_dragon' && query.is_sneaking && !(query.is_using_item || variable.attack_time)"},{"uo_dragon2":"query.get_equipped_item_name =='uo_dragon2' && query.is_sneaking && !(query.is_using_item || variable.attack_time)"}]},"uo_dragon":{"transitions":[{"default":"!query.is_sneaking"}],"on_entry":["/function replaceitem/uo_dragon_hand"]},"uo_dragon2":{"transitions":[{"default":"!query.is_sneaking"}],"on_entry":["/function replaceitem/uo_dragon2_hand"]}}},"controller.animation.uo_dragon_hand":{"states":{"default":{"transitions":[{"uo_dragon1":"query.get_equipped_item_name =='uo_dragon_skill1' && query.is_riding"},{"uo_dragon2":"query.get_equipped_item_name =='uo_dragon_skill2' && (query.mark_variant == 50) && query.is_riding"},{"uo_dragon_fly":"query.get_equipped_item_name('main_hand') =='uo_dragon_fly' && (query.mark_variant == 50) && query.is_riding"}]},"uo_dragon1":{"transitions":[{"default":"query.get_equipped_item_name('main_hand') !='uo_dragon_skill1'"}],"on_entry":["/tag @e[type=wesl3y:uo_dragon_fly,tag=fly,r=3,c=1] remove fly","/tag @s add tell_uo_dragon"],"on_exit":["/tag @e[type=wesl3y:uo_dragon_fly,tag=!fly,r=3,c=1] add fly","/tag @s remove tell_uo_dragon"]},"uo_dragon2":{"transitions":[{"default":"query.get_equipped_item_name('main_hand') !='uo_dragon_skill2'"}],"on_entry":["/tag @e[type=wesl3y:uo_dragon_fly,tag=fly,r=3,c=1] remove fly","/tag @s add tell_uo_dragon_2"],"on_exit":["/tag @e[type=wesl3y:uo_dragon_fly,tag=!fly,r=3,c=1] add fly","/tag @s remove tell_uo_dragon_2"]},"uo_dragon_fly":{"transitions":[{"default":"query.get_equipped_item_name('main_hand') !='uo_dragon_fly'"}],"on_entry":["/tag @e[type=wesl3y:uo_dragon_fly,tag=fly,r=3,c=1] remove fly"],"on_exit":["/tag @e[type=wesl3y:uo_dragon_fly,tag=!fly,r=3,c=1] add fly"]}}}}}