{"format_version":"1.10.0","animation_controllers":{
"controller.animation.haki":{"states":{"default":{"animations":[{"add_haki":"!query.equipped_item_any_tag('slot.armor.feet','haki_armament') && !(query.is_sheared || query.is_chested)"},{"remove_haki":"query.equipped_item_any_tag('slot.armor.feet','haki_armament') || query.is_sheared || query.is_chested"}]}}},
"controller.animation.haki_using":{"states":{"default":{"transitions":[{"haki_observation":"query.scoreboard('haki_time') >= 500 && query.scoreboard('skill1') <= 1 && query.get_equipped_item_name =='haki_observation' && query.is_using_item"},{"haki_observation2":"query.scoreboard('haki_time') >= 500 && query.scoreboard('skill1') >= 2 && query.get_equipped_item_name =='haki_observation' && query.is_using_item"},{"haki_armament1":"query.is_item_name_any('slot.armor.feet','') && query.scoreboard('haki_time') >= 1000 && query.scoreboard('skill1') <= 1 && query.get_equipped_item_name =='hakis_armament' && query.is_using_item"},{"haki_armament2":"query.is_item_name_any('slot.armor.feet','') && query.scoreboard('haki_time') >= 1000 && query.scoreboard('skill1') == 2 && query.get_equipped_item_name =='hakis_armament' && query.is_using_item"},{"haki_armament3":"query.is_item_name_any('slot.armor.feet','') && query.scoreboard('haki_time') >= 1000 && query.scoreboard('skill1') >= 3 && query.scoreboard('hakiarm_stats') >= 30 && query.get_equipped_item_name =='hakis_armament' && query.is_using_item"},{"haki_armament_disable":"(query.equipped_item_any_tag('slot.armor.feet','haki_armament1') || query.equipped_item_any_tag('slot.armor.feet','haki_armament2') || query.equipped_item_any_tag('slot.armor.feet','haki_armament3')) && query.get_equipped_item_name =='hakis_armament' && query.is_using_item"}]},"haki_observation":{"transitions":[{"haki_observation_disable":"!query.is_using_item"}],"on_entry":["/playsound haki_observation @a[r=10]","/event entity @s[scores={hakiobs_stats=..39}] wesl3y:haki_observation","/event entity @s[scores={hakiobs_stats=40..}] wesl3y:haki_observation_advanced"]},"haki_observation_disable":{"transitions":[{"default":"(1.0)"}],"on_entry":["/event entity @s wesl3y:remove_haki_observation"]},"haki_observation2":{"transitions":[{"haki_observation2_disable":"!query.is_using_item"}],"on_entry":["/tag @s[scores={hakiobs_stats=..15}] add haki_observation4","/tag @s[scores={hakiobs_stats=16..25}] add haki_observation3","/tag @s[scores={hakiobs_stats=26..44}] add haki_observation2","/tag @s[scores={hakiobs_stats=45..}] add haki_observation1"]},"haki_observation2_disable":{"transitions":[{"default":"(1.0)"}],"on_entry":["/tag @s remove haki_observation4","/tag @s remove haki_observation3","/tag @s remove haki_observation2","/tag @s remove haki_observation1"]},"haki_armament1":{"transitions":[{"default":"!query.is_using_item"}],"on_entry":["/function modes/give_hakiarm1"]},"haki_armament2":{"transitions":[{"default":"!query.is_using_item"}],"on_entry":["/function modes/give_hakiarm2"]},"haki_armament3":{"transitions":[{"default":"!query.is_using_item"}],"on_entry":["/function modes/give_hakiarm3"]},"haki_armament_disable":{"transitions":[{"default":"!query.is_using_item"}],"on_entry":["/clear @s wesl3y:haki_armament1","/clear @s wesl3y:haki_armament2","/clear @s wesl3y:haki_armament3"]}}},
"controller.animation.haki_change":{"states":{"default":{"transitions":[{"haki_observation":"query.scoreboard('haki_time') >= 500 && query.get_equipped_item_name =='haki_observation' && query.is_sneaking && !(query.is_using_item || variable.attack_time)"},{"hakis_armament":"query.get_equipped_item_name =='hakis_armament' && query.is_sneaking && !(query.is_using_item || variable.attack_time)"},{"haki_king":"query.scoreboard('cooldown_skill2') == 2 && query.get_equipped_item_name =='haki_king' && query.is_sneaking && !(query.is_using_item || variable.attack_time)"}]},"haki_observation":{"transitions":[{"default":"!query.is_sneaking"}],"on_entry":["/scoreboard players set @s[scores={skill1=2..}] skill1 3","/scoreboard players set @s[scores={skill1=..1}] skill1 2","/scoreboard players set @s[scores={skill1=3}] skill1 1"]},"hakis_armament":{"transitions":[{"default":"!query.is_sneaking"}],"on_entry":["/scoreboard players set @s[scores={skill1=3..}] skill1 4","/scoreboard players set @s[scores={skill1=2}] skill1 3","/scoreboard players set @s[scores={skill1=..1}] skill1 2","/scoreboard players set @s[scores={skill1=4}] skill1 1"]},"skill_second1":{"transitions":[{"default":"!query.is_sneaking"}],"on_entry":["/scoreboard players set @s[scores={haki_time=..0,skill1=3..}] skill1 4","/scoreboard players set @s[scores={haki_time=..0,skill1=2}] skill1 3","/scoreboard players set @s[scores={haki_time=..0,skill1=..1}] skill1 2","/scoreboard players set @s[scores={haki_time=..0,skill1=4}] skill1 1"]}}},
"controller.animation.haki_hand":{"states":{"default":{"transitions":[{"haki_observation":"query.get_equipped_item_name =='haki_observation'"},{"hakis_armament":"query.get_equipped_item_name =='hakis_armament'"}],"on_entry":["/tag @s remove tell_haki_armament","/tag @s remove tell_haki_observation"]},"haki_observation":{"transitions":[{"default":"query.get_equipped_item_name !='haki_observation'"}],"on_entry":["/tag @s add tell_haki_observation"]},"hakis_armament":{"transitions":[{"default":"query.get_equipped_item_name !='hakis_armament'"}],"on_entry":["/tag @s add tell_haki_armament"]}}}}}