{"format_version":"1.10.0","animation_controllers":{"controller.animation.alvida":{"states":{"default":{"transitions":[{"walk":"variable.attack_time"}]},"walk":{"transitions":[{"default":"variable.time = (variable.time ?? 0);variable.time = variable.time < 150 ? variable.time + 1:0;return variable.time == 0;"}],"on_entry":["/summon wesl3y:attack_alvida"]}}},"controller.animation.babe":{"states":{"default":{"transitions":[{"melee":"!query.has_target && !query.is_sheared"},{"ranged":"query.has_target && query.is_sheared"}]},"melee":{"transitions":[{"default":"(1.0)"}],"on_entry":["@s wesl3y:melee"]},"ranged":{"transitions":[{"default":"query.is_sheared"}],"on_entry":["@s wesl3y:ranged"]}}},"controller.animation.bonclay":{"states":{"default":{"transitions":[{"walk":"variable.attack_time"}]},"walk":{"transitions":[{"default":"variable.time = (variable.time ?? 0);variable.time = variable.time < 150 ? variable.time + 1:0;return variable.time == 0;"}],"on_entry":["/summon wesl3y:attack_bonclay"]}}},"controller.animation.crocodile":{"states":{"default":{"transitions":[{"walk":"query.is_alive && query.has_target && !query.is_in_water && query.get_equipped_item_name('off_hand') !='handcuffs_kairoseki'"}]},"walk":{"transitions":[{"default":"variable.time = (variable.time ?? 0);variable.time = variable.time < 150 ? variable.time + 1:0;return variable.time == 0;"}],"on_entry":["/fill ~-10~-2~-10 ~10~2~10 wesl3y:suna_block_grass 0 replace grass","/fill ~-10~-2~-10 ~10~2~10 wesl3y:suna_block_grass 0 replace dirt","/fill ~-10~-2~-10 ~10~2~10 wesl3y:suna_block_sand 0 replace sand","/fill ~-10~-2~-10 ~10~2~10 air 0 replace planks","/fill ~-10~-2~-10 ~10~2~10 air 0 replace log"]}}},"controller.animation.galdino":{"states":{"default":{"transitions":[{"walk":"query.is_alive && query.has_target && !query.is_in_water && query.get_equipped_item_name('off_hand') !='handcuffs_kairoseki'"}]},"walk":{"transitions":[{"default":"variable.time = (variable.time ?? 0);variable.time = variable.time < 150 ? variable.time + 1:0;return variable.time == 0;"}],"on_entry":["/fill ~-4~-2~-4 ~4~2~4 wesl3y:doru_block_grass 0 replace grass","/fill ~-4~-2~-4 ~4~2~4 wesl3y:doru_block_grass 0 replace dirt","/fill ~-4~-2~-4 ~4~2~4 wesl3y:doru_block_stone 0 replace stone","/fill ~-4~-2~-4 ~4~2~4 wesl3y:doru_block_stone 0 replace cobblestone","/fill ~-4~-2~-4 ~4~2~4 wesl3y:doru_block_planks 0 replace planks"]}}},"controller.animation.gem":{"states":{"default":{"transitions":[{"walk":"variable.attack_time && !query.is_in_water && query.get_equipped_item_name('off_hand') !='handcuffs_kairoseki'"}]},"walk":{"transitions":[{"default":"variable.time = (variable.time ?? 0);variable.time = variable.time < 150 ? variable.time + 1:0;return variable.time == 0;"}],"on_entry":["/summon wesl3y:attack_gem2"]}}},"controller.animation.kuro":{"states":{"default":{"transitions":[{"walk":"query.has_target"}],"on_entry":["/clear @s wesl3y:claws 0 2"]},"walk":{"transitions":[{"default":"!query.has_target"}],"on_entry":["/replaceitem entity @s slot.weapon.mainhand 0 wesl3y:claws","/replaceitem entity @s slot.weapon.offhand 0 wesl3y:claws"]}}},"controller.animation.luffy_east":{"states":{"default":{"transitions":[{"gatling":"query.is_alive && query.is_saddled"}],"on_entry":["/tag @s remove tp_luffy","/event entity @s wesl3y:melee"]},"gatling":{"transitions":[{"default":"variable.time = (variable.time ?? 0);variable.time = variable.time < 45 ? variable.time + 1:0;return variable.time == 0;"}],"on_entry":["/tag @s add tp_luffy"]}}},"controller.animation.luffy_east2":{"states":{"default":{"transitions":[{"attack":"variable.attack_time && query.is_saddled"},{"gatling":"query.is_alive && query.is_saddled"}]},"attack":{"transitions":[{"default":"!variable.attack_time"}],"on_entry":["/execute @s ^^^3 damage @e[type=!wesl3y:luffy_east,r=3] 11 entity_attack entity @s","/execute @s ^^^6 damage @e[type=!wesl3y:luffy_east,r=3] 11 entity_attack entity @s","/execute @s ^^^9 damage @e[type=!wesl3y:luffy_east,r=3] 11 entity_attack entity @s"]},"gatling":{"transitions":[{"default":"(1.0)"}],"on_entry":["/execute @s ^^^2 damage @e[type=!wesl3y:luffy_east,r=3] 15 entity_attack entity @s"]}}},"controller.animation.mikita":{"states":{"default":{"transitions":[{"walk":"query.is_alive && query.has_target && !query.is_in_water && query.get_equipped_item_name('off_hand') !='handcuffs_kairoseki'"}]},"walk":{"transitions":[{"walk2":"!query.is_on_ground"}],"on_entry":["/effect @s levitation 1 10 true"]},"walk2":{"transitions":[{"walk3":"query.is_on_ground"}]},"walk3":{"transitions":[{"default":"variable.time = (variable.time ?? 0);variable.time = variable.time < 80 ? variable.time + 1:0;return variable.time == 0;"}],"on_entry":["/damage @e[family=!attack,rm=0.1,r=10] 13 entity_attack entity @s","/particle wesl3y:mega_explosion ~~0.5~"]}}},"controller.animation.morgan":{"states":{"default":{"transitions":[{"walk":"variable.attack_time"}]},"walk":{"transitions":[{"default":"variable.time = (variable.time ?? 0);variable.time = variable.time < 150 ? variable.time + 1:0;return variable.time == 0;"}],"on_entry":["/summon wesl3y:attack_morgan"]}}},"controller.animation.ussop":{"states":{"default":{"transitions":[{"walk":"query.has_target"}]},"walk":{"transitions":[{"default":"variable.time = (variable.time ?? 0);variable.time = variable.time < 150 ? variable.time + 1:0;return variable.time == 0;"}],"on_entry":["/particle wesl3y:kemuri_boshi"]}}},"controller.animation.zoro_alabasta":{"states":{"default":{"transitions":[{"walk":"query.has_target"}]},"walk":{"transitions":[{"walk2":"variable.time = (variable.time ?? 0);variable.time = variable.time < 20 ? variable.time + 1:0;return variable.time == 0;"}],"on_entry":["/effect @s slowness 1 10 true"]},"walk2":{"transitions":[{"default":"variable.time = (variable.time ?? 0);variable.time = variable.time < 150 ? variable.time + 1:0;return variable.time == 0;"}],"on_entry":["/tp @s ^^^ ~ 0","/summon wesl3y:attack_zoro_alabasta ^^^-1","/playanimation @s animation.santoryu.enbima_yonezu_oni_giri2 wesl3y","/tag @s add zoro_attack","/execute @e[r=4,tag=!zoro_attack] ^^^-2 damage @s 16 entity_attack entity @e[tag=zoro_attack]","/execute @e[r=4,tag=!zoro_attack] ^^^2 damage @s 16 entity_attack entity @e[tag=zoro_attack]","/tag @s remove zoro_attack"],"on_exit":["/effect @s speed 5 2 true"]}}},"controller.animation.health_mob":{"states":{"default":{"transitions":[{"walk":"variable.time = (variable.time ?? 0);variable.time = variable.time < 1 ? variable.time + 1:0;return variable.time == 0;"}]},"walk":{"transitions":[{"default":"(1.0)"}],"on_entry":["@s command"]}}},"controller.animation.pvp_mob":{"states":{"default":{"transitions":[{"1":"query.has_target && !query.is_sheared"},{"2":"query.has_target && query.is_sheared"}]},"1":{"transitions":[{"default":"variable.cooltime = (variable.cooltime ?? 0);variable.cooltime = variable.cooltime < 10 ? variable.cooltime + 1:0;return variable.cooltime == 0;"}],"on_entry":["/tag @s add attack"],"on_exit":["/tag @s remove attack"]},"2":{"transitions":[{"default":"variable.cooltime = (variable.cooltime ?? 0);variable.cooltime = variable.cooltime < 10 ? variable.cooltime + 1:0;return variable.cooltime == 0;"}],"on_entry":["/tag @s add attack","/execute @p[tag=haki_armament,scores={haki_stats=25..},r=3] ~~~ particle wesl3y:haki_armament ~~~","/execute @p[tag=haki_armament,scores={haki_stats=25..},r=3] ~~~ particle wesl3y:haki_armament ~~2~"],"on_exit":["/execute @p[tag=haki_armament,scores={haki_stats=25..},r=3] ~~~ particle wesl3y:haki_armament ~~~","/execute @p[tag=haki_armament,scores={haki_stats=25..},r=3]] ~~~ particle wesl3y:haki_armament ~~2~","/tag @s remove attack"]}}},"controller.animation.mobs_haki":{"states":{"default":{"transitions":[{"walk":"query.is_sheared"}]},"walk":{"transitions":[{"walk2":"variable.time = (variable.time ?? 0);variable.time = variable.time < 200 ? variable.time + 1:0;return variable.time == 0;"}]},"walk2":{"transitions":[{"default":"(1.0)"}],"on_entry":["/event entity @s wesl3y:no_haki"]}}},"controller.animation.mobs_haki2":{"states":{"default":{"transitions":[{"walk":"query.has_target"}]},"walk":{"transitions":[{"walk2":"variable.time = (variable.time ?? 0);variable.time = variable.time < 30 ? variable.time + 1:0;return variable.time == 0;"}],"on_entry":["/playsound haki_observation @a[r=10]","/tag @s add haki_obs"]},"walk2":{"transitions":[{"default":"variable.time = (variable.time ?? 0);variable.time = variable.time < 200 ? variable.time + 1:0;return variable.time == 0;"}],"on_entry":["/tag @s remove haki_obs"]}}},"controller.animation.mobs_fruit":{"states":{"default":{"transitions":[{"magu":"query.mark_variant == 1"},{"mera":"query.mark_variant == 2"}]},"magu":{"transitions":[{"magu1":"query.has_target && !query.is_in_water && query.get_equipped_item_name('off_hand') !='handcuffs_kairoseki'"},{"default":"query.mark_variant != 1"}]},"magu1":{"transitions":[{"default":"variable.time = (variable.time ?? 0);variable.time = variable.time < 150 ? variable.time + 1:0;return variable.time == 0;"}],"on_entry":["/fill ~-4~-2~-4 ~4~2~4 wesl3y:magu_block_grass 0 replace grass","/fill ~-4~-2~-4 ~4~2~4 wesl3y:magu_block_stone 0 replace cobblestone","/fill ~-4~-2~-4 ~4~2~4 wesl3y:magu_block_stone 0 replace stone"]},"mera":{"transitions":[{"mera1":"query.has_target && !query.is_in_water && query.get_equipped_item_name('off_hand') !='handcuffs_kairoseki'"},{"default":"query.mark_variant != 2"}]},"mera1":{"transitions":[{"default":"variable.time = (variable.time ?? 0);variable.time = variable.time < 150 ? variable.time + 1:0;return variable.time == 0;"}],"on_entry":["/fill ~-4~-2~-4 ~4~2~4 fire 0 replace air"]}}},"controller.animation.mobs_weapons":{"states":{"default":{"transitions":[{"1":"query.get_equipped_item_name!='pistol'"},{"2":"query.get_equipped_item_name=='pistol'"}]},"1":{"transitions":[{"default":"query.get_equipped_item_name('main_hand') !=''"}],"on_entry":["/event entity @s wesl3y:melee"]},"2":{"transitions":[{"default":"query.get_equipped_item_name('main_hand') !='pistol'"}],"on_entry":["/event entity @s wesl3y:ranged"]}}},"controller.animation.fly.mob":{"states":{"default":{"transitions":[{"walk":"query.has_rider"},{"walk4":"!query.has_rider || query.is_on_ground && !query.is_moving || query.is_in_water"}]},"walk":{"transitions":[{"walk2":"query.has_rider"},{"walk4":"!query.has_rider"}],"on_entry":["/tag @s add fly"]},"walk2":{"transitions":[{"walk3":"query.has_rider && !query.is_on_ground"},{"walk4":"!query.has_rider || query.is_on_ground || query.is_in_water"}],"on_entry":["/effect @s[tag=!fly] slowness 1 3 true","/effect @s[type=wesl3y:uo_dragon_fly,tag=fly] speed 1 1 true","/execute @p[c=1,tag=tori_phoenix2] ~~~ execute @e[type=wesl3y:tori_phoenix_fly,r=2,c=1] ~~~ effect @s[tag=fly,rx=20,rxm=5] speed 1 3 true","/effect @s[tag=fly,rx=15,rxm=-5] slow_falling 1 255 true","/effect @s[tag=fly,rx=45,rxm=16] slow_falling 1 12 true","/effect @s[tag=fly,rx=90,rxm=46] slow_falling 1 0 true","/execute @p[c=1,tag=tori_phoenix2] ~~~ execute @e[type=wesl3y:tori_phoenix_fly,r=2,c=1] ~~~ effect @s[tag=fly,rx=5,rxm=-20] speed 1 3 true","/effect @s[tag=fly,rx=3,rxm=-10] levitation 1 0 true","/effect @s[tag=fly,rx=-10,rxm=-20] levitation 1 5 true","/effect @s[tag=fly,rx=-21,rxm=-45] levitation 1 10 true","/effect @s[tag=fly,rx=-46,rxm=-90] levitation 1 30 true","/effect @p[tag=tori_phoenix] regeneration 2 5 true","/effect @p[tag=tori_phoenix2] regeneration 2 3 true"]},"walk3":{"transitions":[{"walk2":"query.has_rider && !query.is_on_ground"},{"walk4":"!query.has_rider || query.is_on_ground && !query.is_moving || query.is_in_water"}]},"walk4":{"transitions":[{"default":"(1.0)"}],"on_entry":["/event entity @s wesl3y:despawn"]}}},"controller.animation.fly.mob2":{"states":{"default":{"transitions":[{"fly":"query.is_sheared"}]},"fly":{"animations":["fly"],"transitions":[{"default":"!query.is_sheared"}],"on_exit":["/effect @s clear","/effect @s levitation 1 0 true"]}}}}}