{"format_version":"1.10.0","animation_controllers":{"controller.animation.mode_using":{"states":{"default":{"transitions":[{"gear2":"query.is_item_name_any('slot.armor.head','') && query.get_equipped_item_name =='gomu_second' && query.is_using_item"},{"mogu_mole":"query.is_item_name_any('slot.armor.head','') && query.get_equipped_item_name =='mogu_mole' && query.is_using_item"},{"mogu_mole2":"query.is_item_name_any('slot.armor.head','') && query.get_equipped_item_name =='mogu_mole2' && query.is_using_item"},{"tori_phoenix":"query.is_item_name_any('slot.armor.head','') && query.get_equipped_item_name =='tori_phoenix' && query.is_using_item"},{"tori_phoenix2":"query.is_item_name_any('slot.armor.head','') && query.get_equipped_item_name =='tori_phoenix2' && query.is_using_item"},{"uo_dragon":"query.is_item_name_any('slot.armor.head','') && query.get_equipped_item_name =='uo_dragon' && query.is_using_item"},{"uo_dragon2":"query.is_item_name_any('slot.armor.head','') && query.get_equipped_item_name =='uo_dragon2' && query.is_using_item"}]},"gear2":{"transitions":[{"default":"query.get_equipped_item_name !='gomu_second' || query.get_equipped_item_name =='gomu_second' && !query.is_using_item"},{"gear2_1":"variable.time = (variable.time ?? 0);variable.time = variable.time < 10 ? variable.time + 1:0;return variable.time == 0;"}]},"gear2_1":{"transitions":[{"default":"!query.is_using_item"},{"gear2_2":"variable.time = (variable.time ?? 0);variable.time = variable.time < 5 ? variable.time + 1:0;return variable.time == 0;"}]},"gear2_2":{"transitions":[{"default":"!(query.is_item_name_any('slot.armor.head',''))"},{"gear2_3":"query.is_item_name_any('slot.armor.head','')"}]},"gear2_3":{"transitions":[{"default":"!query.is_using_item"}],"on_entry":["/execute @s[scores={mode_time=..499}] ~~~ function tell/mode_time_500","/replaceitem entity @s[hasitem={item=wesl3y:gomu_second,location=slot.weapon.mainhand},scores={mode_time=500..}] slot.weapon.mainhand 0 air","/execute @s[scores={mode_time=500..}] ~~~ function modes/give_gomusecond"]},"mogu_mole":{"transitions":[{"default":"!query.is_using_item"}],"on_entry":["/execute @s[scores={mode_time=..499}] ~~~ function tell/mode_time_500","/replaceitem entity @s[hasitem={item=wesl3y:mogu_mole,location=slot.weapon.mainhand},scores={mode_time=500..}] slot.weapon.mainhand 0 air","/execute @s[scores={mode_time=500..}] ~~~ function modes/give_mogumole"]},"mogu_mole2":{"transitions":[{"default":"!query.is_using_item"}],"on_entry":["/execute @s[scores={mode_time=..499}] ~~~ function tell/mode_time_500","/replaceitem entity @s[hasitem={item=wesl3y:mogu_mole2,location=slot.weapon.mainhand},scores={mode_time=500..}] slot.weapon.mainhand 0 air","/execute @s[scores={mode_time=500..}] ~~~ function modes/give_mogumole2"]},"tori_phoenix":{"transitions":[{"default":"!query.is_using_item"}],"on_entry":["/execute @s[scores={mode_time=..499}] ~~~ function tell/mode_time_500","/replaceitem entity @s[hasitem={item=wesl3y:tori_phoenix,location=slot.weapon.mainhand},scores={mode_time=500..}] slot.weapon.mainhand 0 air","/execute @s[scores={mode_time=500..}] ~~~ function modes/give_toriphoenix"]},"tori_phoenix2":{"transitions":[{"default":"!query.is_using_item"}],"on_entry":["/execute @s[scores={mode_time=..499}] ~~~ function tell/mode_time_500","/replaceitem entity @s[hasitem={item=wesl3y:tori_phoenix2,location=slot.weapon.mainhand},scores={mode_time=500..}] slot.weapon.mainhand 0 air","/execute @s[scores={mode_time=500..}] ~~~ function modes/give_toriphoenix2"]},"uo_dragon":{"transitions":[{"default":"!query.is_using_item"}],"on_entry":["/execute @s[scores={mode_time=..499}] ~~~ function tell/mode_time_500","/replaceitem entity @s[hasitem={item=wesl3y:uo_dragon,location=slot.weapon.mainhand},scores={mode_time=500..}] slot.weapon.mainhand 0 air","/execute @s[scores={mode_time=500..}] ~~~ function modes/give_uodragon"]},"uo_dragon2":{"transitions":[{"default":"!query.is_using_item"}],"on_entry":["/execute @s[scores={mode_time=..499}] ~~~ function tell/mode_time_500","/replaceitem entity @s[hasitem={item=wesl3y:uo_dragon2,location=slot.weapon.mainhand},scores={mode_time=500..}] slot.weapon.mainhand 0 air","/execute @s[scores={mode_time=500..}] ~~~ function modes/give_uodragon2"]}}},"controller.animation.pvp":{"states":{"default":{"transitions":[{"1":"variable.attack_time && !query.equipped_item_any_tag('slot.armor.feet','haki_armament')"},{"2":"variable.attack_time && query.equipped_item_any_tag('slot.armor.feet','haki_armament')"}]},"1":{"transitions":[{"default":"variable.cooltime = (variable.cooltime ?? 0);variable.cooltime = variable.cooltime < 2 ? variable.cooltime + 1:0;return variable.cooltime == 0;"}],"on_entry":["/tag @s add attack","/scoreboard players add @s xp_health 1","/scoreboard players add @s xp_strength 1"],"on_exit":["/tag @s remove attack"]},"2":{"transitions":[{"default":"variable.cooltime = (variable.cooltime ?? 0);variable.cooltime = variable.cooltime < 2 ? variable.cooltime + 1:0;return variable.cooltime == 0;"}],"on_entry":["/tag @s add attack","/execute @s[scores={haki_stats=25..}] ~~~ execute @p[tag=haki_armament,scores={haki_stats=25..},rm=0.5,r=3] ~~~ particle wesl3y:haki_armament ~~~","/execute @s[scores={haki_stats=25..}] ~~~ execute @p[tag=haki_armament,scores={haki_stats=25..},rm=0.5,r=3] ~~~ particle wesl3y:haki_armament ~~2~","/execute @s[scores={haki_stats=25..}] ~~~ execute @e[family=haki_armament,rm=0.5,r=3] ~~~ particle wesl3y:haki_armament ~~~","/execute @s[scores={haki_stats=25..}] ~~~ execute @e[family=haki_armament,rm=0.5,r=3] ~~~ particle wesl3y:haki_armament ~~2~","/scoreboard players add @s xp_health 1","/scoreboard players add @s xp_strength 1"],"on_exit":["/tag @s remove attack"]}}},"controller.animation.sprinting":{"initial_state":"default","states":{"default":{"transitions":[{"skills":"query.equipped_item_any_tag('slot.weapon.mainhand','skill') && query.is_sprinting"}]},"skills":{"transitions":[{"default":"(1.0)"}],"on_entry":["/execute @s[tag=magu_fruit,scores={fruit=10..}] ~~~ fill ~-3 ~-1 ~-3 ~3 ~3 ~3 air 0 replace lava","/execute @s[tag=magu_fruit,scores={fruit=10..}] ~~~ fill ~-3 ~-1 ~-3 ~3 ~3 ~3 air 0 replace fire","/execute @s[tag=mera_fruit,scores={fruit=10..}] ~~~ fill ~-3 ~-1 ~-3 ~3 ~3 ~3 air 0 replace fire"]}}},"controller.animation.sneaking":{"initial_state":"default","states":{"default":{"transitions":[{"enma":"query.get_equipped_item_name=='enma_sheath' && query.is_sneaking"},{"enma_head":"query.get_equipped_item_name=='enma' && query.is_sneaking && variable.attack_time && query.is_item_name_any('slot.armor.head','')"},{"katana":"query.get_equipped_item_name=='katana_sheath' && query.is_sneaking"},{"katana_head":"query.get_equipped_item_name=='katana' && query.is_sneaking && variable.attack_time && query.is_item_name_any('slot.armor.head','')"},{"sandai_kitetsu":"query.get_equipped_item_name=='sandai_kitetsu_sheath' && query.is_sneaking"},{"sandai_kitetsu_head":"query.get_equipped_item_name=='sandai_kitetsu' && query.is_sneaking && variable.attack_time && query.is_item_name_any('slot.armor.head','')"},{"shusui":"query.get_equipped_item_name=='shusui_sheath' && query.is_sneaking"},{"shusui_head":"query.get_equipped_item_name=='shusui' && query.is_sneaking && variable.attack_time && query.is_item_name_any('slot.armor.head','')"},{"wado_ichimonji":"query.get_equipped_item_name=='wado_ichimonji_sheath' && query.is_sneaking"},{"wado_ichimonji_head":"query.get_equipped_item_name=='wado_ichimonji' && query.is_sneaking && variable.attack_time && query.is_item_name_any('slot.armor.head','')"},{"yubashiri":"query.get_equipped_item_name=='yubashiri_sheath' && query.is_sneaking"},{"yubashiri_head":"query.get_equipped_item_name=='yubashiri' && query.is_sneaking && variable.attack_time && query.is_item_name_any('slot.armor.head','')"}]},"enma":{"transitions":[{"default":"!query.is_sneaking"}],"on_entry":["/clear @s wesl3y:enma_sheath 0 1","/give @s wesl3y:enma"]},"enma_head":{"transitions":[{"default":"!variable.attack_time && !query.is_sneaking"}],"on_entry":["/clear @s wesl3y:enma 0 1","/replaceitem entity @s slot.armor.head 0 wesl3y:enma"]},"katana":{"transitions":[{"default":"!query.is_sneaking"}],"on_entry":["/clear @s wesl3y:katana_sheath 0 1","/give @s wesl3y:katana"]},"katana_head":{"transitions":[{"default":"!variable.attack_time && !query.is_sneaking"}],"on_entry":["/clear @s wesl3y:katana 0 1","/replaceitem entity @s slot.armor.head 0 wesl3y:katana"]},"sandai_kitetsu":{"transitions":[{"default":"!query.is_sneaking"}],"on_entry":["/clear @s wesl3y:sandai_kitetsu_sheath 0 1","/give @s wesl3y:sandai_kitetsu"]},"sandai_kitetsu_head":{"transitions":[{"default":"!variable.attack_time && !query.is_sneaking"}],"on_entry":["/clear @s wesl3y:sandai_kitetsu 0 1","/replaceitem entity @s slot.armor.head 0 wesl3y:sandai_kitetsu"]},"shusui":{"transitions":[{"default":"!query.is_sneaking"}],"on_entry":["/clear @s wesl3y:shusui_sheath 0 1","/give @s wesl3y:shusui"]},"shusui_head":{"transitions":[{"default":"!variable.attack_time && !query.is_sneaking"}],"on_entry":["/clear @s wesl3y:shusui 0 1","/replaceitem entity @s slot.armor.head 0 wesl3y:shusui"]},"wado_ichimonji":{"transitions":[{"default":"!query.is_sneaking"}],"on_entry":["/clear @s wesl3y:wado_ichimonji_sheath 0 1","/give @s wesl3y:wado_ichimonji"]},"wado_ichimonji_head":{"transitions":[{"default":"!variable.attack_time && !query.is_sneaking"}],"on_entry":["/clear @s wesl3y:wado_ichimonji 0 1","/replaceitem entity @s slot.armor.head 0 wesl3y:wado_ichimonji"]},"yubashiri":{"transitions":[{"default":"!query.is_sneaking"}],"on_entry":["/clear @s wesl3y:yubashiri_sheath 0 1","/give @s wesl3y:yubashiri"]},"yubashiri_head":{"transitions":[{"default":"!variable.attack_time && !query.is_sneaking"}],"on_entry":["/clear @s wesl3y:yubashiri 0 1","/replaceitem entity @s slot.armor.head 0 wesl3y:yubashiri"]}}},"controller.animation.attack":{"states":{"default":{"transitions":[{"espada1":"query.equipped_item_any_tag('slot.armor.legs','swordman') && query.equipped_item_any_tag('slot.weapon.mainhand','katana') && !query.equipped_item_any_tag('slot.weapon.offhand','katana') && variable.attack_time"},{"espada2":"query.equipped_item_any_tag('slot.armor.legs','swordman') && query.equipped_item_any_tag('slot.weapon.mainhand','katana') && query.equipped_item_any_tag('slot.weapon.offhand','katana') && variable.attack_time"}]},"espada1":{"transitions":[{"default":"(1.0)"}],"on_entry":["/event entity @e[family=bullet,family=!shooter_yasopp,family=!haki_armament,r=3,c=5] wesl3y:despawn","/event entity @e[family=bullet,family=shooter_yasopp,family=!haki_armament,r=3,c=5] wesl3y:despawn_cut"]},"espada2":{"transitions":[{"default":"(1.0)"}],"on_entry":["/event entity @e[family=bullet,family=!shooter_yasopp,family=!haki_armament,r=4] wesl3y:despawn","/event entity @e[family=bullet,family=shooter_yasopp,family=!haki_armament,r=4] wesl3y:despawn_cut"]}}},"controller.animation.activate_head":{"states":{"default":{"transitions":[{"uo_dragon":"query.equipped_item_any_tag('slot.armor.head','uo_dragon')"},{"uo_dragon_disable":"query.mark_variant == 50 && !(query.is_riding && (query.get_ride -> query.owner_identifier) == 'wesl3y:uo_dragon_fly')"}]},"uo_dragon":{"transitions":[{"uo_dragon_2":"query.equipped_item_any_tag('slot.armor.head','uo_dragon') && (query.is_riding && (query.get_ride -> query.owner_identifier) == 'wesl3y:uo_dragon_fly')"},{"default":"!query.equipped_item_any_tag('slot.armor.head','uo_dragon')"},{"uo_dragon_disable":"query.mark_variant == 50 && !(query.is_riding && (query.get_ride -> query.owner_identifier) == 'wesl3y:uo_dragon_fly')"}]},"uo_dragon_2":{"transitions":[{"uo_dragon_disable":"query.scoreboard('mode_time') <= 1"},{"uo_dragon_disable2":"(!query.equipped_item_any_tag('slot.armor.head','uo_dragon') || !(query.is_riding && (query.get_ride -> query.owner_identifier) == 'wesl3y:uo_dragon_fly')) && query.scoreboard('mode_time') >= 1"}],"on_entry":["/event entity @s wesl3y:base","/event entity @s wesl3y:uo_dragon"]},"uo_dragon_disable":{"transitions":[{"default":"(1.0)"}],"on_entry":["/ride @e[family=player,rm=0.1,r=10] stop_riding","/event entity @s wesl3y:base"]},"uo_dragon_disable2":{"transitions":[{"default":"(1.0)"}],"on_entry":["/ride @e[family=player,rm=0.1,r=10] stop_riding","/event entity @s wesl3y:base"]}}},"controller.animation.activate_offhand":{"states":{"default":{"transitions":[{"kairoseki1":"query.get_equipped_item_name('off_hand') =='handcuffs_kairoseki'"}]},"kairoseki1":{"transitions":[{"kairoseki1_2":"query.get_equipped_item_name('off_hand') !='handcuffs_kairoseki'"}],"on_entry":["/tag @s add kairoseki","/function fruit/clear_fruit","/function give/handcuffs_kairoseki"]},"kairoseki1_2":{"transitions":[{"default":"(1.0)"}],"on_entry":["/function fruit/fruit","/tag @s remove kairoseki"]}}},"controller.animation.mainhand":{"states":{"default":{"transitions":[{"katana":"query.equipped_item_any_tag('slot.weapon.mainhand','katana') && query.get_equipped_item_name('main_hand') !='enma'"},{"enma":"query.get_equipped_item_name('main_hand') =='enma'"},{"shooter":"query.equipped_item_any_tag('slot.weapon.mainhand','shooter')"}]},"katana":{"transitions":[{"default":"(1.0)"}],"on_entry":["/effect @s[tag=!swordman] mining_fatigue 1 1 true","/effect @s[tag=!swordman] slowness 1 1 true"]},"enma":{"transitions":[{"default":"variable.cooltime = (variable.cooltime ?? 0);variable.cooltime = variable.cooltime < 5 ? variable.cooltime + 1:0;return variable.cooltime == 0;"}],"on_entry":["/effect @s[tag=!swordman] mining_fatigue 1 0 true","/effect @s[tag=!swordman] slowness 1 0 true","/scoreboard players remove @s[tag=haki_armament,scores={haki_stats=..35}] haki_time 5"]},"shooter":{"transitions":[{"default":"(1.0)"}],"on_entry":["/effect @s[tag=!swordman] slowness 1 0 true"]}}}}}