{"format_version":"1.10.0","animation_controllers":{"controller.animation.black_leg_using":{"states":{"default":{"transitions":[{"black_leg1":"query.mark_variant == 0 && query.scoreboard('cooldown_skill1') == 0 && query.scoreboard('skill1') <= 1 && query.equipped_item_any_tag('slot.armor.legs','black_leg') && query.get_equipped_item_name('main_hand') == '' && variable.attack_time && !query.is_sneaking"},{"black_leg2":"query.mark_variant == 0 && query.scoreboard('cooldown_skill1') == 0 && query.scoreboard('skill1') == 2 && query.equipped_item_any_tag('slot.armor.legs','black_leg') && query.get_equipped_item_name('main_hand') == '' && query.is_jumping && !query.is_on_ground && !query.is_sneaking"},{"black_leg3":"query.mark_variant == 0 && query.scoreboard('mode_time') >= 1000 && query.scoreboard('skill1') >= 3 && query.is_item_name_any('slot.armor.head','') && query.equipped_item_any_tag('slot.armor.legs','black_leg') && query.get_equipped_item_name('main_hand') == '' && variable.attack_time && !query.is_sneaking"}]},"black_leg1":{"transitions":[{"default":"!query.equipped_item_any_tag('slot.armor.legs','black_leg') || query.get_equipped_item_name('main_hand') != '' || !query.is_alive"},{"black_leg1_1_2":"variable.time = (variable.time ?? 0);variable.time = variable.time < 5 ? variable.time + 1:0;return variable.time == 0;"}],"on_entry":["/effect @s haste 5 2 true"]},"black_leg1_1_2":{"transitions":[{"default":"!query.equipped_item_any_tag('slot.armor.legs','black_leg') || query.get_equipped_item_name('main_hand') != '' || !query.is_alive"},{"default":"variable.time = (variable.time ?? 0);variable.time = variable.time < 5 ? variable.time + 1:0;return variable.time == 0;"},{"black_leg1_2":"variable.attack_time"}]},"black_leg1_2":{"transitions":[{"default":"!query.equipped_item_any_tag('slot.armor.legs','black_leg') || query.get_equipped_item_name('main_hand') != '' || !query.is_alive"},{"black_leg1_2_2":"variable.time = (variable.time ?? 0);variable.time = variable.time < 5 ? variable.time + 1:0;return variable.time == 0;"}],"on_entry":["/damage @e[rm=0.1,r=1] 20 entity_attack entity @s[scores={style=40..}]","/damage @e[rm=1,r=1.5] 15 entity_attack entity @s[scores={style=30..}]","/damage @e[rm=1.5,r=2] 10 entity_attack entity @s[scores={style=20..}]","/damage @e[rm=2,r=2.5] 7 entity_attack entity @s[scores={style=10..}]","/damage @e[rm=2.5,r=3] 5 entity_attack entity @s"]},"black_leg1_2_2":{"transitions":[{"default":"!query.equipped_item_any_tag('slot.armor.legs','black_leg') || query.get_equipped_item_name('main_hand') != '' || !query.is_alive"},{"default":"variable.time = (variable.time ?? 0);variable.time = variable.time < 5 ? variable.time + 1:0;return variable.time == 0;"},{"black_leg1_3":"variable.attack_time"}]},"black_leg1_3":{"transitions":[{"default":"(1.0)"}],"on_entry":["/tag @s add impulse","/summon wesl3y:impulse","/execute @s ~~~ detect ~~-1~ grass 0 summon wesl3y:explosion_block ~~~ grass_mini","/execute @s ~~~ detect ~~-1~ dirt 0 summon wesl3y:explosion_block ~~~ grass_mini","/execute @s ~~~ detect ~~-1~ stone 0 summon wesl3y:explosion_block ~~~ grass_mini","/execute @s ~~~ detect ~~-1~ ice 0 summon wesl3y:explosion_block ~~~ ice_mini","/execute @s ~~~ detect ~~-1~ sand 0 summon wesl3y:explosion_block ~~~ sand_mini","/execute @s ~~~ detect ~~-1~ sandstone 0 summon wesl3y:explosion_block ~~~ sand_mini","/execute @s ~~~ detect ~~-1~ wood 0 summon wesl3y:explosion_block ~~~ wood_mini","/execute @s ~~~ detect ~~-1~ log 0 summon wesl3y:explosion_block ~~~ wood_mini","/execute @s ~~~ detect ~~-1~ planks 0 summon wesl3y:explosion_block ~~~ wood_mini","/scoreboard players set @s[scores={skill1=..1}] cooldown_skill1 20"]},"black_leg1_3_2":{"transitions":[{"default":"!query.equipped_item_any_tag('slot.armor.legs','black_leg') || query.get_equipped_item_name('main_hand') != '' || !query.is_alive"},{"default":"variable.time = (variable.time ?? 0);variable.time = variable.time < 5 ? variable.time + 1:0;return variable.time == 0;"},{"black_leg1":"variable.attack_time"}]},"black_leg2":{"transitions":[{"black_leg2_2":"query.equipped_item_any_tag('slot.armor.legs','black_leg') && !query.is_jumping"},{"default":"!(query.scoreboard('skill1') == 2) || !query.equipped_item_any_tag('slot.armor.legs','black_leg') || query.get_equipped_item_name('main_hand') != '' || query.is_on_ground"}]},"black_leg2_2":{"transitions":[{"black_leg2_3":"query.scoreboard('cooldown_skill1') == 0 && query.equipped_item_any_tag('slot.armor.legs','black_leg') && query.is_jumping"},{"default":"!(query.scoreboard('skill1') == 2) || !query.equipped_item_any_tag('slot.armor.legs','black_leg') || query.get_equipped_item_name('main_hand') != '' || query.is_on_ground"}]},"black_leg2_3":{"transitions":[{"black_leg2_2":"!query.is_jumping"}],"on_entry":["/execute @s[m=0] ~~~ particle wesl3y:black_leg_jump","/playanimation @s[m=0] animation.black_leg.sky_walk wesl3y","/tag @s[m=0] add black_leg_jump","/effect @s[m=0] levitation 1 4 true","/effect @s[m=0] slow_falling 3 0 true","/execute @s[m=0] ~~0.5~ summon wesl3y:style_black_leg ^^^-1","/scoreboard players set @s cooldown_skill1 10"]},"black_leg3":{"transitions":[{"default":"!variable.attack_time"}],"on_entry":["/execute @s[scores={style=..9}] ~~~ function tell/style_10","/execute @s[scores={style=10..}] ~~~ function modes/give_diablejumbe"]}}},"controller.animation.black_leg_change":{"states":{"default":{"transitions":[{"skill1":"query.equipped_item_any_tag('slot.armor.legs','black_leg') && query.get_equipped_item_name('main_hand') == '' && query.is_sneaking && !(query.is_using_item || variable.attack_time)"}]},"skill1":{"transitions":[{"default":"!query.is_sneaking"}],"on_entry":["/scoreboard players set @s[scores={skill1=3..}] skill1 4","/scoreboard players set @s[scores={skill1=2}] skill1 3","/scoreboard players set @s[scores={skill1=..1}] skill1 2","/scoreboard players set @s[scores={skill1=4}] skill1 1"]}}},"controller.animation.black_leg_hand":{"states":{"default":{"transitions":[{"black_leg1":"query.equipped_item_any_tag('slot.armor.legs','black_leg') && query.get_equipped_item_name('main_hand') == ''"}],"on_entry":["/tag @s remove tell_black_leg"]},"black_leg1":{"transitions":[{"default":"!query.equipped_item_any_tag('slot.armor.legs','black_leg') || query.get_equipped_item_name('main_hand') != ''"}],"on_entry":["/tag @s add tell_black_leg"]}}},"controller.animation.shooter_using":{"initial_state":"default","states":{"default":{"transitions":[{"kuja1":"query.mark_variant == 0 && query.scoreboard('skill1') <= 1 && query.get_equipped_item_name('off_hand') =='arrow_kuja' && query.equipped_item_any_tag('slot.armor.legs','shooter_kuja') && query.get_equipped_item_name=='bow_kuja' && query.is_using_item && !query.is_sneaking"},{"kuja2":"query.mark_variant == 0 && query.scoreboard('skill1') >= 2 && query.get_equipped_item_name('off_hand') =='arrow_kuja' && query.equipped_item_any_tag('slot.armor.legs','shooter_kuja') && query.get_equipped_item_name=='bow_kuja' && query.is_using_item && !query.is_sneaking"},{"ussop1":"query.mark_variant == 0 && query.scoreboard('skill1') <= 1 && query.get_equipped_item_name('off_hand') =='bullet' && query.equipped_item_any_tag('slot.armor.legs','shooter_ussop') && query.get_equipped_item_name=='ginga_pachinko' && query.is_using_item && !query.is_sneaking"},{"ussop2":"query.mark_variant == 0 && query.scoreboard('skill1') == 2 && query.get_equipped_item_name('off_hand') =='bullet' && query.equipped_item_any_tag('slot.armor.legs','shooter_ussop') && query.get_equipped_item_name=='ginga_pachinko' && query.is_using_item && !query.is_sneaking"},{"ussop3":"query.mark_variant == 0 && query.scoreboard('skill1') == 3 && query.get_equipped_item_name('off_hand') =='bullet' && query.equipped_item_any_tag('slot.armor.legs','shooter_ussop') && query.get_equipped_item_name=='ginga_pachinko' && query.is_using_item && !query.is_sneaking"},{"ussop4":"query.mark_variant == 0 && query.scoreboard('skill1') >= 4 && query.get_equipped_item_name('off_hand') =='bullet' && query.equipped_item_any_tag('slot.armor.legs','shooter_ussop') && query.get_equipped_item_name=='ginga_pachinko' && query.is_using_item && !query.is_sneaking"}]},"kuja1":{"transitions":[{"kuja1_2":"query.get_equipped_item_name=='bow_kuja' && !query.is_using_item"},{"default":"!(query.scoreboard('skill1') <= 1) || !query.equipped_item_any_tag('slot.armor.legs','shooter_kuja') || query.get_equipped_item_name('off_hand') !='arrow_kuja' || query.get_equipped_item_name != 'bow_kuja'"}]},"kuja1_2":{"transitions":[{"default":"(1.0)"}],"on_entry":["/clear @s wesl3y:arrow_kuja 0 1","/event entity @s[tag=!haki_armament] wesl3y:shooter_kuja1","/event entity @s[tag=haki_armament] wesl3y:shooter_kuja1_haki"]},"kuja2":{"transitions":[{"kuja2_2":"query.get_equipped_item_name=='bow_kuja' && !query.is_using_item"},{"default":"!(query.scoreboard('skill1') >= 2) || !query.equipped_item_any_tag('slot.armor.legs','shooter_kuja') || query.get_equipped_item_name('off_hand') !='arrow_kuja' || query.get_equipped_item_name != 'bow_kuja'"}]},"kuja2_2":{"transitions":[{"default":"(1.0)"}],"on_entry":["/clear @s wesl3y:arrow_kuja 0 1","/event entity @s[tag=!haki_armament] wesl3y:shooter_kuja2","/event entity @s[tag=haki_armament] wesl3y:shooter_kuja2_haki"]},"ussop1":{"transitions":[{"ussop1_2":"query.get_equipped_item_name=='ginga_pachinko' && !query.is_using_item"},{"default":"!(query.scoreboard('skill1') <= 1) || !query.equipped_item_any_tag('slot.armor.legs','shooter_ussop') || query.get_equipped_item_name('off_hand') !='bullet' || query.get_equipped_item_name!='ginga_pachinko'"}]},"ussop1_2":{"transitions":[{"default":"(1.0)"}],"on_entry":["/clear @s wesl3y:bullet 0 1","/event entity @s[tag=!haki_armament] wesl3y:shooter_ussop1","/event entity @s[tag=haki_armament] wesl3y:shooter_ussop1_haki"]},"ussop2":{"transitions":[{"ussop2_2":"query.get_equipped_item_name=='ginga_pachinko' && !query.is_using_item"},{"default":"!(query.scoreboard('skill1') == 2) || !query.equipped_item_any_tag('slot.armor.legs','shooter_ussop') || query.get_equipped_item_name('off_hand') !='bullet' || query.get_equipped_item_name !='ginga_pachinko'"}]},"ussop2_2":{"transitions":[{"default":"(1.0)"}],"on_entry":["/clear @s wesl3y:bullet 0 1","/event entity @s[tag=!haki_armament] wesl3y:shooter_ussop2","/event entity @s[tag=haki_armament] wesl3y:shooter_ussop2_haki"]},"ussop3":{"transitions":[{"ussop3_2":"query.get_equipped_item_name=='ginga_pachinko' && !query.is_using_item"},{"default":"!(query.scoreboard('skill1') == 3) || !query.equipped_item_any_tag('slot.armor.legs','shooter_ussop') || query.get_equipped_item_name('off_hand') !='bullet' || query.get_equipped_item_name !='ginga_pachinko'"}]},"ussop3_2":{"transitions":[{"default":"(1.0)"}],"on_entry":["/clear @s wesl3y:bullet 0 1","/event entity @s[tag=!haki_armament] wesl3y:shooter_ussop3","/event entity @s[tag=haki_armament] wesl3y:shooter_ussop3_haki"]},"ussop4":{"transitions":[{"ussop4_2":"query.get_equipped_item_name=='ginga_pachinko' && !query.is_using_item"},{"default":"!(query.scoreboard('skill1') >= 3) || !query.equipped_item_any_tag('slot.armor.legs','shooter_ussop') || query.get_equipped_item_name('off_hand') !='bullet' || query.get_equipped_item_name !='ginga_pachinko'"}]},"ussop4_2":{"transitions":[{"default":"(1.0)"}],"on_entry":["/clear @s wesl3y:bullet 0 1","/event entity @s[tag=!haki_armament] wesl3y:shooter_ussop4","/event entity @s[tag=haki_armament] wesl3y:shooter_ussop4_haki"]}}},"controller.animation.shooter_change":{"states":{"default":{"transitions":[{"skill1":"query.equipped_item_any_tag('slot.armor.legs','shooter_kuja') && query.get_equipped_item_name=='bow_kuja' && query.is_sneaking && !(query.is_using_item || variable.attack_time)"},{"skill2":"query.equipped_item_any_tag('slot.armor.legs','shooter_ussop') && query.get_equipped_item_name=='ginga_pachinko' && query.is_sneaking && !(query.is_using_item || variable.attack_time)"}]},"skill1":{"transitions":[{"default":"!query.is_sneaking"}],"on_entry":["/scoreboard players set @s[scores={skill1=2..}] skill1 3","/scoreboard players set @s[scores={skill1=..1}] skill1 2","/scoreboard players set @s[scores={skill1=3}] skill1 1"]},"skill2":{"transitions":[{"default":"!query.is_sneaking"}],"on_entry":["/scoreboard players set @s[scores={skill1=5..}] skill1 6","/scoreboard players set @s[scores={skill1=4}] skill1 5","/scoreboard players set @s[scores={skill1=3}] skill1 4","/scoreboard players set @s[scores={skill1=2}] skill1 3","/scoreboard players set @s[scores={skill1=..1}] skill1 2","/scoreboard players set @s[scores={skill1=6}] skill1 1"]}}},"controller.animation.shooter_hand":{"states":{"default":{"transitions":[{"kuja1":"query.equipped_item_any_tag('slot.armor.legs','shooter_kuja') && query.get_equipped_item_name=='bow_kuja'"},{"ussop1":"query.equipped_item_any_tag('slot.armor.legs','shooter_ussop') && query.get_equipped_item_name=='ginga_pachinko'"}],"on_entry":["/tag @s remove tell_shooter_kuja","/tag @s remove tell_shooter_ussop"]},"kuja1":{"transitions":[{"default":"!query.equipped_item_any_tag('slot.armor.legs','shooter_kuja') || query.get_equipped_item_name!='bow_kuja'"}],"on_entry":["/tag @s add tell_shooter_kuja"]},"ussop1":{"transitions":[{"default":"!query.equipped_item_any_tag('slot.armor.legs','shooter_ussop') || query.get_equipped_item_name!='ginga_pachinko'"}],"on_entry":["/tag @s add tell_shooter_ussop"]}}},"controller.animation.sword_using":{"states":{"default":{"transitions":[{"nitoryu3zoro":"query.mark_variant == 0 && query.scoreboard('cooldown_skill1') == 0 && query.scoreboard('skill1') >= 3 && query.equipped_item_any_tag('slot.armor.legs','sword_nitoryu_zoro') && query.equipped_item_any_tag('slot.weapon.mainhand','katana') && query.equipped_item_any_tag('slot.weapon.offhand','katana') && query.is_using_item && !query.is_sneaking"},{"santoryu1zoro":"query.mark_variant == 0 && query.scoreboard('cooldown_skill1') == 0 && query.scoreboard('skill1') <= 1 && query.equipped_item_any_tag('slot.armor.legs','sword_santoryu_zoro') && query.equipped_item_any_tag('slot.weapon.mainhand','katana') && query.equipped_item_any_tag('slot.weapon.offhand','katana') && query.equipped_item_any_tag('slot.armor.head','katana') && query.is_using_item && !query.is_sneaking"},{"santoryu5zoro":"query.mark_variant == 0 && query.scoreboard('cooldown_skill1') == 0 && query.scoreboard('skill1') >= 5 && query.equipped_item_any_tag('slot.armor.legs','sword_santoryu_zoro') && query.equipped_item_any_tag('slot.weapon.mainhand','katana') && query.equipped_item_any_tag('slot.weapon.offhand','katana') && query.equipped_item_any_tag('slot.armor.head','katana') && query.is_using_item && !query.is_sneaking"}],"on_entry":["/playanimation @s animation.empty wesl3y"]},"nitoryu3zoro":{"transitions":[{"nitoryu3zoro2":"query.equipped_item_any_tag('slot.weapon.mainhand','katana') && !query.is_using_item"},{"default":"!(query.scoreboard('skill1') >= 3) || !query.equipped_item_any_tag('slot.weapon.mainhand','katana') || !query.is_alive"}],"on_entry":["/playanimation @s animation.nitoryu.nigiri_using wesl3y","/execute @s[scores={style=..29}] ~~~ particle wesl3y:swordman1","/execute @s[scores={style=30.69}] ~~~ particle wesl3y:swordman2","/execute @s[scores={style=70..}] ~~~ particle wesl3y:swordman3"]},"nitoryu3zoro2":{"transitions":[{"default":"variable.time = (variable.time ?? 0);variable.time = variable.time < 7 ? variable.time + 1:0;return variable.time == 0;"}],"on_entry":["/playanimation @s animation.nitoryu.nigiri2 wesl3y","/particle wesl3y:nigiri ^1^^2.5","/particle wesl3y:nigiri ^-1^^2.5","/function style/nigiri"],"on_exit":["/function style/nigiri","/scoreboard players set @s cooldown_skill1 70"]},"santoryu1zoro":{"transitions":[{"santoryu1zoro2":"query.equipped_item_any_tag('slot.weapon.mainhand','katana') && !query.is_using_item"},{"default":"!(query.scoreboard('skill1') <= 1) || !query.equipped_item_any_tag('slot.weapon.mainhand','katana') || !query.is_alive"}],"on_entry":["/playanimation @s animation.santoryu.tora_gari_using wesl3y","/execute @s[scores={style=..29}] ~~~ particle wesl3y:swordman1","/execute @s[scores={style=30.69}] ~~~ particle wesl3y:swordman2","/execute @s[scores={style=70..}] ~~~ particle wesl3y:swordman3"],"on_exit":["/playanimation @s animation.empty wesl3y"]},"santoryu1zoro2":{"transitions":[{"default":"(1.0)"}],"on_entry":["/execute @s[scores={style=..14}] ~~~ function style/tora_gari","/execute @s[scores={style=15..}] ~~~ function style/ui_tora_gari"]},"santoryu5zoro":{"transitions":[{"santoryu5zoro2":"query.equipped_item_any_tag('slot.weapon.mainhand','katana') && !query.is_using_item"},{"default":"!(query.scoreboard('skill1') >= 5) || !query.equipped_item_any_tag('slot.weapon.mainhand','katana') || !query.is_alive"}],"on_entry":["/playanimation @s animation.santoryu.sanzen_sekai_using wesl3y","/execute @s[scores={style=..29}] ~~~ particle wesl3y:swordman1","/execute @s[scores={style=30.69}] ~~~ particle wesl3y:swordman2","/execute @s[scores={style=70..}] ~~~ particle wesl3y:swordman3"],"on_exit":["/playanimation @s animation.empty wesl3y"]},"santoryu5zoro2":{"transitions":[{"default":"(1.0)"}],"on_entry":["/function style/sanzen_sekai"]}}},"controller.animation.sword_change":{"states":{"default":{"transitions":[{"skill1":"query.equipped_item_any_tag('slot.armor.legs','sword_ittoryu_zoro') && query.equipped_item_any_tag('slot.weapon.mainhand','katana') && !query.equipped_item_any_tag('slot.weapon.offhand','katana') && !query.equipped_item_any_tag('slot.armor.head','katana') && query.is_sneaking && !(query.is_using_item || variable.attack_time)"},{"skill2":"query.equipped_item_any_tag('slot.armor.legs','sword_nitoryu_zoro') && query.equipped_item_any_tag('slot.weapon.mainhand','katana') && query.equipped_item_any_tag('slot.weapon.offhand','katana') && !query.equipped_item_any_tag('slot.armor.head','katana') && query.is_sneaking && !(query.is_using_item || variable.attack_time)"},{"skill3":"query.equipped_item_any_tag('slot.armor.legs','sword_santoryu_zoro') && query.equipped_item_any_tag('slot.weapon.mainhand','katana') && query.equipped_item_any_tag('slot.weapon.offhand','katana') && query.equipped_item_any_tag('slot.armor.head','katana') && query.is_sneaking && !(query.is_using_item || variable.attack_time)"}]},"skill1":{"transitions":[{"default":"!query.is_sneaking"}],"on_entry":["/scoreboard players set @s[scores={skill1=2..}] skill1 3","/scoreboard players set @s[scores={skill1=..1}] skill1 2","/scoreboard players set @s[scores={skill1=3}] skill1 1"]},"skill2":{"transitions":[{"default":"!query.is_sneaking"}],"on_entry":["/scoreboard players set @s[scores={skill1=3..}] skill1 4","/scoreboard players set @s[scores={skill1=2}] skill1 3","/scoreboard players set @s[scores={skill1=..1}] skill1 2","/scoreboard players set @s[scores={skill1=4}] skill1 1"]},"skill3":{"transitions":[{"default":"!query.is_sneaking"}],"on_entry":["/scoreboard players set @s[scores={skill1=5..}] skill1 6","/scoreboard players set @s[scores={skill1=4}] skill1 5","/scoreboard players set @s[scores={skill1=3}] skill1 4","/scoreboard players set @s[scores={skill1=2}] skill1 3","/scoreboard players set @s[scores={skill1=..1}] skill1 2","/scoreboard players set @s[scores={skill1=6}] skill1 1"]}}},"controller.animation.sword_hand":{"states":{"default":{"transitions":[{"sword1":"query.equipped_item_any_tag('slot.armor.legs','sword_ittoryu_zoro') && query.equipped_item_any_tag('slot.weapon.mainhand','katana') && !query.equipped_item_any_tag('slot.weapon.offhand','katana') && !query.equipped_item_any_tag('slot.armor.head','katana')"},{"sword2":"query.equipped_item_any_tag('slot.armor.legs','sword_nitoryu_zoro') && query.equipped_item_any_tag('slot.weapon.mainhand','katana') && query.equipped_item_any_tag('slot.weapon.offhand','katana') && !query.equipped_item_any_tag('slot.armor.head','katana')"},{"sword3":"query.equipped_item_any_tag('slot.armor.legs','sword_santoryu_zoro') && query.equipped_item_any_tag('slot.weapon.mainhand','katana') && query.equipped_item_any_tag('slot.weapon.offhand','katana') && query.equipped_item_any_tag('slot.armor.head','katana')"}],"on_entry":["/tag @s remove tell_sword_zoro","/tag @s remove tell_sword_zoro_2","/tag @s remove tell_sword_zoro_3"]},"sword1":{"transitions":[{"default":"!query.equipped_item_any_tag('slot.armor.legs','sword_ittoryu_zoro') || !query.equipped_item_any_tag('slot.weapon.mainhand','katana') || query.equipped_item_any_tag('slot.weapon.offhand','katana') || query.equipped_item_any_tag('slot.armor.head','katana')"}],"on_entry":["/tag @s add tell_sword_zoro"]},"sword2":{"transitions":[{"default":"!query.equipped_item_any_tag('slot.armor.legs','sword_nitoryu_zoro') || !query.equipped_item_any_tag('slot.weapon.mainhand','katana') || !query.equipped_item_any_tag('slot.weapon.offhand','katana') || query.equipped_item_any_tag('slot.armor.head','katana')"}],"on_entry":["/tag @s add tell_sword_zoro_2"]},"sword3":{"transitions":[{"default":"!query.equipped_item_any_tag('slot.armor.legs','sword_santoryu_zoro') || !query.equipped_item_any_tag('slot.weapon.mainhand','katana') || !query.equipped_item_any_tag('slot.weapon.offhand','katana') || !query.equipped_item_any_tag('slot.armor.head','katana')"}],"on_entry":["/tag @s add tell_sword_zoro_3"]}}}}}