{"format_version":"1.10.0","animation_controllers":{"controller.animation.kill":{"states":{"default":{"transitions":[{"walk":"!query.is_alive"}]},"walk":{"transitions":[{"default":"query.is_alive"}],"on_entry":["/function fruit/kill_fruit"]}}},"controller.animation.mode":{"states":{"default":{"animations":[{"add_mode":"!query.is_item_name_any('slot.armor.head','wesl3y:diable_jumbe') && !query.is_item_name_any('slot.armor.head','wesl3y:doru_skill2') && !query.is_item_name_any('slot.armor.head','wesl3y:gomu_second') && !query.is_item_name_any('slot.armor.head','wesl3y:mogu_mole') && !query.is_item_name_any('slot.armor.head','wesl3y:mogu_mole2') && !query.is_item_name_any('slot.armor.head','wesl3y:tori_phoenix') && !query.is_item_name_any('slot.armor.head','wesl3y:tori_phoenix2') && !query.is_item_name_any('slot.armor.head','wesl3y:uo_dragon') && !query.is_item_name_any('slot.armor.head','wesl3y:uo_dragon2')"},{"remove_mode":"query.is_item_name_any('slot.armor.head','wesl3y:diable_jumbe') || query.is_item_name_any('slot.armor.head','wesl3y:doru_skill2') || query.is_item_name_any('slot.armor.head','wesl3y:gomu_second') || query.is_item_name_any('slot.armor.head','wesl3y:mogu_mole') || query.is_item_name_any('slot.armor.head','wesl3y:mogu_mole2') || query.is_item_name_any('slot.armor.head','wesl3y:tori_phoenix') || query.is_item_name_any('slot.armor.head','wesl3y:tori_phoenix2') || query.is_item_name_any('slot.armor.head','wesl3y:uo_dragon') || query.is_item_name_any('slot.armor.head','wesl3y:uo_dragon2')"}]}}},"controller.animation.energy":{"states":{"default":{"transitions":[{"ganhar":"query.is_sleeping"},{"perder":"variable.attack_time || query.ground_speed > 3"}]},"ganhar":{"transitions":[{"ganhar2":"variable.cooltime = (variable.cooltime ?? 0);variable.cooltime = variable.cooltime < 20 ? variable.cooltime + 1:0;return variable.cooltime == 0;"}],"on_exit":["/effect @s regeneration 2 5 true"]},"ganhar2":{"transitions":[{"default":"!query.is_sleeping"}],"on_exit":["/scoreboard players add @s energy 5000","/scoreboard players add @s haki_time 5000","/scoreboard players add @s mode_time 5000","/effect @s saturation 5 10 true","/effect @s regeneration 2 3 true","/function tell/sleeping"]},"perder":{"transitions":[{"default":"variable.cooltime = (variable.cooltime ?? 0);variable.cooltime = variable.cooltime < 5 ? variable.cooltime + 1:0;return variable.cooltime == 0;"}],"on_entry":["/scoreboard players remove @s[scores={level=..25}] energy 5","/scoreboard players remove @s[scores={level=26..50}] energy 4","/scoreboard players remove @s[scores={level=51..75}] energy 3","/scoreboard players remove @s[scores={level=76..}] energy 1"]}}},"controller.animation.fly.player":{"\u0073\u0074\u0061\u0074\u0065\u0073":{"\u0064\u0065\u0066\u0061\u0075\u006c\u0074":{"\u0074\u0072\u0061\u006e\u0073\u0069\u0074\u0069\u006f\u006e\u0073":[{"\u0073\u0075\u006e\u0061":"\u0071\u0075\u0065\u0072\u0079\u002e\u0065\u0071\u0075\u0069\u0070\u0070\u0065\u0064\u005f\u0069\u0074\u0065\u006d\u005f\u0061\u006e\u0079\u005f\u0074\u0061\u0067\u0028\u0027\u0073\u006c\u006f\u0074\u002e\u0061\u0072\u006d\u006f\u0072\u002e\u0068\u0065\u0061\u0064\u0027\u002c\u0027\u0073\u0075\u006e\u0061\u0027\u0029\u0020\u0026\u0026\u0020\u0021\u0071\u0075\u0065\u0072\u0079\u002e\u0069\u0073\u005f\u006f\u006e\u005f\u0067\u0072\u006f\u0075\u006e\u0064\u0020\u0026\u0026\u0020\u0021\u0028\u0071\u0075\u0065\u0072\u0079\u002e\u0069\u0073\u005f\u0072\u0069\u0064\u0069\u006e\u0067\u0020\u007c\u007c\u0020\u0071\u0075\u0065\u0072\u0079\u002e\u0069\u0073\u005f\u0069\u006e\u005f\u0077\u0061\u0074\u0065\u0072\u0020\u007c\u007c\u0020\u0071\u0075\u0065\u0072\u0079\u002e\u0069\u0073\u005f\u0073\u006e\u0065\u0061\u006b\u0069\u006e\u0067\u0029"},{"\u0074\u006f\u0072\u0069\u005f\u0070\u0068\u006f\u0065\u006e\u0069\u0078":"\u0071\u0075\u0065\u0072\u0079\u002e\u0065\u0071\u0075\u0069\u0070\u0070\u0065\u0064\u005f\u0069\u0074\u0065\u006d\u005f\u0061\u006e\u0079\u005f\u0074\u0061\u0067\u0028\u0027\u0073\u006c\u006f\u0074\u002e\u0061\u0072\u006d\u006f\u0072\u002e\u0068\u0065\u0061\u0064\u0027\u002c\u0027\u0074\u006f\u0072\u0069\u005f\u0070\u0068\u006f\u0065\u006e\u0069\u0078\u0027\u0029\u0020\u0026\u0026\u0020\u0021\u0071\u0075\u0065\u0072\u0079\u002e\u0069\u0073\u005f\u006f\u006e\u005f\u0067\u0072\u006f\u0075\u006e\u0064\u0020\u0026\u0026\u0020\u0021\u0028\u0071\u0075\u0065\u0072\u0079\u002e\u0069\u0073\u005f\u0072\u0069\u0064\u0069\u006e\u0067\u0020\u007c\u007c\u0020\u0071\u0075\u0065\u0072\u0079\u002e\u0069\u0073\u005f\u0069\u006e\u005f\u0077\u0061\u0074\u0065\u0072\u0020\u007c\u007c\u0020\u0071\u0075\u0065\u0072\u0079\u002e\u0069\u0073\u005f\u0073\u006e\u0065\u0061\u006b\u0069\u006e\u0067\u0029"},{"\u0074\u006f\u0072\u0069\u005f\u0070\u0068\u006f\u0065\u006e\u0069\u0078\u0032":"\u0071\u0075\u0065\u0072\u0079\u002e\u0065\u0071\u0075\u0069\u0070\u0070\u0065\u0064\u005f\u0069\u0074\u0065\u006d\u005f\u0061\u006e\u0079\u005f\u0074\u0061\u0067\u0028\u0027\u0073\u006c\u006f\u0074\u002e\u0061\u0072\u006d\u006f\u0072\u002e\u0068\u0065\u0061\u0064\u0027\u002c\u0027\u0074\u006f\u0072\u0069\u005f\u0070\u0068\u006f\u0065\u006e\u0069\u0078\u0032\u0027\u0029\u0020\u0026\u0026\u0020\u0021\u0071\u0075\u0065\u0072\u0079\u002e\u0069\u0073\u005f\u006f\u006e\u005f\u0067\u0072\u006f\u0075\u006e\u0064\u0020\u0026\u0026\u0020\u0021\u0028\u0071\u0075\u0065\u0072\u0079\u002e\u0069\u0073\u005f\u0072\u0069\u0064\u0069\u006e\u0067\u0020\u007c\u007c\u0020\u0071\u0075\u0065\u0072\u0079\u002e\u0069\u0073\u005f\u0069\u006e\u005f\u0077\u0061\u0074\u0065\u0072\u0020\u007c\u007c\u0020\u0071\u0075\u0065\u0072\u0079\u002e\u0069\u0073\u005f\u0073\u006e\u0065\u0061\u006b\u0069\u006e\u0067\u0029"},{"\u0075\u006f\u005f\u0064\u0072\u0061\u0067\u006f\u006e":"\u0071\u0075\u0065\u0072\u0079\u002e\u0065\u0071\u0075\u0069\u0070\u0070\u0065\u0064\u005f\u0069\u0074\u0065\u006d\u005f\u0061\u006e\u0079\u005f\u0074\u0061\u0067\u0028\u0027\u0073\u006c\u006f\u0074\u002e\u0061\u0072\u006d\u006f\u0072\u002e\u0068\u0065\u0061\u0064\u0027\u002c\u0027\u0075\u006f\u005f\u0064\u0072\u0061\u0067\u006f\u006e\u0027\u0029\u0020\u0026\u0026\u0020\u0021\u0071\u0075\u0065\u0072\u0079\u002e\u0069\u0073\u005f\u006f\u006e\u005f\u0067\u0072\u006f\u0075\u006e\u0064\u0020\u0026\u0026\u0020\u0021\u0028\u0071\u0075\u0065\u0072\u0079\u002e\u0069\u0073\u005f\u0072\u0069\u0064\u0069\u006e\u0067\u0020\u007c\u007c\u0020\u0071\u0075\u0065\u0072\u0079\u002e\u0069\u0073\u005f\u0069\u006e\u005f\u0077\u0061\u0074\u0065\u0072\u0020\u007c\u007c\u0020\u0071\u0075\u0065\u0072\u0079\u002e\u0069\u0073\u005f\u0073\u006e\u0065\u0061\u006b\u0069\u006e\u0067\u0029"}]},"\u0073\u0075\u006e\u0061":{"\u0074\u0072\u0061\u006e\u0073\u0069\u0074\u0069\u006f\u006e\u0073":[{"\u0073\u0075\u006e\u0061\u0032":"\u0076\u0061\u0072\u0069\u0061\u0062\u006c\u0065\u002e\u0074\u0069\u006d\u0065\u0020\u003d\u0020\u0028\u0076\u0061\u0072\u0069\u0061\u0062\u006c\u0065\u002e\u0074\u0069\u006d\u0065\u0020\u003f\u003f\u0020\u0030\u0029\u003b\u0076\u0061\u0072\u0069\u0061\u0062\u006c\u0065\u002e\u0074\u0069\u006d\u0065\u0020\u003d\u0020\u0076\u0061\u0072\u0069\u0061\u0062\u006c\u0065\u002e\u0074\u0069\u006d\u0065\u0020\u003c\u0020\u0031\u0030\u0020\u003f\u0020\u0076\u0061\u0072\u0069\u0061\u0062\u006c\u0065\u002e\u0074\u0069\u006d\u0065\u0020\u002b\u0020\u0031\u003a\u0030\u003b\u0072\u0065\u0074\u0075\u0072\u006e\u0020\u0076\u0061\u0072\u0069\u0061\u0062\u006c\u0065\u002e\u0074\u0069\u006d\u0065\u0020\u003d\u003d\u0020\u0030\u003b"}],"\u006f\u006e\u005f\u0065\u006e\u0074\u0072\u0079":["\u002f\u0065\u0078\u0065\u0063\u0075\u0074\u0065\u0020\u0040\u0073\u005b\u0072\u0078\u006d\u003d\u002d\u0039\u0030\u002c\u0072\u0078\u003d\u002d\u0033\u0030\u005d\u0020\u007e\u007e\u007e\u0020\u0072\u0069\u0064\u0065\u0020\u0040\u0073\u0020\u0073\u0075\u006d\u006d\u006f\u006e\u005f\u0072\u0069\u0064\u0065\u0020\u0077\u0065\u0073\u006c\u0033\u0079\u003a\u0073\u0075\u006e\u0061\u005f\u0066\u006c\u0079"]},"\u0073\u0075\u006e\u0061\u0032":{"\u0074\u0072\u0061\u006e\u0073\u0069\u0074\u0069\u006f\u006e\u0073":[{"\u0073\u0075\u006e\u0061\u0033":"\u0021\u0071\u0075\u0065\u0072\u0079\u002e\u0065\u0071\u0075\u0069\u0070\u0070\u0065\u0064\u005f\u0069\u0074\u0065\u006d\u005f\u0061\u006e\u0079\u005f\u0074\u0061\u0067\u0028\u0027\u0073\u006c\u006f\u0074\u002e\u0061\u0072\u006d\u006f\u0072\u002e\u0068\u0065\u0061\u0064\u0027\u002c\u0027\u0073\u0075\u006e\u0061\u0027\u0029\u0020\u007c\u007c\u0020\u0021\u0071\u0075\u0065\u0072\u0079\u002e\u0069\u0073\u005f\u0072\u0069\u0064\u0069\u006e\u0067\u0020\u007c\u007c\u0020\u0071\u0075\u0065\u0072\u0079\u002e\u0069\u0073\u005f\u0069\u006e\u005f\u0077\u0061\u0074\u0065\u0072"}]},"\u0073\u0075\u006e\u0061\u0033":{"\u0074\u0072\u0061\u006e\u0073\u0069\u0074\u0069\u006f\u006e\u0073":[{"\u0064\u0065\u0066\u0061\u0075\u006c\u0074":"\u0028\u0031\u002e\u0030\u0029"}],"\u006f\u006e\u005f\u0065\u006e\u0074\u0072\u0079":["\u002f\u0065\u0076\u0065\u006e\u0074\u0020\u0065\u006e\u0074\u0069\u0074\u0079\u0020\u0040\u0065\u005b\u0074\u0079\u0070\u0065\u003d\u0077\u0065\u0073\u006c\u0033\u0079\u003a\u0073\u0075\u006e\u0061\u005f\u0066\u006c\u0079\u002c\u0072\u003d\u0033\u002c\u0063\u003d\u0032\u005d\u0020\u0077\u0065\u0073\u006c\u0033\u0079\u003a\u0064\u0065\u0073\u0070\u0061\u0077\u006e"]},"\u0074\u006f\u0072\u0069\u005f\u0070\u0068\u006f\u0065\u006e\u0069\u0078":{"\u0074\u0072\u0061\u006e\u0073\u0069\u0074\u0069\u006f\u006e\u0073":[{"\u0074\u006f\u0072\u0069\u005f\u0070\u0068\u006f\u0065\u006e\u0069\u0078\u005f\u0032":"\u0021\u0071\u0075\u0065\u0072\u0079\u002e\u0065\u0071\u0075\u0069\u0070\u0070\u0065\u0064\u005f\u0069\u0074\u0065\u006d\u005f\u0061\u006e\u0079\u005f\u0074\u0061\u0067\u0028\u0027\u0073\u006c\u006f\u0074\u002e\u0061\u0072\u006d\u006f\u0072\u002e\u0068\u0065\u0061\u0064\u0027\u002c\u0027\u0074\u006f\u0072\u0069\u005f\u0070\u0068\u006f\u0065\u006e\u0069\u0078\u0027\u0029\u0020\u007c\u007c\u0020\u0021\u0071\u0075\u0065\u0072\u0079\u002e\u0069\u0073\u005f\u0072\u0069\u0064\u0069\u006e\u0067\u0020\u007c\u007c\u0020\u0071\u0075\u0065\u0072\u0079\u002e\u0069\u0073\u005f\u0069\u006e\u005f\u0077\u0061\u0074\u0065\u0072"}],"\u006f\u006e\u005f\u0065\u006e\u0074\u0072\u0079":["\u002f\u0065\u0078\u0065\u0063\u0075\u0074\u0065\u0020\u0040\u0073\u005b\u0072\u0078\u006d\u003d\u002d\u0039\u0030\u002c\u0072\u0078\u003d\u002d\u0033\u0030\u005d\u0020\u007e\u007e\u007e\u0020\u0072\u0069\u0064\u0065\u0020\u0040\u0073\u0020\u0073\u0075\u006d\u006d\u006f\u006e\u005f\u0072\u0069\u0064\u0065\u0020\u0077\u0065\u0073\u006c\u0033\u0079\u003a\u0074\u006f\u0072\u0069\u005f\u0070\u0068\u006f\u0065\u006e\u0069\u0078\u005f\u0066\u006c\u0079"]},"\u0074\u006f\u0072\u0069\u005f\u0070\u0068\u006f\u0065\u006e\u0069\u0078\u005f\u0032":{"\u0074\u0072\u0061\u006e\u0073\u0069\u0074\u0069\u006f\u006e\u0073":[{"\u0064\u0065\u0066\u0061\u0075\u006c\u0074":"\u0028\u0031\u002e\u0030\u0029"}],"\u006f\u006e\u005f\u0065\u006e\u0074\u0072\u0079":["\u002f\u0065\u0076\u0065\u006e\u0074\u0020\u0065\u006e\u0074\u0069\u0074\u0079\u0020\u0040\u0065\u005b\u0074\u0079\u0070\u0065\u003d\u0077\u0065\u0073\u006c\u0033\u0079\u003a\u0074\u006f\u0072\u0069\u005f\u0070\u0068\u006f\u0065\u006e\u0069\u0078\u005f\u0066\u006c\u0079\u002c\u0072\u003d\u0033\u002c\u0063\u003d\u0032\u005d\u0020\u0077\u0065\u0073\u006c\u0033\u0079\u003a\u0064\u0065\u0073\u0070\u0061\u0077\u006e"]},"\u0074\u006f\u0072\u0069\u005f\u0070\u0068\u006f\u0065\u006e\u0069\u0078\u0032":{"\u0074\u0072\u0061\u006e\u0073\u0069\u0074\u0069\u006f\u006e\u0073":[{"\u0074\u006f\u0072\u0069\u005f\u0070\u0068\u006f\u0065\u006e\u0069\u0078\u0032\u005f\u0032":"\u0021\u0071\u0075\u0065\u0072\u0079\u002e\u0065\u0071\u0075\u0069\u0070\u0070\u0065\u0064\u005f\u0069\u0074\u0065\u006d\u005f\u0061\u006e\u0079\u005f\u0074\u0061\u0067\u0028\u0027\u0073\u006c\u006f\u0074\u002e\u0061\u0072\u006d\u006f\u0072\u002e\u0068\u0065\u0061\u0064\u0027\u002c\u0027\u0074\u006f\u0072\u0069\u005f\u0070\u0068\u006f\u0065\u006e\u0069\u0078\u0032\u0027\u0029\u0020\u007c\u007c\u0020\u0021\u0071\u0075\u0065\u0072\u0079\u002e\u0069\u0073\u005f\u0072\u0069\u0064\u0069\u006e\u0067\u0020\u007c\u007c\u0020\u0071\u0075\u0065\u0072\u0079\u002e\u0069\u0073\u005f\u0069\u006e\u005f\u0077\u0061\u0074\u0065\u0072"}],"\u006f\u006e\u005f\u0065\u006e\u0074\u0072\u0079":["\u002f\u0065\u0078\u0065\u0063\u0075\u0074\u0065\u0020\u0040\u0073\u005b\u0072\u0078\u006d\u003d\u002d\u0039\u0030\u002c\u0072\u0078\u003d\u002d\u0033\u0030\u005d\u0020\u007e\u007e\u007e\u0020\u0072\u0069\u0064\u0065\u0020\u0040\u0073\u0020\u0073\u0075\u006d\u006d\u006f\u006e\u005f\u0072\u0069\u0064\u0065\u0020\u0077\u0065\u0073\u006c\u0033\u0079\u003a\u0074\u006f\u0072\u0069\u005f\u0070\u0068\u006f\u0065\u006e\u0069\u0078\u005f\u0066\u006c\u0079"]},"\u0074\u006f\u0072\u0069\u005f\u0070\u0068\u006f\u0065\u006e\u0069\u0078\u0032\u005f\u0032":{"\u0074\u0072\u0061\u006e\u0073\u0069\u0074\u0069\u006f\u006e\u0073":[{"\u0064\u0065\u0066\u0061\u0075\u006c\u0074":"\u0028\u0031\u002e\u0030\u0029"}],"\u006f\u006e\u005f\u0065\u006e\u0074\u0072\u0079":["\u002f\u0065\u0076\u0065\u006e\u0074\u0020\u0065\u006e\u0074\u0069\u0074\u0079\u0020\u0040\u0065\u005b\u0074\u0079\u0070\u0065\u003d\u0077\u0065\u0073\u006c\u0033\u0079\u003a\u0074\u006f\u0072\u0069\u005f\u0070\u0068\u006f\u0065\u006e\u0069\u0078\u005f\u0066\u006c\u0079\u002c\u0072\u003d\u0033\u002c\u0063\u003d\u0032\u005d\u0020\u0077\u0065\u0073\u006c\u0033\u0079\u003a\u0064\u0065\u0073\u0070\u0061\u0077\u006e"]},"\u0075\u006f\u005f\u0064\u0072\u0061\u0067\u006f\u006e":{"\u0074\u0072\u0061\u006e\u0073\u0069\u0074\u0069\u006f\u006e\u0073":[{"\u0075\u006f\u005f\u0064\u0072\u0061\u0067\u006f\u006e\u0032":"\u0076\u0061\u0072\u0069\u0061\u0062\u006c\u0065\u002e\u0074\u0069\u006d\u0065\u0020\u003d\u0020\u0028\u0076\u0061\u0072\u0069\u0061\u0062\u006c\u0065\u002e\u0074\u0069\u006d\u0065\u0020\u003f\u003f\u0020\u0030\u0029\u003b\u0076\u0061\u0072\u0069\u0061\u0062\u006c\u0065\u002e\u0074\u0069\u006d\u0065\u0020\u003d\u0020\u0076\u0061\u0072\u0069\u0061\u0062\u006c\u0065\u002e\u0074\u0069\u006d\u0065\u0020\u003c\u0020\u0031\u0030\u0020\u003f\u0020\u0076\u0061\u0072\u0069\u0061\u0062\u006c\u0065\u002e\u0074\u0069\u006d\u0065\u0020\u002b\u0020\u0031\u003a\u0030\u003b\u0072\u0065\u0074\u0075\u0072\u006e\u0020\u0076\u0061\u0072\u0069\u0061\u0062\u006c\u0065\u002e\u0074\u0069\u006d\u0065\u0020\u003d\u003d\u0020\u0030\u003b"}],"\u006f\u006e\u005f\u0065\u006e\u0074\u0072\u0079":["\u002f\u0065\u0078\u0065\u0063\u0075\u0074\u0065\u0020\u0040\u0073\u005b\u0072\u0078\u006d\u003d\u002d\u0039\u0030\u002c\u0072\u0078\u003d\u002d\u0033\u0030\u005d\u0020\u007e\u007e\u007e\u0020\u0072\u0069\u0064\u0065\u0020\u0040\u0073\u0020\u0073\u0075\u006d\u006d\u006f\u006e\u005f\u0072\u0069\u0064\u0065\u0020\u0077\u0065\u0073\u006c\u0033\u0079\u003a\u0075\u006f\u005f\u0064\u0072\u0061\u0067\u006f\u006e\u005f\u0066\u006c\u0079"]},"\u0075\u006f\u005f\u0064\u0072\u0061\u0067\u006f\u006e\u0032":{"\u0074\u0072\u0061\u006e\u0073\u0069\u0074\u0069\u006f\u006e\u0073":[{"\u0075\u006f\u005f\u0064\u0072\u0061\u0067\u006f\u006e\u0033":"\u0021\u0071\u0075\u0065\u0072\u0079\u002e\u0065\u0071\u0075\u0069\u0070\u0070\u0065\u0064\u005f\u0069\u0074\u0065\u006d\u005f\u0061\u006e\u0079\u005f\u0074\u0061\u0067\u0028\u0027\u0073\u006c\u006f\u0074\u002e\u0061\u0072\u006d\u006f\u0072\u002e\u0068\u0065\u0061\u0064\u0027\u002c\u0027\u0075\u006f\u005f\u0064\u0072\u0061\u0067\u006f\u006e\u0027\u0029\u0020\u007c\u007c\u0020\u0021\u0071\u0075\u0065\u0072\u0079\u002e\u0069\u0073\u005f\u0072\u0069\u0064\u0069\u006e\u0067\u0020\u007c\u007c\u0020\u0071\u0075\u0065\u0072\u0079\u002e\u0069\u0073\u005f\u0069\u006e\u005f\u0077\u0061\u0074\u0065\u0072"}]},"\u0075\u006f\u005f\u0064\u0072\u0061\u0067\u006f\u006e\u0033":{"\u0074\u0072\u0061\u006e\u0073\u0069\u0074\u0069\u006f\u006e\u0073":[{"\u0064\u0065\u0066\u0061\u0075\u006c\u0074":"\u0028\u0031\u002e\u0030\u0029"}],"\u006f\u006e\u005f\u0065\u006e\u0074\u0072\u0079":["\u002f\u0065\u0076\u0065\u006e\u0074\u0020\u0065\u006e\u0074\u0069\u0074\u0079\u0020\u0040\u0065\u005b\u0074\u0079\u0070\u0065\u003d\u0077\u0065\u0073\u006c\u0033\u0079\u003a\u0075\u006f\u005f\u0064\u0072\u0061\u0067\u006f\u006e\u005f\u0066\u006c\u0079\u002c\u0072\u003d\u0033\u002c\u0063\u003d\u0032\u005d\u0020\u0077\u0065\u0073\u006c\u0033\u0079\u003a\u0064\u0065\u0073\u0070\u0061\u0077\u006e"]}}}}}