{
	"entity_sounds": {
		"entities": {
			"random:bacteria": {
				"volume": 1,
				"pitch": [0.9, 1],
				"events": {
					"step": {
						"sound": "mob.irongolem.walk",
						"volume": 0.18,
						"pitch": 1.1
					},
					"ambient": {
						"sound": "bacteria.ambient"
					}
				}
			},
			"iron_golem": {
				"events": {
					"ambient": "mob.irongolem.say",
					"death": "mob.irongolem.death",
					"hurt": "mob.irongolem.hit",
					"irongolem.crack": "mob.irongolem.crack",
					"irongolem.repair": "mob.irongolem.repair",
					"step": {
						"pitch": 1,
						"sound": "mob.irongolem.walk",
						"volume": 1
					},
					"throw": {
						"pitch": 1,
						"sound": "mob.irongolem.throw",
						"volume": 1
					}
				},
				"pitch": [0.8, 1],
				"volume": 1
			}
		}
	}
}