{
	"format_version": "1.8.0",
	"animations": {
		"animation.partygoer.idle": {
			"loop": true,
			"animation_length": 2.08,
			"bones": {
				"body": {
					"rotation": {
						"0.0": [7.5, 0, 0],
						"1.04": [0, 0, 0],
						"2.08": [7.5, 0, 0]
					}
				},
				"head": {
					"rotation": {
						"0.0": [10, 0, 0],
						"1.04": [2.5, 0, 0],
						"2.08": [10, 0, 0]
					}
				},
				"leftArm": {
					"rotation": {
						"0.0": [0, 0, 0],
						"1.04": [0.22348, -6.3202, -4.04618],
						"2.08": [0, 0, 0]
					}
				},
				"Balloon": {
					"rotation": {
						"0.0": [-10, 0, 0],
						"1.04": [0, 0, 0],
						"2.08": [-10, 0, 0]
					}
				},
				"rightArm": {
					"rotation": {
						"0.0": [0, 0, 0],
						"1.04": [0, 0, 5],
						"2.08": [0, 0, 0]
					}
				}
			}
		},
		"animation.partygoer.walk": {
			"loop": true,
			"animation_length": 0.96,
			"bones": {
				"Main": {
					"position": {
						"0.0": [0, -2, 0],
						"0.24": [0, 0, 0],
						"0.48": [0, -2, 0],
						"0.72": [0, 0, 0],
						"0.96": [0, -2, 0]
					}
				},
				"body": {
					"rotation": {
						"0.0": [7.43656, 0.9762, -7.43656],
						"0.24": [0, 0, 0],
						"0.48": [7.38733, -1.29876, 9.91615],
						"0.72": [0, 0, 0],
						"0.96": [7.43656, 0.9762, -7.43656]
					}
				},
				"head": {
					"rotation": {
						"0.0": [7.5, 0, 0],
						"0.24": [-2.5, 0, 0],
						"0.48": [7.5, 0, 0],
						"0.72": [-2.5, 0, 0],
						"0.96": [7.5, 0, 0]
					}
				},
				"leftArm": {
					"rotation": {
						"0.0": [56.22088, -75.34612, -56.82998],
						"0.44": [86.22088, -75.34612, -56.82998],
						"0.96": [56.22088, -75.34612, -56.82998]
					}
				},
				"bottom3": {
					"rotation": [-22.5, 0, 0]
				},
				"rightArm": {
					"rotation": {
						"0.0": [-207.5, 85, -180],
						"0.48": [-232.5, 85, -180],
						"0.96": [-207.5, 85, -180]
					}
				},
				"bottom4": {
					"rotation": {
						"0.0": [-40, 0, 0],
						"0.96": [-40, 0, 0]
					}
				},
				"leftLeg": {
					"rotation": {
						"0.0": [-37.5, 0, 0],
						"0.24": [-15, 0, 0],
						"0.48": [15, 0, 0],
						"0.72": [-5, 0, 0],
						"0.96": [-37.5, 0, 0]
					}
				},
				"bottom": {
					"rotation": {
						"0.0": [2.5, 0, 0],
						"0.24": [20, 0, 0],
						"0.48": [25, 0, 0],
						"0.72": [15, 0, 0],
						"0.96": [2.5, 0, 0]
					}
				},
				"rightLeg": {
					"rotation": {
						"0.0": [12.5, 0, 0],
						"0.24": [2.5, 0, 0],
						"0.48": [-35, 0, 0],
						"0.72": [-15, 0, 0],
						"0.96": [12.5, 0, 0]
					}
				},
				"bottom2": {
					"rotation": {
						"0.0": [27.5, 0, 0],
						"0.24": [7.5, 0, 0],
						"0.48": [2.5, 0, 0],
						"0.72": [15, 0, 0],
						"0.96": [27.5, 0, 0]
					}
				}
			}
		}
	}
}