{
  "format_version":"1.16.100",
  "animation_controllers":{
    "controller.animation.luffy":{
      "states":{
        "default":{
          "transitions":[
            {"k":"query.variant == 27000 || query.variant == 270"},
            {"luffy0":"query.has_target"}
          ],
          "on_exit":[
            "/execute @e[r=1,type=onepiece_addon:luffy,tag=!zoro] ~~~ summon onepiece_addon:zoro ~~~ true"
          ]
        },
        "luffy0":{
          "transitions":[
            {"k":"query.variant == 27000 || query.variant == 270"},
            {"luffy1":"variable.time = (variable.time ?? 0);variable.time = variable.time < 60 ? variable.time + 1:0;return variable.time == 0;"}
          ],
          "on_entry":[
            "/effect @s slowness 100000 10 true",
            "/effect @s mining_fatigue 100000 10 true"
          ]
        },
        "luffy1":{
          "transitions":[
            {"luffy2":"(1.0)"}
          ],
          "on_entry":[        
            "/particle minecraft:huge_explosion_emitter ~~~",
            "/particle minecraft:huge_explosion_emitter ~~1~"
          ]
        },
        "luffy2":{
          "transitions":[
            {"luffy1":"(1.0)"}
          ]
        },
        "k":{}
      }
    }
  }
}