{
  "format_version":"1.16.100",
  "animation_controllers":{
    "controller.animation.luffy_weakness":{
      "states":{
        "default":{
          "transitions":[
            {"1":"query.has_target"}
          ]
        },
        "1":{
          "transitions":[
            {"2":"(1.0)"}
          ],
          "on_entry":[
            "/execute @e[r=1,type=onepiece_addon:luffy_weakness,tag=!sanji] ~~~ summon onepiece_addon:sanji ~~~ true"
          ]
        },
        "2":{
          "on_entry":[
            "/tag @e[r=64,type=onepiece_addon:sanji] add luffy"
          ]
        }
      }
    }
  }
}