{
    "format_version": "1.8.0",
    "minecraft:spawn_rules": {
      "description": {
        "identifier": "random:evil_minion",
        "population_control": "animal"
      },
      "conditions": [
        {
          "minecraft:spawns_on_surface": {},
          "minecraft:brightness_filter": {
            "min": 12,
            "max": 17,
            "adjust_for_weather": true
          },
          "minecraft:weight": {
            "default": 7
          },
          "minecraft:herd": {
            "min_size":2,
            "max_size":3
          }
        }
      ]
    }
  }