{
  "format_version": "1.13.0",
  "minecraft:entity": {    
    "description": {
      "identifier": "onepiece_addon:delphinium_e",
      "is_spawnable": false,
      "is_summonable": true,
      "is_experimental": false
    },
    "component_groups": {
    },
    "components": {
      "minecraft:type_family": {
        "family": [ "player","hanahana" ]
      },
      "minecraft:behavior.knockback_roar": {
        "duration": 999,
        "attack_time": 0.1,
        "knockback_damage": 0,
        "knockback_strength": 0.3,
        "knockback_range": 1,
        "knockback_filters": {
          "all_of":[
            {
              "test": "has_tag",
              "subject": "other",
              "operator": "!=",
              "value": "hanahana"
            }
          ]
        },
        "damage_filters": {
          "all_of":[
            {
              "test": "has_tag",
              "subject": "other",
              "operator": "!=",
              "value": "hanahana"
            }
          ]
        }
      },
      "minecraft:transformation": {
        "into": "onepiece_addon:despawn",
        "delay": 0.5
      },
      "minecraft:physics": {
      },
      "minecraft:pushable": {
        "is_pushable": false,
        "is_pushable_by_piston": false
      },
      "minecraft:collision_box": {
        "width": 0.3,
        "height": 0.1
      },
      "minecraft:health": {
        "value": 500,
        "max": 500
      },
      "minecraft:damage_sensor": {
        "triggers":[
          {
            "on_damage": {
              "event": "onepiece_addon:has_damage"
            }
          }
        ]
      }
    },
    "events": {
      "onepiece_addon:has_damage":{
        "run_command":{
          "command":"execute @p[tag=hanahana] ~~~ summon onepiece_addon:hana_damage_back"
        }
      }
    }
  }
}