{
  "format_version": "1.16.100",
  "minecraft:entity": {    
    "description": {
      "identifier": "onepiece_addon:gigantescomano_e",
      "is_spawnable": false,
      "is_summonable": true,
      "is_experimental": false
    },
    "component_groups": {
      "onepiece_addon:despawn":{
        "minecraft:transformation":{
          "into": "onepiece_addon:despawn"
        }
      }
    },
    "components": {
      "minecraft:timer": {
        "looping": false,
        "randomInterval": false,
        "time": 0.1,
        "time_down_event": {
         "event": "onepiece_addon:look",
         "target": "self"
        }
      },
      "minecraft:type_family": {
        "family": ["player","hanahana","devil","gigantescomano"]
      },
      "minecraft:scale":{
        "value":7
      },
      "minecraft:health": {
        "value": 500,
        "max": 500
      },
      "minecraft:environment_sensor": {
        "triggers": [
          {
            "filters": {
              "all_of": [
                {
                  "test":"has_tag",
                  "operator":"==",
                  "subject":"self",
                  "value":"despawn"
                }
              ]
            },
            "event": "onepiece_addon:be_despawn"
          }
        ]
      },
      "minecraft:damage_sensor": {
        "triggers":[
          {
            "on_damage": {
              "event": "onepiece_addon:has_damage"
            }
          }
        ]
      },
      "minecraft:physics": {
      },
      "minecraft:pushable": {
        "is_pushable": false,
        "is_pushable_by_piston": false
      },
      "minecraft:collision_box": {
        "width": 0.9,
        "height": 3.0
      }
    },
    "events": {
      "onepiece_addon:be_despawn":{
        "add":{
          "component_groups":[
            "onepiece_addon:despawn"
          ]
        }
      },
      "onepiece_addon:has_damage":{
        "run_command":{
          "command":"execute @p[tag=hanahana] ~~~ summon onepiece_addon:hana_damage_back"
        }
      },
      "onepiece_addon:look":{
        "run_command":{
          "command":"tp @s ~~~ facing @p[tag=hanahana]"
        }
      }
    }
  }
}