{
  "format_version": "1.16.100",
  "minecraft:entity": {    
    "description": {
      "identifier": "onepiece_addon:spidernet_e",
      "is_spawnable": false,
      "is_summonable": true,
      "is_experimental": false,
      "runtime_identifier": "minecraft:snowball",
      "scripts":{
        "animate":["a"]
      },
      "animations":{
        "a":"controller.animation.spidernet_e"
      }
    },
    "component_groups": {
      "onepiece_addon:despawn":{
        "minecraft:transformation":{
          "into": "onepiece_addon:despawn"
        }
      }
    },
    "components": {
      "minecraft:type_family": {
        "family": ["player","hanahana","devil"]
      },
      "minecraft:scale":{
        "value":5
      },
      "minecraft:health": {
        "value": 500,
        "max": 500
      },
      "minecraft:environment_sensor": {
        "triggers": [
          {
            "filters": {
              "all_of": [
                {
                  "test":"has_tag",
                  "operator":"==",
                  "subject":"self",
                  "value":"despawn"
                }
              ]
            },
            "event": "onepiece_addon:be_despawn"
          }
        ]
      },
      "minecraft:damage_sensor": {
        "triggers":[
          {
            "on_damage": {
              "event": "onepiece_addon:has_damage"
            }
          }
        ]
      },
      "minecraft:physics": {
      },
      "minecraft:pushable": {
        "is_pushable": false,
        "is_pushable_by_piston": false
      },
      "minecraft:collision_box": {
        "width": 1.0,
        "height": 0.1
      }
    },
    "events": {
      "onepiece_addon:be_despawn":{
        "add":{
          "component_groups":[
            "onepiece_addon:despawn"
          ]
        }
      },
      "onepiece_addon:has_damage":{
        "run_command":{
          "command":"execute @p[tag=hanahana] ~~~ summon onepiece_addon:hana_damage_back"
        }
      }
    }
  }
}