{
  "format_version": "1.16.0",
  "minecraft:entity": {
    "description": {
      "identifier": "onepiece_addon:treeman_neo",
      "is_spawnable": true,
      "is_summonable": true,
      "is_experimental": false
    },
    "component_groups":{
      "onepiece_addon:treeman_neo_tame":{
        "minecraft:attack":{
          "damage":5
        },
        "minecraft:behavior.stay_while_sitting": {
          "priority": 1
        },
        "minecraft:navigation.walk": {
          "is_amphibious": true,
          "can_pass_doors":false,
          "can_break_doors":false,
          "can_walk":true,
          "can_open_doors": false,
          "can_path_over_water": true,
          "avoid_water": true
        },
        "minecraft:behavior.melee_attack": {
          "priority": 4,
          "track_target": true,
          "speed_multiplier": 1.25
        },
        "minecraft:is_tamed": {},
        "minecraft:behavior.owner_hurt_by_target": {
          "priority": 1
        },
        "minecraft:behavior.owner_hurt_target": {
          "priority": 2
        },
        "minecraft:behavior.follow_owner": {
          "priority": 2,
          "speed_multiplier": 1.0,
          "start_distance": 16,
          "stop_distance": 2
        },
        "minecraft:sittable": {}
      }
    },
    
    "components": {
      "minecraft:is_baby":{},
      "minecraft:tameable": {
        "probability": 1,
        "tame_items": "onepiece_addon:soul",
        "tame_event": {
          "event": "onepiece_addon:on_tame",
          "target": "self"
        }
      },
      "minecraft:scale":{
        "value":1
      },
      "minecraft:movement": {
        "value": 0.2
      },
      "minecraft:health": {
        "value": 50,
        "max": 50
      },
      "minecraft:attack":{
        "damage":5
      },
      "minecraft:loot": {
        "table": "loot_tables/entities/treeman.json"
      },
      "minecraft:nameable": {
      },
      "minecraft:type_family": {
        "family": ["player","kaizoku","sorusoru1"]
      },
      "minecraft:collision_box": {
        "width": 3,
        "height": 8
      },
      "minecraft:movement.basic": {
      },
      "minecraft:jump.static": {},
      "minecraft:can_climb": {
      },
      "minecraft:hurt_on_condition": {
        "damage_conditions": [
          {
            "filters": {
              "test": "in_lava",
              "subject": "self",
              "operator": "==",
              "value": true
            },
            "cause": "lava",
            "damage_per_tick": 4
          },
          {
            "filters": { "test": "in_water", "operator": "==", "value": true },
            "cause": "drowning",
            "damage_per_tick": 1
          }
        ]
      },
      "minecraft:breathable": {
        "total_supply": 15,
        "suffocate_time": 0
      },
      "minecraft:despawn": {
        "despawn_from_distance": {}
      },
      "minecraft:behavior.look_at_player": {
        "priority": 9,
        "look_distance": 10,
        "probability": 0.02
      },
      "minecraft:behavior.random_look_around":{
        "priority":7,
        "speed_multiplier":1
      },
      "minecraft:behavior.hurt_by_target": {
        "priority": 1
      },
      "minecraft:physics": {
      },
      "minecraft:pushable": {
        "is_pushable": true,
        "is_pushable_by_piston": true
      },
      "minecraft:conditional_bandwidth_optimization": {
      },
      "minecraft:behavior.float": {
        "priority": 0
      }
    },
    "events":{
      "onepiece_addon:on_tame":{
        "add": {
          "component_groups": [
            "onepiece_addon:treeman_neo_tame"
          ]
        }
      }
    }
}}
