{
  "format_version": "1.16.0",
  "minecraft:entity": {
    "description": {
      "identifier": "wesl3y:smoker",
      "is_spawnable": true,
      "is_summonable": true,
      "is_experimental": false,
      "scripts": {
        "animate": [
          "regen",
          "pvp"
        ]
      },
      "animations": {
        "regen": "animation.regen",
        "pvp": "controller.animation.pvp_mob"
      }
    },
    "component_groups": {
      "wesl3y:ground": {
        "minecraft:environment_sensor": {
          "triggers": {
            "filters": {
              "all_of": [
                {
                  "test": "has_equipment",
                  "subject": "self",
                  "domain": "hand",
                  "operator": "not",
                  "value": "wesl3y:handcuffs_kairoseki"
                },
                {
                  "test": "in_water",
                  "value": false
                },
                {
                  "test": "on_ground",
                  "subject": "target",
                  "operator": "equals",
                  "value": false
                },
                {
                  "test" : "distance_to_nearest_player",
                  "operator": ">",
                  "value" : 5
                }
              ]
            },
            "event": "wesl3y:to_fly"
          }
        },
        "minecraft:movement": {
          "value": 0.25
        },
        "minecraft:flying_speed": {
          "value": 0.025
        },
        "minecraft:navigation.walk": {
          "is_amphibious": true,
          "can_break_doors": true
        },
        "minecraft:physics": {},
        "minecraft:movement.basic": {}
      },
      "wesl3y:fly": {
        "minecraft:is_chested": {},
        "minecraft:environment_sensor": {
          "triggers": {
            "filters": {
              "any_of": [
                {
                  "test": "has_equipment",
                  "subject": "self",
                  "domain": "hand",
                  "value": "wesl3y:handcuffs_kairoseki"
                },
                {
                  "all_of": [
                    {
                      "test": "on_ground",
                      "subject": "target"
                    },
                    {
                      "test" : "distance_to_nearest_player",
                      "operator": "<",
                      "value" : 2
                    }
                  ]
                },
                {
                  "all_of": [
                    {
                      "test": "on_ground",
                      "subject": "target"
                    },
                    {
                      "test" : "distance_to_nearest_player",
                      "operator": ">",
                      "value" : 2
                    }
                  ]
                },
                {
                  "all_of": [
                    {
                      "test": "has_target",
                      "value": false
                    }
                  ]
                },
                {
                  "all_of": [
                    {
                      "test": "in_water",
                      "value": true
                    }
                  ]
                }
              ]
            },
            "event": "wesl3y:to_walk"
          }
        },
        "minecraft:flying_speed": {
          "value": 0.52
        },
        "minecraft:navigation.hover": {
          "avoid_damage_blocks": true,
          "can_path_from_air": true,
          "can_path_over_water": true,
          "can_sink": false
        },
        "minecraft:physics": {
          "has_gravity": false
        },
        "minecraft:can_fly": {},
        "minecraft:movement.hover": {}
      },
      "wesl3y:melee": {
        "minecraft:behavior.melee_attack": {
          "priority": 2,
          "speed_multiplier": 2.0,
          "track_target": true
        },
        "minecraft:behavior.delayed_attack": {
          "priority": 0,
          "attack_once": false,
          "track_target": true,
          "require_complete_path": false,
          "random_stop_interval": 0,
          "reach_multiplier": 1.5,
          "speed_multiplier": 1.8,
          "attack_duration": 0.19,
          "hit_delay_pct": 0.1
        }
      },
      "wesl3y:ranged": {
        "minecraft:is_saddled": {},
        "minecraft:shooter": {
          "def": "wesl3y:attack_smoker"
        },
        "minecraft:behavior.ranged_attack": {
          "priority": 0,
          "attack_interval_min": 1,
          "attack_interval_max": 4,
          "attack_radius": 15
        }
      },
      "wesl3y:shooter": {
        "minecraft:spawn_entity": {
          "entities": {
            "min_wait_time": 0,
            "max_wait_time": 0,
            "spawn_entity": "wesl3y:attack_smoker",
            "single_use": true,
            "num_to_spawn": 1
          }
        }
      },
      "wesl3y:despawn": {
        "minecraft:instant_despawn": {}
      }
    },
    "components": {
      "minecraft:experience_reward": {
        "on_death": "query.last_hit_by_player ? 12 : 11"
      },
      "minecraft:type_family": {
        "family": [
          "marine",
          "smoker",
          "boss",
          "moku_fruit",
          "fruit"
        ]
      },
      "minecraft:breathable": {
        "total_supply": 15,
        "suffocate_time": 0
      },
      "minecraft:collision_box": {
        "width": 0.6,
        "height": 1.8
      },
      "minecraft:health": {
        "value": 700,
        "max": 700
      },
      "minecraft:attack": {
        "damage": [11, 15]
      },
      "minecraft:scale": {
        "value": 1.1
      },
      "minecraft:equipment": {
        "table": "loot_tables/hand/smoker.json"
      },
      "minecraft:loot": {
        "table": "loot_tables/entities/smoker.json"
      },
      "minecraft:knockback_resistance": {
        "value": 0.3
      },
      "minecraft:follow_range": {
        "value": 64,
        "max": 64
      },
      "minecraft:behavior.float": {
        "priority": 0
      },
      "minecraft:rideable": {
        "seat_count": 1,
        "family_types": [
          "hana"
        ],
        "seats": [
          {
            "position": [ 0.0, 0.25, 0.0 ],
            "lock_rider_rotation": 0
          }
        ]
      },
      "minecraft:behavior.nearest_attackable_target": {
        "priority": 2,
        "must_see": true,
        "reselect_targets": true,
        "entity_types": [
          {
            "filters": {
              "all_of": [
                {
                  "test": "is_family",
                  "subject": "other",
                  "value": "player"
                },
                {
                  "test": "has_tag",
                  "subject": "other",
                  "operator": "!=",
                  "value": "shichibukai"
                },
                {
                  "test": "has_tag",
                  "subject": "other",
                  "operator": "!=",
                  "value": "yonkou"
                },
                {
                  "any_of": [
                    {
                      "test": "has_tag",
                      "subject": "other",
                      "value": "pirate3"
                    },
                    {
                      "test": "has_tag",
                      "subject": "other",
                      "value": "pirate4"
                    },
                    {
                      "test": "has_tag",
                      "subject": "other",
                      "value": "pirate5"
                    }
                  ]
                }
              ]
            },
            "max_dist": 64
          },
          {
            "filters": {
              "all_of": [
                {
                  "test": "is_family",
                  "subject": "other",
                  "value": "pirate"
                },
                {
                  "test": "is_family",
                  "subject": "other",
                  "value": "boss"
                },
                {
                  "test": "is_family",
                  "subject": "other",
                  "operator": "!=",
                  "value": "shichibukai"
                },
                {
                  "test": "is_family",
                  "subject": "other",
                  "operator": "!=",
                  "value": "yonkou"
                }
              ]
            },
            "max_dist": 32
          }
        ]
      },
      "minecraft:behavior.hurt_by_target": {
        "priority": 1
      },
      "minecraft:behavior.random_stroll": {
        "priority": 7,
        "speed_multiplier": 1
      },
      "minecraft:behavior.look_at_player": {
        "priority": 8,
        "look_distance": 6,
        "probability": 0.02
      },
      "minecraft:behavior.random_look_around": {
        "priority": 9
      },
      "minecraft:target_nearby_sensor": {
        "inside_range": 4,
        "outside_range": 5,
        "on_inside_range": {
          "event": "wesl3y:melee",
          "target": "self"
        },
        "on_outside_range": {
          "event": "wesl3y:ranged",
          "target": "self"
        }
      },
      "minecraft:hurt_on_condition": {
        "damage_conditions": [
          {
            "filters": {
              "test": "in_lava",
              "subject": "self",
              "operator": "==",
              "value": true
            },
            "cause": "lava",
            "damage_per_tick": 4
          }
        ]
      },
      "minecraft:damage_sensor": {
        "triggers": [
          {
            "on_damage": {
              "filters": {
                "all_of": [
                  {
                    "test": "has_damage",
                    "value": "fatal"
                  },
                  {
                    "test": "is_family",
                    "subject": "other",
                    "value": "player"
                  }
                ]
              },
              "event": "wesl3y:kill",
              "target": "self"
            }
          },
          {
            "cause": "fall",
            "deals_damage": false
          },
          {
            "cause": "fire",
            "deals_damage": false
          },
          {
            "cause": "lava",
            "deals_damage": false
          },
          {
            "on_damage": {
              "filters": {
                "test":"has_tag",
                "value": "water"
              }
            },
            "damage_multiplier": 5
          },
          {
            "on_damage": {
              "filters": {
                "test":"is_family",
                "subject":"other",
                "operator": "==",
                "value": "kairoseki"
              }
            },
            "deals_damage": true
          },
          {
            "on_damage": {
              "filters": {
                "test":"is_family",
                "subject":"other",
                "operator": "==",
                "value": "haki_armament"
              }
            },
            "deals_damage": true
          },
          {
            "on_damage": {
              "filters": {
                "test":"has_tag",
                "subject":"other",
                "operator": "==",
                "value": "haki_armament"
              }
            },
            "deals_damage": true
          },
          {
            "on_damage": {
              "filters": {
                "test":"has_equipment",
                "subject":"self",
                "operator":"==",
                "value": "wesl3y:handcuffs_kairoseki"
              }
            },
            "deals_damage": true
          },
          {
            "on_damage": {
              "filters": {
                "test":"has_equipment",
                "subject":"self",
                "operator":"!=",
                "value": "wesl3y:handcuffs_kairoseki"
              },
              "event": "wesl3y:particle"
            },
            "deals_damage": false
          }
        ]
      },
      "minecraft:scheduler": {
        "min_delay_secs": 0,
        "max_delay_secs": 0,
        "scheduled_events": [
          {
            "filters": {
              "all_of":[
                { "test": "distance_to_nearest_player", "operator": ">", "value": 100 }
              ]
            },
            "event": "wesl3y:despawn"
          }
        ]
      },
      "minecraft:on_target_acquired": {},
      "minecraft:timer": {
        "time": [ 8, 16 ],
        "looping": true,
        "time_down_event": {
          "event": "wesl3y:random_event"
        }
      },
      "minecraft:despawn": {
        "despawn_from_distance": {}
      },
      "minecraft:nameable": {},
      "minecraft:jump.static": {},
      "minecraft:can_climb": {},
      "minecraft:conditional_bandwidth_optimization": {},
      "minecraft:pushable": {
        "is_pushable": true,
        "is_pushable_by_piston": true
      }
    },
    "events": {
      "wesl3y:kill": {
        "run_command": {
          "command": [
            "tag @s[tag=!smoker,tag=revolutionary] add smoker",
            "tag @s[tag=!smoker,tag=pirate] add smoker",
            "scoreboard players add @s[tag=hArmament] xp_hakiarm 13",
            "scoreboard players add @s[tag=hObservation] xp_hakiobs 13",
            "scoreboard players add @s xp_health 13",
            "scoreboard players add @s xp_strength 13",
            "scoreboard players add @s xp_speed 13",
            "scoreboard players add @s xp_jump 13"
          ],
          "target": "other"
        }
      },
      "wesl3y:particle": {
        "sequence": [
          {
            "randomize": [
              {
                "weight": 60,
                "run_command": {
                  "command": [
                    ""
                  ]
                }
              },
              {
                "weight": 50,
                "run_command": {
                  "command": [
                    "function fruit/logia"
                  ]
                }
              }
            ]
          }
        ]
      },
      "wesl3y:despawn": {
        "add": {
          "component_groups": [
            "wesl3y:despawn"
          ]
        }
      },
      "wesl3y:to_walk": {
        "remove": {
          "component_groups": [
            "wesl3y:fly"
          ]
        },
        "add": {
          "component_groups": [
            "wesl3y:ground"
          ]
        }
      },
      "wesl3y:to_fly": {
        "remove": {
          "component_groups": [
            "wesl3y:ground"
          ]
        },
        "add": {
          "component_groups": [
            "wesl3y:fly"
          ]
        }
      },
      "wesl3y:melee": {
        "sequence": [
          {
            "randomize": [
              {
                "filters": {
                  "all_of": [
                    {
                      "test": "on_ground",
                      "subject": "target"
                    }
                  ]
                },
                "remove": {
                  "component_groups": [
                    "wesl3y:fly"
                  ]
                },
                "add": {
                  "component_groups": [
                    "wesl3y:ground"
                  ]
                }
              }
            ]
          },
          {
            "remove": {
              "component_groups": [
                "wesl3y:ranged"
              ]
            },
            "add": {
              "component_groups": [
                "wesl3y:melee"
              ]
            }
          }
        ]
      },
      "wesl3y:ranged": {
        "sequence": [
          {
            "filters": {
              "all_of": [
                {
                  "test": "on_ground",
                  "subject": "target"
                },
                {
                  "test": "in_water",
                  "subject": "self",
                  "value": false
                },
                {
                  "test": "has_equipment",
                  "subject": "self",
                  "domain": "hand",
                  "operator": "!=",
                  "value": "wesl3y:handcuffs_kairoseki"
                }
              ]
            },
            "remove": {
              "component_groups": [
                "wesl3y:melee"
              ]
            },
            "add": {
              "component_groups": [
                "wesl3y:ranged"
              ]
            }
          }
        ]
      },
      "wesl3y:random_event": {
        "sequence": [
          {
            "randomize": [
              {
                "weight": 1,
                "filters": {
                  "all_of": [
                    {
                      "test": "has_target",
                      "value": true
                    },
                    {
                      "test": "in_water",
                      "subject": "self",
                      "value": false
                    },
                    {
                      "test": "has_equipment",
                      "subject": "self",
                      "domain": "hand",
                      "operator": "!=",
                      "value": "wesl3y:handcuffs_kairoseki"
                    },
                    {
                      "test": "is_saddled",
                      "value": false
                    }
                  ]
                },
                "add": {
                  "component_groups": [
                    "wesl3y:shooter"
                  ]
                }
              },
              {
                "weight": 1,
                "filters": {
                  "all_of": [
                    {
                      "test": "has_target",
                      "value": true
                    },
                    {
                      "test": "on_ground",
                      "value": true
                    }
                  ]
                },
                "run_command": {
                  "command": [
                    "effect @s speed 5 1 true",
                    "effect @s resistance 5 0 true"
                  ]
                }
              }
            ]
          }
        ]
      },
      "minecraft:entity_spawned": {
        "add": {
          "component_groups": [
            "wesl3y:ground",
            "wesl3y:melee"
          ]
        }
      }
    }
  }
}