{
  "format_version": "1.12.0",
  "minecraft:entity": {
    "description": {
      "identifier": "onepiece_addon:fezantbeck_aokizi",
      "is_spawnable": false,
      "is_summonable": true,
      "is_experimental": false,
      "runtime_identifier": "minecraft:snowball",
      "scripts": {
        "animate": [
          "fezantbeck_p2"
        ]
      },
      "animations": {
        "fezantbeck_p2":"controller.animation.fezantbeck_p2"
      }
    },
    "component_groups": {
      "onepiece_addon:despawned":{
        "minecraft:transformation": {
          "into": "onepiece_addon:despawn",
          "delay": 0.2
        }
      }
    },

    "components": {
      "minecraft:type_family": {
        "family": [ "hiehie" ]
      },
      "minecraft:collision_box": {
        "width": 0.0,
        "height": 0.0
      },
      "minecraft:projectile": {
        "on_hit": {
          "definition_event": {
            "affect_projectile": true,
            "event_trigger": {
                  "event": "onepiece_addon:be_despawn",
                  "target": "self"
            }
          },
          "mob_effect":{
            "effect":"slowness"
          }
        },
        "power": 1.5,
        "gravity": 0,
        "angle_offset": 0.0,
        "inertia": 1,
        "knockback":false,
        "liquid_inertia": 1
      },
	    "minecraft:physics": {
      },
      "minecraft:pushable": {
        "is_pushable": true,
        "is_pushable_by_piston": true
      },
      "minecraft:transformation": {
        "into": "onepiece_addon:despawn",
        "delay": 2
      },
      "minecraft:conditional_bandwidth_optimization": {
        "default_values": {
          "max_optimized_distance": 80.0,
          "max_dropped_ticks": 10,
          "use_motion_prediction_hints": true
        }
      }
    },

    "events": {
      "onepiece_addon:be_despawn":{
        "add":{
          "component_groups":[
            "onepiece_addon:despawned"
          ]
        }
      }
    }
  }
}
