{
  "format_version": "1.12.0",
  "minecraft:entity": {
    "description": {
      "identifier": "onepiece_addon:fezantbeck_e",
      "is_spawnable": false,
      "is_summonable": true,
      "is_experimental": false
    },
    "component_groups": {
    },

    "components": {
      "minecraft:type_family": {
        "family": [ "hiehie" ]
      },
      "minecraft:behavior.knockback_roar": {
        "duration": 999,
        "attack_time": 0.1,
        "knockback_damage": 20,
        "knockback_strength": 0,
        "knockback_range": 7,
        "knockback_filters": {
          "all_of":[
            {
              "test": "is_family",
              "subject": "other",
              "operator": "!=",
              "value": "hiehie"
            },
            {
              "test":"has_tag",
              "subject":"other",
              "operator":"!=",
              "value":"hiehie"
            }
          ]
        },
        "damage_filters": {
          "all_of":[
            {
              "test": "is_family",
              "subject": "other",
              "operator": "!=",
              "value": "hiehie"
            },
            {
              "test":"has_tag",
              "subject":"other",
              "operator":"!=",
              "value":"hiehie"
            }
          ]
        }
      },
      "minecraft:collision_box": {
        "width": 0.0,
        "height": 0.0
      },
      "minecraft:transformation": {
        "into": "onepiece_addon:despawn",
        "delay": 0.3
      }
    },

    "events": {
    }
  }
}
