{
  "format_version": "1.13.0",
  "minecraft:entity": {    
    "description": {
      "identifier": "onepiece_addon:fezantbeck_m",
      "is_spawnable": false,
      "is_summonable": true,
      "is_experimental": false,
      "runtime_identifier": "minecraft:snowball"
    },
    "component_groups": {
    },
    "components": {
      "minecraft:projectile": {
        "power": 0.7,
        "gravity": 0,
        "angle_offset": 0.0,
        "inertia": 1,
        "knockback":false,
        "liquid_inertia": 1
      },
      "minecraft:type_family": {
        "family": [ "fezantbeck","hiehie" ]
      },
      "minecraft:collision_box": {
        "width": 0.0,
        "height": 0.0
      },
      "minecraft:physics": {
      },
      "minecraft:pushable": {
        "is_pushable": true,
        "is_pushable_by_piston": true
      },
      "minecraft:transformation": {
        "into": "onepiece_addon:despawn",
        "delay": 4
      },
      "minecraft:conditional_bandwidth_optimization": {
        "default_values": {
          "max_optimized_distance": 80.0,
          "max_dropped_ticks": 10,
          "use_motion_prediction_hints": true
        }
      }
    },
    "events": {
    }
  }
}