{
  "format_version": "1.12.0",
  "minecraft:entity": {
    "description": {
      "identifier": "onepiece_addon:fezantbeck_p",
      "is_spawnable": false,
      "is_summonable": true,
      "is_experimental": false,
      "scripts": {
        "animate": [
          "fezantbeck_p1","fezantbeck_p2"
        ]
      },
      "animations": {
        "fezantbeck_p1":"controller.animation.fezantbeck_p1",
        "fezantbeck_p2":"controller.animation.fezantbeck_p2"
      }
    },
    "component_groups": {
    },

    "components": {
      "minecraft:type_family": {
        "family": [ "hiehie" ]
      },
      "minecraft:collision_box": {
        "width": 0.0,
        "height": 0.0
      },
	    "minecraft:physics": {
      },
      "minecraft:transformation": {
        "into": "onepiece_addon:despawn",
        "delay": 3
      },
      "minecraft:conditional_bandwidth_optimization": {
        "default_values": {
          "max_optimized_distance": 80.0,
          "max_dropped_ticks": 10,
          "use_motion_prediction_hints": true
        }
      }
    },

    "events": {
    }
  }
}
