{
  "format_version": "1.16.0",
  "minecraft:entity": {
    "description": {
      "identifier": "onepiece_addon:luffy_weakness",
      "is_spawnable": false,
      "is_summonable": true,
      "is_experimental": false,
      "scripts":{
        "animate":["luffy_weakness"]
      },
      "animations":{
        "luffy_weakness":"controller.animation.luffy_weakness"
      }
    },
    "component_groups":{
      "onepiece_addon:kairouseki":{
        "minecraft:transformation":{
          "into": "onepiece_addon:luffy",
          "delay":100000
        },
        "minecraft:variant":{
          "value":27000
        }
      }
    },
    
    "components": {
      "minecraft:behavior.avoid_mob_type": {
        "priority": 1,
        "entity_types": [
          {
            "filters": {
              "any_of": [
                { "test" :  "is_family", "subject" : "other", "value" :  "player"}
              ]
            },
            "max_dist": 6,
            "sprint_speed_multiplier": 2
          },
          {
            "filters": {
              "any_of": [
                { "test" :  "is_family", "subject" : "other", "value" :  "mob"}
              ]
            },
            "max_dist": 6,
            "sprint_speed_multiplier": 2
          }
        ]
      },
      "minecraft:behavior.equip_item": {
        "priority": 3
      },
      "minecraft:equip_item": {
      },
      "minecraft:behavior.pickup_items": {
        "priority": 7,
        "max_dist": 3,
        "goal_radius": 2,
        "speed_multiplier": 1.0
      },
      "minecraft:shareables": {
        "items": [
          {
            "item": "onepiece_addon:kairouseki",
            "want_amount": 1,
            "surplus_amount": 1,
            "priority": 0
          }
        ]
      },
      "minecraft:environment_sensor": {
        "triggers": [
          {
            "filters": {
              "any_of": [
                {
                  "test": "has_equipment",
                  "subject": "self",
                  "domain": "hand",
                  "value": "onepiece_addon:kairouseki"
                }
              ]
            },
            "event": "onepiece_addon:be_kairouseki"
          }
        ]
      },
      "minecraft:transformation":{
        "into": "onepiece_addon:luffy",
        "delay":30
      },
      "minecraft:scale":{
        "value":0.97
      },
      "minecraft:movement": {
        "value": 0.23
      },
      "minecraft:follow_range": {
        "value": 32,
        "max": 32
      },
      "minecraft:type_family": {
        "family": ["mob","luffy","gomgom","devil","kaizoku","character","h2"]
      },
      "minecraft:health": {
        "value": 50,
        "max": 50
      },
      "minecraft:attack":{
        "damage":4
      },
      "minecraft:loot": {
        "table": "loot_tables/entities/luffy.json"
      },
      "minecraft:nameable": {
      },
      "minecraft:collision_box": {
        "width": 0.6,
        "height": 1.9
      },
      "minecraft:movement.basic": {
      },
      "minecraft:navigation.walk": {
        "is_amphibious": true,
        "can_pass_doors":true,
        "can_break_doors":false,
        "can_walk":true,
        "can_open_doors": true,
        "can_path_over_water": true,
        "avoid_water": true
      },
      "minecraft:jump.static": {},
      "minecraft:can_climb": {
      },
      "minecraft:hurt_on_condition": {
        "damage_conditions": [
          {
            "filters": {
              "test": "in_lava",
              "subject": "self",
              "operator": "==",
              "value": true
            },
            "cause": "lava",
            "damage_per_tick": 4
          }
        ]
      },
      "minecraft:breathable": {
        "total_supply": 15,
        "suffocate_time": 0
      },
      "minecraft:despawn": {
        "despawn_from_distance": {
          "min_distance":64
        }
      },
      "minecraft:behavior.melee_attack": {
        "priority": 4,
        "track_target": true,
        "speed_multiplier": 1.25
      },
      "minecraft:behavior.random_stroll": {
        "priority": 6,
        "speed_multiplier": 1
      },
      "minecraft:behavior.look_at_player": {
        "priority": 9,
        "look_distance": 10,
        "probability": 0.02
      },
      "minecraft:behavior.random_look_around":{
        "priority":7,
        "speed_multiplier":1
      },
      "minecraft:behavior.hurt_by_target": {
        "priority": 1
      },
      "minecraft:physics": {
      },
      "minecraft:pushable": {
        "is_pushable": true,
        "is_pushable_by_piston": true
      },
      "minecraft:conditional_bandwidth_optimization": {
      },
      "minecraft:experience_reward": {
        "on_death": "query.last_hit_by_player ? 20 + (query.equipment_count * Math.Random(1,3)) : 0"
      }
    },
    "events":{
      "onepiece_addon:be_kairouseki":{
        "add":{
          "component_groups":[
            "onepiece_addon:kairouseki"
          ]
        }
      }
    }
}}
