{
  "format_version": "1.16.0",
  "minecraft:entity": {
    "description": {
      "identifier": "onepiece_addon:yomi_player",
      "is_spawnable": false,
      "is_summonable": true,
      "is_experimental": false,
      "scripts":{
        "animate":["yomi_end"]
      },
      "animations":{
        "yomi_end":"controller.animation.yomi_end"
      }
    },

    "component_groups": {
      "onepiece_addon:yomi2_end":{
        "minecraft:type_family": {
          "family": [ "player","devil","yomiyomi","yomi_end" ]
        }
      },
      "onepiece_addon:yomi2_end2":{
        "minecraft:type_family": {
          "family": [ "player","devil","yomiyomi","yomi_end2" ]
        },
        "minecraft:transformation": {
          "into": "onepiece_addon:despawn",
          "delay": 1
        }
      },
      "onepiece_addon:yomi2_end3":{
        "minecraft:transformation": {
          "into": "onepiece_addon:despawn"
        }
      }
    },



    "components": {
      "minecraft:type_family": {
        "family": [ "player","devil","yomiyomi" ]
      },
      "minecraft:breathable": {
        "total_supply": 15,
        "suffocate_time": 0
      },
      "minecraft:collision_box": {
        "width": 0.6,
        "height": 1.8
      },
      "minecraft:health": {
        "value": 200,
        "max": 200
      },
      "minecraft:environment_sensor": {
        "triggers": [
          {
            "filters": {
              "all_of": [
                {
                  "test": "has_tag",
                  "subject": "self",
                  "value": "yomi2_end"
                },
                {
                  "test": "has_tag",
                  "subject": "self",
                  "operator":"!=",
                  "value": "yomi2_end2"
                },
                {
                  "test": "has_tag",
                  "subject": "self",
                  "operator":"!=",
                  "value": "yomi2_end3"
                }
              ]
            },
            "event": "onepiece_addon:yomi2_end"
          },
          {
            "filters": {
              "all_of": [
                {
                  "test": "has_tag",
                  "subject": "self",
                  "value": "yomi2_end"
                },
                {
                  "test": "has_tag",
                  "subject": "self",
                  "value": "yomi2_end2"
                },
                {
                  "test": "has_tag",
                  "subject": "self",
                  "operator":"!=",
                  "value": "yomi2_end3"
                }
              ]
            },
            "event": "onepiece_addon:yomi2_end2"
          },
          {
            "filters": {
              "all_of": [
                {
                  "test": "has_tag",
                  "subject": "self",
                  "value": "yomi2_end"
                },
                {
                  "test": "has_tag",
                  "subject": "self",
                  "value": "yomi2_end2"
                },
                {
                  "test": "has_tag",
                  "subject": "self",
                  "value": "yomi2_end3"
                }
              ]
            },
            "event": "onepiece_addon:yomi2_end3"
          }
        ]
      },
      "minecraft:hurt_on_condition": {
        "damage_conditions": [
          {
            "filters": { "test": "in_lava", "subject": "self", "operator": "==", "value": true },
            "cause": "lava",
            "damage_per_tick": 4
          }
        ]
      },
      "minecraft:movement": {
        "value": 0
      },
      "minecraft:physics": {
      },
      "minecraft:pushable": {
        "is_pushable": true,
        "is_pushable_by_piston": true
      },
      "minecraft:conditional_bandwidth_optimization": {
      }
    },


    "events": {
      "onepiece_addon:yomi2_end":{
        "add":{
          "component_groups":[
            "onepiece_addon:yomi2_end"
          ]
        }
      },
      "onepiece_addon:yomi2_end2":{
        "remove":{
          "component_groups":[
            "onepiece_addon:yomi2_end"
          ]
        },
        "add":{
          "component_groups":[
            "onepiece_addon:yomi2_end2"
          ]
        }
      },
      "onepiece_addon:yomi2_end3":{
        "remove":{
          "component_groups":[
            "onepiece_addon:yomi2_end2"
          ]
        },
        "add":{
          "component_groups":[
            "onepiece_addon:yomi2_end3"
          ]
        }
      }
    }
  }
}
