{
  "format_version": "1.13.0",
  "minecraft:entity": {
    "description": {
      "identifier": "onepiece_addon:mochiginchaku_p",
      "is_spawnable": false,
      "is_summonable": true,
      "is_experimental": false,
      "runtime_identifier": "minecraft:snowball"
    },
    "component_groups": {
      "onepiece_addon:exploding": {
        "minecraft:explode": {
          "breaks_blocks":true,
          "fuse_length": 0,
          "fuse_lit": true,
          "power": 1,
          "causes_fire": false,
          "destroy_affected_by_griefing": true
        }
      }
    },

    "components": {
      "minecraft:type_family": {
        "family": [ "mochimochi" ]
      },
      "minecraft:projectile": {
        "reflect_on_hurt":true,
        "on_hit": {
          "definition_event": {
            "affect_projectile": true,
            "event_trigger": {
                  "event": "onepiece_addon:explode",
                  "target": "self"
            }
           },
           "impact_damage": {
            "damage": 10,
            "knockback": true,
            "semi_random_diff_damage":false,
            "destroy_on_hit": true,
            "max_critical_damage": 10,
            "min_critical_damage": 9,
            "power_multiplier": 0.97
          }
        },
        "power": 3,
        "gravity": 0.00,
        "uncertainty_base": 1,
        "uncertainty_multiplier": 0,
        "anchor": 1,
        "inertia": 1,
        "should_bounce": true,
        "liquid_inertia": 0.5
      },
      "minecraft:collision_box": {
        "width":0.1,
        "height":0.1
      },
      "minecraft:physics": {
      },
      "minecraft:transformation": {
        "into": "onepiece_addon:despawn",
        "delay": 0.3
      },
      "minecraft:pushable": {
        "is_pushable": false,
        "is_pushable_by_piston": false
      },
      "minecraft:conditional_bandwidth_optimization": {
        "default_values": {
          "max_optimized_distance": 80.0,
          "max_dropped_ticks": 10,
          "use_motion_prediction_hints": true
        }
      }
    },

    "events": {
      "onepiece_addon:explode": {
        "add": {
         "component_groups": [
          "onepiece_addon:exploding"
         ]
        }
       }
    }

  }
}