{"format_version":"1.10.0","animation_controllers":{"controller.animation.seek_jumpscare":{"initial_state":"default","states":{"default":{"transitions":[{"attack":"variable.attack_time > 0 && !query.is_stunned"},{"add":"query.has_rider && !query.is_stunned"}]},"attack":{"transitions":[{"default":"1.0"}],"on_entry":["/execute @s ~ ~ ~ ride @e[type=!yg:seek] start_riding @s"]},"add":{"transitions":[{"default":"1.0"}],"on_entry":["/scoreboard objectives add ow dummy","/effect @e[r=2,type=!yg:seek] blindness 1 1 true","/scoreboard players add @e[r=3,type=!yg:seek] ow 1","/execute @e[scores={ow=6..1000}] ~ ~ ~event entity @e[type=yg:seek,r=5] yg:jumpscare_stop","/execute @e[scores={ow=6..1000}] ~ ~ ~tag @e[type=yg:seek,r=5] remove ow","/tag @e [type=villager,r=5] add ow","/tag @e [type=iron_golem,r=5] add ow","/tag @e [family=mob,r=5] add ow","/tag @e [family=monster,r=5] add ow","/tag @e[type=yg:seek,r=5] remove ow","/tag @e[type=yg:closet,r=5] remove ow","/kill @e[scores={ow=6..1000}]","/kill @e[tag=ow]","/scoreboard players set @a[scores={ow=6..1000}] ow 0"]}}},"controller.animation.figure_jumpscare":{"initial_state":"default","states":{"default":{"transitions":[{"attack":"variable.attack_time > 0 && !query.is_stunned"},{"add":"query.has_rider && !query.is_stunned"}]},"attack":{"transitions":[{"default":"1.0"}],"on_entry":["/execute @s ~ ~ ~ ride @e[type=!yg:figure] start_riding @s"]},"add":{"transitions":[{"default":"1.0"}],"on_entry":["/scoreboard objectives add me dummy","/effect @e[r=2,type=!yg:figure] blindness 1 1 true","/scoreboard players add @e[r=3,type=!yg:figure] me 1","/execute @e[scores={me=6..1000}] ~ ~ ~event entity @e[type=yg:figure,r=5] yg:jumpscare_stop","/execute @e[scores={me=6..1000}] ~ ~ ~tag @e[type=yg:figure,r=5] remove me","/tag @e [type=villager,r=5] add me","/tag @e [type=iron_golem,r=5] add me","/tag @e [family=mob,r=5] add me","/tag @e [family=monster,r=5] add me","/tag @e[type=yg:figure,r=5] remove me","/tag @e[family=inanimate,r=5] remove me","/kill @e[scores={me=6..1000}]","/kill @e[tag=me]","/scoreboard players set @a[scores={me=6..1000}] me 0"]}}},"controller.animation.screech_jumpscare":{"initial_state":"default","states":{"default":{"transitions":[{"attack":"variable.attack_time > 0 && !query.is_stunned"},{"add":"query.has_rider && !query.is_stunned"}]},"attack":{"transitions":[{"default":"1.0"}],"on_entry":["/execute @s ~ ~ ~ ride @e[type=!yg:screech] start_riding @s"]},"add":{"transitions":[{"default":"1.0"}],"on_entry":["/scoreboard objectives add can dummy","/effect @e[r=2,type=!yg:screech] blindness 1 1 true","/scoreboard players add @e[r=3,type=!yg:screech] can 1","/execute @e[scores={can=6..1000}] ~ ~ ~event entity @e[type=yg:screech,r=5] yg:jumpscare_stop","/execute @e[scores={can=6..1000}] ~ ~ ~tag @e[type=yg:screech,r=5] remove can","/tag @e [type=villager,r=5] add can","/tag @e [type=iron_golem,r=5] add can","/tag @e [family=mob,r=5] add can","/tag @e [family=monster,r=5] add can","/tag @e[type=yg:screech,r=5] remove can","/tag @e[type=yg:closet,r=5] remove can","/ride @e evict_riders","/scoreboard players set @a[scores={can=6..1000}] can 0"]}}}}}