{
  "format_version": "1.12.0",
  "minecraft:geometry": [
    {
      "description": {
        "identifier": "geometry.yg_closet",
        "texture_width": 256,
        "texture_height": 256,
        "visible_bounds_width": 4,
        "visible_bounds_height": 4.5,
        "visible_bounds_offset": [
          0,
          1.75,
          0
        ]
      },
      "bones": [
        {
          "name": "Root",
          "pivot": [
            0.00811,
            34.70945,
            0
          ],
          "cubes": [
            {
              "origin": [
                -18.0,
                0.0,
                -10.0
              ],
              "size": [
                36.0,
                2.0,
                20.0
              ],
              "uv": [
                0,
                0
              ],
              "inflate": 0
            },
            {
              "origin": [
                -18.0,
                2.0,
                -10.0
              ],
              "size": [
                2.0,
                43.0,
                20.0
              ],
              "uv": [
                48,
                51
              ],
              "inflate": 0
            },
            {
              "origin": [
                -18.224,
                -0.04,
                -10.224
              ],
              "size": [
                2.448,
                48.08,
                2.448
              ],
              "uv": [
                58,
                114
              ],
              "inflate": 0
            },
            {
              "origin": [
                15.776,
                -0.04,
                -10.224
              ],
              "size": [
                2.448,
                48.08,
                2.448
              ],
              "uv": [
                58,
                114
              ],
              "inflate": 0
            },
            {
              "origin": [
                15.776,
                -0.04,
                7.776
              ],
              "size": [
                2.448,
                48.08,
                2.448
              ],
              "uv": [
                58,
                114
              ],
              "inflate": 0
            },
            {
              "origin": [
                -18.224,
                -0.04,
                7.776
              ],
              "size": [
                2.448,
                48.08,
                2.448
              ],
              "uv": [
                58,
                114
              ],
              "inflate": 0
            },
            {
              "origin": [
                16.0,
                2.0,
                -10.0
              ],
              "size": [
                2.0,
                43.0,
                20.0
              ],
              "uv": [
                48,
                51
              ],
              "inflate": 0
            },
            {
              "origin": [
                -16.0,
                2.0,
                8.0
              ],
              "size": [
                32.0,
                47.0,
                2.0
              ],
              "uv": [
                0,
                22
              ],
              "inflate": 0
            },
            {
              "origin": [
                -16.0,
                38.0,
                -10.0
              ],
              "size": [
                32.0,
                11.0,
                2.0
              ],
              "uv": [
                92,
                0
              ],
              "inflate": 0
            },
            {
              "origin": [
                -19.0,
                45.0,
                -11.0
              ],
              "size": [
                7.0,
                4.0,
                22.0
              ],
              "uv": [
                0,
                92
              ],
              "inflate": 0
            },
            {
              "origin": [
                -18.5,
                44.0,
                -10.5
              ],
              "size": [
                6.0,
                1.0,
                21.0
              ],
              "uv": [
                92,
                70
              ],
              "inflate": 0
            },
            {
              "origin": [
                12.5,
                44.0,
                -10.5
              ],
              "size": [
                6.0,
                1.0,
                21.0
              ],
              "uv": [
                92,
                70
              ],
              "inflate": 0
            },
            {
              "origin": [
                -8.5,
                47.0,
                -10.5
              ],
              "size": [
                17.0,
                1.0,
                21.0
              ],
              "uv": [
                72,
                48
              ],
              "inflate": 0
            },
            {
              "origin": [
                12.0,
                45.0,
                -11.0
              ],
              "size": [
                7.0,
                4.0,
                22.0
              ],
              "uv": [
                0,
                92
              ],
              "inflate": 0
            },
            {
              "origin": [
                6.31896,
                46.39014,
                -11.0
              ],
              "size": [
                7.0,
                4.0,
                22.0
              ],
              "pivot": [
                9.81896,
                48.39014,
                0.0
              ],
              "rotation": [
                0.0,
                0.0,
                27.5
              ],
              "uv": [
                0,
                92
              ],
              "inflate": 0
            },
            {
              "origin": [
                -13.31896,
                46.39014,
                -11.0
              ],
              "size": [
                7.0,
                4.0,
                22.0
              ],
              "pivot": [
                -9.81896,
                48.39014,
                0.0
              ],
              "rotation": [
                0.0,
                0.0,
                -27.5
              ],
              "uv": [
                0,
                92
              ],
              "inflate": 0,
              "mirror": true
            },
            {
              "origin": [
                -7.36208,
                47.78028,
                -11.0
              ],
              "size": [
                15.0,
                4.0,
                22.0
              ],
              "uv": [
                68,
                22
              ],
              "inflate": 0
            }
          ]
        },
        {
          "name": "Door",
          "pivot": [
            -15.25,
            20.75,
            -11
          ],
          "cubes": [
            {
              "origin": [
                -16.0,
                1.0,
                -11.0
              ],
              "size": [
                16.0,
                40.0,
                1.0
              ],
              "uv": [
                92,
                92
              ],
              "inflate": 0
            },
            {
              "origin": [
                -4.0,
                19.0,
                -12.0
              ],
              "size": [
                3.0,
                3.0,
                1.0
              ],
              "uv": [
                0,
                0
              ],
              "inflate": 0
            }
          ],
          "parent": "Root",
          "rotation": [
            0,
            12.5,
            0
          ]
        },
        {
          "name": "Door2",
          "pivot": [
            15.25,
            20.75,
            -11
          ],
          "cubes": [
            {
              "origin": [
                0.0,
                1.0,
                -11.0
              ],
              "size": [
                16.0,
                40.0,
                1.0
              ],
              "uv": [
                92,
                92
              ],
              "inflate": 0
            },
            {
              "origin": [
                1.0,
                19.0,
                -12.0
              ],
              "size": [
                3.0,
                3.0,
                1.0
              ],
              "uv": [
                0,
                0
              ],
              "inflate": 0
            }
          ],
          "parent": "Root"
        }
      ]
    }
  ]
}