{
  "format_version": "1.12.0",
  "minecraft:geometry": [
    {
      "description": {
        "identifier": "geometry.yg_screech",
        "texture_width": 128,
        "texture_height": 128,
        "visible_bounds_width": 5,
        "visible_bounds_height": 4.5,
        "visible_bounds_offset": [
          0,
          1.75,
          0
        ]
      },
      "bones": [
        {
          "name": "Root",
          "pivot": [
            0,
            24.5,
            0
          ],
          "cubes": [
            {
              "origin": [
                -6.5,
                23.0,
                -6.5
              ],
              "size": [
                13.0,
                8.0,
                13.0
              ],
              "uv": [
                0,
                0
              ],
              "inflate": 0
            },
            {
              "origin": [
                -6.38,
                21.6,
                -6.32
              ],
              "size": [
                12.76,
                2.8,
                5.64
              ],
              "uv": [
                34,
                21
              ],
              "inflate": 0
            },
            {
              "origin": [
                -6.5,
                18.0,
                -1.5
              ],
              "size": [
                13.0,
                5.0,
                8.0
              ],
              "uv": [
                0,
                21
              ],
              "inflate": 0
            }
          ]
        },
        {
          "name": "bone13",
          "pivot": [
            0,
            22.5,
            -1
          ],
          "cubes": [
            {
              "origin": [
                -6.5,
                18.0,
                -6.5
              ],
              "size": [
                13.0,
                3.0,
                5.0
              ],
              "uv": [
                0,
                34
              ],
              "inflate": 0
            },
            {
              "origin": [
                -6.38,
                19.6,
                -6.32
              ],
              "size": [
                12.76,
                2.8,
                5.64
              ],
              "uv": [
                36,
                34
              ],
              "inflate": 0
            }
          ],
          "parent": "Root"
        },
        {
          "name": "Tentacle",
          "pivot": [
            -5.5,
            28,
            -0.5
          ],
          "cubes": [
            {
              "origin": [
                -7.5,
                27.0,
                -2.5
              ],
              "size": [
                4.0,
                9.0,
                4.0
              ],
              "uv": [
                16,
                42
              ],
              "inflate": 0
            }
          ],
          "parent": "Root"
        },
        {
          "name": "bone",
          "pivot": [
            -5.57394,
            35.6896,
            -0.5
          ],
          "cubes": [
            {
              "origin": [
                -7.28394,
                35.2696,
                -2.21
              ],
              "size": [
                3.42,
                6.84,
                3.42
              ],
              "uv": [
                58,
                64
              ],
              "inflate": 0
            }
          ],
          "parent": "Tentacle"
        },
        {
          "name": "bone2",
          "pivot": [
            -5.5,
            41.36502,
            -0.5
          ],
          "cubes": [
            {
              "origin": [
                -7.0,
                41.86502,
                -2.0
              ],
              "size": [
                3.0,
                6.0,
                3.0
              ],
              "uv": [
                61,
                55
              ],
              "inflate": 0
            }
          ],
          "parent": "bone"
        },
        {
          "name": "Tentacle2",
          "pivot": [
            3.5,
            30.5,
            -0.5
          ],
          "cubes": [
            {
              "origin": [
                1.5,
                28.0,
                -2.5
              ],
              "size": [
                4.0,
                9.0,
                4.0
              ],
              "uv": [
                0,
                42
              ],
              "inflate": 0
            }
          ],
          "parent": "Root"
        },
        {
          "name": "bone3",
          "pivot": [
            3.42606,
            36.1896,
            -0.5
          ],
          "cubes": [
            {
              "origin": [
                1.71606,
                35.2696,
                -2.21
              ],
              "size": [
                3.42,
                7.84,
                3.42
              ],
              "uv": [
                30,
                60
              ],
              "inflate": 0
            }
          ],
          "parent": "Tentacle2"
        },
        {
          "name": "bone4",
          "pivot": [
            3.5,
            42.86502,
            -0.5
          ],
          "cubes": [
            {
              "origin": [
                2.0,
                41.86502,
                -2.0
              ],
              "size": [
                3.0,
                8.0,
                3.0
              ],
              "uv": [
                49,
                55
              ],
              "inflate": 0
            }
          ],
          "parent": "bone3"
        },
        {
          "name": "Tentacle3",
          "pivot": [
            6.29289,
            24.5,
            -0.5
          ],
          "cubes": [
            {
              "origin": [
                4.29289,
                22.5,
                -2.5
              ],
              "size": [
                6.0,
                4.0,
                4.0
              ],
              "uv": [
                48,
                47
              ],
              "inflate": 0
            }
          ],
          "parent": "Root"
        },
        {
          "name": "bone5",
          "pivot": [
            9.98249,
            24.57394,
            -0.5
          ],
          "cubes": [
            {
              "origin": [
                9.56249,
                22.86394,
                -2.21
              ],
              "size": [
                6.84,
                3.42,
                3.42
              ],
              "uv": [
                0,
                55
              ],
              "inflate": 0
            }
          ],
          "parent": "Tentacle3"
        },
        {
          "name": "bone6",
          "pivot": [
            16.15791,
            24.5,
            -0.5
          ],
          "cubes": [
            {
              "origin": [
                15.15791,
                23.0,
                -2.0
              ],
              "size": [
                8.0,
                3.0,
                3.0
              ],
              "uv": [
                48,
                41
              ],
              "inflate": 0
            }
          ],
          "parent": "bone5"
        },
        {
          "name": "Tentacle4",
          "pivot": [
            -5.79289,
            22.5,
            0.5
          ],
          "cubes": [
            {
              "origin": [
                -15.29289,
                20.5,
                -1.5
              ],
              "size": [
                10.0,
                4.0,
                4.0
              ],
              "uv": [
                39,
                0
              ],
              "inflate": 0
            }
          ],
          "parent": "Root"
        },
        {
          "name": "bone7",
          "pivot": [
            -15.48249,
            22.57394,
            0.5
          ],
          "cubes": [
            {
              "origin": [
                -21.40249,
                20.86394,
                -1.21
              ],
              "size": [
                7.84,
                3.42,
                3.42
              ],
              "uv": [
                29,
                54
              ],
              "inflate": 0
            }
          ],
          "parent": "Tentacle4"
        },
        {
          "name": "bone8",
          "pivot": [
            -21.15791,
            22.5,
            0.5
          ],
          "cubes": [
            {
              "origin": [
                -28.15791,
                21.0,
                -1.0
              ],
              "size": [
                7.0,
                3.0,
                3.0
              ],
              "uv": [
                42,
                28
              ],
              "inflate": 0
            }
          ],
          "parent": "bone7"
        },
        {
          "name": "Tentacle5",
          "pivot": [
            -3.79289,
            17.70711,
            0.5
          ],
          "cubes": [
            {
              "origin": [
                -5.79289,
                13.70711,
                -1.5
              ],
              "size": [
                4.0,
                6.0,
                4.0
              ],
              "uv": [
                52,
                8
              ],
              "inflate": 0
            }
          ],
          "parent": "Root"
        },
        {
          "name": "bone9",
          "pivot": [
            -3.86683,
            13.51751,
            0.5
          ],
          "cubes": [
            {
              "origin": [
                -5.57683,
                8.59751,
                -1.21
              ],
              "size": [
                3.42,
                5.84,
                3.42
              ],
              "uv": [
                63,
                18
              ],
              "inflate": 0
            }
          ],
          "parent": "Tentacle5"
        },
        {
          "name": "bone10",
          "pivot": [
            -3.79289,
            8.34209,
            0.5
          ],
          "cubes": [
            {
              "origin": [
                -5.29289,
                2.84209,
                -1.0
              ],
              "size": [
                3.0,
                6.0,
                3.0
              ],
              "uv": [
                18,
                57
              ],
              "inflate": 0
            }
          ],
          "parent": "bone9"
        },
        {
          "name": "Tentacle6",
          "pivot": [
            5.20711,
            18.20711,
            0.5
          ],
          "cubes": [
            {
              "origin": [
                3.20711,
                10.70711,
                -1.5
              ],
              "size": [
                4.0,
                9.0,
                4.0
              ],
              "uv": [
                32,
                41
              ],
              "inflate": 0
            }
          ],
          "parent": "Root"
        },
        {
          "name": "bone11",
          "pivot": [
            5.13317,
            10.51751,
            0.5
          ],
          "cubes": [
            {
              "origin": [
                3.42317,
                4.59751,
                -1.21
              ],
              "size": [
                3.42,
                6.84,
                3.42
              ],
              "uv": [
                0,
                61
              ],
              "inflate": 0
            }
          ],
          "parent": "Tentacle6"
        },
        {
          "name": "bone12",
          "pivot": [
            5.20711,
            4.84209,
            0.5
          ],
          "cubes": [
            {
              "origin": [
                3.70711,
                -2.15791,
                -1.0
              ],
              "size": [
                3.0,
                8.0,
                3.0
              ],
              "uv": [
                0,
                0
              ],
              "inflate": 0
            }
          ],
          "parent": "bone11"
        }
      ]
    }
  ]
}