{
  "format_version": "1.12.0",
  "minecraft:geometry": [
    {
      "description": {
        "identifier": "geometry.yg_window",
        "texture_width": 16,
        "texture_height": 16,
        "visible_bounds_width": 2,
        "visible_bounds_height": 2.5,
        "visible_bounds_offset": [
          0,
          0.75,
          0
        ]
      },
      "bones": [
        {
          "name": "Root",
          "pivot": [
            0,
            20,
            0
          ],
          "cubes": [
            {
              "origin": [
                -4.21,
                18.79,
                -0.07
              ],
              "size": [
                3.42,
                3.42,
                1.14
              ],
              "uv": [
                0,
                4
              ],
              "inflate": 0
            },
            {
              "origin": [
                1.0,
                19.0,
                0.0
              ],
              "size": [
                3.0,
                3.0,
                1.0
              ],
              "uv": [
                0,
                0
              ],
              "inflate": 0
            },
            {
              "origin": [
                -0.4245,
                16.69144,
                0.0
              ],
              "size": [
                1.0,
                1.0,
                1.0
              ],
              "uv": [
                11,
                6
              ],
              "inflate": 0
            },
            {
              "origin": [
                -0.4245,
                14.69144,
                0.0
              ],
              "size": [
                1.0,
                1.0,
                1.0
              ],
              "uv": [
                0,
                10
              ],
              "inflate": 0
            },
            {
              "origin": [
                0.65473,
                16.78586,
                0.0
              ],
              "size": [
                1.0,
                1.0,
                1.0
              ],
              "pivot": [
                1.15473,
                17.28586,
                0.5
              ],
              "rotation": [
                0.0,
                0.0,
                -10.0
              ],
              "uv": [
                11,
                4
              ],
              "inflate": 0
            },
            {
              "origin": [
                0.65473,
                14.78586,
                0.0
              ],
              "size": [
                1.0,
                1.0,
                1.0
              ],
              "pivot": [
                1.15473,
                15.28586,
                0.5
              ],
              "rotation": [
                0.0,
                0.0,
                -10.0
              ],
              "uv": [
                8,
                5
              ],
              "inflate": 0
            },
            {
              "origin": [
                -1.50373,
                16.78586,
                0.0
              ],
              "size": [
                1.0,
                1.0,
                1.0
              ],
              "pivot": [
                -1.00373,
                17.28586,
                0.5
              ],
              "rotation": [
                0.0,
                0.0,
                10.0
              ],
              "uv": [
                4,
                10
              ],
              "inflate": 0
            },
            {
              "origin": [
                -1.50373,
                14.78586,
                0.0
              ],
              "size": [
                1.0,
                1.0,
                1.0
              ],
              "pivot": [
                -1.00373,
                15.28586,
                0.5
              ],
              "rotation": [
                0.0,
                0.0,
                10.0
              ],
              "uv": [
                7,
                9
              ],
              "inflate": 0
            },
            {
              "origin": [
                1.70116,
                17.06625,
                0.0
              ],
              "size": [
                1.0,
                1.0,
                1.0
              ],
              "pivot": [
                2.20116,
                17.56625,
                0.5
              ],
              "rotation": [
                0.0,
                0.0,
                -20.0
              ],
              "uv": [
                10,
                10
              ],
              "inflate": 0
            },
            {
              "origin": [
                1.70116,
                15.06625,
                0.0
              ],
              "size": [
                1.0,
                1.0,
                1.0
              ],
              "pivot": [
                2.20116,
                15.56625,
                0.5
              ],
              "rotation": [
                0.0,
                0.0,
                -20.0
              ],
              "uv": [
                4,
                8
              ],
              "inflate": 0
            },
            {
              "origin": [
                -2.55016,
                17.06625,
                0.0
              ],
              "size": [
                1.0,
                1.0,
                1.0
              ],
              "pivot": [
                -2.05016,
                17.56625,
                0.5
              ],
              "rotation": [
                0.0,
                0.0,
                20.0
              ],
              "uv": [
                10,
                2
              ],
              "inflate": 0
            },
            {
              "origin": [
                -2.55016,
                15.06625,
                0.0
              ],
              "size": [
                1.0,
                1.0,
                1.0
              ],
              "pivot": [
                -2.05016,
                15.56625,
                0.5
              ],
              "rotation": [
                0.0,
                0.0,
                20.0
              ],
              "uv": [
                8,
                0
              ],
              "inflate": 0
            },
            {
              "origin": [
                2.68301,
                17.52409,
                0.0
              ],
              "size": [
                1.0,
                1.0,
                1.0
              ],
              "pivot": [
                3.18301,
                18.02409,
                0.5
              ],
              "rotation": [
                0.0,
                0.0,
                -30.0
              ],
              "uv": [
                10,
                8
              ],
              "inflate": 0
            },
            {
              "origin": [
                2.68301,
                15.52409,
                0.0
              ],
              "size": [
                1.0,
                1.0,
                1.0
              ],
              "pivot": [
                3.18301,
                16.02409,
                0.5
              ],
              "rotation": [
                0.0,
                0.0,
                -30.0
              ],
              "uv": [
                7,
                7
              ],
              "inflate": 0
            },
            {
              "origin": [
                -3.53201,
                17.52409,
                0.0
              ],
              "size": [
                1.0,
                1.0,
                1.0
              ],
              "pivot": [
                -3.03201,
                18.02409,
                0.5
              ],
              "rotation": [
                0.0,
                0.0,
                30.0
              ],
              "uv": [
                0,
                8
              ],
              "inflate": 0
            },
            {
              "origin": [
                -3.53201,
                15.52409,
                0.0
              ],
              "size": [
                1.0,
                1.0,
                1.0
              ],
              "pivot": [
                -3.03201,
                16.02409,
                0.5
              ],
              "rotation": [
                0.0,
                0.0,
                30.0
              ],
              "uv": [
                7,
                3
              ],
              "inflate": 0
            }
          ]
        }
      ]
    }
  ]
}