{
  "resource_pack_name": "vanilla",
  "texture_name": "atlas.items",
  "texture_data": {
    "egg_camel": {
      "textures": "textures/items/egg_camel"
    },
    "egg_lion": {
      "textures": "textures/items/egg_lion"
    },
    "egg_penguin": {
      "textures": "textures/items/egg_penguin"
    },
    "egg_tiger": {
      "textures": "textures/items/egg_tiger"
    },
    "egg_elephant": {
      "textures": "textures/items/egg_elephant"
    },
    "egg_deer": {
      "textures": "textures/items/egg_deer"
    },
    "egg_panther": {
      "textures": "textures/items/egg_panther"
    },
    "egg_frog": {
      "textures": "textures/items/egg_frog"
    },
    "egg_crocodile": {
      "textures": "textures/items/egg_crocodile"
    },
    "egg_mouse": {
      "textures": "textures/items/egg_mouse"
    },
    "gallardo": {
      "textures": "textures/items/gallardo"
    },
    "bench": {
      "textures": "textures/items/bench"
    },
    "christmas_tree": {
      "textures": "textures/items/christmas_tree"
    },
    "tivi": {
      "textures": "textures/items/tivi"
    },
    "closet": {
      "textures": "textures/items/closet"
    },
    "laptop": {
      "textures": "textures/items/laptop"
    },
    "piano": {
      "textures": "textures/items/piano"
    },
    "armchairs": {
      "textures": "textures/items/armchairs"
    },
    "chair": {
      "textures": "textures/items/chair"
    },
    "big_table": {
      "textures": "textures/items/big_table"
    },
    "small_table": {
      "textures": "textures/items/small_table"
    },
    "drone": {
      "textures": "textures/items/drone"
    },
    "colorful_gifts": {
      "textures": "textures/items/colorful_gifts"
    },
    "br_hazmat_suit": {
      "textures": [
        "textures/items/pamobile/br_hazmat_suit"
      ]
    },
    "br:almond_water": {
      "textures": "textures/items/pamobile/br_almond_water"
    },
    "br:spider_legs": {
      "textures": "textures/items/pamobile/br_spider_legs"
    },
    "br:game_master": {
      "textures": "textures/items/pamobile/br_game_master"
    },
    "br:skin_stealer": {
      "textures": "textures/items/pamobile/br_skin_stealer"
    },
    "br:entity": {
      "textures": "textures/items/pamobile/br_entity"
    },
    "br:hound": {
      "textures": "textures/items/pamobile/br_hound"
    },
    "br:the_drowned_one": {
      "textures": "textures/items/pamobile/br_the_drowned_one"
    },
    "br:the_bacteria": {
      "textures": "textures/items/pamobile/br_the_bacteria"
    },
    "br:windows": {
      "textures": "textures/items/pamobile/br_windows"
    },
    "br:red_kins": {
      "textures": "textures/items/pamobile/br_red_kins"
    },
    "br:facelings": {
      "textures": "textures/items/pamobile/br_facelings"
    },
    "br:partygoers": {
      "textures": "textures/items/pamobile/br_partygoers"
    },
    "br:smiler": {
      "textures": "textures/items/pamobile/br_smiler"
    },
    "br:deathmoths": {
      "textures": "textures/items/pamobile/br_deathmoths"
    },
    "br:clumps": {
      "textures": "textures/items/pamobile/br_clumps"
    },
    "br:wretch": {
      "textures": "textures/items/pamobile/br_wretch"
    },
    "br:bone_thives": {
      "textures": "textures/items/pamobile/br_bone_thives"
    }
  }
}