{
  "resource_pack_name": "vanilla",
  "texture_name": "atlas.terrain",
  "padding": 8,
  "num_mip_levels": 4,
  "texture_data": {
    "br_block0_up": {
      "textures": "textures/blocks/br_block0_up"
    },
    "br_floor0_up": {
      "textures": "textures/blocks/br_floor0_up"
    },
    "br_level1block_up": {
      "textures": "textures/blocks/br_level1block_up"
    },
    "br_level5block_up": {
      "textures": "textures/blocks/br_level5block_up"
    },
    "br_crater_up": {
      "textures": "textures/blocks/br_crater_up"
    },
    "br_crater_down": {
      "textures": "textures/blocks/br_crater_down"
    },
    "br_level1block_down": {
      "textures": "textures/blocks/br_level1block_down"
    },
    "br_floor0_down": {
      "textures": "textures/blocks/br_floor0_down"
    },
    "br_block0_down": {
      "textures": "textures/blocks/br_block0_down"
    },
    "br_level5block_down": {
      "textures": "textures/blocks/br_level5block_down"
    },
    "br_pipe": {
      "textures": [
        "textures/blocks/br_pipe"
      ]
    },
    "br_crater_north": {
      "textures": "textures/blocks/br_crater_north"
    },
    "br_level1block_north": {
      "textures": "textures/blocks/br_level1block_north"
    },
    "br_floor0_north": {
      "textures": "textures/blocks/br_floor0_north"
    },
    "br_block0_north": {
      "textures": "textures/blocks/br_block0_north"
    },
    "br_level5block_north": {
      "textures": "textures/blocks/br_level5block_north"
    },
    "br_crater_south": {
      "textures": "textures/blocks/br_crater_south"
    },
    "br_level1block_south": {
      "textures": "textures/blocks/br_level1block_south"
    },
    "br_crater_east": {
      "textures": "textures/blocks/br_crater_east"
    },
    "br_floor0_south": {
      "textures": "textures/blocks/br_floor0_south"
    },
    "br_block0_south": {
      "textures": "textures/blocks/br_block0_south"
    },
    "br_level5block_south": {
      "textures": "textures/blocks/br_level5block_south"
    },
    "br_crater_west": {
      "textures": "textures/blocks/br_crater_west"
    },
    "br_level1block_east": {
      "textures": "textures/blocks/br_level1block_east"
    },
    "br_floor0_east": {
      "textures": "textures/blocks/br_floor0_east"
    },
    "br_block0_east": {
      "textures": "textures/blocks/br_block0_east"
    },
    "br_level5block_east": {
      "textures": "textures/blocks/br_level5block_east"
    },
    "br_level1block_west": {
      "textures": "textures/blocks/br_level1block_west"
    },
    "br_floor0_west": {
      "textures": "textures/blocks/br_floor0_west"
    },
    "br_block0_west": {
      "textures": "textures/blocks/br_block0_west"
    },
    "br_level5block_west": {
      "textures": "textures/blocks/br_level5block_west"
    }
  }
}