{
  "format_version": "1.17.100",
  "minecraft:item": {
    "description": {
      "identifier": "wesl3y:skill_doctor",
      "category": "items"
    },
    "components": {
      "minecraft:use_duration":1,
      "minecraft:use_animation":"eat",
      "minecraft:max_stack_size": 1,
      "minecraft:icon": {
        "texture": "skill_doctor"
      },
      "minecraft:display_name": {
        "value": "§7Doctor\n§7(Hold to Use)"
      },
	  "minecraft:cooldown": {
		"category": "skill",
		"duration": 10.0
	  },
      "minecraft:on_use": {
        "on_use": {
          "event": "wg",
          "target": "self"
        }
      },
      "minecraft:render_offsets": {}
    },
    "events": {
      "wg": {
        "run_command": {
          "command": [
            "effect @e[r=5] regeneration 5 2 true",
            "effect @e[r=5] saturation 5 2 true"
          ]
		}
	  }
	}
  }
}