{
  "format_version": "1.17.100",
  "minecraft:item": {
    "description": {
      "identifier": "wesl3y:skill_archaeologist",
      "category": "items"
    },
    "components": {
      "minecraft:use_duration":1,
      "minecraft:use_animation":"eat",
      "minecraft:max_stack_size": 1,
      "minecraft:icon": {
        "texture": "skill_archaeologist"
      },
      "minecraft:display_name": {
        "value": "§7Archaeologist\n§7(Hold to Use)"
      },
	  "minecraft:cooldown": {
		"category": "skill",
		"duration": 2.0
	  },
      "minecraft:on_use": {
        "on_use": {
          "event": "wg",
          "target": "self"
        }
      },
      "minecraft:render_offsets": {}
    },
    "events": {
      "wg": {
        "run_command": {
          "command": [
            "summon wesl3y:menu ~~~ wg:archaeologist"
          ]
		}
	  }
	}
  }
}