{
  "format_version": "1.17.100",
  "minecraft:item": {
    "description": {
      "identifier": "wesl3y:skill_browser",
      "category": "items"
    },
    "components": {
      "minecraft:use_duration":1,
      "minecraft:use_animation":"eat",
      "minecraft:max_stack_size": 1,
      "minecraft:icon": {
        "texture": "skill_browser"
      },
      "minecraft:display_name": {
        "value": "§7Browser\n§7(Hold to Use)"
      },
	  "minecraft:cooldown": {
		"category": "skill",
		"duration": 10.0
	  },
      "minecraft:on_use": {
        "on_use": {
          "event": "wg",
          "target": "self"
        }
      },
      "minecraft:render_offsets": {}
    },
    "events": {
      "wg": {
        "run_command": {
          "command": [
            "execute @e[rm=1,r=50,family=npc] ~~~ scoreboard players add \"npc\" mobs 1",
            "tellraw @s{\"rawtext\":[{\"text\":\"§l§rNpc 50 blocks: \"},{\"score\":{\"name\":\"npc\",\"objective\":\"mobs\"}}]}",
            "scoreboard players set \"npc\" mobs 0"
          ]
		}
	  }
	}
  }
}