{
  "format_version": "1.17.100",
  "minecraft:npc_dialogue": {
	"scenes": [
	  {
		"scene_tag": "custom1",
		"npc_name": {
		  "rawtext": [
		    { "text": "§0Race" }
		  ]
		},
		"text": {
		  "rawtext": [
			{ "text": "" }
		  ]
		},
		"buttons": [
		  {
			"name": {
			  "rawtext": [
			    { "text": "§0Human" }
			  ]
			},
			"commands": [
			  "scoreboard players set @initiator health_stats 2",
			  "scoreboard players set @initiator strength 2",
			  "scoreboard players set @initiator speed 1",
			  "scoreboard players set @initiator jump 1",
			  "dialogue open @s @initiator custom_human",
			  "tag @initiator add human"
		    ]
		  },
		  {
			"name": {
			  "rawtext": [
			    { "text": "§0Mink" }
			  ]
			},
			"commands": [
			  "scoreboard players set @initiator health_stats 2",
			  "scoreboard players set @initiator strength 2",
			  "scoreboard players set @initiator speed 1",
			  "scoreboard players set @initiator jump 5",
			  "dialogue open @s @initiator custom_mink"
		    ]
		  },
		  {
			"name": {
			  "rawtext": [
			    { "text": "§0Dwarf" }
			  ]
			},
			"commands": [
			  "scoreboard players set @initiator health_stats 2",
			  "scoreboard players set @initiator strength 2",
			  "scoreboard players set @initiator speed 5",
			  "scoreboard players set @initiator jump 1",
			  "dialogue open @s @initiator custom_dwarf",
			  "tag @initiator add dwarf"
		    ]
		  },
		  {
			"name": {
			  "rawtext": [
			    { "text": "§0Skypiea" }
			  ]
			},
			"commands": [
			  "scoreboard players set @initiator health_stats 2",
			  "scoreboard players set @initiator strength 2",
			  "scoreboard players set @initiator speed 1",
			  "scoreboard players set @initiator jump 5",
			  "dialogue open @s @initiator custom_skypiea",
			  "tag @initiator add skypiea"
		    ]
		  },
		  {
			"name": {
			  "rawtext": [
			    { "text": "§0Fishman" }
			  ]
			},
			"commands": [
			  "scoreboard players set @initiator health_stats 4",
			  "scoreboard players set @initiator strength 4",
			  "scoreboard players set @initiator speed 2",
			  "scoreboard players set @initiator jump 2",
			  "dialogue open @s @initiator custom_fishman",
			  "tag @initiator add fishman"
		    ]
		  }
		]
	  },
	  {
		"scene_tag": "custom_human",
		"npc_name": {
		  "rawtext": [
		    { "text": "§0Race Human" }
		  ]
		},
		"text": {
		  "rawtext": [
			{ "text": "" }
		  ]
		},
		"buttons": [
		  {
			"name": {
			  "rawtext": [
			    { "text": "§0Man" }
			  ]
			},
			"commands": [
			  "dialogue open @s @initiator custom2",
			  "event entity @initiator wesl3y:man",
			  "event entity @initiator wesl3y:human"
		    ]
		  },
		  {
			"name": {
			  "rawtext": [
			    { "text": "§0Woman" }
			  ]
			},
			"commands": [
			  "dialogue open @s @initiator custom2",
			  "event entity @initiator wesl3y:woman",
			  "event entity @initiator wesl3y:human"
		    ]
		  }
		]
	  },
	  {
		"scene_tag": "custom_dwarf",
		"npc_name": {
		  "rawtext": [
		    { "text": "§0Race Dwarf" }
		  ]
		},
		"text": {
		  "rawtext": [
			{ "text": "" }
		  ]
		},
		"buttons": [
		  {
			"name": {
			  "rawtext": [
			    { "text": "§0Man" }
			  ]
			},
			"commands": [
			  "dialogue open @s @initiator custom2",
			  "event entity @initiator wesl3y:man",
			  "event entity @initiator wesl3y:dwarf"
		    ]
		  },
		  {
			"name": {
			  "rawtext": [
			    { "text": "§0Woman" }
			  ]
			},
			"commands": [
			  "dialogue open @s @initiator custom2",
			  "event entity @initiator wesl3y:woman",
			  "event entity @initiator wesl3y:dwarf"
		    ]
		  }
		]
	  },
	  {
		"scene_tag": "custom_fishman",
		"npc_name": {
		  "rawtext": [
		    { "text": "§0Race Fishman" }
		  ]
		},
		"text": {
		  "rawtext": [
			{ "text": "" }
		  ]
		},
		"buttons": [
		  {
			"name": {
			  "rawtext": [
			    { "text": "§0Man" }
			  ]
			},
			"commands": [
			  "dialogue open @s @initiator custom2",
			  "event entity @initiator wesl3y:man",
			  "event entity @initiator wesl3y:fishman"
		    ]
		  },
		  {
			"name": {
			  "rawtext": [
			    { "text": "§0Woman" }
			  ]
			},
			"commands": [
			  "dialogue open @s @initiator custom2",
			  "event entity @initiator wesl3y:woman",
			  "event entity @initiator wesl3y:fishman"
		    ]
		  }
		]
	  },
	  {
		"scene_tag": "custom_mink",
		"npc_name": {
		  "rawtext": [
		    { "text": "§0Race Mink" }
		  ]
		},
		"text": {
		  "rawtext": [
			{ "text": "" }
		  ]
		},
		"buttons": [
		  {
			"name": {
			  "rawtext": [
			    { "text": "§0Man" }
			  ]
			},
			"commands": [
			  "dialogue open @s @initiator custom2",
			  "event entity @initiator wesl3y:man",
			  "event entity @initiator wesl3y:mink_rabbit",
			  "tag @initiator add mink_rabbit"
		    ]
		  },
		  {
			"name": {
			  "rawtext": [
			    { "text": "§0Woman" }
			  ]
			},
			"commands": [
			  "dialogue open @s @initiator custom2",
			  "event entity @initiator wesl3y:woman",
			  "event entity @initiator wesl3y:mink_rabbit",
			  "tag @initiator add mink_"
		    ]
		  },
		  {
			"name": {
			  "rawtext": [
			    { "text": "§0Man" }
			  ]
			},
			"commands": [
			  "dialogue open @s @initiator custom2",
			  "event entity @initiator wesl3y:man",
			  "event entity @initiator wesl3y:mink_dog",
			  "tag @initiator add mink_dog"
		    ]
		  },
		  {
			"name": {
			  "rawtext": [
			    { "text": "§0Woman" }
			  ]
			},
			"commands": [
			  "dialogue open @s @initiator custom2",
			  "event entity @initiator wesl3y:woman",
			  "event entity @initiator wesl3y:mink_dog",
			  "tag @initiator add mink_dog"
		    ]
		  }
		]
	  },
	  {
		"scene_tag": "custom_skypiea",
		"npc_name": {
		  "rawtext": [
		    { "text": "§0Race Skypiea" }
		  ]
		},
		"text": {
		  "rawtext": [
			{ "text": "" }
		  ]
		},
		"buttons": [
		  {
			"name": {
			  "rawtext": [
			    { "text": "§0Man" }
			  ]
			},
			"commands": [
			  "dialogue open @s @initiator custom2",
			  "event entity @initiator wesl3y:man",
			  "event entity @initiator wesl3y:skypiea"
		    ]
		  },
		  {
			"name": {
			  "rawtext": [
			    { "text": "§0Woman" }
			  ]
			},
			"commands": [
			  "dialogue open @s @initiator custom2",
			  "event entity @initiator wesl3y:woman",
			  "event entity @initiator wesl3y:skypiea"
		    ]
		  }
		]
	  },
	  {
		"scene_tag": "custom2",
		"npc_name": {
		  "rawtext": [
		    { "text": "§0Professions" }
		  ]
		},
		"text": {
		  "rawtext": [
			{ "text": "" }
		  ]
		},
		"buttons": [
		  {
			"name": {
			  "rawtext": [
			    { "text": "§0Null" }
			  ]
			},
			"commands": [
			  "tag @initiator add profession_null",
			  "dialogue open @s @initiator custom3"
		    ]
		  },
		  {
			"name": {
			  "rawtext": [
			    { "text": "§0Chef" }
			  ]
			},
			"commands": [
			  "tag @initiator add chef",
			  "dialogue open @s @initiator custom3"
		    ]
		  },
		  {
			"name": {
			  "rawtext": [
			    { "text": "§0Archeology" }
			  ]
			},
			"commands": [
			  "tag @initiator add archaeologist",
			  "give @initiator wesl3y:skill_archaeologist 1 0 {\"item_lock\": {\"mode\": \"lock_in_inventory\"},\"keep_on_death\":{}}",
			  "dialogue open @s @initiator custom3"
		    ]
		  },
		  {
			"name": {
			  "rawtext": [
			    { "text": "§0Doctor" }
			  ]
			},
			"commands": [
			  "tag @initiator add doctor",
			  "give @initiator wesl3y:skill_doctor 1 0 {\"item_lock\": {\"mode\": \"lock_in_inventory\"},\"keep_on_death\":{}}",
			  "dialogue open @s @initiator custom3"
		    ]
		  },
		  {
			"name": {
			  "rawtext": [
			    { "text": "§0Builder" }
			  ]
			},
			"commands": [
			  "tag @initiator add shipbuilder",
			  "dialogue open @s @initiator custom3"
		    ]
		  },
		  {
			"name": {
			  "rawtext": [
			    { "text": "§0Browser" }
			  ]
			},
			"commands": [
			  "tag @initiator add browser",
			  "give @initiator wesl3y:skill_browser 1 0 {\"item_lock\": {\"mode\": \"lock_in_inventory\"},\"keep_on_death\":{}}",
			  "dialogue open @s @initiator custom3"
		    ]
		  }
		]
	  },
	  {
		"scene_tag": "custom3",
		"npc_name": {
		  "rawtext": [
		    { "text": "§0Faction" }
		  ]
		},
		"text": {
		  "rawtext": [
			{ "text": "" }
		  ]
		},
		"buttons": [
		  {
			"name": {
			  "rawtext": [
			    { "text": "§0Null" }
			  ]
			},
			"commands": [
			  "tag @initiator add faction_null",
			  "tag @initiator add custom",
			  "execute @initiator ~~~ function tell/custom"
		    ]
		  },
		  {
			"name": {
			  "rawtext": [
			    { "text": "§0Pirate" }
			  ]
			},
			"commands": [
			  "tag @initiator add pirate",
			  "tag @initiator add pirate0",
			  "tag @initiator add custom",
			  "give @initiator wesl3y:wanted",
			  "execute @initiator ~~~ function tell/custom"
		    ]
		  },
		  {
			"name": {
			  "rawtext": [
			    { "text": "§0Bounty" }
			  ]
			},
			"commands": [
			  "tag @initiator add bounty_hunter",
			  "tag @initiator add bounty_hunter0",
			  "tag @initiator add custom",
			  "execute @initiator ~~~ function tell/custom"
		    ]
		  },
		  {
			"name": {
			  "rawtext": [
			    { "text": "§0Revolucionary" }
			  ]
			},
			"commands": [
			  "tag @initiator add revolutionary",
			  "tag @initiator add revolutionary0",
			  "tag @initiator add custom",
			  "execute @initiator ~~~ function tell/custom"
		    ]
		  },
		  {
			"name": {
			  "rawtext": [
			    { "text": "§0Marine" }
			  ]
			},
			"commands": [
			  "tag @initiator add marine",
			  "tag @initiator add marine0",
			  "tag @initiator add custom",
			  "give @initiator wesl3y:marine_clothes",
			  "execute @initiator ~~~ function tell/custom"
		    ]
		  }
		]
	  }
	]
  }
}