{
  "format_version": "1.17.100",
  "minecraft:npc_dialogue": {
	"scenes": [
	  {
		"scene_tag": "inf0",
		"npc_name": {
		  "rawtext": [
		    { "text": "Menu" }
		  ]
		},
		"text": {
		  "rawtext": [
			{ "text": "" }
		  ]
		},
		"buttons": [
		  {
			"name": {
			  "rawtext": [
			    { "text": "§0Fruit" }
			  ]
			},
			"commands": [
			  "tellraw @initiator[tag=!fruit] {\"rawtext\":[{\"translate\":\"dialogue.no_fruit\"}]}",
			  "dialogue open @s @initiator[tag=bara_fruit] bara_fruit",
			  "dialogue open @s @initiator[tag=bomu_fruit] bomu_fruit",
			  "dialogue open @s @initiator[tag=doru_fruit] doru_fruit",
			  "dialogue open @s @initiator[tag=gomu_fruit] gomu_fruit",
			  "dialogue open @s @initiator[tag=gura_fruit] gura_fruit",
			  "dialogue open @s @initiator[tag=hana_fruit] hana_fruit",
			  "dialogue open @s @initiator[tag=hito_human_fruit] hito_human_fruit",
			  "dialogue open @s @initiator[tag=kilo_fruit] kilo_fruit",
			  "dialogue open @s @initiator[tag=magu_fruit] magu_fruit",
			  "dialogue open @s @initiator[tag=mera_fruit] mera_fruit",
			  "dialogue open @s @initiator[tag=mogu_mole_fruit] mogu_mole_fruit",
			  "dialogue open @s @initiator[tag=suna_fruit] suna_fruit",
			  "dialogue open @s @initiator[tag=tori_phoenix_fruit] tori_phoenix_fruit",
			  "dialogue open @s @initiator[tag=uo_dragon_fruit] uo_dragon_fruit"
		    ]
		  },
		  {
			"name": {
			  "rawtext": [
			    { "text": "§0Style" }
			  ]
			},
			"commands": [
			  "tellraw @initiator[tag=!black_leg,tag=!shooter,tag=!swordman] {\"rawtext\":[{\"translate\":\"dialogue.no_style\"}]}",
			  "dialogue open @s @initiator[tag=black_leg] black_leg",
			  "dialogue open @s @initiator[tag=shooter] shooter",
			  "dialogue open @s @initiator[tag=swordman] swordman"
		    ]
		  },
		  {
			"name": {
			  "rawtext": [
			    { "text": "§0Addon" }
			  ]
			},
			"commands": [
			  "dialogue open @s @initiator inf1"
		    ]
		  },
		  {
			"name": {
			  "rawtext": [
			    { "text": "§0<" }
			  ]
			},
			"commands": [
			  "dialogue open @s @initiator menu0"
		    ]
		  }
		]
	  },
	  {
		"scene_tag": "inf1",
		"npc_name": {
		  "rawtext": [
		    { "text": "Npc" }
		  ]
		},
		"text": {
		  "rawtext": [
			{ "text": "§l\n"},
			{ "translate": "dialogue.inf0"},
			{ "text": "§r§f\n"},
			{ "translate": "dialogue.inf1"},
			{ "text": "§f\n"},
			{ "translate": "dialogue.inf2"},
			{ "text": "§f\n"},
			{ "translate": "dialogue.inf3"},
			{ "text": "§f\n"},
			{ "translate": "dialogue.inf4"},
			{ "text": "§f\n"},
			{ "translate": "dialogue.inf5"},
			{ "text": "§f\n"},
			{ "translate": "dialogue.inf6"},
			{ "text": "§f\n"},
			{ "translate": "dialogue.inf7"},
			{ "text": "§f\n"},
			{ "translate": "dialogue.inf8"},
			{ "text": "§f\n"},
			{ "translate": "dialogue.inf9"},
			{ "text": "§f\n"},
			{ "translate": "dialogue.inf10"},
			{ "text": "§f\n"},
			{ "translate": "dialogue.inf11"}
		  ]
		},
		"buttons": [
		  {
			"name": {
			  "rawtext": [
			    { "text": "§0<" }
			  ]
			},
			"commands": [
			  "dialogue open @s @initiator inf0"
		    ]
		  }
		]
	  },
	  {
		"scene_tag": "bara_fruit",
		"npc_name": {
		  "rawtext": [
		    { "text": "Npc" }
		  ]
		},
		"text": {
		  "rawtext": [
			{ "translate": "dialogue.inf.bara1" },
			{ "text": "\n\n§a" },
			{ "translate": "dialogue.inf.bara2" },
			{ "text": "\n§a" },
			{ "translate": "dialogue.inf.bara3" },
			{ "text": "\n§a" },
			{ "translate": "dialogue.inf.bara4" }
		  ]
		},
		"buttons": [
		  {
			"name": {
			  "rawtext": [
			    { "text": "§0<" }
			  ]
			},
			"commands": [
			  "dialogue open @s @initiator inf0"
		    ]
		  }
		]
	  },
	  {
		"scene_tag": "bomu_fruit",
		"npc_name": {
		  "rawtext": [
		    { "text": "Npc" }
		  ]
		},
		"text": {
		  "rawtext": [
			{ "translate": "dialogue.inf.bomu1" },
			{ "text": "\n\n§a" },
			{ "translate": "dialogue.inf.bomu2" },
			{ "text": "\n§a" },
			{ "translate": "dialogue.inf.bomu3" },
			{ "text": "\n§a" },
			{ "translate": "dialogue.inf.bomu4" }
		  ]
		},
		"buttons": [
		  {
			"name": {
			  "rawtext": [
			    { "text": "§0<" }
			  ]
			},
			"commands": [
			  "dialogue open @s @initiator inf0"
		    ]
		  }
		]
	  },
	  {
		"scene_tag": "doru_fruit",
		"npc_name": {
		  "rawtext": [
		    { "text": "Npc" }
		  ]
		},
		"text": {
		  "rawtext": [
			{ "translate": "dialogue.inf.doru1" },
			{ "text": "\n\n§a" },
			{ "translate": "dialogue.inf.doru2" },
			{ "text": "\n§a" },
			{ "translate": "dialogue.inf.doru3" },
			{ "text": "\n§a" },
			{ "translate": "dialogue.inf.doru4" }
		  ]
		},
		"buttons": [
		  {
			"name": {
			  "rawtext": [
			    { "text": "§0<" }
			  ]
			},
			"commands": [
			  "dialogue open @s @initiator inf0"
		    ]
		  }
		]
	  },
	  {
		"scene_tag": "gomu_fruit",
		"npc_name": {
		  "rawtext": [
		    { "text": "Npc" }
		  ]
		},
		"text": {
		  "rawtext": [
			{ "translate": "dialogue.inf.gomu1" },
			{ "text": "\n\n§a" },
			{ "translate": "dialogue.inf.gomu2" },
			{ "text": "\n§a" },
			{ "translate": "dialogue.inf.gomu3" },
			{ "text": "\n§a" },
			{ "translate": "dialogue.inf.gomu4" }
		  ]
		},
		"buttons": [
		  {
			"name": {
			  "rawtext": [
			    { "text": "§0<" }
			  ]
			},
			"commands": [
			  "dialogue open @s @initiator inf0"
		    ]
		  }
		]
	  },
	  {
		"scene_tag": "gura_fruit",
		"npc_name": {
		  "rawtext": [
		    { "text": "Npc" }
		  ]
		},
		"text": {
		  "rawtext": [
			{ "translate": "dialogue.inf.gura1" },
			{ "text": "\n\n§a" },
			{ "translate": "dialogue.inf.gura2" },
			{ "text": "\n§a" },
			{ "translate": "dialogue.inf.gura3" },
			{ "text": "\n§a" },
			{ "translate": "dialogue.inf.gura4" }
		  ]
		},
		"buttons": [
		  {
			"name": {
			  "rawtext": [
			    { "text": "§0<" }
			  ]
			},
			"commands": [
			  "dialogue open @s @initiator inf0"
		    ]
		  }
		]
	  },
	  {
		"scene_tag": "hana_fruit",
		"npc_name": {
		  "rawtext": [
		    { "text": "Npc" }
		  ]
		},
		"text": {
		  "rawtext": [
			{ "translate": "dialogue.inf.hana1" },
			{ "text": "\n\n§a" },
			{ "translate": "dialogue.inf.hana2" },
			{ "text": "\n§a" },
			{ "translate": "dialogue.inf.hana3" },
			{ "text": "\n§a" },
			{ "translate": "dialogue.inf.hana4" }
		  ]
		},
		"buttons": [
		  {
			"name": {
			  "rawtext": [
			    { "text": "§0<" }
			  ]
			},
			"commands": [
			  "dialogue open @s @initiator inf0"
		    ]
		  }
		]
	  },
	  {
		"scene_tag": "hito_human_fruit",
		"npc_name": {
		  "rawtext": [
		    { "text": "Npc" }
		  ]
		},
		"text": {
		  "rawtext": [
			{ "translate": "dialogue.inf.hito_human1" },
			{ "text": "\n\n§a" },
			{ "translate": "dialogue.inf.hito_human2" },
			{ "text": "\n§a" },
			{ "translate": "dialogue.inf.hito_human3" },
			{ "text": "\n§a" },
			{ "translate": "dialogue.inf.hito_human4" }
		  ]
		},
		"buttons": [
		  {
			"name": {
			  "rawtext": [
			    { "text": "§0<" }
			  ]
			},
			"commands": [
			  "dialogue open @s @initiator inf0"
		    ]
		  }
		]
	  },
	  {
		"scene_tag": "kilo_fruit",
		"npc_name": {
		  "rawtext": [
		    { "text": "Npc" }
		  ]
		},
		"text": {
		  "rawtext": [
			{ "translate": "dialogue.inf.kilo1" },
			{ "text": "\n\n§a" },
			{ "translate": "dialogue.inf.kilo2" },
			{ "text": "\n§a" },
			{ "translate": "dialogue.inf.kilo3" },
			{ "text": "\n§a" },
			{ "translate": "dialogue.inf.kilo4" }
		  ]
		},
		"buttons": [
		  {
			"name": {
			  "rawtext": [
			    { "text": "§0<" }
			  ]
			},
			"commands": [
			  "dialogue open @s @initiator inf0"
		    ]
		  }
		]
	  },
	  {
		"scene_tag": "magu_fruit",
		"npc_name": {
		  "rawtext": [
		    { "text": "Npc" }
		  ]
		},
		"text": {
		  "rawtext": [
			{ "translate": "dialogue.inf.magu1" },
			{ "text": "\n\n§a" },
			{ "translate": "dialogue.inf.magu2" },
			{ "text": "\n§a" },
			{ "translate": "dialogue.inf.magu3" },
			{ "text": "\n§a" },
			{ "translate": "dialogue.inf.magu4" }
		  ]
		},
		"buttons": [
		  {
			"name": {
			  "rawtext": [
			    { "text": "§0<" }
			  ]
			},
			"commands": [
			  "dialogue open @s @initiator inf0"
		    ]
		  }
		]
	  },
	  {
		"scene_tag": "mera_fruit",
		"npc_name": {
		  "rawtext": [
		    { "text": "Npc" }
		  ]
		},
		"text": {
		  "rawtext": [
			{ "translate": "dialogue.inf.mera1" },
			{ "text": "\n\n§a" },
			{ "translate": "dialogue.inf.mera2" },
			{ "text": "\n§a" },
			{ "translate": "dialogue.inf.mera3" },
			{ "text": "\n§a" },
			{ "translate": "dialogue.inf.mera4" }
		  ]
		},
		"buttons": [
		  {
			"name": {
			  "rawtext": [
			    { "text": "§0<" }
			  ]
			},
			"commands": [
			  "dialogue open @s @initiator inf0"
		    ]
		  }
		]
	  },
	  {
		"scene_tag": "mogu_mole_fruit",
		"npc_name": {
		  "rawtext": [
		    { "text": "Npc" }
		  ]
		},
		"text": {
		  "rawtext": [
			{ "translate": "dialogue.inf.mogu_mole1" },
			{ "text": "\n\n§a" },
			{ "translate": "dialogue.inf.mogu_mole2" },
			{ "text": "\n§a" },
			{ "translate": "dialogue.inf.mogu_mole3" },
			{ "text": "\n§a" },
			{ "translate": "dialogue.inf.mogu_mole4" }
		  ]
		},
		"buttons": [
		  {
			"name": {
			  "rawtext": [
			    { "text": "§0<" }
			  ]
			},
			"commands": [
			  "dialogue open @s @initiator inf0"
		    ]
		  }
		]
	  },
	  {
		"scene_tag": "suna_fruit",
		"npc_name": {
		  "rawtext": [
		    { "text": "Npc" }
		  ]
		},
		"text": {
		  "rawtext": [
			{ "translate": "dialogue.inf.suna1" },
			{ "text": "\n\n§a" },
			{ "translate": "dialogue.inf.suna2" },
			{ "text": "\n§a" },
			{ "translate": "dialogue.inf.suna3" },
			{ "text": "\n§a" },
			{ "translate": "dialogue.inf.suna4" }
		  ]
		},
		"buttons": [
		  {
			"name": {
			  "rawtext": [
			    { "text": "§0<" }
			  ]
			},
			"commands": [
			  "dialogue open @s @initiator inf0"
		    ]
		  }
		]
	  },
	  {
		"scene_tag": "tori_phoenix_fruit",
		"npc_name": {
		  "rawtext": [
		    { "text": "Npc" }
		  ]
		},
		"text": {
		  "rawtext": [
			{ "translate": "dialogue.inf.tori_phoenix1" },
			{ "text": "\n\n§a" },
			{ "translate": "dialogue.inf.tori_phoenix2" },
			{ "text": "\n§a" },
			{ "translate": "dialogue.inf.tori_phoenix3" },
			{ "text": "\n§a" },
			{ "translate": "dialogue.inf.tori_phoenix4" }
		  ]
		},
		"buttons": [
		  {
			"name": {
			  "rawtext": [
			    { "text": "§0<" }
			  ]
			},
			"commands": [
			  "dialogue open @s @initiator inf0"
		    ]
		  }
		]
	  },
	  {
		"scene_tag": "uo_dragon_fruit",
		"npc_name": {
		  "rawtext": [
		    { "text": "Npc" }
		  ]
		},
		"text": {
		  "rawtext": [
			{ "translate": "dialogue.inf.uo_dragon1" },
			{ "text": "\n\n§a" },
			{ "translate": "dialogue.inf.uo_dragon2" },
			{ "text": "\n§a" },
			{ "translate": "dialogue.inf.uo_dragon3" },
			{ "text": "\n§a" },
			{ "translate": "dialogue.inf.uo_dragon4" }
		  ]
		},
		"buttons": [
		  {
			"name": {
			  "rawtext": [
			    { "text": "§0<" }
			  ]
			},
			"commands": [
			  "dialogue open @s @initiator inf0"
		    ]
		  }
		]
	  },
	  {
		"scene_tag": "black_leg",
		"npc_name": {
		  "rawtext": [
		    { "text": "Npc" }
		  ]
		},
		"text": {
		  "rawtext": [
			{ "translate": "dialogue.inf.black_leg1" },
			{ "text": "\n\n§a" },
			{ "translate": "dialogue.inf.black_leg2" },
			{ "text": "\n§a" },
			{ "translate": "dialogue.inf.black_leg3" },
			{ "text": "\n§a" },
			{ "translate": "dialogue.inf.black_leg4" }
		  ]
		},
		"buttons": [
		  {
			"name": {
			  "rawtext": [
			    { "text": "§0<" }
			  ]
			},
			"commands": [
			  "dialogue open @s @initiator inf0"
		    ]
		  },
		  {
			"name": {
			  "rawtext": [
			    { "text": "§0>" }
			  ]
			},
			"commands": [
			  "dialogue open @s @initiator black_leg2"
		    ]
		  }
		]
	  },
	  {
		"scene_tag": "black_leg2",
		"npc_name": {
		  "rawtext": [
		    { "text": "Npc" }
		  ]
		},
		"text": {
		  "rawtext": [
			{ "text": "\n§a" },
			{ "translate": "dialogue.inf.black_leg5" },
			{ "text": "\n§a" },
			{ "translate": "dialogue.inf.black_leg6" },
			{ "text": "\n§a" },
			{ "translate": "dialogue.inf.black_leg7" }
		  ]
		},
		"buttons": [
		  {
			"name": {
			  "rawtext": [
			    { "text": "§0<" }
			  ]
			},
			"commands": [
			  "dialogue open @s @initiator black_leg"
		    ]
		  }
		]
	  },
	  {
		"scene_tag": "shooter",
		"npc_name": {
		  "rawtext": [
		    { "text": "Npc" }
		  ]
		},
		"text": {
		  "rawtext": [
			{ "translate": "dialogue.inf.shooter1" },
			{ "text": "\n\n§a" },
			{ "translate": "dialogue.inf.shooter2" },
			{ "text": "\n§a" },
			{ "translate": "dialogue.inf.shooter3" },
			{ "text": "\n§a" },
			{ "translate": "dialogue.inf.shooter4" }
		  ]
		},
		"buttons": [
		  {
			"name": {
			  "rawtext": [
			    { "text": "§0<" }
			  ]
			},
			"commands": [
			  "dialogue open @s @initiator inf0"
		    ]
		  }
		]
	  },
	  {
		"scene_tag": "swordman",
		"npc_name": {
		  "rawtext": [
		    { "text": "Npc" }
		  ]
		},
		"text": {
		  "rawtext": [
			{ "translate": "dialogue.inf.swordman1" },
			{ "text": "\n\n§a" },
			{ "translate": "dialogue.inf.swordman2" },
			{ "text": "\n§a" },
			{ "translate": "dialogue.inf.swordman3" },
			{ "text": "\n§a" },
			{ "translate": "dialogue.inf.swordman4" }
		  ]
		},
		"buttons": [
		  {
			"name": {
			  "rawtext": [
			    { "text": "§0<" }
			  ]
			},
			"commands": [
			  "dialogue open @s @initiator inf0"
		    ]
		  }
		]
	  }
	]
  }
}