{
  "format_version": "1.17.100",
  "minecraft:npc_dialogue": {
	"scenes": [
	  {
		"scene_tag": "menu0",
		"npc_name": {
		  "rawtext": [
		    { "text": "Menu" }
		  ]
		},
		"text": {
		  "rawtext": [
			{ "text": "" }
		  ]
		},
		"buttons": [
		  {
			"name": {
			  "rawtext": [
			    { "text": "§0Quests" }
			  ]
			},
			"commands": [
			  "execute @initiator[tag=!quest_hakiarm0,tag=!quest_hakiobs0,tag=!quest_blackleg0,tag=!quest_swordman0,tag=!quest_shooter0] ~~~ tellraw @s{\"rawtext\":[{\"translate\":\"dialogue.inf.not_quest\"}]}",
			  "dialogue open @s @initiator[tag=quest_hakiarm0] quests_hakiarm",
			  "dialogue open @s @initiator[tag=quest_hakiobs0] quests_hakiobs",
			  "dialogue open @s @initiator[tag=quest_blackleg0] quests_blackleg",
			  "dialogue open @s @initiator[tag=quest_swordman0] quests_swordman",
			  "dialogue open @s @initiator[tag=quest_shooter0] quests_shooter"
		    ]
		  },
		  {
			"name": {
			  "rawtext": [
			    { "text": "§0Profile" }
			  ]
			},
			"commands": [
			  "execute @initiator ~~~ function profile"
		    ]
		  },
		  {
			"name": {
			  "rawtext": [
			    { "text": "§0Achievements" }
			  ]
			},
			"commands": [
			  "execute @initiator ~~~ function achievements"
		    ]
		  },
		  {
			"name": {
			  "rawtext": [
			    { "text": "§0Inf" }
			  ]
			},
			"commands": [
			  "dialogue open @s @initiator inf0"
		    ]
		  }
		]
	  }
	]
  }
}