{
  "format_version": "1.17.100",
  "minecraft:npc_dialogue": {
	"scenes": [
	  {
		"scene_tag": "chef",
		"npc_name": {
		  "rawtext": [
		    { "text": "Npc" }
		  ]
		},
		"text": {
		  "rawtext": [
			{ "translate": "dialogue.npc.chef1" }
		  ]
		},
		"buttons": [
		  {
			"name": {
			  "rawtext": [
			    { "text": "§0Fish" }
			  ]
			},
			"commands": [
			  "dialogue open @s @initiator chef1"
		    ]
		  },
		  {
			"name": {
			  "rawtext": [
			    { "text": "§0Beef" }
			  ]
			},
			"commands": [
			  "dialogue open @s @initiator chef2"
		    ]
		  }
		]
	  },
	  {
		"scene_tag": "chef1",
		"npc_name": {
		  "rawtext": [
		    { "text": "Npc" }
		  ]
		},
		"text": {
		  "rawtext": [
			{ "translate": "dialogue.npc.chef2" },
			{ "text": "\n" },
			{ "translate": "dialogue.npc.chef2_1" },
			{ "text": "\n" },
			{ "translate": "dialogue.npc.chef2_2" },
			{ "text": "\n" },
			{ "translate": "dialogue.npc.chef2_3" },
			{ "text": "\n" },
			{ "translate": "dialogue.npc.chef2_4" }
		  ]
		},
		"buttons": [
		  {
			"name": {
			  "rawtext": [
			    { "text": "§0Back" }
			  ]
			},
			"commands": [
			  "dialogue open @s @initiator chef"
		    ]
		  },
		  {
			"name": {
			  "rawtext": [
			    { "text": "§0Salmon" }
			  ]
			},
			"commands": [
			  "tellraw @initiator[hasitem={item=wesl3y:bag_belly,quantity=!30..}] {\"rawtext\":[{\"text\":\"Belly 30!!\"}]}",
			  "give @initiator[hasitem={item=wesl3y:bag_belly,quantity=30..}] cooked_salmon 1",
			  "clear @initiator[hasitem={item=wesl3y:bag_belly,quantity=30..}] wesl3y:bag_belly 0 30",
			  "dialogue open @s @initiator[hasitem={item=wesl3y:bag_belly,quantity=30..}] chef1"
		    ]
		  },
		  {
			"name": {
			  "rawtext": [
			    { "text": "§0Cod" }
			  ]
			},
			"commands": [
			  "tellraw @initiator[hasitem={item=wesl3y:bag_belly,quantity=!30..}] {\"rawtext\":[{\"text\":\"Belly 30!!\"}]}",
			  "give @initiator[hasitem={item=wesl3y:bag_belly,quantity=30..}] cooked_cod 1",
			  "clear @initiator[hasitem={item=wesl3y:bag_belly,quantity=30..}] wesl3y:bag_belly 0 30",
			  "dialogue open @s @initiator[hasitem={item=wesl3y:bag_belly,quantity=30..}] chef1"
		    ]
		  },
		  {
			"name": {
			  "rawtext": [
			    { "text": "§0Blue" }
			  ]
			},
			"commands": [
			  "tellraw @initiator[hasitem={item=wesl3y:bag_belly,quantity=!100..}] {\"rawtext\":[{\"text\":\"Belly 100!!\"}]}",
			  "give @initiator[hasitem={item=wesl3y:bag_belly,quantity=100..}] wesl3y:fish_blue2 1",
			  "clear @initiator[hasitem={item=wesl3y:bag_belly,quantity=100..}] wesl3y:bag_belly 0 100",
			  "dialogue open @s @initiator[hasitem={item=wesl3y:bag_belly,quantity=100..}] chef1"
		    ]
		  },
		  {
			"name": {
			  "rawtext": [
			    { "text": "§0Green" }
			  ]
			},
			"commands": [
			  "tellraw @initiator[hasitem={item=wesl3y:bag_belly,quantity=!100..}] {\"rawtext\":[{\"text\":\"Belly 100!!\"}]}",
			  "give @initiator[hasitem={item=wesl3y:bag_belly,quantity=100..}] wesl3y:fish_green2 1",
			  "clear @initiator[hasitem={item=wesl3y:bag_belly,quantity=100..}] wesl3y:bag_belly 0 100",
			  "dialogue open @s @initiator[hasitem={item=wesl3y:bag_belly,quantity=100..}] chef1"
		    ]
		  }
		]
	  },
	  {
		"scene_tag": "chef2",
		"npc_name": {
		  "rawtext": [
		    { "text": "Npc" }
		  ]
		},
		"text": {
		  "rawtext": [
			{ "translate": "dialogue.npc.chef3" },
			{ "text": "\n" },
			{ "translate": "dialogue.npc.chef3_1" },
			{ "text": "\n" },
			{ "translate": "dialogue.npc.chef3_2" },
			{ "text": "\n" },
			{ "translate": "dialogue.npc.chef3_3" },
			{ "text": "\n" },
			{ "translate": "dialogue.npc.chef3_4" }
		  ]
		},
		"buttons": [
		  {
			"name": {
			  "rawtext": [
			    { "text": "§0Back" }
			  ]
			},
			"commands": [
			  "dialogue open @s @initiator chef"
		    ]
		  },
		  {
			"name": {
			  "rawtext": [
			    { "text": "§0Pig" }
			  ]
			},
			"commands": [
			  "tellraw @initiator[hasitem={item=wesl3y:bag_belly,quantity=!150..}] {\"rawtext\":[{\"text\":\"Belly 150!!\"}]}",
			  "give @initiator[hasitem={item=wesl3y:bag_belly,quantity=150..}] cooked_porkchop 1",
			  "clear @initiator[hasitem={item=wesl3y:bag_belly,quantity=150..}] wesl3y:bag_belly 0 150",
			  "dialogue open @s @initiator[hasitem={item=wesl3y:bag_belly,quantity=150..}] chef2"
		    ]
		  },
		  {
			"name": {
			  "rawtext": [
			    { "text": "§0Cow" }
			  ]
			},
			"commands": [
			  "tellraw @initiator[hasitem={item=wesl3y:bag_belly,quantity=!30..}] {\"rawtext\":[{\"text\":\"Belly 30!!\"}]}",
			  "give @initiator[hasitem={item=wesl3y:bag_belly,quantity=30..}] cooked_beef 1",
			  "clear @initiator[hasitem={item=wesl3y:bag_belly,quantity=30..}] wesl3y:bag_belly 0 30",
			  "dialogue open @s @initiator[hasitem={item=wesl3y:bag_belly,quantity=30..}] chef2"
		    ]
		  },
		  {
			"name": {
			  "rawtext": [
			    { "text": "§0Sheep" }
			  ]
			},
			"commands": [
			  "tellraw @initiator[hasitem={item=wesl3y:bag_belly,quantity=!30..}] {\"rawtext\":[{\"text\":\"Belly 30!!\"}]}",
			  "give @initiator[hasitem={item=wesl3y:bag_belly,quantity=30..}] cooked_mutton 1",
			  "clear @initiator[hasitem={item=wesl3y:bag_belly,quantity=30..}] wesl3y:bag_belly 0 30",
			  "dialogue open @s @initiator[hasitem={item=wesl3y:bag_belly,quantity=30..}] chef2"
		    ]
		  },
		  {
			"name": {
			  "rawtext": [
			    { "text": "§0Sea Beast" }
			  ]
			},
			"commands": [
			  "tellraw @initiator[hasitem={item=wesl3y:bag_belly,quantity=!200..}] {\"rawtext\":[{\"text\":\"Belly 200!!\"}]}",
			  "give @initiator[hasitem={item=wesl3y:bag_belly,quantity=200..}] wesl3y:sea_king2 1",
			  "clear @initiator[hasitem={item=wesl3y:bag_belly,quantity=200..}] wesl3y:bag_belly 0 200",
			  "dialogue open @s @initiator[hasitem={item=wesl3y:bag_belly,quantity=200..}] chef2"
		    ]
		  }
		]
	  },
	  {
		"scene_tag": "garp",
		"npc_name": {
		  "rawtext": [
		    { "text": "Npc" }
		  ]
		},
		"text": {
		  "rawtext": [
			{ "translate": "dialogue.npc.garp" },
			{ "text": "\n" },
			{ "translate": "dialogue.npc.garp2" },
			{ "text": "\n" },
			{ "translate": "dialogue.npc.garp3" }
		  ]
		},
		"buttons": [
		  {
			"name": {
			  "rawtext": [
			    { "text": "§0Armament" }
			  ]
			},
			"commands": [
			  "tellraw @initiator[tag=quest] {\"rawtext\":[{\"text\":\"Complete sua missão antes de pegar outra.\nComplete your mission before taking another one\"}]}",
			  "dialogue open @s @initiator[scores={level=35..},tag=!hArmament,tag=!quest_hakiarm0,tag=!quest] quests_hakiarm",
			  "scores={level=35..},tag @initiator[tag=!hArmament,tag=!quest_hakiarm0,tag=!quest] add quest_hakiarm0",
			  "tag @initiator[scores={level=35..},tag=!hArmament,tag=quest_hakiarm0,tag=!quest] add quest"
			]
		  },
		  {
			"name": {
			  "rawtext": [
			    { "text": "§0Observation" }
			  ]
			},
			"commands": [
			  "tellraw @initiator[tag=quest] {\"rawtext\":[{\"text\":\"Complete sua missão antes de pegar outra.\nComplete your mission before taking another one\"}]}",
			  "dialogue open @s @initiator[scores={level=60..},tag=!hObservation,tag=!quest_hakiobs0,tag=!quest] quests_hakiobs",
			  "tag @initiator[scores={level=60..},tag=!hObservation,tag=!quest_hakiobs0,tag=!quest] add quest_hakiobs0",
			  "tag @initiator[scores={level=60..},tag=!hObservation,tag=quest_hakiobs0,tag=!quest] add quest"
			]
		  },
		  {
			"name": {
			  "rawtext": [
			    { "text": "§0Shichibukai" }
			  ]
			},
			"commands": [
			  "tellraw @initiator[tag=!shichibukai,tag=!pirate] {\"rawtext\":[{\"text\":\"§cRequeries Pirate\"}]}",
			  "tellraw @initiator[scores={level=!30..},tag=!shichibukai,tag=pirate] {\"rawtext\":[{\"text\":\"§cLevel 30\"}]}",
			  "tag @initiator[scores={level=30..},tag=!shichibukai,tag=pirate] add shichibukai"
			]
		  }
		]
	  },
	  {
		"scene_tag": "koushirou",
		"npc_name": {
		  "rawtext": [
		    { "text": "Npc" }
		  ]
		},
		"text": {
		  "rawtext": [
			{ "translate": "dialogue.npc.koushirou" },
			{ "text": "\n" },
			{ "translate": "dialogue.npc.koushirou2" }
		  ]
		},
		"buttons": [
		  {
			"name": {
			  "rawtext": [
			    { "text": "§0SwordMan" }
			  ]
			},
			"commands": [
			  "tellraw @initiator[tag=quest] {\"rawtext\":[{\"text\":\"Complete sua missão antes de pegar outra.\nComplete your mission before taking another one\"}]}",
			  "tellraw @initiator[tag=style] {\"rawtext\":[{\"text\":\"Você já tem um estilo de luta.\nYou already have a fighting style.\"}]}",
			  "tag @initiator[tag=!style,tag=!swordman,tag=!quest_swordman0,tag=!quest] add quest_swordman0",
			  "tag @initiator[tag=!style,tag=!swordman,tag=quest_swordman0,tag=!quest] add quest"
			]
		  }
		]
	  },
	  {
		"scene_tag": "sanji_east",
		"npc_name": {
		  "rawtext": [
		    { "text": "Npc" }
		  ]
		},
		"text": {
		  "rawtext": [
			{ "translate": "dialogue.npc.sanji_east" },
			{ "text": "\n" },
			{ "translate": "dialogue.npc.sanji_east2" }
		  ]
		},
		"buttons": [
		  {
			"name": {
			  "rawtext": [
			    { "text": "§0Black Lag" }
			  ]
			},
			"commands": [
			  "tellraw @initiator[tag=quest] {\"rawtext\":[{\"text\":\"Complete sua missão antes de pegar outra.\nComplete your mission before taking another one\"}]}",
			  "tellraw @initiator[tag=style] {\"rawtext\":[{\"text\":\"Você já tem um estilo de luta.\nYou already have a fighting style.\"}]}",
			  "tag @initiator[tag=!style,tag=!black_leg,tag=!quest_blackleg0,tag=!quest] add quest_blackleg0",
			  "tag @initiator[tag=!style,tag=!black_leg,tag=quest_blackleg0,tag=!quest] add quest"
			]
		  }
		]
	  },
	  {
		"scene_tag": "shakky",
		"npc_name": {
		  "rawtext": [
		    { "text": "Npc" }
		  ]
		},
		"text": {
		  "rawtext": [
			{ "translate": "dialogue.npc.shakky1" },
			{ "text": "\n" },
			{ "translate": "dialogue.npc.shakky1_2" },
			{ "text": "\n" },
			{ "translate": "dialogue.npc.shakky1_3" }
		  ]
		},
		"buttons": [
		  {
			"name": {
			  "rawtext": [
			    { "text": "§0Sake (Haki)" }
			  ]
			},
			"commands": [
			  "tellraw @initiator[hasitem={item=wesl3y:bag_belly,quantity=!200..}] {\"rawtext\":[{\"text\":\"Belly 200!!\"}]}",
			  "give @initiator[hasitem={item=wesl3y:bag_belly,quantity=200..}] wesl3y:sake 1",
			  "clear @initiator[hasitem={item=wesl3y:bag_belly,quantity=200..}] wesl3y:bag_belly 0 200",
			  "dialogue open @s @initiator[hasitem={item=wesl3y:bag_belly,quantity=200..}] chef3"
		    ]
		  },
		  {
			"name": {
			  "rawtext": [
			    { "text": "§0Sake (Mode)" }
			  ]
			},
			"commands": [
			  "tellraw @initiator[hasitem={item=wesl3y:bag_belly,quantity=!200..}] {\"rawtext\":[{\"text\":\"Belly 200!!\"}]}",
			  "give @initiator[hasitem={item=wesl3y:bag_belly,quantity=200..}] wesl3y:sake2 1",
			  "clear @initiator[hasitem={item=wesl3y:bag_belly,quantity=200..}] wesl3y:bag_belly 0 200",
			  "dialogue open @s @initiator[hasitem={item=wesl3y:bag_belly,quantity=200..}] chef3"
		    ]
		  }
		]
	  },
	  {
		"scene_tag": "shooter",
		"npc_name": {
		  "rawtext": [
		    { "text": "Npc" }
		  ]
		},
		"text": {
		  "rawtext": [
			{ "translate": "dialogue.inf.quest_pirate2" },
			{ "text": "\n" },
			{ "translate": "dialogue.inf.quest_pirate2_1" },
			{ "text": "\n" },
			{ "translate": "dialogue.inf.quest_pirate2_2" },
			{ "text": "\n" },
			{ "translate": "dialogue.inf.quest_pirate2_3" }
		  ]
		},
		"buttons": [
		  {
			"name": {
			  "rawtext": [
			    { "text": "§0SlingShoot" }
			  ]
			},
			"commands": [
			  "tellraw @initiator[hasitem={item=wesl3y:bag_belly,quantity=!50..}] {\"rawtext\":[{\"text\":\"Belly 50!!\"}]}",
			  "give @initiator[hasitem={item=wesl3y:bag_belly,quantity=50..}] wesl3y:ginga_pachinko 1",
			  "clear @initiator[hasitem={item=wesl3y:bag_belly,quantity=50..}] wesl3y:bag_belly 0 50",
			  "dialogue open @s @initiator[hasitem={item=wesl3y:bag_belly,quantity=50..}] chef1"
		    ]
		  },
		  {
			"name": {
			  "rawtext": [
			    { "text": "§0Bow" }
			  ]
			},
			"commands": [
			  "tellraw @initiator[hasitem={item=wesl3y:bag_belly,quantity=!70..}] {\"rawtext\":[{\"text\":\"Belly 70!!\"}]}",
			  "give @initiator[hasitem={item=wesl3y:bag_belly,quantity=70..}] wesl3y:bow_kuja 1",
			  "clear @initiator[hasitem={item=wesl3y:bag_belly,quantity=70..}] wesl3y:bag_belly 0 70",
			  "dialogue open @s @initiator[hasitem={item=wesl3y:bag_belly,quantity=70..}] pirate1"
		    ]
		  },
		  {
			"name": {
			  "rawtext": [
			    { "text": "§0Pistol" }
			  ]
			},
			"commands": [
			  "tellraw @initiator[hasitem={item=wesl3y:bag_belly,quantity=!70..}] {\"rawtext\":[{\"text\":\"Belly 70!!\"}]}",
			  "give @initiator[hasitem={item=wesl3y:bag_belly,quantity=70..}] wesl3y:pistol 1",
			  "clear @initiator[hasitem={item=wesl3y:bag_belly,quantity=70..}] wesl3y:bag_belly 0 70",
			  "dialogue open @s @initiator[hasitem={item=wesl3y:bag_belly,quantity=70..}] pirate1"
		    ]
		  },
		  {
			"name": {
			  "rawtext": [
			    { "text": "§0Sniper" }
			  ]
			},
			"commands": [
			  "tellraw @initiator[hasitem={item=wesl3y:bag_belly,quantity=!100..}] {\"rawtext\":[{\"text\":\"Belly 100!!\"}]}",
			  "give @initiator[hasitem={item=wesl3y:bag_belly,quantity=100..}] wesl3y:sniper 1",
			  "clear @initiator[hasitem={item=wesl3y:bag_belly,quantity=100..}] wesl3y:bag_belly 0 100",
			  "dialogue open @s @initiator[hasitem={item=wesl3y:bag_belly,quantity=100..}] pirate1"
		    ]
		  }
		]
	  },
	  {
		"scene_tag": "swordman",
		"npc_name": {
		  "rawtext": [
		    { "text": "Npc" }
		  ]
		},
		"text": {
		  "rawtext": [
			{ "translate": "dialogue.inf.quest_pirate1" },
			{ "text": "\n" },
			{ "translate": "dialogue.inf.quest_pirate1_1" },
			{ "text": "\n" },
			{ "translate": "dialogue.inf.quest_pirate1_2" }
		  ]
		},
		"buttons": [
		  {
			"name": {
			  "rawtext": [
			    { "text": "§0Cutlass" }
			  ]
			},
			"commands": [
			  "tellraw @initiator[hasitem={item=wesl3y:bag_belly,quantity=!150..}] {\"rawtext\":[{\"text\":\"Belly 150!!\"}]}",
			  "give @initiator[hasitem={item=wesl3y:bag_belly,quantity=150..}] wesl3y:cutlass 1",
			  "clear @initiator[hasitem={item=wesl3y:bag_belly,quantity=150..}] wesl3y:bag_belly 0 150",
			  "dialogue open @s @initiator[hasitem={item=wesl3y:bag_belly,quantity=150..}] chef1"
		    ]
		  },
		  {
			"name": {
			  "rawtext": [
			    { "text": "§0Clava" }
			  ]
			},
			"commands": [
			  "tellraw @initiator[hasitem={item=wesl3y:bag_belly,quantity=!150..}] {\"rawtext\":[{\"text\":\"Belly 150!!\"}]}",
			  "give @initiator[hasitem={item=wesl3y:bag_belly,quantity=150..}] wesl3y:clava 1",
			  "clear @initiator[hasitem={item=wesl3y:bag_belly,quantity=150..}] wesl3y:bag_belly 0 150",
			  "dialogue open @s @initiator[hasitem={item=wesl3y:bag_belly,quantity=150..}] pirate1"
		    ]
		  },
		  {
			"name": {
			  "rawtext": [
			    { "text": "§0Katana" }
			  ]
			},
			"commands": [
			  "tellraw @initiator[hasitem={item=wesl3y:bag_belly,quantity=!150..}] {\"rawtext\":[{\"text\":\"Belly 150!!\"}]}",
			  "give @initiator[hasitem={item=wesl3y:bag_belly,quantity=150..}] wesl3y:katana 1",
			  "clear @initiator[hasitem={item=wesl3y:bag_belly,quantity=150..}] wesl3y:bag_belly 0 150",
			  "dialogue open @s @initiator[hasitem={item=wesl3y:bag_belly,quantity=150..}] pirate1"
		    ]
		  }
		]
	  },
	  {
		"scene_tag": "rayleigh",
		"npc_name": {
		  "rawtext": [
		    { "text": "Npc" }
		  ]
		},
		"text": {
		  "rawtext": [
			{ "translate": "dialogue.npc.rayleigh" },
			{ "text": "\n" },
			{ "translate": "dialogue.npc.rayleigh2" },
			{ "text": "\n" },
			{ "translate": "dialogue.npc.rayleigh3" }
		  ]
		},
		"buttons": [
		  {
			"name": {
			  "rawtext": [
			    { "text": "§0Armament" }
			  ]
			},
			"commands": [
			  "tellraw @initiator[tag=quest] {\"rawtext\":[{\"text\":\"Complete sua missão antes de pegar outra.\nComplete your mission before taking another one\"}]}",
			  "dialogue open @s @initiator[scores={level=35..},tag=!hArmament,tag=!quest_hakiarm0,tag=!quest] quests_hakiarm",
			  "scores={level=35..},tag @initiator[tag=!hArmament,tag=!quest_hakiarm0,tag=!quest] add quest_hakiarm0",
			  "tag @initiator[scores={level=35..},tag=!hArmament,tag=quest_hakiarm0,tag=!quest] add quest"
			]
		  },
		  {
			"name": {
			  "rawtext": [
			    { "text": "§0Observation" }
			  ]
			},
			"commands": [
			  "tellraw @initiator[tag=quest] {\"rawtext\":[{\"text\":\"Complete sua missão antes de pegar outra.\nComplete your mission before taking another one\"}]}",
			  "dialogue open @s @initiator[scores={level=60..},tag=!hObservation,tag=!quest_hakiobs0,tag=!quest] quests_hakiobs",
			  "tag @initiator[scores={level=60..},tag=!hObservation,tag=!quest_hakiobs0,tag=!quest] add quest_hakiobs0",
			  "tag @initiator[scores={level=60..},tag=!hObservation,tag=quest_hakiobs0,tag=!quest] add quest"
			]
		  }
		]
	  },
	  {
		"scene_tag": "ussop",
		"npc_name": {
		  "rawtext": [
		    { "text": "Npc" }
		  ]
		},
		"text": {
		  "rawtext": [
			{ "translate": "dialogue.npc.ussop_east" },
			{ "text": "\n" },
			{ "translate": "dialogue.npc.ussop_east2" }
		  ]
		},
		"buttons": [
		  {
			"name": {
			  "rawtext": [
			    { "text": "§0Shooter" }
			  ]
			},
			"commands": [
			  "tellraw @initiator[tag=quest] {\"rawtext\":[{\"text\":\"Complete sua missão antes de pegar outra.\nComplete your mission before taking another one\"}]}",
			  "tellraw @initiator[tag=style] {\"rawtext\":[{\"text\":\"Você já tem um estilo de luta.\nYou already have a fighting style.\"}]}",
			  "tag @initiator[tag=!style,tag=!shooter,tag=!quest_shooter0,tag=!quest] add quest_shooter0",
			  "tag @initiator[tag=!style,tag=!shooter,tag=quest_shooter0,tag=!quest] add quest"
			]
		  }
		]
	  }
	]
  }
}