{
  "format_version": "1.17.100",
  "minecraft:npc_dialogue": {
	"scenes": [
	  {
		"scene_tag": "archaeologist",
		"npc_name": {
		  "rawtext": [
		    { "text": "Menu" }
		  ]
		},
		"text": {
		  "rawtext": [
			{ "text": "" }
		  ]
		},
		"buttons": [
		  {
			"name": {
			  "rawtext": [
			    { "text": "§0Fruit" }
			  ]
			},
			"commands": [
			  "execute @initiator ~~~ function skill/archaeologist"
		    ]
		  },
		  {
			"name": {
			  "rawtext": [
			    { "text": "§0Up" }
			  ]
			},
			"commands": [
			  "dialogue open @s @initiator archaeologist1"
		    ]
		  }
		]
	  },
	  {
		"scene_tag": "archaeologist1",
		"npc_name": {
		  "rawtext": [
		    { "text": "Npc" }
		  ]
		},
		"text": {
		  "rawtext": [
			{ "text": "§l\n"},
			{ "translate": "dialogue.archaeologist"},
			{ "text": "§r§f\n"},
			{ "translate": "dialogue.archaeologist1"},
			{ "text": "§r§f\n"},
			{ "translate": "dialogue.archaeologist2"},
			{ "text": "§f\n"},
			{ "translate": "dialogue.archaeologist3"},
			{ "text": "§f\n"},
			{ "translate": "dialogue.archaeologist4"},
			{ "text": "§f\n"},
			{ "translate": "dialogue.archaeologist5"}
		  ]
		},
		"buttons": [
		  {
			"name": {
			  "rawtext": [
			    { "text": "§0<" }
			  ]
			},
			"commands": [
			  "dialogue open @s @initiator archaeologist"
		    ]
		  }
		]
	  }
	]
  }
}