{
  "format_version": "1.17.100",
  "minecraft:npc_dialogue": {
	"scenes": [
	  {
		"scene_tag": "quests_hakiarm",
		"npc_name": {
		  "rawtext": [
		    { "text": "Quests" }
		  ]
		},
		"text": {
		  "rawtext": [
			{ "translate": "dialogue.inf.quest_hakiarm1" },
			{ "text": "\n" },
			{ "translate": "dialogue.inf.quest_hakiarm2" },
			{ "text": "\n" },
			{ "translate": "dialogue.inf.quest_hakiarm3" },
			{ "text": "\n" },
			{ "translate": "dialogue.inf.quest_hakiarm4" }
		  ]
		},
		"buttons": [
		  {
			"name": {
			  "rawtext": [
			    { "text": "§0Complet" }
			  ]
			},
			"commands": [
			  "execute @initiator ~~~ function quest/haki_armament"
		    ]
		  },
		  {
			"name": {
			  "rawtext": [
			    { "text": "§0Back" }
			  ]
			},
			"commands": [
			  "dialogue open @s @initiator menu0"
		    ]
		  }
		]
	  },
	  {
		"scene_tag": "quests_hakiobs",
		"npc_name": {
		  "rawtext": [
		    { "text": "Quests" }
		  ]
		},
		"text": {
		  "rawtext": [
			{ "translate": "dialogue.inf.quest_hakiobs1" },
			{ "text": "\n" },
			{ "translate": "dialogue.inf.quest_hakiobs2" },
			{ "text": "\n" },
			{ "translate": "dialogue.inf.quest_hakiobs3" }
		  ]
		},
		"buttons": [
		  {
			"name": {
			  "rawtext": [
			    { "text": "§0Complet" }
			  ]
			},
			"commands": [
			  "execute @initiator ~~~ function quest/haki_observation"
		    ]
		  },
		  {
			"name": {
			  "rawtext": [
			    { "text": "§0Back" }
			  ]
			},
			"commands": [
			  "dialogue open @s @initiator menu0"
		    ]
		  }
		]
	  },
	  {
		"scene_tag": "quests_blackleg",
		"npc_name": {
		  "rawtext": [
		    { "text": "Quests" }
		  ]
		},
		"text": {
		  "rawtext": [
			{ "translate": "dialogue.inf.quest_blackleg1" },
			{ "text": "\n" },
			{ "translate": "dialogue.inf.quest_blackleg2" },
			{ "text": "\n" },
			{ "translate": "dialogue.inf.quest_blackleg3" },
			{ "text": "\n" },
			{ "translate": "dialogue.inf.quest_blackleg4" }
		  ]
		},
		"buttons": [
		  {
			"name": {
			  "rawtext": [
			    { "text": "§0Complet" }
			  ]
			},
			"commands": [
			  "execute @initiator ~~~ function quest/blackleg"
		    ]
		  },
		  {
			"name": {
			  "rawtext": [
			    { "text": "§0Back" }
			  ]
			},
			"commands": [
			  "dialogue open @s @initiator menu0"
		    ]
		  }
		]
	  },
	  {
		"scene_tag": "quests_shooter",
		"npc_name": {
		  "rawtext": [
		    { "text": "Quests" }
		  ]
		},
		"text": {
		  "rawtext": [
			{ "translate": "dialogue.inf.quest_shooter1" },
			{ "text": "\n" },
			{ "translate": "dialogue.inf.quest_shooter3" },
			{ "text": "\n" },
			{ "translate": "dialogue.inf.quest_shooter3" },
			{ "text": "\n" },
			{ "translate": "dialogue.inf.quest_shooter4" }
		  ]
		},
		"buttons": [
		  {
			"name": {
			  "rawtext": [
			    { "text": "§0Complet" }
			  ]
			},
			"commands": [
			  "execute @initiator ~~~ function quest/shooter"
		    ]
		  },
		  {
			"name": {
			  "rawtext": [
			    { "text": "§0Back" }
			  ]
			},
			"commands": [
			  "dialogue open @s @initiator menu0"
		    ]
		  }
		]
	  },
	  {
		"scene_tag": "quests_swordman",
		"npc_name": {
		  "rawtext": [
		    { "text": "Quests" }
		  ]
		},
		"text": {
		  "rawtext": [
			{ "translate": "dialogue.inf.quest_swordman1" },
			{ "text": "\n" },
			{ "translate": "dialogue.inf.quest_swordman2" },
			{ "text": "\n" },
			{ "translate": "dialogue.inf.quest_swordman3" },
			{ "text": "\n" },
			{ "translate": "dialogue.inf.quest_swordman4" },
			{ "text": "\n" },
			{ "translate": "dialogue.inf.quest_swordman5" }
		  ]
		},
		"buttons": [
		  {
			"name": {
			  "rawtext": [
			    { "text": "§0Complet" }
			  ]
			},
			"commands": [
			  "execute @initiator ~~~ function quest/swordman"
		    ]
		  },
		  {
			"name": {
			  "rawtext": [
			    { "text": "§0Back" }
			  ]
			},
			"commands": [
			  "dialogue open @s @initiator menu0"
		    ]
		  }
		]
	  }
	]
  }
}