{
  "format_version":"1.16.100",
  "animation_controllers":{
    "controller.animation.akasi":{
      "states":{
        "default":{
          "transitions":[
            {"00":"query.is_on_ground"}
          ],
          "on_exit":[
            "/function akasi/akasi"
          ]
        },
        "00":{
          "transitions":[
            {"kaizoku":"query.mark_variant == 1000"},
            {"kaizoku10":"query.mark_variant == 1010"},
            {"kaizoku20":"query.mark_variant == 1020"},
            {"kaizoku30":"query.mark_variant == 1030"},
            {"kaizoku40":"query.mark_variant == 1040"},
            {"kaizoku50":"query.mark_variant == 1050"},
            {"kaigun":"query.mark_variant == 2000"},
            {"kaigun10":"query.mark_variant == 2010"},
            {"kaigun20":"query.mark_variant == 2020"},
            {"kaigun30":"query.mark_variant == 2030"},
            {"kaigun40":"query.mark_variant == 2040"},
            {"kaigun50":"query.mark_variant == 2050"}
          ],
          "on_entry":[
            "/tag @s remove kaizoku0",
            "/tag @s remove kaizoku10",
            "/tag @s remove kaizoku20",
            "/tag @s remove sitibukai",
            "/tag @s remove yonko",
            "/tag @s remove kaizokuo",
            "/tag @s remove kaigun0",
            "/tag @s remove kaigun10",
            "/tag @s remove kaigun20",
            "/tag @s remove tyujo",
            "/tag @s remove taisyo",
            "/tag @s remove gensui"
          ]
        },
        //一般
        "kaizoku":{
          "transitions":[
            {"kaizoku010":"query.player_level >= 10"}
          ],
          "on_entry":[
            "/tag @s remove nkaizoku",
            "/tag @s remove kaizoku0end",
            "/tag @s remove kaizoku10end",
            "/tag @s remove kaizoku20end",
            "/tag @s remove sitibukaiend",
            "/tag @s remove yonkoend",
            "/tag @s remove kaizokuoend",
            "/tag @s add kaizoku0",
            "/function akasi/status"
          ],
          "on_exit":[
            "/tag @s remove kaizoku0"
          ]
        },
        "kaizoku010":{
          "transitions":[
            {"kaizoku10":"(1.0)"}
          ],
          "on_entry":[
            "/tag @s add kaizoku0end"
          ]
        },
        //ルーキー
        "kaizoku10":{
          "transitions":[
            {"kaizoku020":"query.player_level >= 20"},
            {"kaizoku100":"!query.is_alive"}
          ],
          "on_entry":[
            "/tag @s remove kaizoku0end",
            "/tag @s add kaizoku10",
            "/function akasi/status"
          ],
          "on_exit":[
            "/tag @s remove kaizoku10"
          ]
        },
        "kaizoku020":{
          "transitions":[
            {"kaizoku20":"(1.0)"}
          ],
          "on_entry":[
            "/tag @s add kaizoku10end"
          ]
        },
        "kaizoku100":{
          "transitions":[
            {"kaizoku":"(1.0)"}
          ],
          "on_entry":[
            "/tag @s add kaizoku10end"
          ]
        },
        //新世界
        "kaizoku20":{
          "transitions":[
            {"kaizoku030":"query.player_level >= 30 && query.is_using_item && query.get_equipped_item_name == 'sitibukai_akasi'"},
            {"kaizoku040":"query.player_level >= 40 && query.is_using_item && (query.get_equipped_item_name == 'mam_akasi' || query.get_equipped_item_name == 'sirohige_akasi' || query.get_equipped_item_name == 'kaido_akasi' || query.get_equipped_item_name == 'syankusu_akasi')"},
            {"kaizoku200":"!query.is_alive"}
          ],
          "on_entry":[
            "/tag @s remove kaizoku10end",
            "/tag @s add kaizoku20",
            "/function akasi/status"
          ],
          "on_exit":[
            "/tag @s remove kaizoku20"
          ]
        },
        "kaizoku030":{
          "transitions":[
            {"kaizoku30":"(1.0)"}
          ],
          "on_entry":[
            "/tag @s add kaizoku20end"
          ]
        },
        "kaizoku040":{
          "transitions":[
            {"kaizoku40":"(1.0)"}
          ],
          "on_entry":[
            "/tag @s add kaizoku20end"
          ]
        },
        "kaizoku200":{
          "transitions":[
            {"kaizoku":"(1.0)"}
          ],
          "on_entry":[
            "/tag @s add kaizoku20end"
          ]
        },
        //七武海
        "kaizoku30":{
          "transitions":[
            {"kaizoku0040":"query.player_level >= 40 && query.is_using_item && (query.get_equipped_item_name == 'mam_akasi' || query.get_equipped_item_name == 'sirohige_akasi' || query.get_equipped_item_name == 'kaido_akasi' || query.get_equipped_item_name == 'syankusu_akasi')"},
            {"kaizoku300":"!query.is_alive"}
          ],
          "on_entry":[
            "/tag @s remove kaizoku20end",
            "/tag @s add sitibukai",
            "/function akasi/status"
          ],
          "on_exit":[
            "/tag @s remove sitibukai"
          ]
        },
        "kaizoku0040":{
          "transitions":[
            {"kaizoku40":"(1.0)"}
          ],
          "on_entry":[
            "/tag @s add sitibukaiend"
          ]
        },
        "kaizoku300":{
          "transitions":[
            {"kaizoku":"(1.0)"}
          ],
          "on_entry":[
            "/tag @s add sitibukaiend"
          ]
        },
        //四皇
        "kaizoku40":{
          "transitions":[
            {"kaizoku050":"query.player_level >= 50 && query.is_using_item && query.get_equipped_item_name == 'kaizokuo_akasi'"},
            {"kaizoku400":"!query.is_alive"}
          ],
          "on_entry":[
            "/tag @s remove sitibukaiend",
            "/tag @s remove kaizoku20end",
            "/tag @s add yonko",
            "/function akasi/status"
          ],
          "on_exit":[
            "/tag @s remove yonko"
          ]
        },
        "kaizoku050":{
          "transitions":[
            {"kaizoku50":"(1.0)"}
          ],
          "on_entry":[
            "/tag @s add yonkoend"
          ]
        },
        "kaizoku400":{
          "transitions":[
            {"kaizoku":"(1.0)"}
          ],
          "on_entry":[
            "/tag @s add yonkoend"
          ]
        },
        //海賊王
        "kaizoku50":{
          "transitions":[
            {"kaizoku500":"!query.is_alive"}
          ],
          "on_entry":[
            "/tag @s remove yonkoend",
            "/tag @s add kaizokuo",
            "/function akasi/status"
          ],
          "on_exit":[
            "/tag @s remove kaizokuo"
          ]
        },
        "kaizoku500":{
          "transitions":[
            {"kaizoku":"(1.0)"}
          ],
          "on_entry":[
            "/tag @s add kaizokuoend"
          ]
        },
        //海軍
        "kaigun":{
          "transitions":[
            {"kaigun010":"query.player_level >= 10"}
          ],
          "on_entry":[
            "/tag @s remove nkaigun",
            "/tag @s remove kaigun0end",
            "/tag @s remove kaigun10end",
            "/tag @s remove kaigun20end",
            "/tag @s remove tyujoend",
            "/tag @s remove taisyoend",
            "/tag @s remove gensuiend",
            "/tag @s add kaigun0",
            "/function akasi/status"
          ],
          "on_exit":[
            "/tag @s remove kaigun0"
          ]
        },
        "kaigun010":{
          "transitions":[
            {"kaigun10":"(1.0)"}
          ],
          "on_entry":[
            "/tag @s add kaigun0end"
          ]
        },
        //少将
        "kaigun10":{
          "transitions":[
            {"kaigun020":"query.player_level >= 20"},
            {"kaigun100":"!query.is_alive || query.player_level < 10"}
          ],
          "on_entry":[
            "/tag @s remove kaigun0end",
            "/tag @s add kaigun10",
            "/function akasi/status"
          ],
          "on_exit":[
            "/tag @s remove kaigun10"
          ]
        },
        "kaigun020":{
          "transitions":[
            {"kaigun20":"(1.0)"}
          ],
          "on_entry":[
            "/tag @s add kaigun10end"
          ]
        },
        "kaigun100":{
          "transitions":[
            {"kaigun":"(1.0)"}
          ],
          "on_entry":[
            "/tag @s add kaigun10end"
          ]
        },
        //大佐
        "kaigun20":{
          "transitions":[
            {"kaigun030":"query.player_level >= 30"},
            {"kaigun200":"!query.is_alive"},
            {"kaigun0010":"query.player_level < 20"}
          ],
          "on_entry":[
            "/tag @s remove kaigun10end",
            "/tag @s remove tyujoend",
            "/tag @s add kaigun20",
            "/function akasi/status"
          ],
          "on_exit":[
            "/tag @s remove kaigun20"
          ]
        },
        "kaigun030":{
          "transitions":[
            {"kaigun30":"(1.0)"}
          ],
          "on_entry":[
            "/tag @s add kaigun20end"
          ]
        },
        "kaigun200":{
          "transitions":[
            {"kaigun":"(1.0)"}
          ],
          "on_entry":[
            "/tag @s add kaigun20end"
          ]
        },
        "kaigun0010":{
          "transitions":[
            {"kaigun10":"(1.0)"}
          ],
          "on_entry":[
            "/tag @s add kaigun20end"
          ]
        },
        //中将
        "kaigun30":{
          "transitions":[
            {"kaigun040":"query.player_level >= 40"},
            {"kaigun300":"!query.is_alive"},
            {"kaigun0020":"query.player_level < 30"}
          ],
          "on_entry":[
            "/tag @s remove kaigun20end",
            "/tag @s remove taisyoend",
            "/tag @s add tyujo",
            "/function akasi/status"
          ],
          "on_exit":[
            "/tag @s remove tyujo"
          ]
        },
        "kaigun040":{
          "transitions":[
            {"kaigun40":"(1.0)"}
          ],
          "on_entry":[
            "/tag @s add tyujoend"
          ]
        },
        "kaigun300":{
          "transitions":[
            {"kaigun":"(1.0)"}
          ],
          "on_entry":[
            "/tag @s add tyujoend"
          ]
        },
        "kaigun0020":{
          "transitions":[
            {"kaigun20":"(1.0)"}
          ],
          "on_entry":[
            "/tag @s add tyujoend"
          ]
        },
        //大将
        "kaigun40":{
          "transitions":[
            {"kaigun050":"query.player_level >= 50"},
            {"kaigun400":"!query.is_alive"},
            {"kaigun0030":"query.player_level < 40"}
          ],
          "on_entry":[
            "/tag @s remove tyujoend",
            "/tag @s add taisyo",
            "/function akasi/status",
            "/give @s onepiece_addon:bustercall"
          ],
          "on_exit":[
            "/tag @s remove taisyo"
          ]
        },
        "kaigun050":{
          "transitions":[
            {"kaigun50":"(1.0)"}
          ],
          "on_entry":[
            "/tag @s add taisyoend"
          ]
        },
        "kaigun400":{
          "transitions":[
            {"kaigun":"(1.0)"}
          ],
          "on_entry":[
            "/tag @s add taisyoend"
          ]
        },
        "kaigun0030":{
          "transitions":[
            {"kaigun30":"(1.0)"}
          ],
          "on_entry":[
            "/tag @s add taisyoend"
          ]
        },
        //元帥
        "kaigun50":{
          "transitions":[
            {"kaigun500":"!query.is_alive"}
          ],
          "on_entry":[
            "/tag @s remove taisyoend",
            "/tag @s add gensui",
            "/function akasi/status",
            "/give @s onepiece_addon:taisyo_summon"
          ],
          "on_exit":[
            "/tag @s remove gensui"
          ]
        },
        "kaigun500":{
          "transitions":[
            {"kaigun":"(1.0)"}
          ],
          "on_entry":[
            "/tag @s add gensuiend"
          ]
        }
      }
    }
  }
}