{
  "format_version":"1.16.100",
  "animation_controllers":{
    "controller.animation.benry":{
      "states":{
        "default":{
          "transitions":[
            {"use1":"query.is_using_item && query.get_equipped_item_name == 'benry3'"},
            {"sneak1":"query.is_sneaking && query.get_equipped_item_name == 'benry3'"},
            {"benry1":"query.is_using_item && query.get_equipped_item_name == 'benry1'"},
            {"benry2":"query.is_using_item && query.get_equipped_item_name == 'benry2'"}
          ]
        },
        "benry1":{
          "transitions":[
            {"default":"!query.is_using_item"}
          ],
          "on_entry":[
            "/gamemode creative"
          ],
          "on_exit":[
            "/replaceitem entity @s slot.weapon.mainhand 0 onepiece_addon:benry2"
          ]
        },
        "benry2":{
          "transitions":[
            {"default":"!query.is_using_item"}
          ],
          "on_entry":[
            "/gamemode survival"
          ],
          "on_exit":[
            "/replaceitem entity @s slot.weapon.mainhand 0 onepiece_addon:benry1"
          ]
        },
        "use1":{
          "transitions":[
            {"use2":"variable.time = (variable.time ?? 0);variable.time = variable.time < 2 ? variable.time + 1:0;return variable.time == 0;"},
            {"default":"!query.is_using_item"}
          ],
          "on_entry":[
            "/xp 1L @s"
          ]
        },
        "use2":{
          "transitions":[
            {"use1":"(1.0)"}
          ]
        },
        "sneak1":{
          "transitions":[
            {"sneak2":"variable.time = (variable.time ?? 0);variable.time = variable.time < 10 ? variable.time + 1:0;return variable.time == 0;"},
            {"default":"!query.is_sneaking"}
          ],
          "on_entry":[
            "/xp -1L @s"
          ]
        },
        "sneak2":{
          "transitions":[
            {"sneak1":"(1.0)"}
          ]
        }
      }
    }
  }
}