{
  "format_version":"1.16.100",
  "animation_controllers":{
    "controller.animation.change":{
      "states":{
        "default":{
          "transitions":[
            {"mugiwarabou":"query.get_equipped_item_name == 'mugiwarabou2'"},
            {"room1":"query.variant == 2707 && query.get_equipped_item_name == 'room_large' && query.is_sneaking"},
            {"room2":"query.variant == 2707 && query.get_equipped_item_name == 'room_medium' && query.is_sneaking"},
            {"room3":"query.variant == 2707 && query.get_equipped_item_name == 'room' && query.is_sneaking"},
            {"gear2to3":"query.variant == 2714 && query.get_equipped_item_name == 'gear2' && query.is_sneaking"},
            {"gear3to41":"query.variant == 2714 && query.get_equipped_item_name == 'gear3' && query.is_sneaking"},
            {"gear41to43":"query.variant == 2714 && query.get_equipped_item_name == 'gear4_1' && query.is_sneaking"},
            {"gear43to2":"query.variant == 2714 && query.get_equipped_item_name == 'gear4_3' && query.is_sneaking"},
            {"shambles1":"query.variant == 2707 && query.get_equipped_item_name == 'shambles' && query.is_sneaking"},
            {"shambles2":"query.variant == 2707 && query.get_equipped_item_name == 'shambles2' && query.is_sneaking"},
            {"kikoku":"query.variant == 2707 && query.get_equipped_item_name == 'kikoku' && query.is_sneaking"},
            {"kikoku_injection":"query.variant == 2707 && query.get_equipped_item_name == 'kikoku_injection' && query.is_sneaking"},
            {"kikoku_off":"query.variant == 2707 && query.get_equipped_item_name == 'kikoku_off' && query.is_sneaking"},
            {"0kikoku":"query.get_equipped_item_name == 'kikoku' && query.is_sneaking"},
            {"0kikoku_off":"query.get_equipped_item_name == 'kikoku_off' && query.is_sneaking"},
            {"gamma_knife":"query.get_equipped_item_name == 'gamma_knife'"},
            {"gurabito1":"query.variant == 2706 && query.get_equipped_item_name == 'gurabito' && query.is_sneaking"},
            {"gurabito2":"query.variant == 2706 && query.get_equipped_item_name == 'gurabito2' && query.is_sneaking"},
            {"warawara1":"query.variant == 2718 && query.get_equipped_item_name == 'waraken' && query.is_sneaking"},
            {"warawara2":"query.variant == 2718 && query.get_equipped_item_name == 'warabideto' && query.is_sneaking"},
            {"b_haki_off0":"query.is_on_ground && !(query.variant == 27201) && !(query.variant == 27111) && !(query.variant == 27141) && !(query.variant == 27142) && query.has_any_family('b_haki') == 1.0 && query.is_sneaking"},
            {"b_haki_on0":"query.is_on_ground && !(query.variant == 27201) && !(query.variant == 27111) && !(query.variant == 27141) && !(query.variant == 27142) && query.has_any_family('b_haki_end') == 1.0 && query.is_sneaking"},
            {"ryuo_off0":"query.is_on_ground && !(query.variant == 27201) && !(query.variant == 27111) && !(query.variant == 27141) && !(query.variant == 27142) && query.has_any_family('ryuo') == 1.0 && query.is_sneaking"},
            {"ryuo_on0":"query.is_on_ground && !(query.variant == 27201) && !(query.variant == 27111) && !(query.variant == 27141) && !(query.variant == 27142) && query.has_any_family('ryuo_end') == 1.0 && query.is_sneaking"},
            {"brook_ken":"query.get_equipped_item_name == 'brook_ken' && query.is_sneaking"},
            {"brook_ken_off":"query.get_equipped_item_name == 'brook_ken_off' && query.is_sneaking"},
            {"shusui":"query.get_equipped_item_name == 'shusui' && query.is_sneaking"},
            {"shusui_off":"query.get_equipped_item_name == 'shusui_off' && query.is_sneaking"},
            {"enma":"query.get_equipped_item_name == 'enma' && query.is_sneaking"},
            {"enma_off":"query.get_equipped_item_name == 'enma_off' && query.is_sneaking"},
            {"wadoitimonji":"query.get_equipped_item_name == 'wadoitimonji' && query.is_sneaking"},
            {"wadoitimonji_off":"query.get_equipped_item_name == 'wadoitimonji_off' && query.is_sneaking"},
            {"sandaikitetu":"query.get_equipped_item_name == 'sandaikitetu' && query.is_sneaking"},
            {"sandaikitetu_off":"query.get_equipped_item_name == 'sandaikitetu_off' && query.is_sneaking"},
            {"sorcery_clima_tact2":"query.get_equipped_item_name == 'sorcery_clima_tact2' && variable.attack_time"},
            {"sorcery_clima_tact2_2":"query.get_equipped_item_name == 'sorcery_clima_tact2_2' && variable.attack_time"},
            {"mochituki":"query.get_equipped_item_name == 'mochituki' && variable.attack_time"},
            {"kurokabuto1":"query.get_equipped_item_name == 'kurokabuto' && !(query.get_equipped_item_name('off_hand') == 'midoriboshi1') && variable.attack_time"},
            {"zukan1":"query.get_equipped_item_name == 'zukan1' && variable.attack_time"},
            {"zukan2":"query.get_equipped_item_name == 'zukan2' && variable.attack_time"},
            {"zukan3":"query.get_equipped_item_name == 'zukan3' && variable.attack_time"}
          ]
        },
        "mugiwarabou":{
          "transitions":[
            {"default":"!(query.get_equipped_item_name == 'mugiwarabou2')"}
          ],
          "on_entry":[
            "/replaceitem entity @s slot.weapon.mainhand 0 onepiece_addon:mugiwarabou"
          ]
        },
        "gear2to3":{
          "transitions":[
            {"default":"!query.is_sneaking"}
          ],
          "on_entry":[
            "/tag @s add gear2to3",
            "/function akumanomi/gomgom/gear_change"
          ]
        },
        "gear3to41":{
          "transitions":[
            {"default":"!query.is_sneaking"}
          ],
          "on_entry":[
            "/tag @s add gear3to41",
            "/function akumanomi/gomgom/gear_change"
          ]
        },
        "gear41to43":{
          "transitions":[
            {"default":"!query.is_sneaking"}
          ],
          "on_entry":[
            "/tag @s add gear41to43",
            "/function akumanomi/gomgom/gear_change"
          ]
        },
        "gear43to2":{
          "transitions":[
            {"default":"!query.is_sneaking"}
          ],
          "on_entry":[
            "/tag @s add gear43to2",
            "/function akumanomi/gomgom/gear_change"
          ]
        },
        "mochituki":{
          "transitions":[
            {"default":"!variable.attack_time"}
          ],
          "on_exit":[
            "/replaceitem entity @s slot.weapon.mainhand 0 onepiece_addon:mogura"
          ]
        },
        "zukan1":{
          "transitions":[
            {"default":"!variable.attack_time"}
          ],
          "on_entry":[
            "/replaceitem entity @s slot.weapon.mainhand 0 onepiece_addon:zukan2"
          ]
        },
        "zukan2":{
          "transitions":[
            {"default":"!variable.attack_time"}
          ],
          "on_entry":[
            "/replaceitem entity @s slot.weapon.mainhand 0 onepiece_addon:zukan3"
          ]
        },
        "zukan3":{
          "transitions":[
            {"default":"!variable.attack_time"}
          ],
          "on_entry":[
            "/replaceitem entity @s slot.weapon.mainhand 0 onepiece_addon:zukan1"
          ]
        },
        "brook_ken":{
          "transitions":[
            {"default":"!query.is_sneaking"}
          ],
          "on_entry":[
            "/replaceitem entity @s slot.weapon.mainhand 0 onepiece_addon:brook_ken_off"
          ]
        },
        "brook_ken_off":{
          "transitions":[
            {"default":"!query.is_sneaking"}
          ],
          "on_entry":[
            "/replaceitem entity @s slot.weapon.mainhand 0 onepiece_addon:brook_ken"
          ]
        },
        "kurokabuto1":{
          "transitions":[
            {"kurokabuto2":"(1.0)"}
          ],
          "on_entry":[
            "/clear @s onepiece_addon:midoriboshi1"
          ]
        },
        "kurokabuto2":{
          "transitions":[
            {"default":"!variable.attack_time"}
          ],
          "on_entry":[
            "/give @s onepiece_addon:midoriboshi1 1"
          ]
        },
        "sorcery_clima_tact2":{
          "transitions":[
            {"default":"!variable.attack_time"}
          ],
          "on_entry":[
            "/replaceitem entity @s slot.weapon.mainhand 0 onepiece_addon:sorcery_clima_tact2_2"
          ]
        },
        "sorcery_clima_tact2_2":{
          "transitions":[
            {"default":"!variable.attack_time"}
          ],
          "on_entry":[
            "/replaceitem entity @s slot.weapon.mainhand 0 onepiece_addon:sorcery_clima_tact2"
          ]
        },
        "b_haki_off0":{
          "transitions":[
            {"b_haki_off1":"!query.is_sneaking"}
          ]
        },
        "b_haki_off1":{
          "transitions":[
            {"b_haki_off2":"(1.0)"}
          ],
          "on_entry":[
            "/tag @s remove b_haki",
            "/tag @s remove b_haki_endg"
          ]
        },
        "b_haki_off2":{
          "transitions":[
            {"default":"(1.0)"}
          ],
          "on_entry":[
            "/tag @s add b_haki_end"
          ]
        },
        "b_haki_on0":{
          "transitions":[
            {"b_haki_on1":"!query.is_sneaking"}
          ]
        },
        "b_haki_on1":{
          "transitions":[
            {"b_haki_on2":"(1.0)"}
          ],
          "on_entry":[
            "/tag @s remove b_haki_end",
            "/tag @s remove b_haki_endg"
          ]
        },
        "b_haki_on2":{
          "transitions":[
            {"default":"(1.0)"}
          ],
          "on_entry":[
            "/tag @s add b_haki"
          ]
        },
        "ryuo_off0":{
          "transitions":[
            {"ryuo_off1":"!query.is_sneaking"}
          ]
        },
        "ryuo_off1":{
          "transitions":[
            {"ryuo_off2":"(1.0)"}
          ],
          "on_entry":[
            "/tag @s remove ryuo",
            "/tag @s remove ryuo_endg"
          ]
        },
        "ryuo_off2":{
          "transitions":[
            {"default":"(1.0)"}
          ],
          "on_entry":[
            "/tag @s add ryuo_end"
          ]
        },
        "ryuo_on0":{
          "transitions":[
            {"ryuo_on1":"!query.is_sneaking"}
          ]
        },
        "ryuo_on1":{
          "transitions":[
            {"ryuo_on2":"(1.0)"}
          ],
          "on_entry":[
            "/tag @s remove ryuo_end",
            "/tag @s remove ryuo_endg"
          ]
        },
        "ryuo_on2":{
          "transitions":[
            {"default":"(1.0)"}
          ],
          "on_entry":[
            "/tag @s add ryuo"
          ]
        },
        "0kikoku":{
          "transitions":[
            {"default":"!query.is_sneaking"}
          ],
          "on_entry":[
            "/replaceitem entity @s slot.weapon.mainhand 0 onepiece_addon:kikoku_off"
          ]
        },
        "0kikoku_off":{
          "transitions":[
            {"default":"!query.is_sneaking"}
          ],
          "on_entry":[
            "/replaceitem entity @s slot.weapon.mainhand 0 onepiece_addon:kikoku"
          ]
        },
        "shusui":{
          "transitions":[
            {"default":"!query.is_sneaking"}
          ],
          "on_entry":[
            "/replaceitem entity @s slot.weapon.mainhand 0 onepiece_addon:shusui_off"
          ]
        },
        "shusui_off":{
          "transitions":[
            {"default":"!query.is_sneaking"}
          ],
          "on_entry":[
            "/replaceitem entity @s slot.weapon.mainhand 0 onepiece_addon:shusui"
          ]
        },
        "enma":{
          "transitions":[
            {"default":"!query.is_sneaking"}
          ],
          "on_entry":[
            "/replaceitem entity @s slot.weapon.mainhand 0 onepiece_addon:enma_off"
          ]
        },
        "enma_off":{
          "transitions":[
            {"default":"!query.is_sneaking"}
          ],
          "on_entry":[
            "/replaceitem entity @s slot.weapon.mainhand 0 onepiece_addon:enma"
          ]
        },
        "wadoitimonji":{
          "transitions":[
            {"default":"!query.is_sneaking"}
          ],
          "on_entry":[
            "/replaceitem entity @s slot.weapon.mainhand 0 onepiece_addon:wadoitimonji_off"
          ]
        },
        "wadoitimonji_off":{
          "transitions":[
            {"default":"!query.is_sneaking"}
          ],
          "on_entry":[
            "/replaceitem entity @s slot.weapon.mainhand 0 onepiece_addon:wadoitimonji"
          ]
        },
        "sandaikitetu":{
          "transitions":[
            {"default":"!query.is_sneaking"}
          ],
          "on_entry":[
            "/replaceitem entity @s slot.weapon.mainhand 0 onepiece_addon:sandaikitetu_off"
          ]
        },
        "sandaikitetu_off":{
          "transitions":[
            {"default":"!query.is_sneaking"}
          ],
          "on_entry":[
            "/replaceitem entity @s slot.weapon.mainhand 0 onepiece_addon:sandaikitetu"
          ]
        },
        "warawara1":{
          "transitions":[
            {"default":"!query.is_sneaking"},
            {"go_default":"query.variant == 2700"}
          ],
          "on_entry":[
            "/replaceitem entity @s slot.weapon.mainhand 0 onepiece_addon:warabideto"
          ]
        },
        "warawara2":{
          "transitions":[
            {"default":"!query.is_sneaking"},
            {"go_default":"query.variant == 2700"}
          ],
          "on_entry":[
            "/replaceitem entity @s slot.weapon.mainhand 0 onepiece_addon:waraken"
          ]
        },
        "gurabito1":{
          "transitions":[
            {"default":"!query.is_sneaking"},
            {"go_default":"query.variant == 2700"}
          ],
          "on_entry":[
            "/replaceitem entity @s slot.weapon.mainhand 0 onepiece_addon:gurabito2"
          ]
        },
        "gurabito2":{
          "transitions":[
            {"default":"!query.is_sneaking"},
            {"go_default":"query.variant == 2700"}
          ],
          "on_entry":[
            "/replaceitem entity @s slot.weapon.mainhand 0 onepiece_addon:gurabito"
          ]
        },
        "gamma_knife":{
          "transitions":[
            {"default":"!(query.get_equipped_item_name == 'gamma_knife')"},
            {"go_default":"query.variant == 2700"}
          ],
          "on_entry":[
            "/effect @s weakness 100000 20 true"
          ],
          "on_exit":[
            "/effect @s weakness 0 21 true"
          ]
        },
        "kikoku":{
          "transitions":[
            {"default":"!query.is_sneaking"},
            {"go_default":"query.variant == 2700"}
          ],
          "on_entry":[
            "/replaceitem entity @s slot.weapon.mainhand 0 onepiece_addon:kikoku_injection"
          ]
        },
        "kikoku_injection":{
          "transitions":[
            {"default":"!query.is_sneaking"},
            {"go_default":"query.variant == 2700"}
          ],
          "on_entry":[
            "/replaceitem entity @s slot.weapon.mainhand 0 onepiece_addon:kikoku_off"
          ]
        },
        "kikoku_off":{
          "transitions":[
            {"default":"!query.is_sneaking"},
            {"go_default":"query.variant == 2700"}
          ],
          "on_entry":[
            "/replaceitem entity @s slot.weapon.mainhand 0 onepiece_addon:kikoku"
          ]
        },
        "room1":{
          "transitions":[
            {"default":"!query.is_sneaking"},
            {"go_default":"query.variant == 2700"}
          ],
          "on_entry":[
            "/function akumanomi/opeope/room_large_change"
          ]
        },
        "room2":{
          "transitions":[
            {"default":"!query.is_sneaking"},
            {"go_default":"query.variant == 2700"}
          ],
          "on_entry":[
            "/function akumanomi/opeope/room_medium_change"
          ]
        },
        "room3":{
          "transitions":[
            {"default":"!query.is_sneaking"},
            {"go_default":"query.variant == 2700"}
          ],
          "on_entry":[
            "/function akumanomi/opeope/room_change"
          ]
        },
        "shambles1":{
          "transitions":[
            {"default":"!query.is_sneaking"},
            {"go_default":"query.variant == 2700"}
          ],
          "on_entry":[
            "/function akumanomi/opeope/shambles2"
          ]
        },
        "shambles2":{
          "transitions":[
            {"default":"!query.is_sneaking"},
            {"go_default":"query.variant == 2700"}
          ],
          "on_entry":[
            "/function akumanomi/opeope/shambles1"
          ]
        },
        "go_default":{
          "transitions":[
            {"default":"(1.0)"}
          ]
        }
        
      }
    }
  }
}