{
  "format_version":"1.16.100",
  "animation_controllers":{
    "controller.animation.dial":{
      "states":{
        "default":{
          "transitions":[
            {"breath_dial_display":"query.get_equipped_item_name == 'breath_dial' && query.is_sneaking"},
            {"breath_dial":"query.get_equipped_item_name == 'breath_dial' && variable.attack_time"},
            {"breath_dial_on":"query.get_equipped_item_name == 'breath_dial' && query.is_using_item"},
            {"jet_dial_display":"query.get_equipped_item_name == 'jet_dial' && query.is_sneaking"},
            {"jet_dial":"query.get_equipped_item_name == 'jet_dial' && variable.attack_time"},
            {"jet_dial_on":"query.get_equipped_item_name == 'jet_dial' && query.is_using_item"},
            {"flame_dial":"query.get_equipped_item_name == 'flame_dial' && variable.attack_time"},
            {"water_dial":"query.get_equipped_item_name == 'water_dial' && variable.attack_time"},
            {"lamp_dial_display":"query.get_equipped_item_name == 'lamp_dial' && query.is_sneaking"},
            {"lamp_dial_on":"query.get_equipped_item_name == 'lamp_dial' && query.is_using_item"},
            {"lamp_dial":"query.get_equipped_item_name == 'lamp_dial' && query.time_of_day > 0.25 && query.time_of_day < 0.75 && !query.is_in_water_or_rain"},
            {"impact_dial":"query.get_equipped_item_name == 'impact_dial' || query.get_equipped_item_name == 'impact_dial_on' || query.get_equipped_item_name == 'impact_dial_used'"},
            {"reject_dial":"query.get_equipped_item_name == 'reject_dial' || query.get_equipped_item_name == 'reject_dial_on' || query.get_equipped_item_name == 'reject_dial_used'"}
          ]
        },
        "lamp_dial_display":{
          "transitions":[
            {"default":"!query.is_sneaking"}
          ],
          "on_entry":[
            "/function dial/lamp_dd"
          ]
        },
        "lamp_dial_on":{
          "transitions":[
            {"default":"!query.is_using_item"}
          ],
          "on_exit":[
            "/function dial/lamp_doc"
          ]
        },
        "lamp_dial":{
          "transitions":[
            {"default":"(1.0)"}
          ],
          "on_exit":[
            "/function dial/lamp_dc"
          ]
        },
        "breath_dial":{
          "transitions":[
            {"default":"!variable.attack_time"}
          ],
          "on_exit":[
            "/function dial/breath_dc"
          ]
        },
        "breath_dial_on":{
          "transitions":[
            {"default":"!query.is_using_item"}
          ],
          "on_exit":[
            "/function dial/breath_doc"
          ]
        },
        "breath_dial_display":{
          "transitions":[
            {"default":"!query.is_sneaking"}
          ],
          "on_entry":[
            "/function dial/breath_dd"
          ]
        },
        "jet_dial":{
          "transitions":[
            {"default":"!variable.attack_time"}
          ],
          "on_exit":[
            "/function dial/jet_dc"
          ]
        },
        "jet_dial_on":{
          "transitions":[
            {"default":"!query.is_using_item"}
          ],
          "on_exit":[
            "/function dial/jet_doc"
          ]
        },
        "jet_dial_display":{
          "transitions":[
            {"default":"!query.is_sneaking"}
          ],
          "on_entry":[
            "/function dial/jet_dd"
          ]
        },
        "flame_dial":{
          "transitions":[
            {"default":"!variable.attack_time"}
          ],
          "on_entry":[
            "/fill ^^1^1 ^^1^1 fire 0 replace air"
          ]
        },
        "water_dial":{
          "transitions":[
            {"default":"!variable.attack_time"}
          ],
          "on_entry":[
            "/fill ^^1^1 ^^1^1 water 0 replace air"
          ]
        },
        "impact_dial":{
          "transitions":[
            {"default":"!(query.get_equipped_item_name == 'impact_dial' || query.get_equipped_item_name == 'impact_dial_on' || query.get_equipped_item_name == 'impact_dial_used')"}
          ],
          "on_entry":[
            "/tag @s add impact_dial"
          ],
          "on_exit":[
            "/tag @s remove impact_dial"
          ]
        },
        "reject_dial":{
          "transitions":[
            {"default":"!(query.get_equipped_item_name == 'reject_dial' || query.get_equipped_item_name == 'reject_dial_on' || query.get_equipped_item_name == 'reject_dial_used')"}
          ],
          "on_entry":[
            "/tag @s add reject_dial"
          ],
          "on_exit":[
            "/tag @s remove reject_dial"
          ]
        }
      }
    }
  }
}