{
  "format_version":"1.16.100",
  "animation_controllers":{
    "controller.animation.jotai3":{
      "states":{
        "default":{
          "transitions":[
            {"logia_particle":"(query.variant == 2708 && query.get_equipped_item_name == 'meramera') || (query.variant == 2704 && query.get_equipped_item_name == 'sunasuna')"}
          ]
        },
        "logia_particle":{
          "transitions":[
            {"default":"(1.0)"}
          ],
          "on_entry":[
            "/function akumanomi/logia_move_particle"
          ]
        }
      }
    }
  }
}