{
  "format_version":"1.16.100",
  "animation_controllers":{
    "controller.animation.jotai2":{
      "states":{
        "default":{
          "transitions":[
            {"fire_resistance":"query.variant == 2702 || query.variant == 27021 || query.variant == 270211 || query.variant == 2703 || query.variant == 2708 || query.variant == 2710"},
            {"itoito":"query.variant == 2712 && query.get_equipped_item_name == 'itoito_kakusei' && !query.is_in_water"},
            {"hobihobi":"query.variant == 2716 && query.player_level > 10"},
            {"opeope":"query.variant == 2707 && !query.is_in_water && query.get_equipped_item_name == 'kikoku_injection'"},
            {"redhawk_b":"query.variant == 2714 && query.get_equipped_item_name == 'redhawk' && query.has_any_family('b_haki') == 1.0"},
            {"redhawk_r":"query.variant == 2714 && query.get_equipped_item_name == 'redhawk' && query.has_any_family('ryuo') == 1.0"},
            {"snakeman_speed1":"query.variant == 27142 && query.is_sneaking && !query.is_in_water"},
            {"boundman_fly1":"query.variant == 27141 && query.get_equipped_item_name == 'boundman_fly_item' && query.is_using_item && !query.is_in_water"},
            {"mochimochi":"query.get_equipped_item_name == 'mochituki' && query.is_in_water"},
            {"mochimochi2":"query.variant == 2719 && (query.get_equipped_item_name == 'nagaremochi' || query.get_equipped_item_name == 'kagamimochi') && !query.is_in_water"},
            {"p_phoenix1":"query.variant == 27112 && !query.is_on_ground && !query.is_in_water"},
            {"yomiyomi2":"query.variant == 27211"}
          ]
        },
        "yomiyomi2":{
          "transitions":[
            {"yomiyomi2u":"query.variant == 27211 && query.get_equipped_item_name == 'astral_projection_end' && query.is_using_item"},
            {"yomiyomi2_dead":"!query.is_alive"}
          ],
          "on_entry":[
            "/clear @s onepiece_addon:yomiyomi"
          ]
        },
        "yomiyomi2u":{
          "transitions":[
            {"yomiyomi2s":"query.variant == 27211 && query.get_equipped_item_name == 'astral_projection_end' && query.is_using_item"},
            {"yomiyomi2_end":"!(query.variant == 27211)"}
          ],
          "on_entry":[
            "/tag @e[type=onepiece_addon:yomi_player,r=3,c=1] add yomi2_end"
          ]
        },
        "yomiyomi2s":{
          "transitions":[
            {"yomiyomi2u":"!query.is_using_item"},
            {"yomiyomi2_end":"!(query.variant == 27211)"}
          ]
        },
        "yomiyomi2_end":{
          "transitions":[
            {"default":"(1.0)"}
          ],
          "on_entry":[
            "/tag @e[type=onepiece_addon:yomi_player,r=3,c=1] add yomi2_end2",
            "/function akumanomi/yomiyomi/astral_projection_end"
          ]
        },
        "yomiyomi2_dead":{
          "transitions":[
            {"default":"(1.0)"}
          ],
          "on_entry":[
            "/tag @s remove yomiyomi2",
            "/function akumanomi/yomiyomi/astral_projection_end",
            "/kill @e[type=onepiece_addon:yomi_player]"
          ]
        },
        "p_phoenix1":{
          "transitions":[
            {"p_phoenix2":"!(query.variant == 27112) || query.is_on_ground || query.is_in_water"}
          ],
          "on_entry":[
            "/effect @s regeneration 1000 2 true"
          ]
        },
        "p_phoenix2":{
          "transitions":[
            {"default":"(1.0)"}
          ],
          "on_entry":[
            "/effect @s regeneration 0 7 true"
          ]
        },
        "snakeman_speed1":{
          "transitions":[
            {"snakeman_end":"!(query.variant == 27142)"},
            {"snakeman_speed2":"!query.is_sneaking"}
          ]
        },
        "snakeman_speed2":{
          "transitions":[
            {"snakeman_end":"!(query.variant == 27142)"},
            {"snakeman_walk":"query.is_sneaking"}
          ],
          "on_entry":[
            "/effect @s speed 10000 6 true",
            "/effect @s jump_boost 10000 6 true"
          ]
        },
        "snakeman_walk":{
          "transitions":[
            {"snakeman_end":"!(query.variant == 27142)"},
            {"default":"!query.is_sneaking"}
          ],
          "on_entry":[
            "/effect @s speed 0 200 true",
            "/effect @s jump_boost 0 200 true"
          ]
        },
        "snakeman_end":{
          "transitions":[
            {"default":"(1.0)"}
          ],
          "on_entry":[
            "/effect @s speed 0 200 true",
            "/effect @s jump_boost 0 200 true"
          ]
        },
        //バウンドマン
        "boundman_fly1":{
          "transitions":[
            {"boundman_fly2":"!query.is_using_item"}
          ]
        },
        "boundman_fly2":{
          "transitions":[
            {"boundman_end":"!(query.variant == 27141)"},
            {"boundman_flyend":"query.get_equipped_item_name == 'boundman_fly_item' && query.is_using_item"},
            {"boundman_fly3":"!(query.get_equipped_item_name == 'boundman_fly_item' && query.is_using_item)"}
          ],
          "on_entry":[
            "/function akumanomi/gomgom/boundmanfly"
          ]
        },
        "boundman_fly3":{
          "transitions":[
            {"boundman_end":"!(query.variant == 27141)"},
            {"boundman_flyend":"query.get_equipped_item_name == 'boundman_fly_item' && query.is_using_item"},
            {"boundman_fly2":"!(query.get_equipped_item_name == 'boundman_fly_item' && query.is_using_item)"}
          ],
          "on_entry":[
            "/function akumanomi/gomgom/boundmanfly"
          ]
        },
        "boundman_flyend":{
          "transitions":[
            {"boundman_end":"!(query.variant == 27141)"},
            {"default":"!query.is_using_item"}
          ],
          "on_entry":[
            "/effect @s speed 0 200 true"
          ]
        },
        "boundman_end":{
          "transitions":[
            {"default":"(1.0)"}
          ],
          "on_entry":[
            "/effect @s speed 0 200 true"
          ]
        },
        "redhawk_b":{
          "transitions":[
            {"default":"(1.0)"}
          ],
          "on_entry":[
            "/execute @e[type=player,tag=redhawk00] ~~~ summon onepiece_addon:redhawk_attack ^^^3",
            "/execute @e[type=player,tag=redhawk00] ~~~ particle minecraft:basic_flame_particle ^^^1",
            "/execute @e[type=player,tag=redhawk00] ~~~ particle minecraft:basic_flame_particle ^^^2",
            "/execute @e[type=player,tag=redhawk00] ~~~ particle minecraft:basic_flame_particle ^^^3",
            "/execute @e[type=player,tag=redhawk00] ~~~ particle minecraft:basic_flame_particle ^1^^2",
            "/execute @e[type=player,tag=redhawk00] ~~~ particle minecraft:basic_flame_particle ^-1^^2",
            "/execute @e[type=player,tag=redhawk00] ~~~ particle minecraft:basic_flame_particle ^^1^1",
            "/execute @e[type=player,tag=redhawk00] ~~~ particle minecraft:basic_flame_particle ^^1^2",
            "/execute @e[type=player,tag=redhawk00] ~~~ particle minecraft:basic_flame_particle ^^1^3",
            "/execute @e[type=player,tag=redhawk00] ~~~ particle minecraft:basic_flame_particle ^1^1^2",
            "/execute @e[type=player,tag=redhawk00] ~~~ particle minecraft:basic_flame_particle ^-1^1^2"
          ]
        },
        "redhawk_r":{
          "transitions":[
            {"default":"(1.0)"}
          ],
          "on_entry":[
            "/execute @e[type=player,tag=redhawk00] ~~~ summon onepiece_addon:redhawk_attack_r ^^^3",
            "/execute @e[type=player,tag=redhawk00] ~~~ particle minecraft:basic_flame_particle ^^^1",
            "/execute @e[type=player,tag=redhawk00] ~~~ particle minecraft:basic_flame_particle ^^^2",
            "/execute @e[type=player,tag=redhawk00] ~~~ particle minecraft:basic_flame_particle ^^^3",
            "/execute @e[type=player,tag=redhawk00] ~~~ particle minecraft:basic_flame_particle ^1^^2",
            "/execute @e[type=player,tag=redhawk00] ~~~ particle minecraft:basic_flame_particle ^-1^^2",
            "/execute @e[type=player,tag=redhawk00] ~~~ particle minecraft:basic_flame_particle ^^1^1",
            "/execute @e[type=player,tag=redhawk00] ~~~ particle minecraft:basic_flame_particle ^^1^2",
            "/execute @e[type=player,tag=redhawk00] ~~~ particle minecraft:basic_flame_particle ^^1^3",
            "/execute @e[type=player,tag=redhawk00] ~~~ particle minecraft:basic_flame_particle ^1^1^2",
            "/execute @e[type=player,tag=redhawk00] ~~~ particle minecraft:basic_flame_particle ^-1^1^2"
          ]
        },
        "mochimochi2":{
          "transitions":[
            {"default":"(1.0)"}
          ],
          "on_entry":[
            "/fill ~-1~~-1 ~1~2~1 air 0 replace onepiece_addon:mochimochi_block",
            "/fill ~-1~~-1 ~1~2~1 air 0 replace onepiece_addon:mochimochi_block2",
            "/fill ~-1~~-1 ~1~2~1 air 0 replace onepiece_addon:mochimochi_block3"
          ]
        },
        "mochimochi":{
          "transitions":[
            {"default":"(1.0)"}
          ],
          "on_entry":[
            "/replaceitem entity @s slot.weapon.mainhand 0 onepiece_addon:mogura"
          ]
        },
        "hobihobi":{
          "transitions":[
            {"default":"(1.0)"}
          ],
          "on_entry":[
            "/xp -1L @s"
          ]
        },
        "itoito":{
          "transitions":[
            {"default":"(1.0)"}
          ],
          "on_entry":[
            "/fill ~-1~~-1 ~1~2~1 air 0 replace onepiece_addon:itoito_block"
          ]
        },
        "opeope":{
          "transitions":[
            {"default":"(1.0)"}
          ],
          "on_entry":[
            "/execute @a[tag=injection] ~~~ summon onepiece_addon:injection_attack ^^^4 true",
            "/execute @a[tag=injection] ~~~ summon onepiece_addon:injection_attack ^^^2 true",
            "/execute @a[tag=injection] ~~~ summon onepiece_addon:injection_attack ^^^3 true"
          ]
        },
        "fire_resistance":{
          "transitions":[
            {"default":"query.variant == 2702 || query.variant == 27021 || query.variant == 270211 || query.variant == 2703 || query.variant == 2708 || query.variant == 2710"},
            {"clear_effect":"!(query.variant == 2702 || query.variant == 27021 || query.variant == 270211 || query.variant == 2703 || query.variant == 2708 || query.variant == 2710)"}
          ],
          "on_entry":[
            "/effect @s fire_resistance 1 0 true"
          ]
        },
        "clear_effect":{
          "transitions":[
            {"default":"(1.0)"}
          ],
          "on_entry":[
            "/effect @s fire_resistance 0 1 true"
          ]
        },
        "go_default":{
          "transitions":[
            {"default":"(1.0)"}
          ]
        }
      }
    }
  }
}