{
  "format_version":"1.16.100",
  "animation_controllers":{
    "controller.animation.mess":{
      "states":{
        "default":{
          "transitions":[
            {"player":"query.is_using_item && query.get_equipped_item_name == 'messplayer'"},
            {"ace":"query.is_using_item && query.get_equipped_item_name == 'messace'"},
            {"akainu":"query.is_using_item && query.get_equipped_item_name == 'messakainu'"},
            {"aokizi":"query.is_using_item && query.get_equipped_item_name == 'messaokizi'"},
            {"mam":"query.is_using_item && query.get_equipped_item_name == 'messmam'"},
            {"crocodile":"query.is_using_item && query.get_equipped_item_name == 'messcrocodile'"},
            {"doframingo":"query.is_using_item && query.get_equipped_item_name == 'messdoframingo'"},
            {"enel":"query.is_using_item && query.get_equipped_item_name == 'messenel'"},
            {"fujitora":"query.is_using_item && query.get_equipped_item_name == 'messfujitora'"},
            {"luffy":"query.is_using_item && query.get_equipped_item_name == 'messluffy'"},
            {"luffy2":"query.is_using_item && query.get_equipped_item_name == 'messluffy2'"},
            {"kizaru":"query.is_using_item && query.get_equipped_item_name == 'messkizaru'"},
            {"malco":"query.is_using_item && query.get_equipped_item_name == 'messmalco'"},
            {"sirohige":"query.is_using_item && query.get_equipped_item_name == 'messsirohige'"},
            {"syankusu":"query.is_using_item && query.get_equipped_item_name == 'messsyankusu'"},
            {"teach":"query.is_using_item && query.get_equipped_item_name == 'messteach'"},
            {"zoro":"query.is_using_item && query.get_equipped_item_name == 'messzoro'"},
            {"zoro2":"query.is_using_item && query.get_equipped_item_name == 'messzoro2'"},
            {"sanji":"query.is_using_item && query.get_equipped_item_name == 'messsanji'"},
            {"layry":"query.is_using_item && query.get_equipped_item_name == 'messlayry'"},
            {"kaizoku":"query.is_using_item && query.get_equipped_item_name == 'messkaizoku'"},
            {"kaizoku2":"query.is_using_item && query.get_equipped_item_name == 'messkaizoku2'"},
            {"kaizoku3":"query.is_using_item && query.get_equipped_item_name == 'messkaizoku3'"},
            {"kaizoku4":"query.is_using_item && query.get_equipped_item_name == 'messkaizoku4'"},
            {"kaigun":"query.is_using_item && query.get_equipped_item_name == 'messkaigun'"},
            {"kaigun2":"query.is_using_item && query.get_equipped_item_name == 'messkaigun2'"},
            {"syuga-":"query.is_using_item && query.get_equipped_item_name == 'messsyuga-'"},
            {"trabol":"query.is_using_item && query.get_equipped_item_name == 'messtrabol'"},
            {"kaido":"query.is_using_item && query.get_equipped_item_name == 'messkaido'"},
            {"hokinsu":"query.is_using_item && query.get_equipped_item_name == 'messhokinsu'"},
            {"katakuri":"query.is_using_item && query.get_equipped_item_name == 'messkatakuri'"},
            {"usopp":"query.is_using_item && query.get_equipped_item_name == 'messusopp'"},
            {"franky":"query.is_using_item && query.get_equipped_item_name == 'messfranky'"},
            {"jinbe":"query.is_using_item && query.get_equipped_item_name == 'messjinbe'"},
            {"nami":"query.is_using_item && query.get_equipped_item_name == 'messnami'"},
            {"robin":"query.is_using_item && query.get_equipped_item_name == 'messrobin'"},
            {"chopper":"query.is_using_item && query.get_equipped_item_name == 'messchopper'"},
            {"brook":"query.is_using_item && query.get_equipped_item_name == 'messbrook'"},
            {"hyogoro":"query.is_using_item && query.get_equipped_item_name == 'messhyogoro'"},
            {"sabo":"query.is_using_item && query.get_equipped_item_name == 'messsabo'"}
          ]
        },
        "player":{
          "transitions":[
            {"default":"!query.is_using_item"}
          ],
          "on_entry":[
            "/effect @e[type=player,tag=in_mess] instant_damage 1 1 true"
          ]
        },
        "ace":{
          "transitions":[
            {"default":"!query.is_using_item"}
          ],
          "on_entry":[
            "/effect @e[type=onepiece_addon:ace,family=in_mess] instant_damage 1 3 true"
          ]
        },
        "akainu":{
          "transitions":[
            {"default":"!query.is_using_item"}
          ],
          "on_entry":[
            "/effect @e[type=onepiece_addon:akainu,family=in_mess] instant_damage 1 3 true"
          ]
        },
        "aokizi":{
          "transitions":[
            {"default":"!query.is_using_item"}
          ],
          "on_entry":[
            "/effect @e[type=onepiece_addon:aokizi,family=in_mess] instant_damage 1 3 true"
          ]
        },
        "mam":{
          "transitions":[
            {"default":"!query.is_using_item"}
          ],
          "on_entry":[
            "/effect @e[type=onepiece_addon:big_mam,family=in_mess] instant_damage 1 3 true"
          ]
        },
        "crocodile":{
          "transitions":[
            {"default":"!query.is_using_item"}
          ],
          "on_entry":[
            "/effect @e[type=onepiece_addon:crocodile,family=in_mess] instant_damage 1 3 true"
          ]
        },
        "doframingo":{
          "transitions":[
            {"default":"!query.is_using_item"}
          ],
          "on_entry":[
            "/effect @e[type=onepiece_addon:doframingo,family=in_mess] instant_damage 1 3 true"
          ]
        },
        "enel":{
          "transitions":[
            {"default":"!query.is_using_item"}
          ],
          "on_entry":[
            "/effect @e[type=onepiece_addon:enel,family=in_mess] instant_damage 1 3 true"
          ]
        },
        "fujitora":{
          "transitions":[
            {"default":"!query.is_using_item"}
          ],
          "on_entry":[
            "/effect @e[type=onepiece_addon:fujitora,family=in_mess] instant_damage 1 3 true"
          ]
        },
        "luffy":{
          "transitions":[
            {"default":"!query.is_using_item"}
          ],
          "on_entry":[
            "/effect @e[type=onepiece_addon:luffy,family=in_mess] instant_damage 1 3 true",
            "/effect @e[type=onepiece_addon:luffy_weakness,family=in_mess] instant_damage 1 3 true",
            "/effect @e[type=onepiece_addon:gia4,family=in_mess] instant_damage 1 3 true"
          ]
        },
        "luffy2":{
          "transitions":[
            {"default":"!query.is_using_item"}
          ],
          "on_entry":[
            "/effect @e[type=onepiece_addon:luffy2,family=in_mess] instant_damage 1 3 true"
          ]
        },
        "kizaru":{
          "transitions":[
            {"default":"!query.is_using_item"}
          ],
          "on_entry":[
            "/effect @e[type=onepiece_addon:kizaru,family=in_mess] instant_damage 1 3 true"
          ]
        },
        "malco":{
          "transitions":[
            {"default":"!query.is_using_item"}
          ],
          "on_entry":[
            "/effect @e[type=onepiece_addon:malco,family=in_mess] instant_damage 1 3 true"
          ]
        },
        "sirohige":{
          "transitions":[
            {"default":"!query.is_using_item"}
          ],
          "on_entry":[
            "/effect @e[type=onepiece_addon:sirohige,family=in_mess] instant_damage 1 3 true"
          ]
        },
        "syankusu":{
          "transitions":[
            {"default":"!query.is_using_item"}
          ],
          "on_entry":[
            "/effect @e[type=onepiece_addon:syankusu,family=in_mess] instant_damage 1 3 true"
          ]
        },
        "teach":{
          "transitions":[
            {"default":"!query.is_using_item"}
          ],
          "on_entry":[
            "/effect @e[type=onepiece_addon:teach,family=in_mess] instant_damage 1 3 true"
          ]
        },
        "zoro":{
          "transitions":[
            {"default":"!query.is_using_item"}
          ],
          "on_entry":[
            "/effect @e[type=onepiece_addon:zoro,family=in_mess] instant_damage 1 3 true"
          ]
        },
        "zoro2":{
          "transitions":[
            {"default":"!query.is_using_item"}
          ],
          "on_entry":[
            "/effect @e[type=onepiece_addon:zoro2,family=in_mess] instant_damage 1 3 true"
          ]
        },
        "sanji":{
          "transitions":[
            {"default":"!query.is_using_item"}
          ],
          "on_entry":[
            "/effect @e[type=onepiece_addon:sanji,family=in_mess] instant_damage 1 3 true"
          ]
        },
        "layry":{
          "transitions":[
            {"default":"!query.is_using_item"}
          ],
          "on_entry":[
            "/effect @e[type=onepiece_addon:layry,family=in_mess] instant_damage 1 3 true"
          ]
        },
        "kaizoku":{
          "transitions":[
            {"default":"!query.is_using_item"}
          ],
          "on_entry":[
            "/kill @e[type=onepiece_addon:kaizoku,family=in_mess]",
            "/clear @s onepiece_addon:messkaizoku"
          ]
        },
        "kaizoku2":{
          "transitions":[
            {"default":"!query.is_using_item"}
          ],
          "on_entry":[
            "/effect @e[type=onepiece_addon:kaizoku2,family=in_mess] instant_damage 1 3 true"
          ]
        },
        "kaizoku3":{
          "transitions":[
            {"default":"!query.is_using_item"}
          ],
          "on_entry":[
            "/kill @e[type=onepiece_addon:kaizoku3,family=in_mess]",
            "/clear @s onepiece_addon:messkaizoku3"
          ]
        },
        "kaizoku4":{
          "transitions":[
            {"default":"!query.is_using_item"}
          ],
          "on_entry":[
            "/effect @e[type=onepiece_addon:kaizoku4,family=in_mess] instant_damage 1 3 true"
          ]
        },
        "kaigun":{
          "transitions":[
            {"default":"!query.is_using_item"}
          ],
          "on_entry":[
            "/kill @e[type=onepiece_addon:kaigun,family=in_mess]",
            "/clear @s onepiece_addon:messkaigun"
          ]
        },
        "kaigun2":{
          "transitions":[
            {"default":"!query.is_using_item"}
          ],
          "on_entry":[
            "/effect @e[type=onepiece_addon:kaigun2,family=in_mess] instant_damage 1 3 true"
          ]
        },
        "syuga-":{
          "transitions":[
            {"default":"!query.is_using_item"}
          ],
          "on_entry":[
            "/effect @e[type=onepiece_addon:syuga-,family=in_mess] instant_damage 1 3 true"
          ]
        },
        "trabol":{
          "transitions":[
            {"default":"!query.is_using_item"}
          ],
          "on_entry":[
            "/effect @e[type=onepiece_addon:trabol,family=in_mess] instant_damage 1 3 true"
          ]
        },
        "kaido":{
          "transitions":[
            {"default":"!query.is_using_item"}
          ],
          "on_entry":[
            "/effect @e[type=onepiece_addon:kaido,family=in_mess] instant_damage 1 3 true"
          ]
        },
        "hokinsu":{
          "transitions":[
            {"default":"!query.is_using_item"}
          ],
          "on_entry":[
            "/effect @e[type=onepiece_addon:hokinsu,family=in_mess] instant_damage 1 3 true"
          ]
        },
        "katakuri":{
          "transitions":[
            {"default":"!query.is_using_item"}
          ],
          "on_entry":[
            "/effect @e[type=onepiece_addon:katakuri,family=in_mess] instant_damage 1 3 true"
          ]
        },
        "usopp":{
          "transitions":[
            {"default":"!query.is_using_item"}
          ],
          "on_entry":[
            "/effect @e[type=onepiece_addon:usopp,family=in_mess] instant_damage 1 3 true"
          ]
        },
        "franky":{
          "transitions":[
            {"default":"!query.is_using_item"}
          ],
          "on_entry":[
            "/effect @e[type=onepiece_addon:franky,family=in_mess] instant_damage 1 3 true"
          ]
        },
        "jinbe":{
          "transitions":[
            {"default":"!query.is_using_item"}
          ],
          "on_entry":[
            "/effect @e[type=onepiece_addon:jinbe,family=in_mess] instant_damage 1 3 true"
          ]
        },
        "nami":{
          "transitions":[
            {"default":"!query.is_using_item"}
          ],
          "on_entry":[
            "/effect @e[type=onepiece_addon:nami,family=in_mess] instant_damage 1 3 true"
          ]
        },
        "robin":{
          "transitions":[
            {"default":"!query.is_using_item"}
          ],
          "on_entry":[
            "/effect @e[type=onepiece_addon:robin,family=in_mess] instant_damage 1 3 true"
          ]
        },
        "chopper":{
          "transitions":[
            {"default":"!query.is_using_item"}
          ],
          "on_entry":[
            "/effect @e[type=onepiece_addon:chopper,family=in_mess] instant_damage 1 3 true"
          ]
        },
        "brook":{
          "transitions":[
            {"default":"!query.is_using_item"}
          ],
          "on_entry":[
            "/effect @e[type=onepiece_addon:brook,family=in_mess] instant_damage 1 3 true"
          ]
        },
        "hyogoro":{
          "transitions":[
            {"default":"!query.is_using_item"}
          ],
          "on_entry":[
            "/effect @e[type=onepiece_addon:hyogoro,family=in_mess] instant_damage 1 3 true"
          ]
        },
        "sabo":{
          "transitions":[
            {"default":"!query.is_using_item"}
          ],
          "on_entry":[
            "/effect @e[type=onepiece_addon:sabo,family=in_mess] instant_damage 1 3 true"
          ]
        }
      }
    }
  }
}