{
  "format_version":"1.16.100",
  "animation_controllers":{
    "controller.animation.replaceitem":{
      "states":{
        "default":{
          "transitions":[
            {"0":"!(query.variant == 2701) && (query.get_equipped_item_name == 'fezantbeck' || query.get_equipped_item_name == 'hiehie_ability' || query.get_equipped_item_name == 'ice_age' || query.get_equipped_item_name == 'ice_saber')"},
            {"0":"!(query.variant == 2702 || query.variant == 27021 || query.variant == 270211) && (query.get_equipped_item_name == 'amal' || query.get_equipped_item_name == 'el-thor')"},
            {"0":"!(query.variant == 2703) && (query.get_equipped_item_name == 'amanomurakumo' || query.get_equipped_item_name == 'hikarinokeri' || query.get_equipped_item_name == 'yasakaninomagatama' || query.get_equipped_item_name == 'yatanokagami')"},
            {"0":"!(query.variant == 2704) && (query.get_equipped_item_name == 'baruhan' || query.get_equipped_item_name == 'grandsekko' || query.get_equipped_item_name == 'rasupa-da' || query.get_equipped_item_name == 'sa-burusu' || query.get_equipped_item_name == 'sa-burusu2' || query.get_equipped_item_name == 'sunasuna')"},
            {"0":"!(query.variant == 2705 || query.variant == 2715) && (query.get_equipped_item_name == 'guragura_right' || query.get_equipped_item_name == 'guragura_left')"},
            {"0":"!(query.variant == 2706) && query.get_equipped_item_name == 'meteo'"},
            {"0":"!(query.variant == 2707) && (query.get_equipped_item_name == 'gamma_knife' || query.get_equipped_item_name == 'mess' || query.get_equipped_item_name == 'room' || query.get_equipped_item_name == 'room_medium' || query.get_equipped_item_name == 'room_large' || query.get_equipped_item_name == 'shambles' || query.get_equipped_item_name == 'shambles2' || query.get_equipped_item_name == 'tact')"},
            {"0":"!(query.variant == 2708) && (query.get_equipped_item_name == 'entei' || query.get_equipped_item_name == 'hiken' || query.get_equipped_item_name == 'juzika' || query.get_equipped_item_name == 'meramera')"},
            {"0":"!(query.variant == 2709 || query.variant == 2715) && (query.get_equipped_item_name == 'blackhole_revelation' || query.get_equipped_item_name == 'kurouzu')"},
            {"0":"!(query.variant == 2710) && (query.get_equipped_item_name == 'lava_fist' || query.get_equipped_item_name == 'ryuseikazan')"},
            {"0":"!(query.variant == 2711 || query.variant == 27111 || query.variant == 27112) && (query.get_equipped_item_name == 'malco_health' || query.get_equipped_item_name == 'perfect_phoenix' || query.get_equipped_item_name == 'phoenix' || query.get_equipped_item_name == 'toritori_attack' || query.get_equipped_item_name == 'toritori_hiko')"},
            {"0":"!(query.variant == 2712) && (query.get_equipped_item_name == 'blacknight' || query.get_equipped_item_name == 'gosiki-to' || query.get_equipped_item_name == 'itoito_kakusei' || query.get_equipped_item_name == 'parasite' || query.get_equipped_item_name == 'tamaito')"},
            {"0":"!(query.variant == 2713) && (query.get_equipped_item_name == 'soul' || query.get_equipped_item_name == 'mysoul' || query.get_equipped_item_name == 'soul_shave' || query.get_equipped_item_name == 'soul_pocus')"},
            {"0":"!(query.variant == 2714 || query.variant == 27141 || query.variant == 27142) && (query.get_equipped_item_name == 'blackmamba' || query.get_equipped_item_name == 'boundman_fly_item' || query.get_equipped_item_name == 'gatling' || query.get_equipped_item_name == 'gom_rocket' || query.get_equipped_item_name == 'gom_pistol' || query.get_equipped_item_name == 'gear' || query.get_equipped_item_name == 'gear2' || query.get_equipped_item_name == 'gear3' || query.get_equipped_item_name == 'gear4_1' || query.get_equipped_item_name == 'gear4_3' || query.get_equipped_item_name == 'gigant_pistol' || query.get_equipped_item_name == 'jet_culverin' || query.get_equipped_item_name == 'jet_gatling' || query.get_equipped_item_name == 'jet_pistol' || query.get_equipped_item_name == 'konggun' || query.get_equipped_item_name == 'redhawk')"},
            {"0":"!(query.variant == 2716) && (query.get_equipped_item_name == 'hobihobi' || query.get_equipped_item_name == 'keiyaku')"},
            {"0":"!(query.variant == 2717) && (query.get_equipped_item_name == 'betabetton' || query.get_equipped_item_name == 'betabeta_robe_give')"},
            {"0":"!(query.variant == 2718 || query.variant == 27181) && (query.get_equipped_item_name == 'strawman0' || query.get_equipped_item_name == 'strawmans_card' || query.get_equipped_item_name == 'waraken' || query.get_equipped_item_name == 'warabideto' || query.get_equipped_item_name == 'tarot1' || query.get_equipped_item_name == 'tarot2' || query.get_equipped_item_name == 'tarot3' || query.get_equipped_item_name == 'tarot4' || query.get_equipped_item_name == 'tarot5' || query.get_equipped_item_name == 'tarot6' || query.get_equipped_item_name == 'tarot7' || query.get_equipped_item_name == 'tarot8')"},
            {"0":"!(query.variant == 2719) && (query.get_equipped_item_name == 'chikaramochi' || query.get_equipped_item_name == 'kagamimochi' || query.get_equipped_item_name == 'mochiginchaku' || query.get_equipped_item_name == 'mochituki' || query.get_equipped_item_name == 'musodonatu' || query.get_equipped_item_name == 'nagaremochi')"},
            {"0":"!(query.variant == 2720 || query.variant == 27201) && (query.get_equipped_item_name == 'uouo2' || query.get_equipped_item_name == 'borobreath')"},
            {"0":"!(query.variant == 27210 || query.variant == 2721 || query.variant == 27211) && (query.get_equipped_item_name == 'astral_projection' || query.get_equipped_item_name == 'astral_projection_end' || query.get_equipped_item_name == 'yomiyomi')"},
            {"0":"!(query.variant == 2723) && (query.get_equipped_item_name == 'hanahana_wing1' || query.get_equipped_item_name == 'hanahana_wing2' || query.get_equipped_item_name == 'hanahana_wing3' || query.get_equipped_item_name == 'gigantescomano' || query.get_equipped_item_name == 'spidernet' || query.get_equipped_item_name == 'cuerpofleur')"},
            {"0":"!(query.variant == 2724) && (query.get_equipped_item_name == 'skating' || query.get_equipped_item_name == 'skating_end')"},
            {"0":"!(query.variant == 2725) && query.get_equipped_item_name == 'noronorobeam'"},
            {"sneaking":"query.is_sneaking"}
          ]
        },
        "0":{
          "transitions":[
            {"default":"(1.0)"}
          ],
          "on_entry":[
            "/replaceitem entity @s slot.weapon.mainhand 0 air"
          ]
        },
        "sneaking":{
          "transitions":[
            {"default":"!query.is_sneaking"}
          ],
          "on_entry":[
            "/tag @s add sneaking"
          ]
        }
      }
    }
  }
}