{
  "format_version":"1.16.100",
  "animation_controllers":{
    "controller.animation.rokusiki2":{
      "states":{
        "default":{
          "transitions":[
            {"geppou":"query.get_equipped_item_name == 'geppou'"},
            {"runkyaku":"query.get_equipped_item_name == 'runkyaku'"},
            {"akasi":"query.is_using_item && (query.get_equipped_item_name == 'kaido_akasi' || query.get_equipped_item_name == 'kaizokuo_akasi' || query.get_equipped_item_name == 'mam_akasi' || query.get_equipped_item_name == 'sirohige_akasi' || query.get_equipped_item_name == 'sitibukai_akasi' || query.get_equipped_item_name == 'syankusu_akasi' || query.get_equipped_item_name == 'taisyo_summon' || query.get_equipped_item_name == 'buster_call')"},
            {"diablejambe":"query.get_equipped_item_name == 'diablejambe'"},
            {"hiken":"query.get_equipped_item_name == 'hiken' && query.variant == 2708"},
            {"sandaikitetu_haki":"query.get_equipped_item_name == 'sandaikitetu_haki'"}
          ]
        },
        "sandaikitetu_haki":{
          "transitions":[
            {"default":"!(query.get_equipped_item_name == 'sandaikitetu_haki')"}
          ],
          "on_entry":[
            "/replaceitem entity @s slot.weapon.mainhand 0 onepiece_addon:sandaikitetu"
          ]
        },
        "hiken":{
          "transitions":[
            {"default":"!(query.get_equipped_item_name == 'hiken')"}
          ],
          "on_entry":[
            "/enchant @s fire_aspect 2"
          ]
        },
        "diablejambe":{
          "transitions":[
            {"default":"!(query.get_equipped_item_name == 'diablejambe')"}
          ],
          "on_entry":[
            "/enchant @s fire_aspect 2"
          ]
        },
        "akasi":{
          "transitions":[
            {"default":"!query.is_using_item"}
          ],
          "on_exit":[
            "/replaceitem entity @s slot.weapon.mainhand 0 air"
          ]
        },
        "geppou":{
          "transitions":[
            {"default":"(1.0)"}
          ],
          "on_entry":[
            "/execute @s[rx=90,rxm=45] ~~~ effect @s slow_falling 1 0 true"
          ]
        },
        "runkyaku":{
          "transitions":[
            {"default":"!(query.get_equipped_item_name == 'runkyaku')"}
          ],
          "on_entry":[
            "/tag @s add runkyaku"
          ],
          "on_exit":[
            "/tag @s remove runkyaku"
          ]
        }
      }
    }
  }
}