{
  "format_version":"1.16.100",
  "animation_controllers":{
    "controller.animation.rokusiki1":{
      "states":{
        "default":{
          "transitions":[
            {"tekkai0":"query.get_equipped_item_name == 'tekkai' && query.is_using_item && query.player_level < 10"},
            {"tekkai1":"query.get_equipped_item_name == 'tekkai' && query.is_using_item && query.player_level >= 10 && query.player_level < 20"},
            {"tekkai2":"query.get_equipped_item_name == 'tekkai' && query.is_using_item && query.player_level >= 20 && query.player_level < 30"},
            {"tekkai3":"query.get_equipped_item_name == 'tekkai' && query.is_using_item && query.player_level >= 30 && query.player_level < 40"},
            {"tekkai4":"query.get_equipped_item_name == 'tekkai' && query.is_using_item && query.player_level >= 40 && query.player_level < 50"},
            {"tekkai5":"query.get_equipped_item_name == 'tekkai' && query.is_using_item && query.player_level >= 50"},
            {"soru0":"query.get_equipped_item_name == 'soru' && query.is_using_item && query.player_level < 10"},
            {"soru1":"query.get_equipped_item_name == 'soru' && query.is_using_item && query.player_level >= 10 && query.player_level < 20"},
            {"soru2":"query.get_equipped_item_name == 'soru' && query.is_using_item && query.player_level >= 20 && query.player_level < 30"},
            {"soru3":"query.get_equipped_item_name == 'soru' && query.is_using_item && query.player_level >= 30 && query.player_level < 40"},
            {"soru4":"query.get_equipped_item_name == 'soru' && query.is_using_item && query.player_level >= 40 && query.player_level < 50"},
            {"soru5":"query.get_equipped_item_name == 'soru' && query.is_using_item && query.player_level >= 50"},
            {"kamie":"query.get_equipped_item_name == 'kamie' && query.is_using_item"},
            {"geppou":"query.get_equipped_item_name == 'geppou' && query.is_using_item"},
            {"ryuo":"query.has_any_family('ryuo') == 1.0 && variable.attack_time"}
          ]
        },
        "ryuo":{
          "transitions":[
            {"default":"!variable.attack_time"}
          ],
          "on_entry":[
            "/function haki/ryuo_attack"
          ]
        },
        "tekkai0":{
          "transitions":[
            {"default":"!query.is_using_item"}
          ],
          "on_entry":[
            "/effect @s resistance 2 0 true",
            "/effect @s slowness 2 10 true"
          ]
        },
        "tekkai1":{
          "transitions":[
            {"default":"!query.is_using_item"}
          ],
          "on_entry":[
            "/effect @s resistance 2 1 true",
            "/effect @s slowness 2 10 true"
          ]
        },
        "tekkai2":{
          "transitions":[
            {"default":"!query.is_using_item"}
          ],
          "on_entry":[
            "/effect @s resistance 2 1 true",
            "/effect @s slowness 2 10 true"
          ]
        },
        "tekkai3":{
          "transitions":[
            {"default":"!query.is_using_item"}
          ],
          "on_entry":[
            "/effect @s resistance 2 2 true",
            "/effect @s slowness 2 10 true"
          ]
        },
        "tekkai4":{
          "transitions":[
            {"default":"!query.is_using_item"}
          ],
          "on_entry":[
            "/effect @s resistance 2 2 true",
            "/effect @s slowness 2 10 true"
          ]
        },
        "tekkai5":{
          "transitions":[
            {"default":"!query.is_using_item"}
          ],
          "on_entry":[
            "/effect @s resistance 2 3 true",
            "/effect @s slowness 2 10 true"
          ]
        },
        "soru0":{
          "transitions":[
            {"default":"!query.is_using_item"}
          ],
          "on_entry":[
            "/effect @s speed 1 10 true"
          ]
        },
        "soru1":{
          "transitions":[
            {"default":"!query.is_using_item"}
          ],
          "on_entry":[
            "/effect @s speed 1 10 true"
          ]
        },
        "soru2":{
          "transitions":[
            {"default":"!query.is_using_item"}
          ],
          "on_entry":[
            "/effect @s speed 1 15 true"
          ]
        },
        "soru3":{
          "transitions":[
            {"default":"!query.is_using_item"}
          ],
          "on_entry":[
            "/effect @s speed 1 20 true"
          ]
        },
        "soru4":{
          "transitions":[
            {"default":"!query.is_using_item"}
          ],
          "on_entry":[
            "/effect @s speed 1 25 true"
          ]
        },
        "soru5":{
          "transitions":[
            {"default":"!query.is_using_item"}
          ],
          "on_entry":[
            "/effect @s speed 1 30 true"
          ]
        },
        "kamie":{
          "transitions":[
            {"kamie2":"variable.time = (variable.time ?? 0);variable.time = variable.time < 5 ? variable.time + 1:0;return variable.time == 0;"},
            {"default":"!(query.get_equipped_item_name == 'kamie') || !query.is_using_item"}
          ],
          "on_entry":[
            "/tp @s ^4^^"
          ]
        },
        "kamie2":{
          "transitions":[
            {"kamie":"variable.time = (variable.time ?? 0);variable.time = variable.time < 5 ? variable.time + 1:0;return variable.time == 0;"},
            {"default":"!(query.get_equipped_item_name == 'kamie') || !query.is_using_item"}
          ],
          "on_entry":[
            "/tp @s ^-4^^"
          ]
        },
        "geppou":{
          "transitions":[
            {"geppou2":"variable.time = (variable.time ?? 0);variable.time = variable.time < 5 ? variable.time + 1:0;return variable.time == 0;"}
          ],
          "on_entry":[
            "/effect @s levitation 10 30 true",
            "/particle minecraft:camera_shoot_explosion ~~-1~"
          ]
        },
        "geppou2":{
          "transitions":[
            {"default":"(1.0)"}
          ],
          "on_entry":[
            "/effect @s levitation 0 31 true",
            "/effect @s slow_falling 1 0 true"
          ]
        }
      }
    }
  }
}