{
  "format_version":"1.16.100",
  "animation_controllers":{
    "controller.animation.room":{
      "states":{
        "default":{
          "transitions":[
            {"room_start":"query.variant == 2707 && query.get_equipped_item_name('off_hand')== 'room' && query.is_sneaking && !query.is_in_water"},
            {"room_medium_start":"query.variant == 2707 && query.get_equipped_item_name('off_hand')== 'room_medium' && query.is_sneaking && !query.is_in_water"},
            {"room_large_start":"query.variant == 2707 && query.get_equipped_item_name('off_hand')== 'room_large' && query.is_sneaking && !query.is_in_water"}
          ],
          "on_entry":[
            "/function akumanomi/opeope/room_end"
          ]
        },
        "room_start":{
          "transitions":[
            {"default":"query.get_equipped_item_name('off_hand')== !'room'"},
            {"room_state":"!query.is_sneaking"},
            {"go_default":"query.variant == 2700"}
          ],
          "on_exit":[
            "/tag @s add room",
            "/title @s title ROOM",
            "/summon onepiece_addon:room_entity true",
            "/effect @s instant_damage 1 0 true",
            "/function akumanomi/opeope/room_give"
          ]
        },
        "room_state":{
          "transitions":[
            {"default":"query.get_equipped_item_name('off_hand')== !'room'"},
            {"room_kikoku1":"query.get_equipped_item_name == 'kikoku' && query.is_using_item"},
            {"room_shambles2":"query.get_equipped_item_name == 'shambles2' && query.is_using_item"},
            {"tact1":"query.get_equipped_item_name == 'tact' && query.is_using_item"},
            {"gamma_knife":"query.get_equipped_item_name == 'gamma_knife' && variable.attack_time"},
            {"mess":"query.get_equipped_item_name == 'mess' && variable.attack_time"},
            {"injection_hold":"query.get_equipped_item_name == 'kikoku_injection' && query.is_using_item"},
            {"go_default":"query.variant == 2700"}
          ],
          "on_entry":[
            "/tag @e[tag=tact] remove tact"
          ]
        },
        "tact1":{
          "transitions":[
            {"tact2":"query.is_using_item"},
            {"room_state":"!query.is_using_item"}
          ],
          "on_entry":[
            "/tp @e[tag=tact] ^^^10"
          ]
        },
        "tact2":{
          "transitions":[
            {"tact1":"query.is_using_item"},
            {"room_state":"!query.is_using_item"}
          ],
          "on_entry":[
            "/tp @e[tag=tact] ^^^10"
          ]
        },
        "room_kikoku1":{
          "transitions":[
            {"room_kikoku2":"(1.0)"}
          ],
          "on_entry":[
            "/tag @s add kikoku_shoot"
          ]
        },
        "room_kikoku2":{
          "transitions":[
            {"room_state":"!query.is_using_item"}
          ],
          "on_entry":[
            "/tag @s remove kikoku_shoot"
          ]
        },
        "room_shambles2":{
          "transitions":[
            {"default":"query.get_equipped_item_name('off_hand')== !'room'"},
            {"room_state":"!query.is_using_item"},
            {"go_default":"query.variant == 2700"}
          ],
          "on_entry":[
            "/summon onepiece_addon:shambles3 true"
          ]
        },
        "gamma_knife":{
          "transitions":[
            {"default":"query.get_equipped_item_name('off_hand')== !'room'"},
            {"room_state":"!variable.attack_time"},
            {"go_default":"query.variant == 2700"}
          ],
          "on_entry":[
            "/function akumanomi/opeope/gamma_knife"
          ]
        },
        "mess":{
          "transitions":[
            {"default":"query.get_equipped_item_name('off_hand')== !'room'"},
            {"room_state":"!(query.get_equipped_item_name == 'mess') || !variable.attack_time"},
            {"go_default":"query.variant == 2700"}
          ],
          "on_entry":[
            "/tag @a[r=3,tag=!opeope,family=!opeope] add mess"
          ]
        },
        "injection_hold":{
          "transitions":[
            {"default":"query.get_equipped_item_name('off_hand')== !'room'"},
            {"injection_shot":"!query.is_using_item"},
            {"go_default":"query.variant == 2700"}
          ],
          "on_exit":[
            "/effect @s speed 1 20 true",
            "/tag @s add injection",
            "/particle minecraft:camera_shoot_explosion ~~~"
          ]
        },
        "injection_shot":{
          "transitions":[
            {"default":"query.get_equipped_item_name('off_hand')== !'room'"},
            {"room_state":"variable.time = (variable.time ?? 0);variable.time = variable.time < 20 ? variable.time + 1:0;return variable.time == 0;"},
            {"go_default":"query.variant == 2700"}
          ],
          "on_exit":[
            "/tag @s remove injection"
          ]
        },
        "room_medium_start":{
          "transitions":[
            {"default":"query.get_equipped_item_name('off_hand')== !'room_medium'"},
            {"room_medium_state":"!query.is_sneaking"},
            {"go_default":"query.variant == 2700"}
          ],
          "on_exit":[
            "/tag @s add room",
            "/title @s title ROOM",
            "/summon onepiece_addon:room_medium_entity true",
            "/effect @s instant_damage 1 1 true",
            "/function akumanomi/opeope/room_give"
          ]
        },
        "room_medium_state":{
          "transitions":[
            {"default":"query.get_equipped_item_name('off_hand')== !'room_medium'"},
            {"room_medium_kikoku1":"query.get_equipped_item_name == 'kikoku' && query.is_using_item"},
            {"medium_tact1":"query.get_equipped_item_name == 'tact' && query.is_using_item"},
            {"room_medium_shambles2":"query.get_equipped_item_name == 'shambles2' && query.is_using_item"},
            {"medium_gamma_knife":"query.get_equipped_item_name == 'gamma_knife' && variable.attack_time"},
            {"medium_mess":"query.get_equipped_item_name == 'mess' && variable.attack_time"},
            {"injection_hold_medium":"query.get_equipped_item_name == 'kikoku_injection' && query.is_using_item"},
            {"go_default":"query.variant == 2700"}
          ],
          "on_entry":[
            "/tag @e[tag=tact] remove tact"
          ]
        },
        "medium_tact1":{
          "transitions":[
            {"medium_tact2":"query.is_using_item"},
            {"room_medium_state":"!query.is_using_item"}
          ],
          "on_entry":[
            "/tp @e[tag=tact] ^^^10"
          ]
        },
        "medium_tact2":{
          "transitions":[
            {"medium_tact1":"query.is_using_item"},
            {"room_medium_state":"!query.is_using_item"}
          ],
          "on_entry":[
            "/tp @e[tag=tact] ^^^10"
          ]
        },
        "room_medium_kikoku1":{
          "transitions":[
            {"room_medium_kikoku2":"(1.0)"}
          ],
          "on_entry":[
            "/tag @s add kikoku_medium_shoot"
          ]
        },
        "room_medium_kikoku2":{
          "transitions":[
            {"room_state":"!query.is_using_item"}
          ],
          "on_entry":[
            "/tag @s remove kikoku_medium_shoot"
          ]
        },
        "room_medium_shambles2":{
          "transitions":[
            {"default":"query.get_equipped_item_name('off_hand')== !'room_medium'"},
            {"room_medium_state":"!query.is_using_item"},
            {"go_default":"query.variant == 2700"}
          ],
          "on_entry":[
            "/summon onepiece_addon:shambles3 true"
          ]
        },
        "medium_gamma_knife":{
          "transitions":[
            {"default":"query.get_equipped_item_name('off_hand')== !'room'"},
            {"room_medium_state":"!variable.attack_time"},
            {"go_default":"query.variant == 2700"}
          ],
          "on_entry":[
            "/function akumanomi/opeope/gamma_knife"
          ]
        },
        "medium_mess":{
          "transitions":[
            {"default":"query.get_equipped_item_name('off_hand')== !'room_medium'"},
            {"room_medium_state":"!(query.get_equipped_item_name == 'mess') || !variable.attack_time"},
            {"go_default":"query.variant == 2700"}
          ],
          "on_entry":[
            "/tag @a[r=3,tag=!opeope,family=!opeope] add mess"
          ]
        },
        "injection_hold_medium":{
          "transitions":[
            {"default":"query.get_equipped_item_name('off_hand')== !'room_medium'"},
            {"injection_shot_medium":"!query.is_using_item"},
            {"go_default":"query.variant == 2700"}
          ],
          "on_exit":[
            "/effect @s speed 1 20 true",
            "/tag @s add injection",
            "/particle minecraft:camera_shoot_explosion ~~~"
          ]
        },
        "injection_shot_medium":{
          "transitions":[
            {"default":"query.get_equipped_item_name('off_hand')== !'room_medium'"},
            {"room_medium_state":"variable.time = (variable.time ?? 0);variable.time = variable.time < 20 ? variable.time + 1:0;return variable.time == 0;"},
            {"go_default":"query.variant == 2700"}
          ],
          "on_exit":[
            "/tag @s remove injection"
          ]
        },
        "room_large_start":{
          "transitions":[
            {"default":"query.get_equipped_item_name('off_hand')== !'room_large'"},
            {"room_large_state":"!query.is_sneaking"},
            {"go_default":"query.variant == 2700"}
          ],
          "on_exit":[
            "/tag @s add room",
            "/title @s title ROOM",
            "/summon onepiece_addon:room_large_entity true",
            "/effect @s instant_damage 1 2 true",
            "/function akumanomi/opeope/room_give"
          ]
        },
        "room_large_state":{
          "transitions":[
            {"default":"query.get_equipped_item_name('off_hand')== !'room_large'"},
            {"room_large_kikoku1":"query.get_equipped_item_name == 'kikoku' && query.is_using_item"},
            {"large_tact1":"query.get_equipped_item_name == 'tact' && query.is_using_item"},
            {"room_large_shambles2":"query.get_equipped_item_name == 'shambles2' && query.is_using_item"},
            {"large_gamma_knife":"query.get_equipped_item_name == 'gamma_knife' && variable.attack_time"},
            {"large_mess":"query.get_equipped_item_name == 'mess' && variable.attack_time"},
            {"injection_hold_large":"query.get_equipped_item_name == 'kikoku_injection' && query.is_using_item"},
            {"go_default":"query.variant == 2700"}
          ],
          "on_entry":[
            "/tag @e[tag=tact] remove tact"
          ]
        },
        "large_tact1":{
          "transitions":[
            {"large_tact2":"query.is_using_item"},
            {"room_large_state":"!query.is_using_item"}
          ],
          "on_entry":[
            "/tp @e[tag=tact] ^^^10"
          ]
        },
        "large_tact2":{
          "transitions":[
            {"large_tact1":"query.is_using_item"},
            {"room_large_state":"!query.is_using_item"}
          ],
          "on_entry":[
            "/tp @e[tag=tact] ^^^10"
          ]
        },
        "room_large_kikoku1":{
          "transitions":[
            {"room_large_kikoku2":"(1.0)"}
          ],
          "on_entry":[
            "/tag @s add kikoku_large_shoot"
          ]
        },
        "room_large_kikoku2":{
          "transitions":[
            {"room_state":"!query.is_using_item"}
          ],
          "on_entry":[
            "/tag @s remove kikoku_large_shoot"
          ]
        },
        "room_large_shambles2":{
          "transitions":[
            {"default":"query.get_equipped_item_name('off_hand')== !'room_large'"},
            {"room_large_state":"!query.is_using_item"},
            {"go_default":"query.variant == 2700"}
          ],
          "on_entry":[
            "/summon onepiece_addon:shambles3 true"
          ]
        },
        "large_gamma_knife":{
          "transitions":[
            {"default":"query.get_equipped_item_name('off_hand')== !'room'"},
            {"room_large_state":"!variable.attack_time"},
            {"go_default":"query.variant == 2700"}
          ],
          "on_entry":[
            "/function akumanomi/opeope/gamma_knife"
          ]
        },
        "large_mess":{
          "transitions":[
            {"default":"query.get_equipped_item_name('off_hand')== !'room_large'"},
            {"room_large_state":"!(query.get_equipped_item_name == 'mess') || !variable.attack_time"},
            {"go_default":"query.variant == 2700"}
          ],
          "on_entry":[
            "/tag @a[r=3,tag=!opeope,family=!opeope] add mess"
          ]
        },
        "injection_hold_large":{
          "transitions":[
            {"default":"query.get_equipped_item_name('off_hand')== !'room_large'"},
            {"injection_shot_large":"!query.is_using_item"},
            {"go_default":"query.variant == 2700"}
          ],
          "on_exit":[
            "/effect @s speed 1 20 true",
            "/tag @s add injection",
            "/particle minecraft:camera_shoot_explosion ~~~"
          ]
        },
        "injection_shot_large":{
          "transitions":[
            {"default":"query.get_equipped_item_name('off_hand')== !'room_large'"},
            {"room_large_state":"variable.time = (variable.time ?? 0);variable.time = variable.time < 20 ? variable.time + 1:0;return variable.time == 0;"},
            {"go_default":"query.variant == 2700"}
          ],
          "on_exit":[
            "/tag @s remove injection"
          ]
        },
        "go_default":{
          "transitions":[
            {"default":"(1.0)"}
          ]
        }
      }
    }
  }
}