{
  "format_version":"1.16.100",
  "animation_controllers":{
    "controller.animation.using":{
      "states":{
        "default":{
          "transitions":[
            {"mess":"(query.get_equipped_item_name == 'messplayer' || query.get_equipped_item_name == 'messace' || query.get_equipped_item_name == 'messakainu' || query.get_equipped_item_name == 'messaokizi' || query.get_equipped_item_name == 'messmam' || query.get_equipped_item_name == 'messcrocodile' || query.get_equipped_item_name == 'messdoframingo' || query.get_equipped_item_name == 'messenel' || query.get_equipped_item_name == 'messfujitora' || query.get_equipped_item_name == 'messluffy' || query.get_equipped_item_name == 'messluffy2' || query.get_equipped_item_name == 'messkizaru' || query.get_equipped_item_name == 'messmalco' || query.get_equipped_item_name == 'messsirohige' || query.get_equipped_item_name == 'messsyankusu' || query.get_equipped_item_name == 'messteach' || query.get_equipped_item_name == 'messzoro' || query.get_equipped_item_name == 'messzoro2' || query.get_equipped_item_name == 'messsanji' || query.get_equipped_item_name == 'messlayry' || query.get_equipped_item_name == 'messkaizoku' || query.get_equipped_item_name == 'messkaizoku2' || query.get_equipped_item_name == 'messkaizoku3' || query.get_equipped_item_name == 'messkaizoku4' || query.get_equipped_item_name == 'messkaigun' || query.get_equipped_item_name == 'messkaigun2' || query.get_equipped_item_name == 'messsyuga-' || query.get_equipped_item_name == 'messtrabol' || query.get_equipped_item_name == 'messkaido' || query.get_equipped_item_name == 'messhokinsu' || query.get_equipped_item_name == 'messkatakuri' || query.get_equipped_item_name == 'messusopp' || query.get_equipped_item_name == 'messfranky' || query.get_equipped_item_name == 'messjinbe' || query.get_equipped_item_name == 'messnami' || query.get_equipped_item_name == 'messrobin' || query.get_equipped_item_name == 'messchopper' || query.get_equipped_item_name == 'messbrook' || query.get_equipped_item_name == 'messhyogoro') && query.is_sneaking"},
            {"b_haki":"query.get_equipped_item_name == 'busosyoku' && query.is_using_item && query.has_any_family('ryuo') == 0.0"},
            {"ryuo1":"query.get_equipped_item_name == 'ryuo' && query.is_using_item && query.has_any_family('b_haki') == 1.0"},
            {"geppou":"query.get_equipped_item_name == 'geppou'"}
          ]
        },
        "geppou":{
          "transitions":[
            {"default":"!(query.get_equipped_item_name == 'geppou')"}
          ],
          "on_entry":[
            "/tag @s add geppou"
          ],
          "on_exit":[
            "/tag @s remove geppou"
          ]
        },
        "ryuo1":{
          "transitions":[
            {"ryuo2":"(1.0)"}
          ],
          "on_entry":[
            "/replaceitem entity @s slot.weapon.mainhand 0 air",
            "/tag @s remove b_haki_end",
            "/tag @s remove b_haki",
            "/tag @s remove b_haking",
            "/tag @s remove b_haki_endg",
            "/tag @s remove ryuo_end",
            "/tag @s remove ryuo_endg"
          ]
        },
        "ryuo2":{
          "transitions":[
            {"default":"!query.is_using_item"}
          ],
          "on_entry":[
            "/tag @s add ryuo",
            "/tag @s add ryuoing"
          ]
        },
        "mess":{
          "transitions":[
            {"default":"!query.is_sneaking"}
          ],
          "on_entry":[
            "/replaceitem entity @s slot.weapon.mainhand 0 air"
          ]
        },
        "b_haki":{
          "transitions":[
            {"default":"!query.is_using_item"}
          ],
          "on_entry":[
            "/replaceitem entity @s slot.weapon.mainhand 0 air",
            "/tag @s remove b_haki_end",
            "/tag @s remove b_haki_endg"
          ],
          "on_exit":[
            "/tag @s add b_haki",
            "/tag @s add b_haking"
          ]
        }
      }
    }
  }
}