{
  "format_version":"1.16.100",
  "animation_controllers":{
    "controller.animation.water":{
      "states":{
        "default":{
          "transitions":[
            {"0":"query.get_equipped_item_name('off_hand') == 'soap_bubbles'"},
            {"1":"query.is_in_water && !query.is_riding"}
          ]
        },
        "1":{
          "transitions":[
            {"default":"!query.is_in_water || query.get_equipped_item_name('off_hand') == 'soap_bubbles' || query.is_riding"}
          ],
          "on_entry":[
            "/effect @s[tag=devil] slowness 100000 10 true",
            "/effect @s[tag=devil] weakness 100000 10 true",
            "/effect @s[tag=devil] mining_fatigue 100000 10 true",
            "/effect @s[tag=devil] nausea 100000 0 true"
          ],
          "on_exit":[
            "/effect @s slowness 0 11 true",
            "/effect @s weakness 0 11 true",
            "/effect @s mining_fatigue 0 11 true",
            "/effect @s nausea 0 1 true"
          ]
        },
        "0":{
          "transitions":[
            {"default":"!(query.get_equipped_item_name('off_hand') == 'soap_bubbles')"}
          ]
        }
      }
    }
  }
}