{"format_version":"1.10.0","animation_controllers":{"controller.animation.mommy_jumpscare":{"initial_state":"default","states":{"add":{"on_entry":["/scoreboard objectives add sp dummy","/effect @e[r=2,type=!kloffer:mommy_long_legs] blindness 2 1 true","/scoreboard players add @e[r=3,type=!kloffer:mommy_long_legs] sp 1","/execute @e[scores={sp=8..1000}] ~ ~ ~event entity @e[type=kloffer:mommy_long_legs,r=5] yg:jumpscare_stop","/execute @e[scores={sp=8..1000}] ~ ~ ~tag @e[type=kloffer:mommy_long_legs,r=5] remove sp","/kill @e[scores={sp=8..1000}]","/scoreboard players set @a[scores={sp=8..1000}] sp 0"],"transitions":[{"default":"1.0"}]},"attack":{"on_entry":["/tag * add sp","/execute @s ~ ~ ~ ride @e[r=3,type=!kloffer:mommy_long_legs] start_riding @s","/effect @s blindness 1 34 true","/execute @s ~ ~ ~ effect @e[r=2,type=!kloffer:mommy_long_legs] blindness 2 1 true","/effect @s slowness 2 255 true"],"transitions":[{"default":"1.0"}]},"default":{"transitions":[{"attack":"variable.attack_time > 0 && !query.is_stunned"},{"add":"query.has_rider && !query.is_stunned"}]}}}}}