{
    "format_version": "1.8.0",
    "minecraft:client_entity": {
      "description": {
        "identifier": "random:redstone_placer",
        "materials": {
           "default": "entity" 
          },
        "textures": {
          "default": "textures/entity/redstone_placer"
        },
        "geometry": {
          "default": "geometry.redstone_placer"
        },
        "render_controllers": [ "controller.render.redstone_placer" ],
        "spawn_egg": {
          "texture": "archive",
          "texture_index": 0
        }
      }
    }
  }