{
  "format_version": "1.16.0",
  "minecraft:entity": {
    "description": {
      "identifier": "wesl3y:buggy_pirate",
      "is_spawnable": true,
      "is_summonable": true,
      "is_experimental": false,
      "scripts": {
        "animate": [
          "regen",
          "mob4",
          "pvp"
        ]
      },
      "animations": {
        "regen": "animation.regen",
        "mob4": "controller.animation.mobs_weapons",
        "pvp": "controller.animation.pvp_mob"
      }
    },
    "component_groups": {
      "wesl3y:despawn": {
        "minecraft:instant_despawn": {}
      },
      "wesl3y:pirate1": {
        "minecraft:variant": {
          "value": 1
        }
      },
      "wesl3y:pirate2": {
        "minecraft:variant": {
          "value": 2
        }
      },
      "wesl3y:level5": {
        "minecraft:skin_id": {
          "value": 1
        },
        "minecraft:experience_reward": {
          "on_death": "query.last_hit_by_player ? 2 : 1"
        },
        "minecraft:health": {
          "value": 150,
          "max": 150
        },
        "minecraft:attack": {
          "damage": [3, 5]
        },
        "minecraft:knockback_resistance": {
          "value": 0.05
        },
        "minecraft:damage_sensor": {
          "triggers": [
            {
              "on_damage": {
                "filters": {
                  "all_of": [
                    {
                      "test": "has_damage",
                      "value": "fatal"
                    },
                    {
                      "test": "is_family",
                      "subject": "other",
                      "value": "player"
                    }
                  ]
                },
                "event": "wesl3y:kill5",
                "target": "self"
              }
            }
          ]
        }
      },
      "wesl3y:level7": {
        "minecraft:skin_id": {
          "value": 2
        },
        "minecraft:experience_reward": {
          "on_death": "query.last_hit_by_player ? 3 : 2"
        },
        "minecraft:health": {
          "value": 175,
          "max": 175
        },
        "minecraft:attack": {
          "damage": [3, 5]
        },
        "minecraft:knockback_resistance": {
          "value": 0.07
        },
        "minecraft:damage_sensor": {
          "triggers": [
            {
              "on_damage": {
                "filters": {
                  "all_of": [
                    {
                      "test": "has_damage",
                      "value": "fatal"
                    },
                    {
                      "test": "is_family",
                      "subject": "other",
                      "value": "player"
                    }
                  ]
                },
                "event": "wesl3y:kill7",
                "target": "self"
              }
            }
          ]
        }
      },
      "wesl3y:ground": {
        "minecraft:movement": {
          "value": 0.25
        },
        "minecraft:flying_speed": {
          "value": 0.025
        },
        "minecraft:navigation.walk": {
          "is_amphibious": true,
          "can_break_doors": true
        },
        "minecraft:physics": {},
        "minecraft:movement.basic": {}
      },
      "wesl3y:fly": {
        "minecraft:is_chested": {},
        "minecraft:flying_speed": {
          "value": 0.55
        },
        "minecraft:navigation.hover": {
          "avoid_damage_blocks": true,
          "can_path_from_air": true,
          "can_path_over_water": true,
          "can_sink": false
        },
        "minecraft:physics": {
          "has_gravity": false
        },
        "minecraft:can_fly": {},
        "minecraft:movement.hover": {}
      },
      "wesl3y:melee": {
        "minecraft:behavior.melee_attack": {
          "priority": 2,
          "speed_multiplier": 2.0,
          "track_target": true
        },
        "minecraft:behavior.delayed_attack": {
          "priority": 0,
          "attack_once": false,
          "track_target": true,
          "require_complete_path": false,
          "random_stop_interval": 0,
          "reach_multiplier": 1.5,
          "speed_multiplier": 1.8,
          "attack_duration": 0.19,
          "hit_delay_pct": 0.1
        }
      },
      "wesl3y:ranged": {
        "minecraft:shooter": {
          "def": "wesl3y:style_yasopp<wesl3y:pistol1_mob>"
        },
        "minecraft:behavior.ranged_attack": {
          "priority": 0,
          "burst_shots": 1,
          "burst_interval": 0,
          "charge_charged_trigger": 0.5,
          "charge_shoot_trigger": 0.5,
          "attack_interval_min": 0.5,
          "attack_interval_max": 0.5,
          "attack_radius": 20.0
        }
      }
    },
    "components": {
      "minecraft:mark_variant": {
        "value": 0
      },
      "minecraft:type_family": {
        "family": [
          "buggy_pirate"
        ]
      },
      "minecraft:breathable": {
        "total_supply": 15,
        "suffocate_time": 0
      },
      "minecraft:collision_box": {
        "width": 0.6,
        "height": 1.8
      },
      "minecraft:scale": {
        "value": 1.0
      },
      "minecraft:equipment": {
        "table": "loot_tables/hand/pirate.json"
      },
      "minecraft:loot": {
        "table": "loot_tables/entities/pirate.json"
      },
      "minecraft:behavior.float": {
        "priority": 0
      },
      "minecraft:rideable": {
        "seat_count": 1,
        "family_types": [
          "hana"
        ],
        "seats": [
          {
            "position": [ 0.0, 0.0, 0.0 ],
            "lock_rider_rotation": 0
          }
        ]
      },
      "minecraft:behavior.nearest_attackable_target": {
        "priority": 2,
        "must_see": true,
        "reselect_targets": true,
        "entity_types": [
          {
            "filters": {
              "all_of": [
                {
                  "test": "is_family",
                  "subject": "other",
                  "value": "player"
                },
                {
                  "test": "has_tag",
                  "subject": "other",
                  "operator": "!=",
                  "value": "shichibukai"
                },
                {
                  "test": "has_tag",
                  "subject": "other",
                  "operator": "!=",
                  "value": "yonkou"
                },
                {
                  "any_of": [
                    {
                      "test": "has_tag",
                      "subject": "other",
                      "value": "pirate"
                    },
                    {
                      "test": "has_tag",
                      "subject": "other",
                      "value": "marine"
                    }
                  ]
                }
              ]
            },
            "max_dist": 64
          }
        ]
      },
      "minecraft:behavior.hurt_by_target": {
        "priority": 1
      },
      "minecraft:behavior.random_stroll": {
        "priority": 7,
        "speed_multiplier": 1
      },
      "minecraft:behavior.look_at_player": {
        "priority": 8,
        "look_distance": 6,
        "probability": 0.02
      },
      "minecraft:behavior.random_look_around": {
        "priority": 9
      },
      "minecraft:behavior.pickup_items": {
        "priority": 7,
        "max_dist": 5,
        "goal_radius": 5,
        "speed_multiplier": 1.0
      },
      "minecraft:equip_item": {},
      "minecraft:behavior.equip_item": {
        "priority": 3
      },
      "minecraft:shareables": {
        "items": [
          {
            "item": "wesl3y:cutlass",
            "want_amount": 1,
            "surplus_amount": 1,
            "priority": 0
          },
          {
            "item": "wesl3y:pistol",
            "want_amount": 1,
            "surplus_amount": 1,
            "priority": 0
          }
        ]
      },
      "minecraft:hurt_on_condition": {
        "damage_conditions": [
          {
            "filters": {
              "test": "in_lava",
              "subject": "self",
              "operator": "==",
              "value": true
            },
            "cause": "lava",
            "damage_per_tick": 4
          }
        ]
      },
      "minecraft:scheduler": {
        "min_delay_secs": 0,
        "max_delay_secs": 0,
        "scheduled_events": [
          {
            "filters": {
              "all_of":[
                { "test": "distance_to_nearest_player", "operator": ">", "value": 100 }
              ]
            },
            "event": "wesl3y:despawn"
          }
        ]
      },
      "minecraft:on_target_acquired": {},
      "minecraft:timer": {
        "time": [ 8, 16 ],
        "looping": true,
        "time_down_event": {
          "event": "wesl3y:random_event"
        }
      },
      "minecraft:despawn": {
        "despawn_from_distance": {}
      },
      "minecraft:nameable": {},
      "minecraft:jump.static": {},
      "minecraft:can_climb": {},
      "minecraft:conditional_bandwidth_optimization": {},
      "minecraft:pushable": {
        "is_pushable": true,
        "is_pushable_by_piston": true
      }
    },
    "events": {
      "wesl3y:kill5": {
        "run_command": {
          "command": [
            "scoreboard players add @s[tag=hArmament] xp_hakiarm 2",
            "scoreboard players add @s[tag=hObservation] xp_hakiobs 2",
            "scoreboard players add @s xp_health 2",
            "scoreboard players add @s xp_strength 2",
            "scoreboard players add @s xp_speed 2",
            "scoreboard players add @s xp_jump 2"
          ],
          "target": "other"
        }
      },
      "wesl3y:kill7": {
        "run_command": {
          "command": [
            "scoreboard players add @s[tag=hArmament] xp_hakiarm 3",
            "scoreboard players add @s[tag=hObservation] xp_hakiobs 3",
            "scoreboard players add @s xp_health 3",
            "scoreboard players add @s xp_strength 3",
            "scoreboard players add @s xp_speed 3",
            "scoreboard players add @s xp_jump 3"
          ],
          "target": "other"
        }
      },
      "wesl3y:despawn": {
        "add": {
          "component_groups": [
            "wesl3y:despawn"
          ]
        }
      },
      "wesl3y:to_walk": {
        "remove": {
          "component_groups": [
            "wesl3y:fly"
          ]
        },
        "add": {
          "component_groups": [
            "wesl3y:ground"
          ]
        }
      },
      "wesl3y:to_fly": {
        "remove": {
          "component_groups": [
            "wesl3y:ground"
          ]
        },
        "add": {
          "component_groups": [
            "wesl3y:fly"
          ]
        }
      },
      "wesl3y:melee": {
        "remove": {
          "component_groups": [
            "wesl3y:ranged"
          ]
        },
        "add": {
          "component_groups": [
            "wesl3y:melee"
          ]
        }
      },
      "wesl3y:ranged": {
        "remove": {
          "component_groups": [
            "wesl3y:melee"
          ]
        },
        "add": {
          "component_groups": [
            "wesl3y:ranged"
          ]
        }
      },
      "wesl3y:random_event": {
        "sequence": [
          {
            "randomize": [
              {
                "weight": 1,
                "filters": {
                  "all_of": [
                    {
                      "test": "has_target",
                      "value": true
                    },
                    {
                      "test": "on_ground",
                      "value": true
                    }
                  ]
                },
                "run_command": {
                  "command": [
                    "effect @s speed 5 1 true",
                    "effect @s resistance 5 0 true"
                  ]
                }
              }
            ]
          }
        ]
      },
      "minecraft:entity_spawned": {
        "sequence": [
          {
            "add": {
              "component_groups": [
                "wesl3y:ground"
              ]
            }
          },
          {
            "randomize": [
              {
                "sequence": [
                  {
                    "randomize": [
                      {
                        "weight": 50,
                        "add": {
                          "component_groups": [
                            "wesl3y:pirate1"
                          ]
                        }
                      },
                      {
                        "weight": 50,
                        "add": {
                          "component_groups": [
                            "wesl3y:pirate2"
                          ]
                        }
                      }
                    ]
                  }
                ]
              }
            ]
          },
          {
            "randomize": [
              {
                "sequence": [
                  {
                    "randomize": [
                      {
                        "weight": 10,
                        "add": {
                          "component_groups": [
                            "wesl3y:level5"
                          ]
                        }
                      },
                      {
                        "weight": 10,
                        "add": {
                          "component_groups": [
                            "wesl3y:level7"
                          ]
                        }
                      }
                    ]
                  }
                ]
              }
            ]
          }
        ]
      }
    }
  }
}