{
  "format_version": "1.16.0",
  "minecraft:entity": {
    "description": {
      "identifier": "wesl3y:pirate_captain",
      "is_spawnable": true,
      "is_summonable": true,
      "is_experimental": false,
      "scripts": {
        "animate": [
          "regen",
          "mob",
          "mob4",
          "mob5",
          "pvp"
        ]
      },
      "animations": {
        "regen": "animation.regen",
        "mob": "controller.animation.mobs_weapons",
        "mob4": "controller.animation.mobs_haki",
        "mob5": "controller.animation.mobs_fruit",
        "pvp": "controller.animation.pvp_mob"
      }
    },
    "component_groups": {
      "wesl3y:despawn": {
        "minecraft:instant_despawn": {}
      },
      "wesl3y:pirate1": {
        "minecraft:variant": {
          "value": 1
        }
      },
      "wesl3y:pirate2": {
        "minecraft:variant": {
          "value": 2
        }
      },
      "wesl3y:level30": {
        "minecraft:skin_id": {
          "value": 1
        },
        "minecraft:experience_reward": {
          "on_death": "query.last_hit_by_player ? 15 + (query.equipment_count * Math.Random(1,3)) : 0"
        },
        "minecraft:health": {
          "value": 400,
          "max": 400
        },
        "minecraft:attack": {
          "damage": [8, 10]
        },
        "minecraft:knockback_resistance": {
          "value": 0.3
        },
        "minecraft:damage_sensor": {
          "triggers": [
            {
              "on_damage": {
                "filters": {
                  "all_of": [
                    { "test": "has_damage", "value": "fatal" },
                    { "test": "is_family", "subject": "other", "value": "player" }
                  ]
                },
                "event": "wesl3y:kill30",
                "target": "self"
              }
            },
            {
              "on_damage": {
                "filters": {
                  "test":"has_equipment","subject":"self","operator":"==","value": "wesl3y:handcuffs_kairoseki"
                }
              },
              "deals_damage": true
            },
            {
              "on_damage": {
                "filters": {
                  "all_of": [
                    { "test": "has_damage", "value": "attack" },
                    {
                      "any_of": [
                        { "test":"has_tag", "subject":"other", "value": "haki_armament" },
                        { "test":"is_family", "subject":"other", "value": "haki_armament" }
                      ]
                    }
                  ]
                }
              },
              "deals_damage": true
            },
            {
              "on_damage": {
                "filters": {
                  "all_of": [
                    { "test": "has_damage", "value": "attack" },
                    { "test":"has_tag", "subject":"self", "operator": "==", "value": "magu" }
                  ]
                },
                "event": "wesl3y:particle",
                "target": "self"
              },
              "deals_damage": false
            },
            {
              "on_damage": {
                "filters": {
                  "all_of": [
                    { "test":"has_tag", "subject":"self", "value": "magu" },
                    { "test":"has_tag", "subject":"self","operator": "!=", "value": "kairoseki" },
                    { "cause": "fall" }
                  ]
                }
              },
              "deals_damage": false
            },
            {
              "on_damage": {
                "filters": {
                  "all_of": [
                    { "test":"has_tag", "subject":"self", "value": "magu" },
                    { "test":"has_tag", "subject":"self","operator": "!=", "value": "kairoseki" },
                    { "cause": "lava" }
                  ]
                }
              },
              "deals_damage": false
            },
            {
              "on_damage": {
                "filters": {
                  "all_of": [
                    { "test":"has_tag", "subject":"self", "value": "magu" },
                    { "test":"has_tag", "subject":"self","operator": "!=", "value": "kairoseki" },
                    { "cause": "fire" }
                  ]
                }
              },
              "deals_damage": false
            },
            {
              "on_damage": {
                "filters": {
                  "all_of": [
                    { "test": "has_damage", "value": "attack" },
                    { "test":"has_tag", "subject":"self", "operator": "==", "value": "mera" }
                  ]
                },
                "event": "wesl3y:particle",
                "target": "self"
              },
              "deals_damage": false
            },
            {
              "on_damage": {
                "filters": {
                  "all_of": [
                    { "test":"has_tag", "subject":"self", "value": "mera" },
                    { "test":"has_tag", "subject":"self","operator": "!=", "value": "kairoseki" },
                    { "cause": "fall" }
                  ]
                }
              },
              "deals_damage": false
            },
            {
              "on_damage": {
                "filters": {
                  "all_of": [
                    { "test":"has_tag", "subject":"self", "value": "mera" },
                    { "test":"has_tag", "subject":"self","operator": "!=", "value": "kairoseki" },
                    { "cause": "fire" }
                  ]
                }
              },
              "deals_damage": false
            }
          ]
        }
      },
      "wesl3y:level40": {
        "minecraft:skin_id": {
          "value": 2
        },
        "minecraft:experience_reward": {
          "on_death": "query.last_hit_by_player ? 20 + (query.equipment_count * Math.Random(1,3)) : 0"
        },
        "minecraft:health": {
          "value": 500,
          "max": 500
        },
        "minecraft:attack": {
          "damage": [10, 12]
        },
        "minecraft:knockback_resistance": {
          "value": 0.4
        },
        "minecraft:damage_sensor": {
          "triggers": [
            {
              "on_damage": {
                "filters": {
                  "all_of": [
                    { "test": "has_damage", "value": "fatal" },
                    { "test": "is_family", "subject": "other", "value": "player" }
                  ]
                },
                "event": "wesl3y:kill40",
                "target": "self"
              }
            },
            {
              "on_damage": {
                "filters": {
                  "test":"has_equipment","subject":"self","operator":"==","value": "wesl3y:handcuffs_kairoseki"
                }
              },
              "deals_damage": true
            },
            {
              "on_damage": {
                "filters": {
                  "all_of": [
                    { "test": "has_damage", "value": "attack" },
                    {
                      "any_of": [
                        { "test":"has_tag", "subject":"other", "value": "haki_armament" },
                        { "test":"is_family", "subject":"other", "value": "haki_armament" }
                      ]
                    }
                  ]
                }
              },
              "deals_damage": true
            },
            {
              "on_damage": {
                "filters": {
                  "all_of": [
                    { "test": "has_damage", "value": "attack" },
                    { "test":"has_tag", "subject":"self", "operator": "==", "value": "magu" }
                  ]
                },
                "event": "wesl3y:particle",
                "target": "self"
              },
              "deals_damage": false
            },
            {
              "on_damage": {
                "filters": {
                  "all_of": [
                    { "test":"has_tag", "subject":"self", "value": "magu" },
                    { "test":"has_tag", "subject":"self","operator": "!=", "value": "kairoseki" },
                    { "cause": "fall" }
                  ]
                }
              },
              "deals_damage": false
            },
            {
              "on_damage": {
                "filters": {
                  "all_of": [
                    { "test":"has_tag", "subject":"self", "value": "magu" },
                    { "test":"has_tag", "subject":"self","operator": "!=", "value": "kairoseki" },
                    { "cause": "lava" }
                  ]
                }
              },
              "deals_damage": false
            },
            {
              "on_damage": {
                "filters": {
                  "all_of": [
                    { "test":"has_tag", "subject":"self", "value": "magu" },
                    { "test":"has_tag", "subject":"self","operator": "!=", "value": "kairoseki" },
                    { "cause": "fire" }
                  ]
                }
              },
              "deals_damage": false
            },
            {
              "on_damage": {
                "filters": {
                  "all_of": [
                    { "test": "has_damage", "value": "attack" },
                    { "test":"has_tag", "subject":"self", "operator": "==", "value": "mera" }
                  ]
                },
                "event": "wesl3y:particle",
                "target": "self"
              },
              "deals_damage": false
            },
            {
              "on_damage": {
                "filters": {
                  "all_of": [
                    { "test":"has_tag", "subject":"self", "value": "mera" },
                    { "test":"has_tag", "subject":"self","operator": "!=", "value": "kairoseki" },
                    { "cause": "fall" }
                  ]
                }
              },
              "deals_damage": false
            },
            {
              "on_damage": {
                "filters": {
                  "all_of": [
                    { "test":"has_tag", "subject":"self", "value": "mera" },
                    { "test":"has_tag", "subject":"self","operator": "!=", "value": "kairoseki" },
                    { "cause": "fire" }
                  ]
                }
              },
              "deals_damage": false
            }
          ]
        }
      },
      "wesl3y:level50": {
        "minecraft:skin_id": {
          "value": 3
        },
        "minecraft:experience_reward": {
          "on_death": "query.last_hit_by_player ? 25 + (query.equipment_count * Math.Random(1,3)) : 0"
        },
        "minecraft:health": {
          "value": 600,
          "max": 600
        },
        "minecraft:attack": {
          "damage": [12, 14]
        },
        "minecraft:knockback_resistance": {
          "value": 0.5
        },
        "minecraft:damage_sensor": {
          "triggers": [
            {
              "on_damage": {
                "filters": {
                  "all_of": [
                    { "test": "has_damage", "value": "fatal" },
                    { "test": "is_family", "subject": "other", "value": "player" }
                  ]
                },
                "event": "wesl3y:kill50",
                "target": "self"
              }
            },
            {
              "on_damage": {
                "filters": {
                  "test":"has_equipment","subject":"self","operator":"==","value": "wesl3y:handcuffs_kairoseki"
                }
              },
              "deals_damage": true
            },
            {
              "on_damage": {
                "filters": {
                  "all_of": [
                    { "test": "has_damage", "value": "attack" },
                    {
                      "any_of": [
                        { "test":"has_tag", "subject":"other", "value": "haki_armament" },
                        { "test":"is_family", "subject":"other", "value": "haki_armament" }
                      ]
                    }
                  ]
                }
              },
              "deals_damage": true
            },
            {
              "on_damage": {
                "filters": {
                  "all_of": [
                    { "test": "has_damage", "value": "attack" },
                    { "test":"has_tag", "subject":"self", "operator": "==", "value": "magu" }
                  ]
                },
                "event": "wesl3y:particle",
                "target": "self"
              },
              "deals_damage": false
            },
            {
              "on_damage": {
                "filters": {
                  "all_of": [
                    { "test":"has_tag", "subject":"self", "value": "magu" },
                    { "test":"has_tag", "subject":"self","operator": "!=", "value": "kairoseki" },
                    { "cause": "fall" }
                  ]
                }
              },
              "deals_damage": false
            },
            {
              "on_damage": {
                "filters": {
                  "all_of": [
                    { "test":"has_tag", "subject":"self", "value": "magu" },
                    { "test":"has_tag", "subject":"self","operator": "!=", "value": "kairoseki" },
                    { "cause": "lava" }
                  ]
                }
              },
              "deals_damage": false
            },
            {
              "on_damage": {
                "filters": {
                  "all_of": [
                    { "test":"has_tag", "subject":"self", "value": "magu" },
                    { "test":"has_tag", "subject":"self","operator": "!=", "value": "kairoseki" },
                    { "cause": "fire" }
                  ]
                }
              },
              "deals_damage": false
            },
            {
              "on_damage": {
                "filters": {
                  "all_of": [
                    { "test": "has_damage", "value": "attack" },
                    { "test":"has_tag", "subject":"self", "operator": "==", "value": "mera" }
                  ]
                },
                "event": "wesl3y:particle",
                "target": "self"
              },
              "deals_damage": false
            },
            {
              "on_damage": {
                "filters": {
                  "all_of": [
                    { "test":"has_tag", "subject":"self", "value": "mera" },
                    { "test":"has_tag", "subject":"self","operator": "!=", "value": "kairoseki" },
                    { "cause": "fall" }
                  ]
                }
              },
              "deals_damage": false
            },
            {
              "on_damage": {
                "filters": {
                  "all_of": [
                    { "test":"has_tag", "subject":"self", "value": "mera" },
                    { "test":"has_tag", "subject":"self","operator": "!=", "value": "kairoseki" },
                    { "cause": "fire" }
                  ]
                }
              },
              "deals_damage": false
            }
          ]
        }
      },
      "wesl3y:no_fruit": {
        "minecraft:mark_variant": {
          "value": 0
        },
        "minecraft:type_family": {
          "family": [
            "pirate"
          ]
        }
      },
      "wesl3y:magu_fruit": {
        "minecraft:mark_variant": {
          "value": 1
        },
        "minecraft:type_family": {
          "family": [
            "pirate",
            "fruit",
            "magu_fruit"
          ]
        }
      },
      "wesl3y:mera_fruit": {
        "minecraft:mark_variant": {
          "value": 2
        },
        "minecraft:type_family": {
          "family": [
            "pirate",
            "fruit",
            "mera_fruit"
          ]
        }
      },
      "wesl3y:haki": {
        "minecraft:is_sheared": {}
      },
      "wesl3y:ground": {
        "minecraft:movement": {
          "value": 0.25
        },
        "minecraft:flying_speed": {
          "value": 0.025
        },
        "minecraft:navigation.walk": {
          "is_amphibious": true,
          "can_break_doors": true
        },
        "minecraft:physics": {},
        "minecraft:movement.basic": {}
      },
      "wesl3y:fly": {
        "minecraft:is_chested": {},
        "minecraft:flying_speed": {
          "value": 0.55
        },
        "minecraft:navigation.hover": {
          "avoid_damage_blocks": true,
          "can_path_from_air": true,
          "can_path_over_water": true,
          "can_sink": false
        },
        "minecraft:physics": {
          "has_gravity": false
        },
        "minecraft:can_fly": {},
        "minecraft:movement.hover": {}
      },
      "wesl3y:melee": {
        "minecraft:behavior.melee_attack": {
          "priority": 2,
          "speed_multiplier": 2.0,
          "track_target": true
        },
        "minecraft:behavior.delayed_attack": {
          "priority": 0,
          "attack_once": false,
          "track_target": true,
          "require_complete_path": false,
          "random_stop_interval": 0,
          "reach_multiplier": 1.5,
          "speed_multiplier": 1.8,
          "attack_duration": 0.19,
          "hit_delay_pct": 0.1
        }
      },
      "wesl3y:ranged": {
        "minecraft:shooter": {
          "def": "wesl3y:style_yasopp<wesl3y:pistol1_mob>"
        },
        "minecraft:behavior.ranged_attack": {
          "priority": 0,
          "burst_shots": 1,
          "burst_interval": 0,
          "charge_charged_trigger": 0.5,
          "charge_shoot_trigger": 0.5,
          "attack_interval_min": 0.5,
          "attack_interval_max": 0.5,
          "attack_radius": 20.0
        }
      }
    },
    "components": {
      "minecraft:breathable": {
        "total_supply": 15,
        "suffocate_time": 0
      },
      "minecraft:collision_box": {
        "width": 0.6,
        "height": 1.8
      },
      "minecraft:scale": {
        "value": 1.05
      },
      "minecraft:equipment": {
        "table": "loot_tables/hand/pirate_captain.json"
      },
      "minecraft:loot": {
        "table": "loot_tables/entities/pirate_captain.json"
      },
      "minecraft:behavior.float": {
        "priority": 0
      },
      "minecraft:rideable": {
        "seat_count": 1,
        "family_types": [
          "hana"
        ],
        "seats": [
          {
            "position": [ 0.0, 0.125, 0.0 ],
            "lock_rider_rotation": 0
          }
        ]
      },
      "minecraft:behavior.nearest_attackable_target": {
        "priority": 2,
        "must_see": true,
        "reselect_targets": true,
        "entity_types": [
          {
            "filters": {
              "all_of": [
                {
                  "test": "is_family",
                  "subject": "other",
                  "value": "player"
                },
                {
                  "test": "has_tag",
                  "subject": "other",
                  "operator": "!=",
                  "value": "shichibukai"
                },
                {
                  "test": "has_tag",
                  "subject": "other",
                  "operator": "!=",
                  "value": "yonkou"
                },
                {
                  "any_of": [
                    {
                      "test": "has_tag",
                      "subject": "other",
                      "value": "pirate"
                    },
                    {
                      "test": "has_tag",
                      "subject": "other",
                      "value": "marine"
                    }
                  ]
                }
              ]
            },
            "max_dist": 64
          }
        ]
      },
      "minecraft:behavior.hurt_by_target": {
        "priority": 1
      },
      "minecraft:behavior.random_stroll": {
        "priority": 7,
        "speed_multiplier": 1
      },
      "minecraft:behavior.look_at_player": {
        "priority": 8,
        "look_distance": 6,
        "probability": 0.02
      },
      "minecraft:behavior.random_look_around": {
        "priority": 9
      },
      "minecraft:behavior.pickup_items": {
        "priority": 7,
        "max_dist": 5,
        "goal_radius": 5,
        "speed_multiplier": 1.0
      },
      "minecraft:equip_item": {},
      "minecraft:behavior.equip_item": {
        "priority": 3
      },
      "minecraft:shareables": {
        "items": [
          {
            "item": "wesl3y:cutlass",
            "want_amount": 1,
            "surplus_amount": 1,
            "priority": 0
          },
          {
            "item": "wesl3y:pistol",
            "want_amount": 1,
            "surplus_amount": 1,
            "priority": 0
          },
          {
            "item": "wesl3y:magu_fruit",
            "want_amount": 1,
            "surplus_amount": 1,
            "priority": 0
          },
          {
            "item": "wesl3y:mera_fruit",
            "want_amount": 1,
            "surplus_amount": 1,
            "priority": 0
          }
        ]
      },
      "minecraft:hurt_on_condition": {
        "damage_conditions": [
          {
            "filters": {
              "test": "in_lava",
              "subject": "self",
              "operator": "==",
              "value": true
            },
            "cause": "lava",
            "damage_per_tick": 4
          }
        ]
      },
      "minecraft:environment_sensor": {
        "triggers": [
          {
            "filters": {
              "all_of": [
                { "test": "has_equipment", "subject": "self", "domain": "hand", "value": "wesl3y:magu_fruit" },
                { "test": "is_mark_variant", "value": 0 }
              ]
            },
            "event": "wesl3y:magu_fruit"
          },
          {
            "filters": {
              "all_of": [
                { "test": "has_equipment", "subject": "self", "domain": "hand", "value": "wesl3y:mera_fruit" },
                { "test": "is_mark_variant", "value": 0 }
              ]
            },
            "event": "wesl3y:mera_fruit"
          }
        ]
      },
      "minecraft:scheduler": {
        "min_delay_secs": 0,
        "max_delay_secs": 0,
        "scheduled_events": [
          {
            "filters": {
              "all_of":[
                { "test": "distance_to_nearest_player", "operator": ">", "value": 100 }
              ]
            },
            "event": "wesl3y:despawn"
          }
        ]
      },
      "minecraft:on_target_acquired": {},
      "minecraft:timer": {
        "time": [ 8, 16 ],
        "looping": true,
        "time_down_event": {
          "event": "wesl3y:random_event"
        }
      },
      "minecraft:despawn": {
        "despawn_from_distance": {}
      },
      "minecraft:nameable": {},
      "minecraft:jump.static": {},
      "minecraft:can_climb": {},
      "minecraft:conditional_bandwidth_optimization": {},
      "minecraft:pushable": {
        "is_pushable": true,
        "is_pushable_by_piston": true
      }
    },
    "events": {
      "wesl3y:kill30": {
        "sequence": [
          {
            "run_command": {
              "command": [
                "scoreboard players add @s[tag=hArmament] xp_hakiarm 15",
                "scoreboard players add @s[tag=hObservation] xp_hakiobs 15",
                "scoreboard players add @s xp_health 15",
                "scoreboard players add @s xp_strength 15",
                "scoreboard players add @s xp_speed 15",
                "scoreboard players add @s xp_jump 15",
                "tag @s[tag=quest_hakiobs9,tag=!quest_hakiobs10] add quest_hakiobs10",
                "tag @s[tag=quest_hakiobs8,tag=!quest_hakiobs9] add quest_hakiobs9",
                "tag @s[tag=quest_hakiobs7,tag=!quest_hakiobs8] add quest_hakiobs8",
                "tag @s[tag=quest_hakiobs6,tag=!quest_hakiobs7] add quest_hakiobs7",
                "tag @s[tag=quest_hakiobs5,tag=!quest_hakiobs6] add quest_hakiobs6",
                "tag @s[tag=quest_hakiobs4,tag=!quest_hakiobs5] add quest_hakiobs5",
                "tag @s[tag=quest_hakiobs3,tag=!quest_hakiobs4] add quest_hakiobs4",
                "tag @s[tag=quest_hakiobs2,tag=!quest_hakiobs3] add quest_hakiobs3",
                "tag @s[tag=quest_hakiobs1,tag=!quest_hakiobs2] add quest_hakiobs2",
                "tag @s[tag=quest_hakiobs0,tag=!quest_hakiobs1] add quest_hakiobs1"
              ],
              "target": "other"
            }
          },
          {
            "filters": {
              "test": "has_tag",
              "subject": "self",
              "value": "haki_armament"
            },
            "run_command": {
              "command": [
                "tag @s[tag=quest_hakiarm4,tag=!quest_hakiarm5] add quest_hakiarm5",
                "tag @s[tag=quest_hakiarm3,tag=!quest_hakiarm4] add quest_hakiarm4",
                "tag @s[tag=quest_hakiarm2,tag=!quest_hakiarm3] add quest_hakiarm3",
                "tag @s[tag=quest_hakiarm1,tag=!quest_hakiarm2] add quest_hakiarm2",
                "tag @s[tag=quest_hakiarm0,tag=!quest_hakiarm1] add quest_hakiarm1"
              ],
              "target": "other"
            }
          },
          {
            "filters": {
              "test": "is_family",
              "subject": "self",
              "value": "fruit"
            },
            "run_command": {
              "command": [
                "tag @s[tag=quest_hakiarm11,tag=!quest_hakiarm12] add quest_hakiarm12",
                "tag @s[tag=quest_hakiarm0,tag=!quest_hakiarm11] add quest_hakiarm11"
              ],
              "target": "other"
            }
          }
        ]
      },
      "wesl3y:kill40": {
        "sequence": [
          {
            "run_command": {
              "command": [
                "scoreboard players add @s[tag=hArmament] xp_hakiarm 20",
                "scoreboard players add @s[tag=hObservation] xp_hakiobs 20",
                "scoreboard players add @s xp_health 20",
                "scoreboard players add @s xp_strength 20",
                "scoreboard players add @s xp_speed 20",
                "scoreboard players add @s xp_jump 20",
                "tag @s[tag=quest_hakiobs9,tag=!quest_hakiobs10] add quest_hakiobs10",
                "tag @s[tag=quest_hakiobs8,tag=!quest_hakiobs9] add quest_hakiobs9",
                "tag @s[tag=quest_hakiobs7,tag=!quest_hakiobs8] add quest_hakiobs8",
                "tag @s[tag=quest_hakiobs6,tag=!quest_hakiobs7] add quest_hakiobs7",
                "tag @s[tag=quest_hakiobs5,tag=!quest_hakiobs6] add quest_hakiobs6",
                "tag @s[tag=quest_hakiobs4,tag=!quest_hakiobs5] add quest_hakiobs5",
                "tag @s[tag=quest_hakiobs3,tag=!quest_hakiobs4] add quest_hakiobs4",
                "tag @s[tag=quest_hakiobs2,tag=!quest_hakiobs3] add quest_hakiobs3",
                "tag @s[tag=quest_hakiobs1,tag=!quest_hakiobs2] add quest_hakiobs2",
                "tag @s[tag=quest_hakiobs0,tag=!quest_hakiobs1] add quest_hakiobs1"
              ],
              "target": "other"
            }
          },
          {
            "filters": {
              "test": "has_tag",
              "subject": "self",
              "value": "haki_armament"
            },
            "run_command": {
              "command": [
                "tag @s[tag=quest_hakiarm4,tag=!quest_hakiarm5] add quest_hakiarm5",
                "tag @s[tag=quest_hakiarm3,tag=!quest_hakiarm4] add quest_hakiarm4",
                "tag @s[tag=quest_hakiarm2,tag=!quest_hakiarm3] add quest_hakiarm3",
                "tag @s[tag=quest_hakiarm1,tag=!quest_hakiarm2] add quest_hakiarm2",
                "tag @s[tag=quest_hakiarm0,tag=!quest_hakiarm1] add quest_hakiarm1"
              ],
              "target": "other"
            }
          },
          {
            "filters": {
              "test": "is_family",
              "subject": "self",
              "value": "fruit"
            },
            "run_command": {
              "command": [
                "tag @s[tag=quest_hakiarm11,tag=!quest_hakiarm12] add quest_hakiarm12",
                "tag @s[tag=quest_hakiarm0,tag=!quest_hakiarm11] add quest_hakiarm11"
              ],
              "target": "other"
            }
          }
        ]
      },
      "wesl3y:kill50": {
        "sequence": [
          {
            "run_command": {
              "command": [
                "scoreboard players add @s[tag=hArmament] xp_hakiarm 25",
                "scoreboard players add @s[tag=hObservation] xp_hakiobs 25",
                "scoreboard players add @s xp_health 25",
                "scoreboard players add @s xp_strength 25",
                "scoreboard players add @s xp_speed 25",
                "scoreboard players add @s xp_jump 25",
                "tag @s[tag=quest_hakiobs9,tag=!quest_hakiobs10] add quest_hakiobs10",
                "tag @s[tag=quest_hakiobs8,tag=!quest_hakiobs9] add quest_hakiobs9",
                "tag @s[tag=quest_hakiobs7,tag=!quest_hakiobs8] add quest_hakiobs8",
                "tag @s[tag=quest_hakiobs6,tag=!quest_hakiobs7] add quest_hakiobs7",
                "tag @s[tag=quest_hakiobs5,tag=!quest_hakiobs6] add quest_hakiobs6",
                "tag @s[tag=quest_hakiobs4,tag=!quest_hakiobs5] add quest_hakiobs5",
                "tag @s[tag=quest_hakiobs3,tag=!quest_hakiobs4] add quest_hakiobs4",
                "tag @s[tag=quest_hakiobs2,tag=!quest_hakiobs3] add quest_hakiobs3",
                "tag @s[tag=quest_hakiobs1,tag=!quest_hakiobs2] add quest_hakiobs2",
                "tag @s[tag=quest_hakiobs0,tag=!quest_hakiobs1] add quest_hakiobs1"
              ],
              "target": "other"
            }
          },
          {
            "filters": {
              "test": "has_tag",
              "subject": "self",
              "value": "haki_armament"
            },
            "run_command": {
              "command": [
                "tag @s[tag=quest_hakiarm4,tag=!quest_hakiarm5] add quest_hakiarm5",
                "tag @s[tag=quest_hakiarm3,tag=!quest_hakiarm4] add quest_hakiarm4",
                "tag @s[tag=quest_hakiarm2,tag=!quest_hakiarm3] add quest_hakiarm3",
                "tag @s[tag=quest_hakiarm1,tag=!quest_hakiarm2] add quest_hakiarm2",
                "tag @s[tag=quest_hakiarm0,tag=!quest_hakiarm1] add quest_hakiarm1"
              ],
              "target": "other"
            }
          },
          {
            "filters": {
              "test": "is_family",
              "subject": "self",
              "value": "fruit"
            },
            "run_command": {
              "command": [
                "tag @s[tag=quest_hakiarm11,tag=!quest_hakiarm12] add quest_hakiarm12",
                "tag @s[tag=quest_hakiarm0,tag=!quest_hakiarm11] add quest_hakiarm11"
              ],
              "target": "other"
            }
          }
        ]
      },
	  "wesl3y:particle": { "randomize": [ { "filters": { "test": "is_family", "subject": "other", "operator": "not", "value": "attack" }, "run_command": { "command": [ "function fruit/logia" ] } } ] },
      "wesl3y:magu_fruit": {
        "add": {
          "component_groups": [
            "wesl3y:magu_fruit"
          ]
        },
        "run_command": {
          "command": [
            "tag @s add magu",
            "replaceitem entity @s slot.weapon.mainhand 0 air"
          ]
        }
      },
      "wesl3y:mera_fruit": {
        "add": {
          "component_groups": [
            "wesl3y:mera_fruit"
          ]
        },
        "run_command": {
          "command": [
            "tag @s add mera",
            "replaceitem entity @s slot.weapon.mainhand 0 air"
          ]
        }
      },
      "wesl3y:despawn": {
        "add": {
          "component_groups": [
            "wesl3y:despawn"
          ]
        }
      },
      "wesl3y:to_walk": {
        "remove": {
          "component_groups": [
            "wesl3y:fly"
          ]
        },
        "add": {
          "component_groups": [
            "wesl3y:ground"
          ]
        }
      },
      "wesl3y:to_fly": {
        "remove": {
          "component_groups": [
            "wesl3y:ground"
          ]
        },
        "add": {
          "component_groups": [
            "wesl3y:fly"
          ]
        }
      },
      "wesl3y:melee": {
        "remove": {
          "component_groups": [
            "wesl3y:ranged"
          ]
        },
        "add": {
          "component_groups": [
            "wesl3y:melee"
          ]
        }
      },
      "wesl3y:ranged": {
        "remove": {
          "component_groups": [
            "wesl3y:melee"
          ]
        },
        "add": {
          "component_groups": [
            "wesl3y:ranged"
          ]
        }
      },
      "wesl3y:no_haki": {
        "remove": {
          "component_groups": [
            "wesl3y:haki"
          ]
        },
        "run_command": {
          "command": [
            "effect @s clear",
            "tag @s remove haki_armament"
          ]
        }
      },
      "wesl3y:random_event": {
        "sequence": [
          {
            "randomize": [
              {
                "weight": 1,
                "filters": {
                  "all_of": [
                    {
                      "test": "has_target",
                      "value": true
                    },
                    {
                      "test": "is_sheared",
                      "value": false
                    },
                    {
                      "any_of": [
                        {
                          "test": "has_tag",
                          "subject" : "target",
                          "value": "logia_fruit"
                        },
                        {
                          "test": "has_tag",
                          "subject" : "target",
                          "value": "haki_armament"
                        },
                        {
                          "test": "is_family",
                          "subject" : "target",
                          "value": "haki_armament"
                        }
                      ]
                    }
                  ]
                },
                "add": {
                  "component_groups": [
                    "wesl3y:haki"
                  ]
                },
                "run_command": {
                  "command": [
                    "playsound haki_armament @a[r=10]",
                    "replaceitem entity @s[hasitem={item=wesl3y:pistol,location=slot.weapon.mainhand}] slot.weapon.mainhand 0 air",
                    "tag @s add haki_armament",
                    "effect @s resistance 9999 1 true"
                  ]
                }
              },
              {
                "weight": 1,
                "filters": {
                  "all_of": [
                    {
                      "test": "has_target",
                      "value": true
                    },
                    {
                      "test": "on_ground",
                      "value": true
                    }
                  ]
                },
                "run_command": {
                  "command": [
                    "effect @s speed 5 1 true",
                    "effect @s resistance 5 0 true"
                  ]
                }
              }
            ]
          }
        ]
      },
      "minecraft:entity_spawned": {
        "sequence": [
          {
            "add": {
              "component_groups": [
                "wesl3y:ground",
                "wesl3y:no_fruit"
              ]
            }
          },
          {
            "randomize": [
              {
                "sequence": [
                  {
                    "randomize": [
                      {
                        "weight": 50,
                        "add": {
                          "component_groups": [
                            "wesl3y:pirate1"
                          ]
                        }
                      },
                      {
                        "weight": 50,
                        "add": {
                          "component_groups": [
                            "wesl3y:pirate2"
                          ]
                        }
                      }
                    ]
                  }
                ]
              }
            ]
          },
          {
            "randomize": [
              {
                "sequence": [
                  {
                    "randomize": [
                      {
                        "weight": 10,
                        "add": {
                          "component_groups": [
                            "wesl3y:level30"
                          ]
                        }
                      },
                      {
                        "weight": 10,
                        "add": {
                          "component_groups": [
                            "wesl3y:level40"
                          ]
                        }
                      },
                      {
                        "weight": 10,
                        "add": {
                          "component_groups": [
                            "wesl3y:level50"
                          ]
                        }
                      }
                    ]
                  }
                ]
              }
            ]
          }
        ]
      }
    }
  }
}