{
  "format_version": "1.13.0",
  "minecraft:entity": {    
    "description": {
      "identifier": "onepiece_addon:el-thor_ex",
      "is_spawnable": false,
      "is_summonable": true,
      "is_experimental": false,
      "scripts": {
        "animate": [
          
        ]
      },
      "animations": {

      }
    },
    "component_groups": {

    },
    "components": {
      "minecraft:type_family": {
        "family": [ "gorogoro","goro_ex" ]
      },
      "minecraft:collision_box": {
        "width": 0.0,
        "height": 0.0
      },
      "minecraft:explode": {
        "fuseLength": 0,
        "fuseLit": true,
        "power": 5,
        "causesFire": true,
        "fireAffectedByGriefing": false,
        "destroyAffectedByGriefing": true
      },
      "minecraft:transformation": {
        "into": "onepiece_addon:despawn",
        "delay": 0.3
      },
      "minecraft:damage_sensor": {
        "triggers": {
            "on_damage": {"filters": {}},
            "deals_damage": false
        }
      }
    },
    "events": {
    }
  }
}