{
  "format_version": "1.13.0",
  "minecraft:entity": {    
    "description": {
      "identifier": "onepiece_addon:el-thor_attack1",
      "is_spawnable": false,
      "is_summonable": true,
      "is_experimental": false
    },
    "component_groups": {
    },
    "components": {
      "minecraft:type_family": {
        "family": [ "gorogoro" ]
      },
      "minecraft:behavior.knockback_roar": {
        "duration": 999,
        "attack_time": 0.1,
        "knockback_damage": 18,
        "knockback_strength": 0.0,
        "knockback_range": 3,
        "knockback_filters": {
          "all_of":[
            {
              "test": "is_family",
              "subject": "other",
              "operator": "!=",
              "value": "gorogoro"
            },
            {
              "test":"has_tag",
              "subject":"other",
              "operator":"!=",
              "value":"gorogoro"
            },
            {
              "test": "is_family",
              "subject": "other",
              "operator": "!=",
              "value": "gomgom"
            },
            {
              "test":"has_tag",
              "subject":"other",
              "operator":"!=",
              "value":"gomgom"
            },
            {
              "test": "is_family",
              "subject": "other",
              "operator": "!=",
              "value": "sunasuna"
            },
            {
              "test":"has_tag",
              "subject":"other",
              "operator":"!=",
              "value":"sunasuna"
            }
          ]
        },
        "damage_filters": {
          "all_of":[
            {
              "test": "is_family",
              "subject": "other",
              "operator": "!=",
              "value": "gorogoro"
            },
            {
              "test":"has_tag",
              "subject":"other",
              "operator":"!=",
              "value":"gorogoro"
            },
            {
              "test": "is_family",
              "subject": "other",
              "operator": "!=",
              "value": "gomgom"
            },
            {
              "test":"has_tag",
              "subject":"other",
              "operator":"!=",
              "value":"gomgom"
            },
            {
              "test": "is_family",
              "subject": "other",
              "operator": "!=",
              "value": "sunasuna"
            },
            {
              "test":"has_tag",
              "subject":"other",
              "operator":"!=",
              "value":"sunasuna"
            }
          ]
        }
      },
      "minecraft:collision_box": {
        "width":0.0,
        "height":0.0
      },
      "minecraft:physics": {
      },
      "minecraft:transformation": {
        "into": "onepiece_addon:despawn",
        "delay": 0.2
      },
      "minecraft:pushable": {
        "is_pushable": false,
        "is_pushable_by_piston": false
      },
      "minecraft:conditional_bandwidth_optimization": {
        "default_values": {
          "max_optimized_distance": 80.0,
          "max_dropped_ticks": 10,
          "use_motion_prediction_hints": true
        }
      }
    },
    "events": {
    }
  }
}