{
  "format_version": "1.12.0",
  "minecraft:entity": {
    "description": {
      "identifier": "onepiece_addon:el-thor_e",
      "is_spawnable": false,
      "is_summonable": true,
      "is_experimental": false
    },
    "component_groups": {
    },

    "components": {
      "minecraft:timer": {
        "looping": true,
        "randomInterval": false,
        "time": 0.0,
        "time_down_event": {
         "event": "onepiece_addon:timer_event",
         "target": "self"
        }
      },
      "minecraft:projectile": {
        "on_hit": {
          "spawn_chance": {
            "first_spawn_percent_chance": 100.0,
            "first_spawn_count": 1,
            "spawn_definition": "onepiece_addon:el-thor_ex"
          },
          "remove_on_hit": { }
        },
        "power": 0,
        "gravity": 1.3,
        "angle_offset": 0.0,
        "inertia": 0.1,
        "knockback":false,
        "liquid_inertia": 0.1
      },
      "minecraft:collision_box": {
        "width": 0,
        "height": 0
      },
	    "minecraft:physics": {
      },
      "minecraft:pushable": {
        "is_pushable": false,
        "is_pushable_by_piston": false
      },
      "minecraft:damage_sensor": {
        "triggers": {
            "on_damage": {"filters": {}},
            "deals_damage": false
        }
      },
      "minecraft:conditional_bandwidth_optimization": {
        "default_values": {
          "max_optimized_distance": 80.0,
          "max_dropped_ticks": 10,
          "use_motion_prediction_hints": true
        }
      }
    },

    "events": {
      "onepiece_addon:timer_event":{
        "run_command":{
          "command":"function akumanomi/gorogoro/el-thor_e_particle"
        }
      }
    }
  }
}
