{
  "format_version": "1.8.0",
  "animations": {
    "animation.yg_blue.general": {
      "loop": true,
      "animation_length": 2,
      "bones": {
        "Body": {
          "rotation": {
            "0.0": {
              "post": [
                0,
                0,
                2.5
              ],
              "lerp_mode": "catmullrom"
            },
            "0.5": {
              "post": [
                4.99527,
                -0.21782,
                2.4905
              ],
              "lerp_mode": "catmullrom"
            },
            "1.0": {
              "post": [
                0,
                0,
                -2.5
              ],
              "lerp_mode": "catmullrom"
            },
            "2.0": {
              "post": [
                0,
                0,
                2.5
              ],
              "lerp_mode": "catmullrom"
            }
          }
        },
        "Rightarm": {
          "rotation": {
            "0.0": {
              "post": [
                -4.99527,
                0.21782,
                2.4905
              ],
              "lerp_mode": "catmullrom"
            },
            "0.5": {
              "post": [
                -7.5,
                0,
                0
              ],
              "lerp_mode": "catmullrom"
            },
            "1.0": {
              "post": [
                0,
                0,
                5
              ],
              "lerp_mode": "catmullrom"
            },
            "1.5": {
              "post": [
                4.98107,
                0.43523,
                0.01893
              ],
              "lerp_mode": "catmullrom"
            },
            "2.0": {
              "post": [
                -4.99527,
                0.21782,
                2.4905
              ],
              "lerp_mode": "catmullrom"
            }
          }
        },
        "Leaftarm": {
          "rotation": {
            "0.0": {
              "post": [
                0,
                0,
                -10
              ],
              "lerp_mode": "catmullrom"
            },
            "0.5": {
              "post": [
                -5,
                0,
                -5
              ],
              "lerp_mode": "catmullrom"
            },
            "1.0": {
              "post": [
                -0.38332,
                2.38141,
                0.39072
              ],
              "lerp_mode": "catmullrom"
            },
            "1.5": {
              "post": [
                1.90107,
                2.5568,
                -4.61085
              ],
              "lerp_mode": "catmullrom"
            },
            "2.0": {
              "post": [
                0,
                0,
                -10
              ],
              "lerp_mode": "catmullrom"
            }
          }
        }
      }
    },
    "animation.yg_blue.looking": {
      "loop": true,
      "bones": {
        "Head": {
          "rotation": [
            "query.target_x_rotation-this",
            "query.target_y_rotation-this",
            0
          ]
        }
      }
    },
    "animation.yg_blue.attack": {
      "animation_length": 1.25,
      "bones": {
        "Head": {
          "rotation": {
            "0.0": {
              "post": [
                0,
                0,
                0
              ],
              "lerp_mode": "catmullrom"
            },
            "0.25": {
              "post": [
                -11.93845,
                -3.73171,
                -17.10967
              ],
              "lerp_mode": "catmullrom"
            },
            "0.4167": {
              "post": [
                -19.81594,
                -2.15393,
                -9.76758
              ],
              "lerp_mode": "catmullrom"
            },
            "0.5": {
              "post": [
                -12.39638,
                -1.61888,
                -7.32417
              ],
              "lerp_mode": "catmullrom"
            },
            "0.5833": {
              "post": [
                -12.31594,
                -2.15393,
                -9.76758
              ],
              "lerp_mode": "catmullrom"
            },
            "0.6667": {
              "post": [
                -12.39638,
                -1.61888,
                -7.32417
              ],
              "lerp_mode": "catmullrom"
            },
            "0.75": {
              "post": [
                -12.31594,
                -2.15393,
                -9.76758
              ],
              "lerp_mode": "catmullrom"
            },
            "0.8333": {
              "post": [
                -12.39638,
                -1.61888,
                -7.32417
              ],
              "lerp_mode": "catmullrom"
            },
            "0.9167": {
              "post": [
                -12.31594,
                -2.15393,
                -9.76758
              ],
              "lerp_mode": "catmullrom"
            },
            "1.0": {
              "post": [
                -12.39638,
                -1.61888,
                -7.32417
              ],
              "lerp_mode": "catmullrom"
            },
            "1.25": {
              "post": [
                0,
                0,
                0
              ],
              "lerp_mode": "catmullrom"
            }
          }
        },
        "Body": {
          "rotation": {
            "0.0": {
              "post": [
                0,
                0,
                0
              ],
              "lerp_mode": "catmullrom"
            },
            "0.25": {
              "post": [
                12.5,
                0,
                0
              ],
              "lerp_mode": "catmullrom"
            },
            "0.4167": {
              "post": [
                19.98848,
                0.54094,
                -2.44081
              ],
              "lerp_mode": "catmullrom"
            },
            "0.5": {
              "post": [
                12.48848,
                -0.54094,
                2.44081
              ],
              "lerp_mode": "catmullrom"
            },
            "0.5833": {
              "post": [
                12.48848,
                0.54094,
                -2.44081
              ],
              "lerp_mode": "catmullrom"
            },
            "0.6667": {
              "post": [
                12.48848,
                -0.54094,
                2.44081
              ],
              "lerp_mode": "catmullrom"
            },
            "0.75": {
              "post": [
                12.48848,
                0.54094,
                -2.44081
              ],
              "lerp_mode": "catmullrom"
            },
            "0.8333": {
              "post": [
                12.48848,
                -0.54094,
                2.44081
              ],
              "lerp_mode": "catmullrom"
            },
            "0.9167": {
              "post": [
                12.48848,
                0.54094,
                -2.44081
              ],
              "lerp_mode": "catmullrom"
            },
            "1.0": {
              "post": [
                12.48848,
                -0.54094,
                2.44081
              ],
              "lerp_mode": "catmullrom"
            },
            "1.25": {
              "post": [
                0,
                0,
                0
              ],
              "lerp_mode": "catmullrom"
            }
          }
        },
        "Rightarm": {
          "rotation": {
            "0.0": {
              "post": [
                0,
                0,
                0
              ],
              "lerp_mode": "catmullrom"
            },
            "0.25": {
              "post": [
                -67.18821,
                9.23186,
                3.86032
              ],
              "lerp_mode": "catmullrom"
            },
            "0.4167": {
              "post": [
                -105.92485,
                5.75346,
                -5.59768
              ],
              "lerp_mode": "catmullrom"
            },
            "0.5": {
              "post": [
                -110.05254,
                8.382,
                1.48113
              ],
              "lerp_mode": "catmullrom"
            },
            "0.5833": {
              "post": [
                -110.92485,
                5.75346,
                -5.59768
              ],
              "lerp_mode": "catmullrom"
            },
            "0.6667": {
              "post": [
                -110.05254,
                8.382,
                1.48113
              ],
              "lerp_mode": "catmullrom"
            },
            "0.75": {
              "post": [
                -110.92485,
                5.75346,
                -5.59768
              ],
              "lerp_mode": "catmullrom"
            },
            "0.8333": {
              "post": [
                -110.05254,
                8.382,
                1.48113
              ],
              "lerp_mode": "catmullrom"
            },
            "0.9167": {
              "post": [
                -110.92485,
                5.75346,
                -5.59768
              ],
              "lerp_mode": "catmullrom"
            },
            "1.0": {
              "post": [
                -110.05254,
                8.382,
                1.48113
              ],
              "lerp_mode": "catmullrom"
            },
            "1.25": {
              "post": [
                0,
                0,
                0
              ],
              "lerp_mode": "catmullrom"
            }
          }
        },
        "Leaftarm": {
          "rotation": {
            "0.0": {
              "post": [
                0,
                0,
                0
              ],
              "lerp_mode": "catmullrom"
            },
            "0.25": {
              "post": [
                -71.70612,
                -16.66577,
                -5.41615
              ],
              "lerp_mode": "catmullrom"
            },
            "0.4167": {
              "post": [
                -106.63121,
                -12.76225,
                4.10561
              ],
              "lerp_mode": "catmullrom"
            },
            "0.5": {
              "post": [
                -111.70612,
                -16.66577,
                -5.41615
              ],
              "lerp_mode": "catmullrom"
            },
            "0.5833": {
              "post": [
                -114.13121,
                -12.76225,
                4.10561
              ],
              "lerp_mode": "catmullrom"
            },
            "0.6667": {
              "post": [
                -111.70612,
                -16.66577,
                -5.41615
              ],
              "lerp_mode": "catmullrom"
            },
            "0.75": {
              "post": [
                -114.13121,
                -12.76225,
                4.10561
              ],
              "lerp_mode": "catmullrom"
            },
            "0.8333": {
              "post": [
                -111.70612,
                -16.66577,
                -5.41615
              ],
              "lerp_mode": "catmullrom"
            },
            "0.9167": {
              "post": [
                -114.13121,
                -12.76225,
                4.10561
              ],
              "lerp_mode": "catmullrom"
            },
            "1.0": {
              "post": [
                -111.70612,
                -16.66577,
                -5.41615
              ],
              "lerp_mode": "catmullrom"
            },
            "1.25": {
              "post": [
                0,
                0,
                0
              ],
              "lerp_mode": "catmullrom"
            }
          }
        }
      }
    },
    "animation.yg_blue.move": {
      "loop": true,
      "animation_length": 2,
      "anim_time_update": "query.modified_distance_moved * 0.2",
      "bones": {
        "Head": {
          "rotation": {
            "0.0": {
              "post": [
                -12.5,
                0,
                0
              ],
              "lerp_mode": "catmullrom"
            }
          }
        },
        "Body": {
          "rotation": {
            "0.0": {
              "post": [
                17.64168,
                7.15102,
                2.26708
              ],
              "lerp_mode": "catmullrom"
            },
            "1.0": {
              "post": [
                17.51565,
                -2.38422,
                -0.7522
              ],
              "lerp_mode": "catmullrom"
            },
            "2.0": {
              "post": [
                17.64168,
                7.15102,
                2.26708
              ],
              "lerp_mode": "catmullrom"
            }
          }
        },
        "Rightarm": {
          "rotation": {
            "0.0": {
              "post": [
                -87.5,
                0,
                0
              ],
              "lerp_mode": "catmullrom"
            },
            "0.5": {
              "post": [
                -62.24194,
                24.97457,
                1.16524
              ],
              "lerp_mode": "catmullrom"
            },
            "1.0": {
              "post": [
                -65.72271,
                -6.04474,
                2.39302
              ],
              "lerp_mode": "catmullrom"
            },
            "1.5": {
              "post": [
                -126.17436,
                -13.05034,
                5.11047
              ],
              "lerp_mode": "catmullrom"
            },
            "2.0": {
              "post": [
                -87.5,
                0,
                0
              ],
              "lerp_mode": "catmullrom"
            }
          }
        },
        "Rightleg": {
          "rotation": {
            "0.0": {
              "post": [
                35,
                0,
                0
              ],
              "lerp_mode": "catmullrom"
            },
            "0.5": {
              "post": [
                0,
                0,
                0
              ],
              "lerp_mode": "catmullrom"
            },
            "1.0": {
              "post": [
                -22.5,
                0,
                0
              ],
              "lerp_mode": "catmullrom"
            },
            "1.5": {
              "post": [
                0,
                0,
                0
              ],
              "lerp_mode": "catmullrom"
            },
            "2.0": {
              "post": [
                35,
                0,
                0
              ],
              "lerp_mode": "catmullrom"
            }
          }
        },
        "Root": {
          "position": {
            "0.0": {
              "post": [
                0,
                -2,
                0
              ],
              "lerp_mode": "catmullrom"
            },
            "0.5": {
              "post": [
                0,
                0,
                0
              ],
              "lerp_mode": "catmullrom"
            },
            "1.0": {
              "post": [
                0,
                -1,
                0
              ],
              "lerp_mode": "catmullrom"
            },
            "1.5": {
              "post": [
                0,
                0,
                0
              ],
              "lerp_mode": "catmullrom"
            },
            "2.0": {
              "post": [
                0,
                -2,
                0
              ],
              "lerp_mode": "catmullrom"
            }
          }
        },
        "Leaftarm": {
          "rotation": {
            "0.0": {
              "post": [
                -52.5,
                0,
                0
              ],
              "lerp_mode": "catmullrom"
            },
            "0.5": {
              "post": [
                -50.28872,
                -17.67415,
                -14.15251
              ],
              "lerp_mode": "catmullrom"
            },
            "1.0": {
              "post": [
                -105.28872,
                -17.67415,
                -14.15251
              ],
              "lerp_mode": "catmullrom"
            },
            "1.5": {
              "post": [
                -81.39606,
                16.83718,
                -10.18129
              ],
              "lerp_mode": "catmullrom"
            },
            "2.0": {
              "post": [
                -52.5,
                0,
                0
              ],
              "lerp_mode": "catmullrom"
            }
          }
        },
        "Leaftleg": {
          "rotation": {
            "0.0": {
              "post": [
                -27.5,
                0,
                0
              ],
              "lerp_mode": "catmullrom"
            },
            "0.5": {
              "post": [
                0,
                0,
                0
              ],
              "lerp_mode": "catmullrom"
            },
            "1.0": {
              "post": [
                30,
                0,
                0
              ],
              "lerp_mode": "catmullrom"
            },
            "1.5": {
              "post": [
                0,
                0,
                0
              ],
              "lerp_mode": "catmullrom"
            },
            "2.0": {
              "post": [
                -27.5,
                0,
                0
              ],
              "lerp_mode": "catmullrom"
            }
          }
        }
      }
    },
    "animation.yg_blue.death": {
      "loop": "hold_on_last_frame",
      "animation_length": 1.5,
      "bones": {
        "Root": {
          "rotation": {
            "0.0": {
              "post": [
                0,
                0,
                0
              ],
              "lerp_mode": "catmullrom"
            },
            "0.6667": {
              "post": [
                0,
                0,
                0
              ],
              "lerp_mode": "catmullrom"
            },
            "1.0": {
              "post": [
                90,
                0,
                0
              ],
              "lerp_mode": "catmullrom"
            }
          },
          "position": {
            "0.0": {
              "post": [
                0,
                0,
                0
              ],
              "lerp_mode": "catmullrom"
            },
            "0.6667": {
              "post": [
                0,
                0,
                0
              ],
              "lerp_mode": "catmullrom"
            },
            "1.0": {
              "post": [
                0,
                5,
                0
              ],
              "lerp_mode": "catmullrom"
            }
          }
        },
        "Body": {
          "rotation": {
            "0.0": {
              "post": [
                0,
                0,
                0
              ],
              "lerp_mode": "catmullrom"
            },
            "0.25": {
              "post": [
                12.5,
                0,
                0
              ],
              "lerp_mode": "catmullrom"
            },
            "0.5": {
              "post": [
                -17.5,
                0,
                0
              ],
              "lerp_mode": "catmullrom"
            },
            "0.75": {
              "post": [
                30,
                0,
                0
              ],
              "lerp_mode": "catmullrom"
            },
            "0.875": {
              "post": [
                2.96875,
                0,
                0
              ],
              "lerp_mode": "catmullrom"
            },
            "1.0": {
              "post": [
                0,
                0,
                0
              ],
              "lerp_mode": "catmullrom"
            }
          }
        },
        "Head": {
          "rotation": {
            "0.0": {
              "post": [
                0,
                0,
                0
              ],
              "lerp_mode": "catmullrom"
            },
            "0.25": {
              "post": [
                12.5,
                0,
                0
              ],
              "lerp_mode": "catmullrom"
            },
            "0.5": {
              "post": [
                -20,
                0,
                0
              ],
              "lerp_mode": "catmullrom"
            },
            "0.75": {
              "post": [
                32.5,
                0,
                0
              ],
              "lerp_mode": "catmullrom"
            },
            "1.0": {
              "post": [
                -12.70569,
                -22.47741,
                1.03509
              ],
              "lerp_mode": "catmullrom"
            }
          }
        },
        "Rightarm": {
          "rotation": {
            "0.0": {
              "post": [
                0,
                0,
                0
              ],
              "lerp_mode": "catmullrom"
            },
            "0.25": {
              "post": [
                -15,
                0,
                0
              ],
              "lerp_mode": "catmullrom"
            },
            "0.5": {
              "post": [
                22.5,
                0,
                0
              ],
              "lerp_mode": "catmullrom"
            },
            "0.75": {
              "post": [
                -32.5,
                0,
                0
              ],
              "lerp_mode": "catmullrom"
            },
            "1.0": {
              "post": [
                -7.24721,
                1.93597,
                14.87739
              ],
              "lerp_mode": "catmullrom"
            }
          }
        },
        "Leaftarm": {
          "rotation": {
            "0.0": {
              "post": [
                0,
                0,
                0
              ],
              "lerp_mode": "catmullrom"
            },
            "0.25": {
              "post": [
                -12.5,
                0,
                0
              ],
              "lerp_mode": "catmullrom"
            },
            "0.5": {
              "post": [
                25,
                0,
                0
              ],
              "lerp_mode": "catmullrom"
            },
            "0.75": {
              "post": [
                -30,
                0,
                0
              ],
              "lerp_mode": "catmullrom"
            },
            "1.0": {
              "post": [
                -9.25249,
                -3.81024,
                -22.19157
              ],
              "lerp_mode": "catmullrom"
            }
          }
        },
        "Rightleg": {
          "rotation": {
            "0.0": {
              "post": [
                0,
                0,
                0
              ],
              "lerp_mode": "catmullrom"
            },
            "0.5": {
              "post": [
                -4.9816,
                0.43277,
                1.20295
              ],
              "lerp_mode": "catmullrom"
            },
            "1.0": {
              "post": [
                -9.91615,
                1.29876,
                7.38733
              ],
              "lerp_mode": "catmullrom"
            }
          }
        },
        "Leaftleg": {
          "rotation": {
            "0.0": {
              "post": [
                0,
                0,
                0
              ],
              "lerp_mode": "catmullrom"
            },
            "0.5": {
              "post": [
                -4.95882,
                -0.64776,
                -1.17585
              ],
              "lerp_mode": "catmullrom"
            },
            "1.0": {
              "post": [
                -9.76758,
                -2.15393,
                -12.31594
              ],
              "lerp_mode": "catmullrom"
            }
          }
        }
      }
    }
  }
}