{
  "format_version": "1.8.0",
  "animations": {
    "animation.yg_red.move": {
      "loop": true,
      "animation_length": 0.5,
      "anim_time_update": "query.modified_distance_moved * 0.1",
      "bones": {
        "RightArm": {
          "rotation": {
            "0.0": {
              "post": [
                17.5,
                0,
                0
              ],
              "lerp_mode": "catmullrom"
            },
            "0.25": {
              "post": [
                -20,
                0,
                0
              ],
              "lerp_mode": "catmullrom"
            },
            "0.5": {
              "post": [
                17.5,
                0,
                0
              ],
              "lerp_mode": "catmullrom"
            }
          }
        },
        "LeftArm": {
          "rotation": {
            "0.0": {
              "post": [
                -20,
                0,
                0
              ],
              "lerp_mode": "catmullrom"
            },
            "0.25": {
              "post": [
                17.5,
                0,
                0
              ],
              "lerp_mode": "catmullrom"
            },
            "0.5": {
              "post": [
                -20,
                0,
                0
              ],
              "lerp_mode": "catmullrom"
            }
          }
        },
        "RightLeg": {
          "rotation": {
            "0.0": {
              "post": [
                -20,
                0,
                0
              ],
              "lerp_mode": "catmullrom"
            },
            "0.25": {
              "post": [
                17.5,
                0,
                0
              ],
              "lerp_mode": "catmullrom"
            },
            "0.5": {
              "post": [
                -20,
                0,
                0
              ],
              "lerp_mode": "catmullrom"
            }
          }
        },
        "LeftLeg": {
          "rotation": {
            "0.0": {
              "post": [
                17.5,
                0,
                0
              ],
              "lerp_mode": "catmullrom"
            },
            "0.25": {
              "post": [
                -20,
                0,
                0
              ],
              "lerp_mode": "catmullrom"
            },
            "0.5": {
              "post": [
                17.5,
                0,
                0
              ],
              "lerp_mode": "catmullrom"
            }
          }
        },
        "Root": {
          "position": {
            "0.0": [
              0,
              -1,
              0
            ],
            "0.125": [
              0,
              0,
              0
            ],
            "0.25": [
              0,
              -1,
              0
            ],
            "0.375": [
              0,
              0,
              0
            ],
            "0.5": [
              0,
              -1,
              0
            ]
          }
        }
      }
    },
    "animation.yg_red.general": {
      "loop": true,
      "animation_length": 2,
      "bones": {
        "RightArm": {
          "rotation": {
            "0.0": [
              0,
              0,
              7.5
            ],
            "1.0": [
              0,
              0,
              5
            ],
            "2.0": [
              0,
              0,
              7.5
            ]
          }
        },
        "LeftArm": {
          "rotation": {
            "0.0": [
              0.56201,
              0.35883,
              -7.46858
            ],
            "1.0": [
              0.57713,
              0.33397,
              -4.96866
            ],
            "2.0": [
              0.56201,
              0.35883,
              -7.46858
            ]
          }
        }
      }
    },
    "animation.yg_red.looking": {
      "loop": true,
      "bones": {
        "Head": {
          "rotation": [
            "query.target_x_rotation-this",
            "query.target_y_rotation-this",
            0
          ]
        }
      }
    },
    "animation.yg_red.attack": {
      "animation_length": 0.5,
      "bones": {
        "Head": {
          "rotation": {
            "0.0": [
              0,
              0,
              0
            ],
            "0.125": [
              5,
              -7.5,
              0
            ],
            "0.1667": [
              0,
              -10,
              0
            ],
            "0.3333": [
              0,
              1.25,
              0
            ],
            "0.5": [
              0,
              0,
              0
            ]
          }
        },
        "Body": {
          "rotation": {
            "0.0": [
              0,
              0,
              0
            ],
            "0.125": [
              -2.5,
              11.25,
              0
            ],
            "0.1667": [
              0,
              15,
              0
            ],
            "0.3333": [
              0,
              -12.5,
              0
            ],
            "0.5": [
              0,
              0,
              0
            ]
          }
        },
        "RightArm": {
          "rotation": {
            "0.0": [
              0,
              0,
              0
            ],
            "0.1667": [
              0,
              0,
              40
            ],
            "0.3333": [
              -63.84303,
              -29.76212,
              -13.70122
            ],
            "0.5": [
              0,
              0,
              0
            ]
          }
        },
        "LeftArm": {
          "rotation": {
            "0.0": [
              0,
              0,
              0
            ],
            "0.1667": [
              0,
              0,
              -5
            ],
            "0.3333": [
              14.94548,
              1.29256,
              -9.83045
            ],
            "0.5": [
              0,
              0,
              0
            ]
          }
        }
      }
    }
  }
}