{
  "format_version": "1.12.0",
  "minecraft:geometry": [
    {
      "description": {
        "identifier": "geometry.kg_mll",
        "texture_width": 256,
        "texture_height": 256,
        "visible_bounds_width": 7,
        "visible_bounds_height": 9,
        "visible_bounds_offset": [
          0,
          3.5,
          0
        ]
      },
      "bones": [
        {
          "name": "Rote",
          "pivot": [
            0,
            17,
            0
          ],
          "rotation": [
            97.5,
            0,
            0
          ]
        },
        {
          "name": "All",
          "pivot": [
            0,
            17,
            0
          ],
          "parent": "Rote"
        },
        {
          "name": "Right_leg",
          "pivot": [
            -3,
            -12,
            0
          ],
          "cubes": [
            {
              "origin": [
                -4.5,
                -15.0,
                -1.5
              ],
              "size": [
                3.0,
                3.0,
                3.0
              ],
              "uv": [
                91,
                117
              ],
              "inflate": 0
            }
          ],
          "parent": "Rote",
          "rotation": [
            62.5,
            0,
            57.5
          ]
        },
        {
          "name": "Right_leg2",
          "pivot": [
            -3,
            -15,
            0
          ],
          "cubes": [
            {
              "origin": [
                -4.5,
                -18.0,
                -1.5
              ],
              "size": [
                3.0,
                3.0,
                3.0
              ],
              "uv": [
                117,
                89
              ],
              "inflate": 0
            }
          ],
          "parent": "Right_leg"
        },
        {
          "name": "Right_leg3",
          "pivot": [
            -3,
            -18,
            0
          ],
          "cubes": [
            {
              "origin": [
                -4.5,
                -21.0,
                -1.5
              ],
              "size": [
                3.0,
                3.0,
                3.0
              ],
              "uv": [
                117,
                57
              ],
              "inflate": 0
            }
          ],
          "parent": "Right_leg2"
        },
        {
          "name": "Right_leg4",
          "pivot": [
            -3,
            -21,
            0
          ],
          "cubes": [
            {
              "origin": [
                -4.5,
                -24.0,
                -1.5
              ],
              "size": [
                3.0,
                3.0,
                3.0
              ],
              "uv": [
                39,
                117
              ],
              "inflate": 0
            }
          ],
          "parent": "Right_leg3"
        },
        {
          "name": "Right_leg5",
          "pivot": [
            -3,
            -24,
            0
          ],
          "cubes": [
            {
              "origin": [
                -4.5,
                -27.0,
                -1.5
              ],
              "size": [
                3.0,
                3.0,
                3.0
              ],
              "uv": [
                21,
                117
              ],
              "inflate": 0
            }
          ],
          "parent": "Right_leg4",
          "rotation": [
            -92.5,
            0,
            0
          ]
        },
        {
          "name": "Right_leg6",
          "pivot": [
            -3,
            -27,
            0
          ],
          "cubes": [
            {
              "origin": [
                -4.5,
                -30.0,
                -1.5
              ],
              "size": [
                3.0,
                3.0,
                3.0
              ],
              "uv": [
                115,
                111
              ],
              "inflate": 0
            }
          ],
          "parent": "Right_leg5"
        },
        {
          "name": "Right_leg7",
          "pivot": [
            -3,
            -30,
            0
          ],
          "cubes": [
            {
              "origin": [
                -4.5,
                -33.0,
                -1.5
              ],
              "size": [
                3.0,
                3.0,
                3.0
              ],
              "uv": [
                60,
                115
              ],
              "inflate": 0
            }
          ],
          "parent": "Right_leg6"
        },
        {
          "name": "Right_leg8",
          "pivot": [
            -3,
            -33,
            0
          ],
          "cubes": [
            {
              "origin": [
                -4.5,
                -36.0,
                -1.5
              ],
              "size": [
                3.0,
                3.0,
                3.0
              ],
              "uv": [
                115,
                46
              ],
              "inflate": 0
            }
          ],
          "parent": "Right_leg7"
        },
        {
          "name": "Right_leg9",
          "pivot": [
            -3,
            -36,
            0
          ],
          "cubes": [
            {
              "origin": [
                -4.5,
                -39.0,
                -1.5
              ],
              "size": [
                3.0,
                3.0,
                3.0
              ],
              "uv": [
                115,
                39
              ],
              "inflate": 0
            }
          ],
          "parent": "Right_leg8",
          "rotation": [
            -37.5,
            0,
            0
          ]
        },
        {
          "name": "Right_leg10",
          "pivot": [
            -3,
            -39,
            0
          ],
          "cubes": [
            {
              "origin": [
                -4.5,
                -42.0,
                -1.5
              ],
              "size": [
                3.0,
                3.0,
                3.0
              ],
              "uv": [
                115,
                31
              ],
              "inflate": 0
            }
          ],
          "parent": "Right_leg9"
        },
        {
          "name": "Right_leg11",
          "pivot": [
            -3,
            -42,
            0
          ],
          "cubes": [
            {
              "origin": [
                -4.5,
                -45.0,
                -1.5
              ],
              "size": [
                3.0,
                3.0,
                3.0
              ],
              "uv": [
                9,
                115
              ],
              "inflate": 0
            }
          ],
          "parent": "Right_leg10"
        },
        {
          "name": "Right_leg12",
          "pivot": [
            -3,
            -45,
            0
          ],
          "cubes": [
            {
              "origin": [
                -4.5,
                -48.0,
                -1.5
              ],
              "size": [
                3.0,
                3.0,
                3.0
              ],
              "uv": [
                115,
                6
              ],
              "inflate": 0
            }
          ],
          "parent": "Right_leg11"
        },
        {
          "name": "Right_leg13",
          "pivot": [
            -3,
            -48,
            0
          ],
          "cubes": [
            {
              "origin": [
                -4.5,
                -51.0,
                -1.5
              ],
              "size": [
                3.0,
                3.0,
                3.0
              ],
              "uv": [
                115,
                0
              ],
              "inflate": 0
            }
          ],
          "parent": "Right_leg12",
          "rotation": [
            -35,
            0,
            0
          ]
        },
        {
          "name": "Right_leg14",
          "pivot": [
            -3,
            -51,
            0
          ],
          "cubes": [
            {
              "origin": [
                -4.5,
                -54.0,
                -1.5
              ],
              "size": [
                3.0,
                3.0,
                3.0
              ],
              "uv": [
                103,
                114
              ],
              "inflate": 0
            }
          ],
          "parent": "Right_leg13"
        },
        {
          "name": "Right_leg15",
          "pivot": [
            -3,
            -54,
            0
          ],
          "cubes": [
            {
              "origin": [
                -4.5,
                -57.0,
                -1.5
              ],
              "size": [
                3.0,
                3.0,
                3.0
              ],
              "uv": [
                82,
                114
              ],
              "inflate": 0
            }
          ],
          "parent": "Right_leg14"
        },
        {
          "name": "Right_leg16",
          "pivot": [
            -3,
            -57,
            0
          ],
          "cubes": [
            {
              "origin": [
                -4.5,
                -60.0,
                -1.5
              ],
              "size": [
                3.0,
                3.0,
                3.0
              ],
              "uv": [
                30,
                114
              ],
              "inflate": 0
            }
          ],
          "parent": "Right_leg15"
        },
        {
          "name": "tooF",
          "pivot": [
            -3,
            -60,
            0
          ],
          "cubes": [
            {
              "origin": [
                -5.0,
                -61.0,
                -2.0
              ],
              "size": [
                4.0,
                1.0,
                4.0
              ],
              "uv": [
                92,
                69
              ],
              "inflate": 0
            },
            {
              "origin": [
                -5.5,
                -64.0,
                -5.0
              ],
              "size": [
                5.0,
                3.0,
                8.0
              ],
              "uv": [
                18,
                75
              ],
              "inflate": 0
            }
          ],
          "parent": "Right_leg16",
          "rotation": [
            15.24689,
            56.1582,
            18.16842
          ]
        },
        {
          "name": "Left_leg",
          "pivot": [
            3,
            -12,
            0
          ],
          "cubes": [
            {
              "origin": [
                1.5,
                -15.0,
                -1.5
              ],
              "size": [
                3.0,
                3.0,
                3.0
              ],
              "uv": [
                114,
                25
              ],
              "inflate": 0
            }
          ],
          "parent": "Rote",
          "rotation": [
            72.61435,
            -9.91358,
            -56.31845
          ]
        },
        {
          "name": "Left_leg2",
          "pivot": [
            3,
            -15,
            0
          ],
          "cubes": [
            {
              "origin": [
                1.5,
                -18.0,
                -1.5
              ],
              "size": [
                3.0,
                3.0,
                3.0
              ],
              "uv": [
                113,
                83
              ],
              "inflate": 0
            }
          ],
          "parent": "Left_leg"
        },
        {
          "name": "Left_leg3",
          "pivot": [
            3,
            -18,
            0
          ],
          "cubes": [
            {
              "origin": [
                1.5,
                -21.0,
                -1.5
              ],
              "size": [
                3.0,
                3.0,
                3.0
              ],
              "uv": [
                113,
                77
              ],
              "inflate": 0
            }
          ],
          "parent": "Left_leg2"
        },
        {
          "name": "Left_leg4",
          "pivot": [
            3,
            -21,
            0
          ],
          "cubes": [
            {
              "origin": [
                1.5,
                -24.0,
                -1.5
              ],
              "size": [
                3.0,
                3.0,
                3.0
              ],
              "uv": [
                70,
                112
              ],
              "inflate": 0
            }
          ],
          "parent": "Left_leg3"
        },
        {
          "name": "Left_leg5",
          "pivot": [
            3,
            -24,
            0
          ],
          "cubes": [
            {
              "origin": [
                1.5,
                -27.0,
                -1.5
              ],
              "size": [
                3.0,
                3.0,
                3.0
              ],
              "uv": [
                0,
                112
              ],
              "inflate": 0
            }
          ],
          "parent": "Left_leg4",
          "rotation": [
            -107.5,
            0,
            0
          ]
        },
        {
          "name": "Left_leg6",
          "pivot": [
            3,
            -27,
            0
          ],
          "cubes": [
            {
              "origin": [
                1.5,
                -30.0,
                -1.5
              ],
              "size": [
                3.0,
                3.0,
                3.0
              ],
              "uv": [
                94,
                111
              ],
              "inflate": 0
            }
          ],
          "parent": "Left_leg5"
        },
        {
          "name": "Left_leg7",
          "pivot": [
            3,
            -30,
            0
          ],
          "cubes": [
            {
              "origin": [
                1.5,
                -33.0,
                -1.5
              ],
              "size": [
                3.0,
                3.0,
                3.0
              ],
              "uv": [
                51,
                111
              ],
              "inflate": 0
            }
          ],
          "parent": "Left_leg6"
        },
        {
          "name": "Left_leg8",
          "pivot": [
            3,
            -33,
            0
          ],
          "cubes": [
            {
              "origin": [
                1.5,
                -36.0,
                -1.5
              ],
              "size": [
                3.0,
                3.0,
                3.0
              ],
              "uv": [
                39,
                111
              ],
              "inflate": 0
            }
          ],
          "parent": "Left_leg7"
        },
        {
          "name": "Left_leg9",
          "pivot": [
            3,
            -36,
            0
          ],
          "cubes": [
            {
              "origin": [
                1.5,
                -39.0,
                -1.5
              ],
              "size": [
                3.0,
                3.0,
                3.0
              ],
              "uv": [
                21,
                111
              ],
              "inflate": 0
            }
          ],
          "parent": "Left_leg8",
          "rotation": [
            -37.5,
            0,
            0
          ]
        },
        {
          "name": "Left_leg10",
          "pivot": [
            3,
            -39,
            0
          ],
          "cubes": [
            {
              "origin": [
                1.5,
                -42.0,
                -1.5
              ],
              "size": [
                3.0,
                3.0,
                3.0
              ],
              "uv": [
                110,
                65
              ],
              "inflate": 0
            }
          ],
          "parent": "Left_leg9"
        },
        {
          "name": "Left_leg11",
          "pivot": [
            3,
            -42,
            0
          ],
          "cubes": [
            {
              "origin": [
                1.5,
                -45.0,
                -1.5
              ],
              "size": [
                3.0,
                3.0,
                3.0
              ],
              "uv": [
                110,
                19
              ],
              "inflate": 0
            }
          ],
          "parent": "Left_leg10"
        },
        {
          "name": "Left_leg12",
          "pivot": [
            3,
            -45,
            0
          ],
          "cubes": [
            {
              "origin": [
                1.5,
                -48.0,
                -1.5
              ],
              "size": [
                3.0,
                3.0,
                3.0
              ],
              "uv": [
                9,
                109
              ],
              "inflate": 0
            }
          ],
          "parent": "Left_leg11"
        },
        {
          "name": "Left_leg13",
          "pivot": [
            3,
            -48,
            0
          ],
          "cubes": [
            {
              "origin": [
                1.5,
                -51.0,
                -1.5
              ],
              "size": [
                3.0,
                3.0,
                3.0
              ],
              "uv": [
                106,
                108
              ],
              "inflate": 0
            }
          ],
          "parent": "Left_leg12",
          "rotation": [
            -37.5,
            0,
            0
          ]
        },
        {
          "name": "Left_leg14",
          "pivot": [
            3,
            -51,
            0
          ],
          "cubes": [
            {
              "origin": [
                1.5,
                -54.0,
                -1.5
              ],
              "size": [
                3.0,
                3.0,
                3.0
              ],
              "uv": [
                108,
                102
              ],
              "inflate": 0
            }
          ],
          "parent": "Left_leg13"
        },
        {
          "name": "Left_leg15",
          "pivot": [
            3,
            -54,
            0
          ],
          "cubes": [
            {
              "origin": [
                1.5,
                -57.0,
                -1.5
              ],
              "size": [
                3.0,
                3.0,
                3.0
              ],
              "uv": [
                108,
                94
              ],
              "inflate": 0
            }
          ],
          "parent": "Left_leg14"
        },
        {
          "name": "Left_leg16",
          "pivot": [
            3,
            -57,
            0
          ],
          "cubes": [
            {
              "origin": [
                1.5,
                -60.0,
                -1.5
              ],
              "size": [
                3.0,
                3.0,
                3.0
              ],
              "uv": [
                85,
                108
              ],
              "inflate": 0
            }
          ],
          "parent": "Left_leg15"
        },
        {
          "name": "2tooF",
          "pivot": [
            3,
            -60,
            0
          ],
          "cubes": [
            {
              "origin": [
                1.0,
                -61.0,
                -2.0
              ],
              "size": [
                4.0,
                1.0,
                4.0
              ],
              "uv": [
                92,
                7
              ],
              "inflate": 0
            },
            {
              "origin": [
                0.5,
                -64.0,
                -5.0
              ],
              "size": [
                5.0,
                3.0,
                8.0
              ],
              "uv": [
                0,
                67
              ],
              "inflate": 0
            }
          ],
          "parent": "Left_leg16",
          "rotation": [
            31.67173,
            -53.95818,
            -26.06999
          ]
        },
        {
          "name": "Body",
          "pivot": [
            0,
            -12,
            0
          ],
          "cubes": [
            {
              "origin": [
                -6.0,
                -12.0,
                -6.0
              ],
              "size": [
                12.0,
                15.0,
                12.0
              ],
              "uv": [
                40,
                38
              ],
              "inflate": 0
            }
          ],
          "parent": "Rote",
          "rotation": [
            27.5,
            0,
            0
          ]
        },
        {
          "name": "bone",
          "pivot": [
            0,
            2,
            0
          ],
          "cubes": [
            {
              "origin": [
                -1.5,
                2.0,
                -1.5
              ],
              "size": [
                3.0,
                3.0,
                3.0
              ],
              "uv": [
                108,
                54
              ],
              "inflate": 0
            }
          ],
          "parent": "Body",
          "rotation": [
            -5,
            0,
            0
          ]
        },
        {
          "name": "bone2",
          "pivot": [
            0,
            5,
            0
          ],
          "cubes": [
            {
              "origin": [
                -1.5,
                5.0,
                -1.5
              ],
              "size": [
                3.0,
                3.0,
                3.0
              ],
              "uv": [
                30,
                108
              ],
              "inflate": 0
            }
          ],
          "parent": "bone",
          "rotation": [
            -12.5,
            0,
            0
          ]
        },
        {
          "name": "bone3",
          "pivot": [
            0,
            8,
            0
          ],
          "cubes": [
            {
              "origin": [
                -1.5,
                8.0,
                -1.5
              ],
              "size": [
                3.0,
                3.0,
                3.0
              ],
              "uv": [
                61,
                107
              ],
              "inflate": 0
            }
          ],
          "parent": "bone2",
          "rotation": [
            -12.5,
            0,
            0
          ]
        },
        {
          "name": "bone4",
          "pivot": [
            0,
            11,
            0
          ],
          "cubes": [
            {
              "origin": [
                -1.5,
                11.0,
                -1.5
              ],
              "size": [
                3.0,
                3.0,
                3.0
              ],
              "uv": [
                107,
                13
              ],
              "inflate": 0
            }
          ],
          "parent": "bone3",
          "rotation": [
            -27.5,
            0,
            0
          ]
        },
        {
          "name": "Body2",
          "pivot": [
            0,
            13.2,
            0
          ],
          "cubes": [
            {
              "origin": [
                -2.0,
                13.0,
                -2.0
              ],
              "size": [
                4.0,
                3.0,
                4.0
              ],
              "uv": [
                0,
                78
              ],
              "inflate": -0.2
            }
          ],
          "parent": "bone4"
        },
        {
          "name": "Body3",
          "pivot": [
            0,
            15.8,
            0
          ],
          "cubes": [
            {
              "origin": [
                -4.0,
                15.8,
                -2.0
              ],
              "size": [
                8.0,
                4.0,
                4.0
              ],
              "uv": [
                76,
                35
              ],
              "inflate": 0
            },
            {
              "origin": [
                -4.0,
                19.8,
                -2.0
              ],
              "size": [
                3.0,
                1.0,
                4.0
              ],
              "uv": [
                76,
                95
              ],
              "inflate": 0
            },
            {
              "origin": [
                1.0,
                19.8,
                -2.0
              ],
              "size": [
                3.0,
                1.0,
                4.0
              ],
              "uv": [
                94,
                91
              ],
              "inflate": 0
            },
            {
              "origin": [
                -4.0,
                19.7,
                -2.0
              ],
              "size": [
                8.0,
                2.0,
                4.0
              ],
              "uv": [
                58,
                19
              ],
              "inflate": -0.1
            }
          ],
          "parent": "Body2",
          "rotation": [
            -25,
            0,
            0
          ]
        },
        {
          "name": "Neck",
          "pivot": [
            0,
            21.6,
            0
          ],
          "cubes": [
            {
              "origin": [
                -2.0,
                21.0,
                -2.0
              ],
              "size": [
                4.0,
                2.0,
                4.0
              ],
              "uv": [
                18,
                67
              ],
              "inflate": -0.3
            }
          ],
          "parent": "Body3"
        },
        {
          "name": "bone25",
          "pivot": [
            0,
            22.7,
            0
          ],
          "cubes": [
            {
              "origin": [
                -1.0,
                22.7,
                -1.0
              ],
              "size": [
                2.0,
                2.0,
                2.0
              ],
              "uv": [
                126,
                14
              ],
              "inflate": 0
            }
          ],
          "parent": "Neck"
        },
        {
          "name": "bone26",
          "pivot": [
            0,
            24.7,
            0
          ],
          "cubes": [
            {
              "origin": [
                -1.0,
                24.7,
                -1.0
              ],
              "size": [
                2.0,
                2.0,
                2.0
              ],
              "uv": [
                126,
                10
              ],
              "inflate": 0
            }
          ],
          "parent": "bone25"
        },
        {
          "name": "bone27",
          "pivot": [
            0,
            26.7,
            0
          ],
          "cubes": [
            {
              "origin": [
                -1.0,
                26.7,
                -1.0
              ],
              "size": [
                2.0,
                2.0,
                2.0
              ],
              "uv": [
                0,
                126
              ],
              "inflate": 0
            }
          ],
          "parent": "bone26"
        },
        {
          "name": "bone28",
          "pivot": [
            0,
            28.7,
            0
          ],
          "cubes": [
            {
              "origin": [
                -1.0,
                28.7,
                -1.0
              ],
              "size": [
                2.0,
                2.0,
                2.0
              ],
              "uv": [
                125,
                85
              ],
              "inflate": 0
            }
          ],
          "parent": "bone27"
        },
        {
          "name": "Head",
          "pivot": [
            0,
            30.7,
            -2
          ],
          "cubes": [
            {
              "origin": [
                -8.0,
                36.7,
                -6.0
              ],
              "size": [
                16.0,
                9.0,
                2.0
              ],
              "uv": [
                47,
                0
              ],
              "inflate": 0
            },
            {
              "origin": [
                -8.0,
                30.7,
                -6.0
              ],
              "size": [
                16.0,
                15.0,
                2.0
              ],
              "uv": [
                0,
                50
              ],
              "inflate": -0.2
            },
            {
              "origin": [
                -8.0,
                30.7,
                -4.0
              ],
              "size": [
                16.0,
                15.0,
                10.0
              ],
              "uv": [
                0,
                25
              ],
              "inflate": 0
            },
            {
              "origin": [
                -9.0,
                32.7,
                -4.0
              ],
              "size": [
                18.0,
                14.0,
                11.0
              ],
              "uv": [
                0,
                0
              ],
              "inflate": -0.5
            },
            {
              "origin": [
                -9.0,
                40.7,
                -12.0
              ],
              "size": [
                18.0,
                4.0,
                6.0
              ],
              "pivot": [
                0.0,
                30.7,
                -2.0
              ],
              "rotation": [
                -27.5,
                0.0,
                0.0
              ],
              "uv": [
                42,
                25
              ],
              "inflate": -0.6
            },
            {
              "origin": [
                -11.5,
                41.6,
                -7.0
              ],
              "size": [
                4.0,
                4.0,
                3.0
              ],
              "pivot": [
                0.0,
                30.7,
                -2.0
              ],
              "rotation": [
                0.0,
                0.0,
                15.0
              ],
              "uv": [
                0,
                92
              ],
              "inflate": -0.5
            },
            {
              "origin": [
                -7.5,
                42.3,
                -7.0
              ],
              "size": [
                4.0,
                4.0,
                3.0
              ],
              "pivot": [
                0.0,
                30.7,
                -2.0
              ],
              "rotation": [
                0.0,
                0.0,
                10.0
              ],
              "uv": [
                90,
                26
              ],
              "inflate": -0.5
            },
            {
              "origin": [
                -4.5,
                42.7,
                -7.0
              ],
              "size": [
                4.0,
                4.0,
                3.0
              ],
              "pivot": [
                0.0,
                30.7,
                -2.0
              ],
              "rotation": [
                0.0,
                0.0,
                5.0
              ],
              "uv": [
                84,
                88
              ],
              "inflate": -0.5
            },
            {
              "origin": [
                -0.5,
                42.7,
                -7.0
              ],
              "size": [
                4.0,
                4.0,
                3.0
              ],
              "uv": [
                70,
                88
              ],
              "inflate": -0.5
            },
            {
              "origin": [
                2.5,
                42.7,
                -7.0
              ],
              "size": [
                4.0,
                4.0,
                3.0
              ],
              "uv": [
                56,
                88
              ],
              "inflate": -0.5
            },
            {
              "origin": [
                5.5,
                42.7,
                -7.0
              ],
              "size": [
                4.0,
                4.0,
                3.0
              ],
              "uv": [
                88,
                54
              ],
              "inflate": -0.5
            },
            {
              "origin": [
                5.5,
                45.7,
                -7.0
              ],
              "size": [
                4.0,
                4.0,
                3.0
              ],
              "uv": [
                88,
                47
              ],
              "inflate": -0.5
            },
            {
              "origin": [
                5.5,
                48.7,
                -7.0
              ],
              "size": [
                4.0,
                4.0,
                3.0
              ],
              "uv": [
                42,
                88
              ],
              "inflate": -0.5
            },
            {
              "origin": [
                2.5,
                48.9,
                -7.0
              ],
              "size": [
                4.0,
                3.8,
                3.0
              ],
              "uv": [
                36,
                75
              ],
              "inflate": -0.5
            },
            {
              "origin": [
                -0.5,
                48.7,
                -7.0
              ],
              "size": [
                4.0,
                4.0,
                3.0
              ],
              "uv": [
                28,
                86
              ],
              "inflate": -0.5
            },
            {
              "origin": [
                -0.5,
                45.8,
                -7.0
              ],
              "size": [
                4.0,
                4.0,
                3.0
              ],
              "uv": [
                14,
                86
              ],
              "inflate": -0.5
            },
            {
              "origin": [
                2.4,
                45.8,
                -7.0
              ],
              "size": [
                4.0,
                4.0,
                3.0
              ],
              "uv": [
                0,
                85
              ],
              "inflate": -0.5
            },
            {
              "origin": [
                -7.0,
                42.7,
                -6.1
              ],
              "size": [
                1.0,
                2.0,
                0.0
              ],
              "uv": [
                8,
                2
              ],
              "inflate": 0
            },
            {
              "origin": [
                1.0,
                42.7,
                -6.1
              ],
              "size": [
                1.0,
                2.0,
                0.0
              ],
              "uv": [
                2,
                8
              ],
              "inflate": 0
            },
            {
              "origin": [
                -4.5,
                42.7,
                -6.1
              ],
              "size": [
                1.0,
                2.0,
                0.0
              ],
              "uv": [
                8,
                0
              ],
              "inflate": 0
            },
            {
              "origin": [
                3.5,
                42.7,
                -6.1
              ],
              "size": [
                1.0,
                2.0,
                0.0
              ],
              "uv": [
                0,
                8
              ],
              "inflate": 0
            },
            {
              "origin": [
                -2.0,
                42.7,
                -6.1
              ],
              "size": [
                1.0,
                2.0,
                0.0
              ],
              "uv": [
                6,
                0
              ],
              "inflate": 0
            },
            {
              "origin": [
                6.0,
                42.7,
                -6.1
              ],
              "size": [
                1.0,
                2.0,
                0.0
              ],
              "uv": [
                0,
                0
              ],
              "inflate": 0
            }
          ],
          "parent": "bone28",
          "rotation": [
            -37.5,
            0,
            0
          ]
        },
        {
          "name": "Lip",
          "pivot": [
            0,
            30.7,
            -5
          ],
          "cubes": [
            {
              "origin": [
                -8.0,
                30.7,
                -6.0
              ],
              "size": [
                16.0,
                6.0,
                2.0
              ],
              "uv": [
                58,
                11
              ],
              "inflate": 0
            }
          ],
          "parent": "Head"
        },
        {
          "name": "Eyeball",
          "pivot": [
            -4,
            39.7,
            -5
          ],
          "cubes": [
            {
              "origin": [
                -7.0,
                36.7,
                -6.0
              ],
              "size": [
                6.0,
                6.0,
                1.0
              ],
              "uv": [
                84,
                81
              ],
              "inflate": 0
            }
          ],
          "parent": "Head"
        },
        {
          "name": "bone32",
          "pivot": [
            -4,
            39.7,
            -5
          ],
          "cubes": [
            {
              "origin": [
                -7.0,
                36.7,
                -6.5
              ],
              "size": [
                6.0,
                6.0,
                1.0
              ],
              "uv": [
                84,
                19
              ],
              "inflate": -0.3
            }
          ],
          "parent": "Eyeball"
        },
        {
          "name": "Eyeball2",
          "pivot": [
            4,
            39.7,
            -5
          ],
          "cubes": [
            {
              "origin": [
                1.0,
                36.7,
                -6.0
              ],
              "size": [
                6.0,
                6.0,
                1.0
              ],
              "uv": [
                83,
                74
              ],
              "inflate": 0
            }
          ],
          "parent": "Head"
        },
        {
          "name": "bone34",
          "pivot": [
            4,
            39.7,
            -5
          ],
          "cubes": [
            {
              "origin": [
                1.0,
                36.7,
                -6.5
              ],
              "size": [
                6.0,
                6.0,
                1.0
              ],
              "uv": [
                83,
                0
              ],
              "inflate": -0.3
            }
          ],
          "parent": "Eyeball2"
        },
        {
          "name": "Hait",
          "pivot": [
            -6,
            43.2,
            -1
          ],
          "cubes": [
            {
              "origin": [
                -8.0,
                43.2,
                -3.0
              ],
              "size": [
                4.0,
                4.0,
                4.0
              ],
              "uv": [
                48,
                65
              ],
              "inflate": 0
            }
          ],
          "parent": "Head"
        },
        {
          "name": "bone29",
          "pivot": [
            -6,
            47.2,
            -1
          ],
          "cubes": [
            {
              "origin": [
                -7.0,
                47.2,
                -2.0
              ],
              "size": [
                2.0,
                6.0,
                2.0
              ],
              "uv": [
                0,
                118
              ],
              "inflate": 0
            },
            {
              "origin": [
                -15.0,
                51.2,
                -2.0
              ],
              "size": [
                8.0,
                2.0,
                2.0
              ],
              "uv": [
                76,
                69
              ],
              "inflate": 0
            },
            {
              "origin": [
                -15.0,
                41.2,
                -2.0
              ],
              "size": [
                2.0,
                10.0,
                2.0
              ],
              "uv": [
                68,
                95
              ],
              "inflate": 0
            },
            {
              "origin": [
                -13.0,
                41.2,
                -2.0
              ],
              "size": [
                3.0,
                2.0,
                2.0
              ],
              "uv": [
                124,
                29
              ],
              "inflate": 0
            },
            {
              "origin": [
                -12.0,
                35.2,
                -2.0
              ],
              "size": [
                2.0,
                6.0,
                2.0
              ],
              "uv": [
                115,
                117
              ],
              "inflate": 0
            },
            {
              "origin": [
                -16.0,
                35.2,
                -2.0
              ],
              "size": [
                4.0,
                2.0,
                2.0
              ],
              "uv": [
                117,
                52
              ],
              "inflate": 0
            },
            {
              "origin": [
                -16.0,
                33.2,
                -2.0
              ],
              "size": [
                2.0,
                2.0,
                2.0
              ],
              "uv": [
                73,
                125
              ],
              "inflate": 0
            },
            {
              "origin": [
                -16.0,
                31.2,
                -2.0
              ],
              "size": [
                6.0,
                2.0,
                2.0
              ],
              "uv": [
                52,
                95
              ],
              "inflate": 0
            },
            {
              "origin": [
                -12.0,
                26.2,
                -2.0
              ],
              "size": [
                2.0,
                5.0,
                2.0
              ],
              "uv": [
                80,
                120
              ],
              "inflate": 0
            }
          ],
          "parent": "Hait"
        },
        {
          "name": "bone30",
          "pivot": [
            -6,
            47.2,
            -1
          ],
          "cubes": [
            {
              "origin": [
                -7.0,
                47.2,
                -2.0
              ],
              "size": [
                2.0,
                6.0,
                2.0
              ],
              "uv": [
                51,
                117
              ],
              "inflate": 0
            },
            {
              "origin": [
                -15.0,
                51.2,
                -2.0
              ],
              "size": [
                8.0,
                2.0,
                2.0
              ],
              "uv": [
                76,
                65
              ],
              "inflate": 0
            },
            {
              "origin": [
                -15.0,
                41.2,
                -2.0
              ],
              "size": [
                2.0,
                10.0,
                2.0
              ],
              "uv": [
                44,
                95
              ],
              "inflate": 0
            },
            {
              "origin": [
                -13.0,
                41.2,
                -2.0
              ],
              "size": [
                3.0,
                2.0,
                2.0
              ],
              "uv": [
                123,
                81
              ],
              "inflate": 0
            },
            {
              "origin": [
                -12.0,
                35.2,
                -2.0
              ],
              "size": [
                2.0,
                6.0,
                2.0
              ],
              "uv": [
                0,
                67
              ],
              "inflate": 0
            },
            {
              "origin": [
                -16.0,
                35.2,
                -2.0
              ],
              "size": [
                4.0,
                2.0,
                2.0
              ],
              "uv": [
                116,
                12
              ],
              "inflate": 0
            },
            {
              "origin": [
                -16.0,
                33.2,
                -2.0
              ],
              "size": [
                2.0,
                2.0,
                2.0
              ],
              "uv": [
                110,
                61
              ],
              "inflate": 0
            },
            {
              "origin": [
                -16.0,
                31.2,
                -2.0
              ],
              "size": [
                6.0,
                2.0,
                2.0
              ],
              "uv": [
                28,
                95
              ],
              "inflate": 0
            },
            {
              "origin": [
                -12.0,
                26.2,
                -2.0
              ],
              "size": [
                2.0,
                5.0,
                2.0
              ],
              "uv": [
                120,
                69
              ],
              "inflate": 0
            },
            {
              "origin": [
                -12.0,
                21.2,
                -2.0
              ],
              "size": [
                2.0,
                5.0,
                2.0
              ],
              "uv": [
                118,
                98
              ],
              "inflate": 0
            }
          ],
          "parent": "Hait",
          "rotation": [
            0,
            32.5,
            0
          ]
        },
        {
          "name": "bone31",
          "pivot": [
            -6,
            47.2,
            -1
          ],
          "cubes": [
            {
              "origin": [
                -7.0,
                47.2,
                -2.0
              ],
              "size": [
                2.0,
                6.0,
                2.0
              ],
              "uv": [
                0,
                25
              ],
              "inflate": 0
            },
            {
              "origin": [
                -15.0,
                51.2,
                -2.0
              ],
              "size": [
                8.0,
                2.0,
                2.0
              ],
              "uv": [
                76,
                43
              ],
              "inflate": 0
            },
            {
              "origin": [
                -15.0,
                48.2,
                -2.0
              ],
              "size": [
                2.0,
                3.0,
                2.0
              ],
              "uv": [
                125,
                4
              ],
              "inflate": 0
            },
            {
              "origin": [
                -13.0,
                48.2,
                -2.0
              ],
              "size": [
                3.0,
                2.0,
                2.0
              ],
              "uv": [
                122,
                76
              ],
              "inflate": 0
            },
            {
              "origin": [
                -12.0,
                42.2,
                -2.0
              ],
              "size": [
                2.0,
                6.0,
                2.0
              ],
              "uv": [
                0,
                0
              ],
              "inflate": 0
            },
            {
              "origin": [
                -16.0,
                42.2,
                -2.0
              ],
              "size": [
                4.0,
                2.0,
                2.0
              ],
              "uv": [
                83,
                7
              ],
              "inflate": 0
            },
            {
              "origin": [
                -16.0,
                40.2,
                -2.0
              ],
              "size": [
                2.0,
                2.0,
                2.0
              ],
              "uv": [
                108,
                50
              ],
              "inflate": 0
            },
            {
              "origin": [
                -16.0,
                38.2,
                -2.0
              ],
              "size": [
                6.0,
                2.0,
                2.0
              ],
              "uv": [
                94,
                12
              ],
              "inflate": 0
            },
            {
              "origin": [
                -12.0,
                35.2,
                -2.0
              ],
              "size": [
                2.0,
                3.0,
                2.0
              ],
              "uv": [
                124,
                95
              ],
              "inflate": 0
            },
            {
              "origin": [
                -16.0,
                35.2,
                -2.0
              ],
              "size": [
                4.0,
                2.0,
                2.0
              ],
              "uv": [
                12,
                78
              ],
              "inflate": 0
            },
            {
              "origin": [
                -16.0,
                33.2,
                -2.0
              ],
              "size": [
                2.0,
                2.0,
                2.0
              ],
              "uv": [
                102,
                58
              ],
              "inflate": 0
            },
            {
              "origin": [
                -16.0,
                31.2,
                -2.0
              ],
              "size": [
                6.0,
                2.0,
                2.0
              ],
              "uv": [
                14,
                93
              ],
              "inflate": 0
            },
            {
              "origin": [
                -12.0,
                26.2,
                -2.0
              ],
              "size": [
                2.0,
                5.0,
                2.0
              ],
              "uv": [
                72,
                118
              ],
              "inflate": 0
            },
            {
              "origin": [
                -16.0,
                24.2,
                -2.0
              ],
              "size": [
                6.0,
                2.0,
                2.0
              ],
              "uv": [
                88,
                61
              ],
              "inflate": 0
            }
          ],
          "parent": "Hait",
          "rotation": [
            0,
            -22.5,
            0
          ]
        },
        {
          "name": "Right_arm",
          "pivot": [
            -4,
            20,
            0
          ],
          "cubes": [
            {
              "origin": [
                -5.5,
                17.0,
                -1.5
              ],
              "size": [
                3.0,
                3.0,
                3.0
              ],
              "uv": [
                73,
                106
              ],
              "inflate": 0
            }
          ],
          "parent": "Body3",
          "rotation": [
            5.92994,
            49.74086,
            107.7508
          ]
        },
        {
          "name": "Right_arm2",
          "pivot": [
            -4,
            17,
            0
          ],
          "cubes": [
            {
              "origin": [
                -5.5,
                14.0,
                -1.5
              ],
              "size": [
                3.0,
                3.0,
                3.0
              ],
              "uv": [
                106,
                71
              ],
              "inflate": 0
            }
          ],
          "parent": "Right_arm"
        },
        {
          "name": "Right_arm3",
          "pivot": [
            -4,
            14,
            0
          ],
          "cubes": [
            {
              "origin": [
                -5.5,
                11.0,
                -1.5
              ],
              "size": [
                3.0,
                3.0,
                3.0
              ],
              "uv": [
                106,
                43
              ],
              "inflate": 0
            }
          ],
          "parent": "Right_arm2"
        },
        {
          "name": "Right_arm4",
          "pivot": [
            -4,
            11,
            0
          ],
          "cubes": [
            {
              "origin": [
                -5.5,
                8.0,
                -1.5
              ],
              "size": [
                3.0,
                3.0,
                3.0
              ],
              "uv": [
                106,
                36
              ],
              "inflate": 0
            }
          ],
          "parent": "Right_arm3"
        },
        {
          "name": "Right_arm5",
          "pivot": [
            -4,
            8,
            0
          ],
          "cubes": [
            {
              "origin": [
                -5.5,
                5.0,
                -1.5
              ],
              "size": [
                3.0,
                3.0,
                3.0
              ],
              "uv": [
                106,
                3
              ],
              "inflate": 0
            }
          ],
          "parent": "Right_arm4"
        },
        {
          "name": "Right_arm6",
          "pivot": [
            -4,
            5,
            0
          ],
          "cubes": [
            {
              "origin": [
                -5.5,
                2.0,
                -1.5
              ],
              "size": [
                3.0,
                3.0,
                3.0
              ],
              "uv": [
                0,
                106
              ],
              "inflate": 0
            }
          ],
          "parent": "Right_arm5",
          "rotation": [
            0,
            0,
            -12.5
          ]
        },
        {
          "name": "Right_arm7",
          "pivot": [
            -4,
            2,
            0
          ],
          "cubes": [
            {
              "origin": [
                -5.5,
                -1.0,
                -1.5
              ],
              "size": [
                3.0,
                3.0,
                3.0
              ],
              "uv": [
                97,
                105
              ],
              "inflate": 0
            }
          ],
          "parent": "Right_arm6"
        },
        {
          "name": "Right_arm8",
          "pivot": [
            -4,
            -1,
            0
          ],
          "cubes": [
            {
              "origin": [
                -5.5,
                -4.0,
                -1.5
              ],
              "size": [
                3.0,
                3.0,
                3.0
              ],
              "uv": [
                49,
                105
              ],
              "inflate": 0
            }
          ],
          "parent": "Right_arm7"
        },
        {
          "name": "Right_arm9",
          "pivot": [
            -4,
            -4,
            0
          ],
          "cubes": [
            {
              "origin": [
                -5.5,
                -7.0,
                -1.5
              ],
              "size": [
                3.0,
                3.0,
                3.0
              ],
              "uv": [
                105,
                28
              ],
              "inflate": 0
            }
          ],
          "parent": "Right_arm8",
          "rotation": [
            0,
            0,
            -32.5
          ]
        },
        {
          "name": "Right_arm10",
          "pivot": [
            -4,
            -7,
            0
          ],
          "cubes": [
            {
              "origin": [
                -5.5,
                -10.0,
                -1.5
              ],
              "size": [
                3.0,
                3.0,
                3.0
              ],
              "uv": [
                21,
                105
              ],
              "inflate": 0
            }
          ],
          "parent": "Right_arm9"
        },
        {
          "name": "Right_arm11",
          "pivot": [
            -4,
            -10,
            0
          ],
          "cubes": [
            {
              "origin": [
                -5.5,
                -13.0,
                -1.5
              ],
              "size": [
                3.0,
                3.0,
                3.0
              ],
              "uv": [
                104,
                88
              ],
              "inflate": 0
            }
          ],
          "parent": "Right_arm10"
        },
        {
          "name": "Right_arm12",
          "pivot": [
            -4,
            -13,
            0
          ],
          "cubes": [
            {
              "origin": [
                -5.5,
                -16.0,
                -1.5
              ],
              "size": [
                3.0,
                3.0,
                3.0
              ],
              "uv": [
                104,
                80
              ],
              "inflate": 0
            }
          ],
          "parent": "Right_arm11",
          "rotation": [
            0,
            0,
            -32.5
          ]
        },
        {
          "name": "Right_arm13",
          "pivot": [
            -4,
            -16,
            0
          ],
          "cubes": [
            {
              "origin": [
                -5.5,
                -19.0,
                -1.5
              ],
              "size": [
                3.0,
                3.0,
                3.0
              ],
              "uv": [
                9,
                103
              ],
              "inflate": 0
            }
          ],
          "parent": "Right_arm12"
        },
        {
          "name": "Right_arm14",
          "pivot": [
            -4,
            -19,
            0
          ],
          "cubes": [
            {
              "origin": [
                -5.5,
                -22.0,
                -1.5
              ],
              "size": [
                3.0,
                3.0,
                3.0
              ],
              "uv": [
                88,
                102
              ],
              "inflate": 0
            }
          ],
          "parent": "Right_arm13"
        },
        {
          "name": "Right_arm15",
          "pivot": [
            -4,
            -22,
            0
          ],
          "cubes": [
            {
              "origin": [
                -5.5,
                -25.0,
                -1.5
              ],
              "size": [
                3.0,
                3.0,
                3.0
              ],
              "uv": [
                32,
                102
              ],
              "inflate": 0
            }
          ],
          "parent": "Right_arm14"
        },
        {
          "name": "Right_arm16",
          "pivot": [
            -4,
            -25,
            0
          ],
          "cubes": [
            {
              "origin": [
                -5.5,
                -28.0,
                -1.5
              ],
              "size": [
                3.0,
                3.0,
                3.0
              ],
              "uv": [
                101,
                62
              ],
              "inflate": 0
            }
          ],
          "parent": "Right_arm15"
        },
        {
          "name": "dnaH",
          "pivot": [
            -4,
            -28,
            0
          ],
          "cubes": [
            {
              "origin": [
                -7.0,
                -30.0,
                -4.0
              ],
              "size": [
                6.0,
                2.0,
                8.0
              ],
              "uv": [
                56,
                65
              ],
              "inflate": 0
            },
            {
              "origin": [
                -6.0,
                -37.0,
                -3.0
              ],
              "size": [
                4.0,
                7.0,
                6.0
              ],
              "uv": [
                64,
                75
              ],
              "inflate": 0
            }
          ],
          "parent": "Right_arm16",
          "rotation": [
            -89.96195,
            -4.56601,
            69.98736
          ]
        },
        {
          "name": "bone5",
          "pivot": [
            -5,
            -37,
            -2
          ],
          "cubes": [
            {
              "origin": [
                -6.0,
                -41.0,
                -3.0
              ],
              "size": [
                2.0,
                4.0,
                2.0
              ],
              "uv": [
                65,
                125
              ],
              "inflate": 0
            }
          ],
          "parent": "dnaH",
          "rotation": [
            -2.41871,
            -0.60572,
            0.19489
          ]
        },
        {
          "name": "bone6",
          "pivot": [
            -5,
            -41,
            -2
          ],
          "cubes": [
            {
              "origin": [
                -6.0,
                -45.0,
                -3.0
              ],
              "size": [
                2.0,
                4.0,
                2.0
              ],
              "uv": [
                47,
                125
              ],
              "inflate": 0
            }
          ],
          "parent": "bone5",
          "rotation": [
            0,
            0,
            -17.5
          ]
        },
        {
          "name": "bone11",
          "pivot": [
            -3,
            -34,
            -1
          ],
          "cubes": [
            {
              "origin": [
                -4.0,
                -38.0,
                -3.0
              ],
              "size": [
                2.0,
                4.0,
                2.0
              ],
              "uv": [
                125,
                43
              ],
              "inflate": 0
            }
          ],
          "parent": "dnaH",
          "rotation": [
            -30,
            0,
            -10
          ]
        },
        {
          "name": "bone12",
          "pivot": [
            -3,
            -38,
            -2
          ],
          "cubes": [
            {
              "origin": [
                -4.0,
                -42.0,
                -3.0
              ],
              "size": [
                2.0,
                4.0,
                2.0
              ],
              "uv": [
                125,
                35
              ],
              "inflate": 0
            }
          ],
          "parent": "bone11",
          "rotation": [
            25,
            0,
            0
          ]
        },
        {
          "name": "bone7",
          "pivot": [
            -5,
            -37,
            0
          ],
          "cubes": [
            {
              "origin": [
                -6.0,
                -41.0,
                -1.0
              ],
              "size": [
                2.0,
                4.0,
                2.0
              ],
              "uv": [
                24,
                125
              ],
              "inflate": 0
            }
          ],
          "parent": "dnaH"
        },
        {
          "name": "bone8",
          "pivot": [
            -5,
            -41,
            0
          ],
          "cubes": [
            {
              "origin": [
                -6.0,
                -45.0,
                -1.0
              ],
              "size": [
                2.0,
                4.0,
                2.0
              ],
              "uv": [
                109,
                124
              ],
              "inflate": 0
            }
          ],
          "parent": "bone7",
          "rotation": [
            0,
            0,
            -20
          ]
        },
        {
          "name": "bone9",
          "pivot": [
            -5,
            -37,
            2
          ],
          "cubes": [
            {
              "origin": [
                -6.0,
                -41.0,
                1.0
              ],
              "size": [
                2.0,
                4.0,
                2.0
              ],
              "uv": [
                96,
                124
              ],
              "inflate": 0
            }
          ],
          "parent": "dnaH",
          "rotation": [
            2.41678,
            0.6134,
            -0.16916
          ]
        },
        {
          "name": "bone10",
          "pivot": [
            -5,
            -41,
            2
          ],
          "cubes": [
            {
              "origin": [
                -6.0,
                -45.0,
                1.0
              ],
              "size": [
                2.0,
                4.0,
                2.0
              ],
              "uv": [
                121,
                123
              ],
              "inflate": 0
            }
          ],
          "parent": "bone9",
          "rotation": [
            0,
            0,
            -22.5
          ]
        },
        {
          "name": "bone13",
          "pivot": [
            -3,
            -34,
            1
          ],
          "cubes": [
            {
              "origin": [
                -4.0,
                -38.0,
                1.0
              ],
              "size": [
                2.0,
                4.0,
                2.0
              ],
              "uv": [
                123,
                117
              ],
              "inflate": 0
            }
          ],
          "parent": "dnaH",
          "rotation": [
            30,
            0,
            -10
          ]
        },
        {
          "name": "bone14",
          "pivot": [
            -3,
            -38,
            2
          ],
          "cubes": [
            {
              "origin": [
                -4.0,
                -42.0,
                1.0
              ],
              "size": [
                2.0,
                4.0,
                2.0
              ],
              "uv": [
                88,
                123
              ],
              "inflate": 0
            }
          ],
          "parent": "bone13",
          "rotation": [
            -25,
            0,
            0
          ]
        },
        {
          "name": "Left_arm",
          "pivot": [
            4,
            20,
            0
          ],
          "cubes": [
            {
              "origin": [
                2.5,
                17.0,
                -1.5
              ],
              "size": [
                3.0,
                3.0,
                3.0
              ],
              "uv": [
                101,
                22
              ],
              "inflate": 0
            }
          ],
          "parent": "Body3",
          "rotation": [
            18.16791,
            -44.68059,
            -125.01852
          ]
        },
        {
          "name": "Left_arm2",
          "pivot": [
            4,
            17,
            0
          ],
          "cubes": [
            {
              "origin": [
                2.5,
                14.0,
                -1.5
              ],
              "size": [
                3.0,
                3.0,
                3.0
              ],
              "uv": [
                76,
                100
              ],
              "inflate": 0
            }
          ],
          "parent": "Left_arm"
        },
        {
          "name": "Left_arm3",
          "pivot": [
            4,
            14,
            0
          ],
          "cubes": [
            {
              "origin": [
                2.5,
                11.0,
                -1.5
              ],
              "size": [
                3.0,
                3.0,
                3.0
              ],
              "uv": [
                0,
                100
              ],
              "inflate": 0
            }
          ],
          "parent": "Left_arm2"
        },
        {
          "name": "Left_arm4",
          "pivot": [
            4,
            11,
            0
          ],
          "cubes": [
            {
              "origin": [
                2.5,
                8.0,
                -1.5
              ],
              "size": [
                3.0,
                3.0,
                3.0
              ],
              "uv": [
                99,
                99
              ],
              "inflate": 0
            }
          ],
          "parent": "Left_arm3"
        },
        {
          "name": "Left_arm5",
          "pivot": [
            4,
            8,
            0
          ],
          "cubes": [
            {
              "origin": [
                2.5,
                5.0,
                -1.5
              ],
              "size": [
                3.0,
                3.0,
                3.0
              ],
              "uv": [
                52,
                99
              ],
              "inflate": 0
            }
          ],
          "parent": "Left_arm4"
        },
        {
          "name": "Left_arm6",
          "pivot": [
            4,
            5,
            0
          ],
          "cubes": [
            {
              "origin": [
                2.5,
                2.0,
                -1.5
              ],
              "size": [
                3.0,
                3.0,
                3.0
              ],
              "uv": [
                99,
                51
              ],
              "inflate": 0
            }
          ],
          "parent": "Left_arm5",
          "rotation": [
            0,
            0,
            30
          ]
        },
        {
          "name": "Left_arm7",
          "pivot": [
            4,
            2,
            0
          ],
          "cubes": [
            {
              "origin": [
                2.5,
                -1.0,
                -1.5
              ],
              "size": [
                3.0,
                3.0,
                3.0
              ],
              "uv": [
                23,
                99
              ],
              "inflate": 0
            }
          ],
          "parent": "Left_arm6"
        },
        {
          "name": "Left_arm8",
          "pivot": [
            4,
            -1,
            0
          ],
          "cubes": [
            {
              "origin": [
                2.5,
                -4.0,
                -1.5
              ],
              "size": [
                3.0,
                3.0,
                3.0
              ],
              "uv": [
                98,
                16
              ],
              "inflate": 0
            }
          ],
          "parent": "Left_arm7"
        },
        {
          "name": "Left_arm9",
          "pivot": [
            4,
            -4,
            0
          ],
          "cubes": [
            {
              "origin": [
                2.5,
                -7.0,
                -1.5
              ],
              "size": [
                3.0,
                3.0,
                3.0
              ],
              "uv": [
                97,
                74
              ],
              "inflate": 0
            }
          ],
          "parent": "Left_arm8",
          "rotation": [
            0,
            0,
            32.5
          ]
        },
        {
          "name": "Left_arm10",
          "pivot": [
            4,
            -7,
            0
          ],
          "cubes": [
            {
              "origin": [
                2.5,
                -10.0,
                -1.5
              ],
              "size": [
                3.0,
                3.0,
                3.0
              ],
              "uv": [
                97,
                40
              ],
              "inflate": 0
            }
          ],
          "parent": "Left_arm9"
        },
        {
          "name": "Left_arm11",
          "pivot": [
            4,
            -10,
            0
          ],
          "cubes": [
            {
              "origin": [
                2.5,
                -13.0,
                -1.5
              ],
              "size": [
                3.0,
                3.0,
                3.0
              ],
              "uv": [
                11,
                97
              ],
              "inflate": 0
            }
          ],
          "parent": "Left_arm10"
        },
        {
          "name": "Left_arm12",
          "pivot": [
            4,
            -13,
            0
          ],
          "cubes": [
            {
              "origin": [
                2.5,
                -16.0,
                -1.5
              ],
              "size": [
                3.0,
                3.0,
                3.0
              ],
              "uv": [
                97,
                0
              ],
              "inflate": 0
            }
          ],
          "parent": "Left_arm11",
          "rotation": [
            0,
            0,
            35
          ]
        },
        {
          "name": "Left_arm13",
          "pivot": [
            4,
            -16,
            0
          ],
          "cubes": [
            {
              "origin": [
                2.5,
                -19.0,
                -1.5
              ],
              "size": [
                3.0,
                3.0,
                3.0
              ],
              "uv": [
                90,
                96
              ],
              "inflate": 0
            }
          ],
          "parent": "Left_arm12"
        },
        {
          "name": "Left_arm14",
          "pivot": [
            4,
            -19,
            0
          ],
          "cubes": [
            {
              "origin": [
                2.5,
                -22.0,
                -1.5
              ],
              "size": [
                3.0,
                3.0,
                3.0
              ],
              "uv": [
                96,
                33
              ],
              "inflate": 0
            }
          ],
          "parent": "Left_arm13"
        },
        {
          "name": "Left_arm15",
          "pivot": [
            4,
            -22,
            0
          ],
          "cubes": [
            {
              "origin": [
                2.5,
                -25.0,
                -1.5
              ],
              "size": [
                3.0,
                3.0,
                3.0
              ],
              "uv": [
                95,
                85
              ],
              "inflate": 0
            }
          ],
          "parent": "Left_arm14"
        },
        {
          "name": "Left_arm16",
          "pivot": [
            4,
            -25,
            0
          ],
          "cubes": [
            {
              "origin": [
                2.5,
                -28.0,
                -1.5
              ],
              "size": [
                3.0,
                3.0,
                3.0
              ],
              "uv": [
                58,
                75
              ],
              "inflate": 0
            }
          ],
          "parent": "Left_arm15"
        },
        {
          "name": "dnaH2",
          "pivot": [
            4,
            -28,
            0
          ],
          "cubes": [
            {
              "origin": [
                1.0,
                -30.0,
                -4.0
              ],
              "size": [
                6.0,
                2.0,
                8.0
              ],
              "uv": [
                28,
                65
              ],
              "inflate": 0
            },
            {
              "origin": [
                2.0,
                -37.0,
                -3.0
              ],
              "size": [
                4.0,
                7.0,
                6.0
              ],
              "uv": [
                44,
                75
              ],
              "inflate": 0
            }
          ],
          "parent": "Left_arm16",
          "rotation": [
            -82.52424,
            5.93398,
            -71.78674
          ]
        },
        {
          "name": "bone15",
          "pivot": [
            5,
            -37,
            -2
          ],
          "cubes": [
            {
              "origin": [
                4.0,
                -41.0,
                -3.0
              ],
              "size": [
                2.0,
                4.0,
                2.0
              ],
              "uv": [
                39,
                123
              ],
              "inflate": 0
            }
          ],
          "parent": "dnaH2",
          "rotation": [
            -2.50238,
            2.49762,
            -0.10912
          ]
        },
        {
          "name": "bone16",
          "pivot": [
            5,
            -41,
            -2
          ],
          "cubes": [
            {
              "origin": [
                4.0,
                -45.0,
                -3.0
              ],
              "size": [
                2.0,
                4.0,
                2.0
              ],
              "uv": [
                123,
                22
              ],
              "inflate": 0
            }
          ],
          "parent": "bone15",
          "rotation": [
            0,
            0,
            17.5
          ]
        },
        {
          "name": "bone17",
          "pivot": [
            3,
            -34,
            -1
          ],
          "cubes": [
            {
              "origin": [
                2.0,
                -38.0,
                -3.0
              ],
              "size": [
                2.0,
                4.0,
                2.0
              ],
              "uv": [
                16,
                123
              ],
              "inflate": 0
            }
          ],
          "parent": "dnaH2",
          "rotation": [
            -30,
            0,
            10
          ]
        },
        {
          "name": "bone18",
          "pivot": [
            3,
            -38,
            -2
          ],
          "cubes": [
            {
              "origin": [
                2.0,
                -42.0,
                -3.0
              ],
              "size": [
                2.0,
                4.0,
                2.0
              ],
              "uv": [
                122,
                63
              ],
              "inflate": 0
            }
          ],
          "parent": "bone17",
          "rotation": [
            25,
            0,
            0
          ]
        },
        {
          "name": "bone19",
          "pivot": [
            5,
            -37,
            0
          ],
          "cubes": [
            {
              "origin": [
                4.0,
                -41.0,
                -1.0
              ],
              "size": [
                2.0,
                4.0,
                2.0
              ],
              "uv": [
                59,
                121
              ],
              "inflate": 0
            }
          ],
          "parent": "dnaH2"
        },
        {
          "name": "bone20",
          "pivot": [
            5,
            -41,
            0
          ],
          "cubes": [
            {
              "origin": [
                4.0,
                -45.0,
                -1.0
              ],
              "size": [
                2.0,
                4.0,
                2.0
              ],
              "uv": [
                31,
                121
              ],
              "inflate": 0
            }
          ],
          "parent": "bone19",
          "rotation": [
            0,
            0,
            20
          ]
        },
        {
          "name": "bone21",
          "pivot": [
            5,
            -37,
            2
          ],
          "cubes": [
            {
              "origin": [
                4.0,
                -41.0,
                1.0
              ],
              "size": [
                2.0,
                4.0,
                2.0
              ],
              "uv": [
                8,
                121
              ],
              "inflate": 0
            }
          ],
          "parent": "dnaH2",
          "rotation": [
            2.50238,
            -2.49762,
            -0.10912
          ]
        },
        {
          "name": "bone22",
          "pivot": [
            5,
            -41,
            2
          ],
          "cubes": [
            {
              "origin": [
                4.0,
                -45.0,
                1.0
              ],
              "size": [
                2.0,
                4.0,
                2.0
              ],
              "uv": [
                120,
                105
              ],
              "inflate": 0
            }
          ],
          "parent": "bone21",
          "rotation": [
            0,
            0,
            22.5
          ]
        },
        {
          "name": "bone23",
          "pivot": [
            3,
            -34,
            2
          ],
          "cubes": [
            {
              "origin": [
                2.0,
                -38.0,
                1.0
              ],
              "size": [
                2.0,
                4.0,
                2.0
              ],
              "uv": [
                103,
                120
              ],
              "inflate": 0
            }
          ],
          "parent": "dnaH2",
          "rotation": [
            30,
            0,
            10
          ]
        },
        {
          "name": "bone24",
          "pivot": [
            3,
            -38,
            2
          ],
          "cubes": [
            {
              "origin": [
                2.0,
                -42.0,
                1.0
              ],
              "size": [
                2.0,
                4.0,
                2.0
              ],
              "uv": [
                119,
                16
              ],
              "inflate": 0
            }
          ],
          "parent": "bone23",
          "rotation": [
            -25,
            0,
            0
          ]
        }
      ]
    }
  ]
}