{
  "format_version": "1.13.0",
  "minecraft:entity": {
    "description": {
      "identifier": "onepiece_addon:room_large_entity",
      "is_spawnable": false,
      "is_summonable": true,
      "is_experimental": false,
      "scripts": {
        "animate": ["room_entity"]
      },
      "animations": {
        "room_entity":"controller.animation.room_large_entity"
      }
    },
    "component_groups": {
      "onepiece_addon:despawn":{
        "minecraft:transformation": {
          "into": "onepiece_addon:despawn"
        }
      },
      "onepiece_addon:room_large_kill":{
        "minecraft:transformation": {
          "into": "onepiece_addon:room_dead"
        }
      }
    },

    "components": {
      "minecraft:damage_sensor": {
        "triggers": {
            "on_damage": {"filters": {}},
            "deals_damage": false
        }
      },
      "minecraft:fire_immune": {
      },
      "minecraft:type_family": {
        "family": ["room"]
      },
      "minecraft:target_nearby_sensor":{
        "outside_range":64.0,
        "on_outside_range":{
          "event":"onepiece_addon:room_large_event1",
          "target":"self"
        }
      },
      "minecraft:behavior.nearest_attackable_target": {
        "priority": 1,
        "must_see": false,
        "entity_types": [
          {
            "filters": {
              "test": "has_tag",
              "subject": "other",
              "value": "opeope"
            },
            "max_dist": 100
          }
        ]
      },
      "minecraft:scale":{
        "value":6.4
      },
      "minecraft:collision_box": {
        "width":0,
        "height":0
      },
      "minecraft:environment_sensor":{
        "triggers":[
          {
            "filters":{
              "test":"has_tag",
              "subject":"self",
              "operator":"==",
              "value":"kill"
            },
            "event":"onepiece_addon:be_despawn"
          }
        ]   
      },
      "minecraft:physics": {
      },
      "minecraft:pushable": {
        "is_pushable": false,
        "is_pushable_by_piston": false
      },
      "minecraft:conditional_bandwidth_optimization": {
        "default_values": {
          "max_optimized_distance": 80.0,
          "max_dropped_ticks": 10,
          "use_motion_prediction_hints": true
        }
      }
    },

    "events": {
      "onepiece_addon:be_despawn":{
        "add":{
          "component_groups":[
            "onepiece_addon:despawn"
          ]
        }
      },
      "onepiece_addon:room_large_event1":{
        "add": {
          "component_groups": [
            "onepiece_addon:room_large_kill"
          ]
        }
      }
    }

  }
}