{
  "format_version": "1.12.0",
  "minecraft:geometry": [
    {
      "description": {
        "identifier": "geometry.br_bone_thives",
        "texture_width": 256,
        "texture_height": 256,
        "visible_bounds_width": 9,
        "visible_bounds_height": 4.5,
        "visible_bounds_offset": [
          0,
          1.75,
          0
        ]
      },
      "bones": [
        {
          "name": "Head",
          "pivot": [
            0,
            20,
            0
          ],
          "cubes": [
            {
              "origin": [
                -8.0,
                9.0,
                -6.0
              ],
              "size": [
                16.0,
                21.0,
                8.0
              ],
              "uv": [
                0,
                83
              ],
              "inflate": 0
            },
            {
              "origin": [
                -8.0,
                11.0,
                -13.0
              ],
              "size": [
                3.0,
                22.0,
                7.0
              ],
              "uv": [
                41,
                105
              ],
              "inflate": 0
            },
            {
              "origin": [
                5.0,
                11.0,
                -13.0
              ],
              "size": [
                3.0,
                22.0,
                7.0
              ],
              "uv": [
                101,
                102
              ],
              "inflate": 0
            },
            {
              "origin": [
                8.0,
                8.0,
                -6.0
              ],
              "size": [
                0.0,
                22.0,
                4.0
              ],
              "pivot": [
                8.0,
                30.0,
                -4.0
              ],
              "rotation": [
                0.0,
                0.0,
                -7.5
              ],
              "uv": [
                8,
                0
              ],
              "inflate": 0
            },
            {
              "origin": [
                -8.0,
                8.0,
                -6.0
              ],
              "size": [
                0.0,
                22.0,
                4.0
              ],
              "pivot": [
                -8.0,
                30.0,
                -4.0
              ],
              "rotation": [
                0.0,
                0.0,
                5.0
              ],
              "uv": [
                0,
                0
              ],
              "inflate": 0
            },
            {
              "origin": [
                -8.0,
                25.43595,
                -6.33837
              ],
              "size": [
                16.0,
                22.0,
                8.0
              ],
              "pivot": [
                0.0,
                28.0,
                -3.0
              ],
              "rotation": [
                55.0,
                0.0,
                0.0
              ],
              "uv": [
                60,
                79
              ],
              "inflate": 0
            },
            {
              "origin": [
                -8.0,
                9.3021,
                -8.27921
              ],
              "size": [
                16.0,
                22.0,
                8.0
              ],
              "pivot": [
                0.0,
                13.0,
                -3.0
              ],
              "rotation": [
                107.5,
                0.0,
                0.0
              ],
              "uv": [
                68,
                49
              ],
              "inflate": 0
            }
          ]
        },
        {
          "name": "Body",
          "pivot": [
            0,
            14,
            1
          ],
          "cubes": [
            {
              "origin": [
                -10.0,
                0.0,
                1.0
              ],
              "size": [
                20.0,
                23.0,
                26.0
              ],
              "uv": [
                0,
                0
              ],
              "inflate": 0
            },
            {
              "origin": [
                -10.0,
                0.0,
                27.0
              ],
              "size": [
                20.0,
                20.0,
                14.0
              ],
              "uv": [
                0,
                49
              ],
              "inflate": 0
            }
          ]
        },
        {
          "name": "Arm",
          "pivot": [
            -10,
            14,
            8
          ],
          "cubes": [
            {
              "origin": [
                -23.0,
                9.0,
                4.0
              ],
              "size": [
                13.0,
                8.0,
                8.0
              ],
              "pivot": [
                -10.0,
                13.0,
                8.0
              ],
              "rotation": [
                0.0,
                0.0,
                -15.0
              ],
              "uv": [
                92,
                17
              ],
              "inflate": 0
            },
            {
              "origin": [
                -37.66651,
                6.53313,
                5.0
              ],
              "size": [
                15.0,
                6.0,
                6.0
              ],
              "pivot": [
                -23.0,
                10.0,
                8.0
              ],
              "rotation": [
                46.71178,
                -54.85684,
                -59.44419
              ],
              "uv": [
                92,
                33
              ],
              "inflate": 0
            },
            {
              "origin": [
                -32.0,
                0.0,
                -14.0
              ],
              "size": [
                10.0,
                5.0,
                12.0
              ],
              "uv": [
                66,
                0
              ],
              "inflate": 0
            }
          ]
        },
        {
          "name": "Arm2",
          "pivot": [
            7,
            14,
            35
          ],
          "cubes": [
            {
              "origin": [
                -6.0,
                9.0,
                31.0
              ],
              "size": [
                13.0,
                8.0,
                8.0
              ],
              "pivot": [
                7.0,
                13.0,
                35.0
              ],
              "rotation": [
                0.0,
                0.0,
                -15.0
              ],
              "uv": [
                92,
                17
              ],
              "inflate": 0
            },
            {
              "origin": [
                -20.66651,
                6.53313,
                32.0
              ],
              "size": [
                15.0,
                6.0,
                6.0
              ],
              "pivot": [
                -6.0,
                10.0,
                35.0
              ],
              "rotation": [
                46.71178,
                -54.85684,
                -59.44419
              ],
              "uv": [
                92,
                33
              ],
              "inflate": 0
            },
            {
              "origin": [
                -15.0,
                0.0,
                13.0
              ],
              "size": [
                10.0,
                5.0,
                12.0
              ],
              "uv": [
                66,
                0
              ],
              "inflate": 0
            }
          ],
          "rotation": [
            -180,
            0,
            180
          ]
        },
        {
          "name": "Arm3",
          "pivot": [
            7,
            14,
            8
          ],
          "cubes": [
            {
              "origin": [
                -6.0,
                9.0,
                4.0
              ],
              "size": [
                13.0,
                8.0,
                8.0
              ],
              "pivot": [
                7.0,
                13.0,
                8.0
              ],
              "rotation": [
                0.0,
                0.0,
                27.5
              ],
              "uv": [
                92,
                17
              ],
              "inflate": 0
            },
            {
              "origin": [
                -21.72418,
                15.09473,
                6.83086
              ],
              "size": [
                15.0,
                6.0,
                6.0
              ],
              "pivot": [
                -6.0,
                19.0,
                11.0
              ],
              "rotation": [
                -55.72131,
                -55.45215,
                55.68834
              ],
              "uv": [
                92,
                33
              ],
              "inflate": 0
            },
            {
              "origin": [
                -15.0,
                23.0,
                -14.0
              ],
              "size": [
                10.0,
                5.0,
                12.0
              ],
              "uv": [
                66,
                0
              ],
              "inflate": 0
            }
          ],
          "rotation": [
            0,
            0,
            180
          ]
        },
        {
          "name": "Arm4",
          "pivot": [
            -9,
            14,
            35
          ],
          "cubes": [
            {
              "origin": [
                -22.0,
                9.0,
                31.0
              ],
              "size": [
                13.0,
                8.0,
                8.0
              ],
              "pivot": [
                -9.0,
                13.0,
                35.0
              ],
              "rotation": [
                0.0,
                0.0,
                27.5
              ],
              "uv": [
                92,
                17
              ],
              "inflate": 0
            },
            {
              "origin": [
                -37.72418,
                15.09473,
                33.83086
              ],
              "size": [
                15.0,
                6.0,
                6.0
              ],
              "pivot": [
                -22.0,
                19.0,
                38.0
              ],
              "rotation": [
                -55.72131,
                -55.45215,
                55.68834
              ],
              "uv": [
                92,
                33
              ],
              "inflate": 0
            },
            {
              "origin": [
                -31.0,
                23.0,
                13.0
              ],
              "size": [
                10.0,
                5.0,
                12.0
              ],
              "uv": [
                66,
                0
              ],
              "inflate": 0
            }
          ],
          "rotation": [
            -180,
            0,
            0
          ]
        }
      ]
    }
  ]
}