{
  "format_version": "1.12.0",
  "minecraft:geometry": [
    {
      "description": {
        "identifier": "geometry.br_clumps",
        "texture_width": 128,
        "texture_height": 128,
        "visible_bounds_width": 5,
        "visible_bounds_height": 3.5,
        "visible_bounds_offset": [
          0,
          1.25,
          0
        ]
      },
      "bones": [
        {
          "name": "Arm",
          "pivot": [
            -4,
            1,
            1
          ],
          "cubes": [
            {
              "origin": [
                -6.0,
                0.0,
                -1.0
              ],
              "size": [
                4.0,
                16.0,
                4.0
              ],
              "uv": [
                76,
                92
              ],
              "inflate": 0
            }
          ]
        },
        {
          "name": "Joint",
          "pivot": [
            -4,
            16,
            1
          ],
          "cubes": [
            {
              "origin": [
                -6.0,
                16.0,
                -1.0
              ],
              "size": [
                4.0,
                11.0,
                4.0
              ],
              "pivot": [
                -4.0,
                16.0,
                1.0
              ],
              "rotation": [
                0.0,
                0.0,
                -27.5
              ],
              "uv": [
                76,
                112
              ],
              "inflate": 0
            },
            {
              "origin": [
                -9.06944,
                25.2829,
                -1.0
              ],
              "size": [
                2.0,
                6.0,
                4.0
              ],
              "pivot": [
                -8.0,
                26.0,
                1.0
              ],
              "rotation": [
                0.0,
                0.0,
                -82.5
              ],
              "uv": [
                116,
                118
              ],
              "inflate": 0
            }
          ],
          "parent": "Arm"
        },
        {
          "name": "Arm2",
          "pivot": [
            4,
            1,
            1
          ],
          "cubes": [
            {
              "origin": [
                2.0,
                0.0,
                -1.0
              ],
              "size": [
                4.0,
                16.0,
                4.0
              ],
              "uv": [
                52,
                93
              ],
              "inflate": 0
            }
          ],
          "rotation": [
            -180,
            0,
            180
          ]
        },
        {
          "name": "Joint2",
          "pivot": [
            4,
            16,
            1
          ],
          "cubes": [
            {
              "origin": [
                2.0,
                16.0,
                -1.0
              ],
              "size": [
                4.0,
                11.0,
                4.0
              ],
              "pivot": [
                4.0,
                16.0,
                1.0
              ],
              "rotation": [
                0.0,
                0.0,
                -27.5
              ],
              "uv": [
                52,
                113
              ],
              "inflate": 0
            },
            {
              "origin": [
                -1.06944,
                25.2829,
                -1.0
              ],
              "size": [
                2.0,
                6.0,
                4.0
              ],
              "pivot": [
                0.0,
                26.0,
                1.0
              ],
              "rotation": [
                0.0,
                0.0,
                -82.5
              ],
              "uv": [
                116,
                118
              ],
              "inflate": 0
            }
          ],
          "parent": "Arm2"
        },
        {
          "name": "Arm3",
          "pivot": [
            9,
            1,
            1
          ],
          "cubes": [
            {
              "origin": [
                7.0,
                0.0,
                -1.0
              ],
              "size": [
                4.0,
                16.0,
                4.0
              ],
              "uv": [
                84,
                78
              ],
              "inflate": 0
            }
          ],
          "rotation": [
            -180,
            0,
            -157.5
          ]
        },
        {
          "name": "Joint3",
          "pivot": [
            9,
            16,
            1
          ],
          "cubes": [
            {
              "origin": [
                7.0,
                16.0,
                -1.0
              ],
              "size": [
                4.0,
                11.0,
                4.0
              ],
              "pivot": [
                9.0,
                16.0,
                1.0
              ],
              "rotation": [
                0.0,
                0.0,
                -27.5
              ],
              "uv": [
                84,
                113
              ],
              "inflate": 0
            },
            {
              "origin": [
                3.93056,
                25.2829,
                -1.0
              ],
              "size": [
                2.0,
                6.0,
                4.0
              ],
              "pivot": [
                5.0,
                26.0,
                1.0
              ],
              "rotation": [
                0.0,
                0.0,
                -82.5
              ],
              "uv": [
                116,
                118
              ],
              "inflate": 0
            }
          ],
          "parent": "Arm3"
        },
        {
          "name": "Arm4",
          "pivot": [
            -9,
            1,
            1
          ],
          "cubes": [
            {
              "origin": [
                -11.0,
                0.0,
                -1.0
              ],
              "size": [
                4.0,
                16.0,
                4.0
              ],
              "uv": [
                84,
                68
              ],
              "inflate": 0
            }
          ],
          "rotation": [
            0,
            0,
            -22.5
          ]
        },
        {
          "name": "Joint4",
          "pivot": [
            -9,
            16,
            1
          ],
          "cubes": [
            {
              "origin": [
                -11.0,
                16.0,
                -1.0
              ],
              "size": [
                4.0,
                11.0,
                4.0
              ],
              "pivot": [
                -9.0,
                16.0,
                1.0
              ],
              "rotation": [
                0.0,
                0.0,
                -27.5
              ],
              "uv": [
                100,
                113
              ],
              "inflate": 0
            },
            {
              "origin": [
                -14.06944,
                25.2829,
                -1.0
              ],
              "size": [
                2.0,
                6.0,
                4.0
              ],
              "pivot": [
                -13.0,
                26.0,
                1.0
              ],
              "rotation": [
                0.0,
                0.0,
                -82.5
              ],
              "uv": [
                116,
                118
              ],
              "inflate": 0
            }
          ],
          "parent": "Arm4"
        },
        {
          "name": "Arm5",
          "pivot": [
            5,
            1,
            -3
          ],
          "cubes": [
            {
              "origin": [
                3.0,
                0.0,
                -5.0
              ],
              "size": [
                4.0,
                16.0,
                4.0
              ],
              "uv": [
                68,
                103
              ],
              "inflate": 0
            }
          ],
          "rotation": [
            143.79601,
            -51.7101,
            -136.99693
          ]
        },
        {
          "name": "Joint5",
          "pivot": [
            5,
            16,
            -3
          ],
          "cubes": [
            {
              "origin": [
                3.0,
                16.0,
                -5.0
              ],
              "size": [
                4.0,
                11.0,
                4.0
              ],
              "pivot": [
                5.0,
                16.0,
                -3.0
              ],
              "rotation": [
                0.0,
                0.0,
                -27.5
              ],
              "uv": [
                100,
                113
              ],
              "inflate": 0
            },
            {
              "origin": [
                -0.06944,
                25.2829,
                -5.0
              ],
              "size": [
                2.0,
                6.0,
                4.0
              ],
              "pivot": [
                1.0,
                26.0,
                -3.0
              ],
              "rotation": [
                0.0,
                0.0,
                -82.5
              ],
              "uv": [
                116,
                118
              ],
              "inflate": 0
            }
          ],
          "parent": "Arm5"
        },
        {
          "name": "Arm6",
          "pivot": [
            -5,
            1,
            -3
          ],
          "cubes": [
            {
              "origin": [
                -7.0,
                0.0,
                -5.0
              ],
              "size": [
                4.0,
                16.0,
                4.0
              ],
              "uv": [
                52,
                108
              ],
              "inflate": 0
            }
          ],
          "rotation": [
            24.12752,
            -51.50101,
            -29.69119
          ]
        },
        {
          "name": "Joint6",
          "pivot": [
            -5,
            16,
            -3
          ],
          "cubes": [
            {
              "origin": [
                -7.0,
                16.0,
                -5.0
              ],
              "size": [
                4.0,
                11.0,
                4.0
              ],
              "pivot": [
                -5.0,
                16.0,
                -3.0
              ],
              "rotation": [
                0.0,
                0.0,
                -27.5
              ],
              "uv": [
                100,
                103
              ],
              "inflate": 0
            },
            {
              "origin": [
                -10.06944,
                25.2829,
                -5.0
              ],
              "size": [
                2.0,
                6.0,
                4.0
              ],
              "pivot": [
                -9.0,
                26.0,
                -3.0
              ],
              "rotation": [
                0.0,
                0.0,
                -82.5
              ],
              "uv": [
                116,
                118
              ],
              "inflate": 0
            }
          ],
          "parent": "Arm6"
        },
        {
          "name": "Arm7",
          "pivot": [
            4,
            1,
            5
          ],
          "cubes": [
            {
              "origin": [
                2.0,
                0.0,
                3.0
              ],
              "size": [
                4.0,
                16.0,
                4.0
              ],
              "uv": [
                72,
                62
              ],
              "inflate": 0
            }
          ],
          "rotation": [
            -152.01566,
            40.21107,
            -132.2806
          ]
        },
        {
          "name": "Joint7",
          "pivot": [
            4,
            16,
            5
          ],
          "cubes": [
            {
              "origin": [
                2.0,
                16.0,
                3.0
              ],
              "size": [
                4.0,
                11.0,
                4.0
              ],
              "pivot": [
                4.0,
                16.0,
                5.0
              ],
              "rotation": [
                0.0,
                0.0,
                -27.5
              ],
              "uv": [
                104,
                62
              ],
              "inflate": 0
            },
            {
              "origin": [
                -1.06944,
                25.2829,
                3.0
              ],
              "size": [
                2.0,
                6.0,
                4.0
              ],
              "pivot": [
                0.0,
                26.0,
                5.0
              ],
              "rotation": [
                0.0,
                0.0,
                -82.5
              ],
              "uv": [
                116,
                118
              ],
              "inflate": 0
            }
          ],
          "parent": "Arm7"
        },
        {
          "name": "Arm8",
          "pivot": [
            -4,
            1,
            5
          ],
          "cubes": [
            {
              "origin": [
                -6.0,
                0.0,
                3.0
              ],
              "size": [
                4.0,
                16.0,
                4.0
              ],
              "uv": [
                68,
                58
              ],
              "inflate": 0
            }
          ],
          "rotation": [
            -49.46542,
            44.72566,
            -58.96205
          ]
        },
        {
          "name": "Joint8",
          "pivot": [
            -4,
            16,
            5
          ],
          "cubes": [
            {
              "origin": [
                -6.0,
                16.0,
                3.0
              ],
              "size": [
                4.0,
                11.0,
                4.0
              ],
              "pivot": [
                -4.0,
                16.0,
                5.0
              ],
              "rotation": [
                0.0,
                0.0,
                -27.5
              ],
              "uv": [
                100,
                98
              ],
              "inflate": 0
            },
            {
              "origin": [
                -9.06944,
                25.2829,
                3.0
              ],
              "size": [
                2.0,
                6.0,
                4.0
              ],
              "pivot": [
                -8.0,
                26.0,
                5.0
              ],
              "rotation": [
                0.0,
                0.0,
                -82.5
              ],
              "uv": [
                116,
                118
              ],
              "inflate": 0
            }
          ],
          "parent": "Arm8"
        }
      ]
    }
  ]
}