{
  "format_version": "1.12.0",
  "minecraft:geometry": [
    {
      "description": {
        "identifier": "geometry.br_deathmoths",
        "texture_width": 128,
        "texture_height": 128,
        "visible_bounds_width": 8,
        "visible_bounds_height": 4.5,
        "visible_bounds_offset": [
          0,
          1.75,
          0
        ]
      },
      "bones": [
        {
          "name": "Body",
          "pivot": [
            0,
            43,
            7
          ]
        },
        {
          "name": "Body2",
          "pivot": [
            0,
            42,
            7
          ],
          "cubes": [
            {
              "origin": [
                -6.0,
                39.0,
                -7.0
              ],
              "size": [
                10.0,
                8.0,
                14.0
              ],
              "uv": [
                38,
                50
              ],
              "inflate": 0
            },
            {
              "origin": [
                4.0,
                34.0,
                -7.0
              ],
              "size": [
                0.0,
                5.0,
                14.0
              ],
              "pivot": [
                4.0,
                39.0,
                0.0
              ],
              "rotation": [
                0.0,
                0.0,
                30.0
              ],
              "uv": [
                49,
                16
              ],
              "inflate": 0
            },
            {
              "origin": [
                -6.0,
                34.0,
                -7.0
              ],
              "size": [
                0.0,
                5.0,
                14.0
              ],
              "pivot": [
                -6.0,
                39.0,
                0.0
              ],
              "rotation": [
                0.0,
                0.0,
                -30.0
              ],
              "uv": [
                49,
                16
              ],
              "inflate": 0
            },
            {
              "origin": [
                -7.0,
                38.0,
                9.0
              ],
              "size": [
                12.0,
                11.0,
                14.0
              ],
              "uv": [
                0,
                36
              ],
              "inflate": 0
            },
            {
              "origin": [
                -6.0,
                39.0,
                7.0
              ],
              "size": [
                10.0,
                9.0,
                2.0
              ],
              "uv": [
                0,
                73
              ],
              "inflate": 0
            },
            {
              "origin": [
                -6.0,
                39.0,
                23.0
              ],
              "size": [
                10.0,
                9.0,
                2.0
              ],
              "uv": [
                72,
                72
              ],
              "inflate": 0
            }
          ],
          "parent": "Body"
        },
        {
          "name": "Head",
          "pivot": [
            0,
            41,
            -7
          ],
          "cubes": [
            {
              "origin": [
                -4.0,
                39.0,
                -14.0
              ],
              "size": [
                6.0,
                5.0,
                7.0
              ],
              "uv": [
                72,
                50
              ],
              "inflate": 0
            },
            {
              "origin": [
                2.0,
                41.0,
                -21.0
              ],
              "size": [
                0.0,
                3.0,
                7.0
              ],
              "pivot": [
                2.0,
                42.0,
                -14.0
              ],
              "rotation": [
                0.0,
                -57.5,
                0.0
              ],
              "uv": [
                0,
                3
              ],
              "inflate": 0
            },
            {
              "origin": [
                -3.7762,
                41.0,
                -19.93965
              ],
              "size": [
                0.0,
                3.0,
                7.0
              ],
              "pivot": [
                -4.0,
                42.0,
                -14.0
              ],
              "rotation": [
                0.0,
                57.5,
                0.0
              ],
              "uv": [
                0,
                3
              ],
              "inflate": 0
            }
          ],
          "parent": "Body"
        },
        {
          "name": "Wings",
          "pivot": [
            4,
            43,
            3
          ],
          "cubes": [
            {
              "origin": [
                4.0,
                43.0,
                -6.0
              ],
              "size": [
                16.0,
                1.0,
                17.0
              ],
              "uv": [
                0,
                18
              ],
              "inflate": 0
            }
          ],
          "parent": "Body"
        },
        {
          "name": "Wing",
          "pivot": [
            20,
            43,
            3
          ],
          "cubes": [
            {
              "origin": [
                20.0,
                43.0,
                -4.0
              ],
              "size": [
                16.0,
                1.0,
                13.0
              ],
              "uv": [
                49,
                0
              ],
              "inflate": 0
            }
          ],
          "parent": "Wings"
        },
        {
          "name": "Wing2",
          "pivot": [
            36,
            43,
            3
          ],
          "cubes": [
            {
              "origin": [
                36.0,
                43.0,
                -3.0
              ],
              "size": [
                11.0,
                1.0,
                11.0
              ],
              "uv": [
                0,
                61
              ],
              "inflate": 0
            }
          ],
          "parent": "Wing"
        },
        {
          "name": "Wings2",
          "pivot": [
            -6,
            43,
            2
          ],
          "cubes": [
            {
              "origin": [
                -6.0,
                43.0,
                -7.0
              ],
              "size": [
                16.0,
                1.0,
                17.0
              ],
              "uv": [
                0,
                0
              ],
              "inflate": 0
            }
          ],
          "parent": "Body",
          "rotation": [
            -180,
            0,
            180
          ]
        },
        {
          "name": "Wing3",
          "pivot": [
            10,
            43,
            2
          ],
          "cubes": [
            {
              "origin": [
                10.0,
                43.0,
                -5.0
              ],
              "size": [
                16.0,
                1.0,
                13.0
              ],
              "uv": [
                38,
                36
              ],
              "inflate": 0
            }
          ],
          "parent": "Wings2"
        },
        {
          "name": "Wing4",
          "pivot": [
            26,
            43,
            2
          ],
          "cubes": [
            {
              "origin": [
                26.0,
                43.0,
                -4.0
              ],
              "size": [
                11.0,
                1.0,
                11.0
              ],
              "uv": [
                49,
                18
              ],
              "inflate": 0
            }
          ],
          "parent": "Wing3"
        }
      ]
    }
  ]
}