{
  "format_version": "1.12.0",
  "minecraft:geometry": [
    {
      "description": {
        "identifier": "geometry.br_entity",
        "texture_width": 64,
        "texture_height": 64,
        "visible_bounds_width": 4,
        "visible_bounds_height": 4.5,
        "visible_bounds_offset": [
          0,
          1.75,
          0
        ]
      },
      "bones": [
        {
          "name": "Leg",
          "pivot": [
            0,
            26,
            0
          ],
          "cubes": [
            {
              "origin": [
                -5.0,
                0.0,
                -1.0
              ],
              "size": [
                2.0,
                13.0,
                2.0
              ],
              "uv": [
                32,
                15
              ],
              "inflate": 0
            },
            {
              "origin": [
                -1.52119,
                12.77598,
                -1.0
              ],
              "size": [
                2.0,
                14.0,
                2.0
              ],
              "pivot": [
                -1.0,
                26.0,
                0.0
              ],
              "rotation": [
                0.0,
                0.0,
                15.0
              ],
              "uv": [
                24,
                20
              ],
              "inflate": 0
            }
          ]
        },
        {
          "name": "Leg2",
          "pivot": [
            0,
            26,
            0
          ],
          "cubes": [
            {
              "origin": [
                -5.0,
                0.0,
                -1.0
              ],
              "size": [
                2.0,
                13.0,
                2.0
              ],
              "uv": [
                32,
                0
              ],
              "inflate": 0
            },
            {
              "origin": [
                -1.52119,
                12.77598,
                -1.0
              ],
              "size": [
                2.0,
                14.0,
                2.0
              ],
              "pivot": [
                -1.0,
                26.0,
                0.0
              ],
              "rotation": [
                0.0,
                0.0,
                15.0
              ],
              "uv": [
                16,
                20
              ],
              "inflate": 0
            }
          ],
          "rotation": [
            -180,
            0,
            -180
          ]
        },
        {
          "name": "Body",
          "pivot": [
            0,
            25,
            0
          ],
          "cubes": [
            {
              "origin": [
                -1.0,
                25.0,
                -1.0
              ],
              "size": [
                2.0,
                11.0,
                2.0
              ],
              "uv": [
                14,
                36
              ],
              "inflate": 0
            },
            {
              "origin": [
                -2.0,
                31.0,
                -1.0
              ],
              "size": [
                2.0,
                2.0,
                2.0
              ],
              "pivot": [
                -1.0,
                32.0,
                0.0
              ],
              "rotation": [
                0.0,
                0.0,
                42.5
              ],
              "uv": [
                40,
                20
              ],
              "inflate": 0
            },
            {
              "origin": [
                -3.0,
                39.0,
                -1.0
              ],
              "size": [
                6.0,
                6.0,
                2.0
              ],
              "uv": [
                16,
                12
              ],
              "inflate": 0
            },
            {
              "origin": [
                -1.0,
                38.0,
                -1.0
              ],
              "size": [
                2.0,
                1.0,
                2.0
              ],
              "uv": [
                40,
                27
              ],
              "inflate": 0
            },
            {
              "origin": [
                -1.0,
                36.0,
                -1.0
              ],
              "size": [
                2.0,
                4.0,
                2.0
              ],
              "pivot": [
                0.0,
                36.0,
                0.0
              ],
              "rotation": [
                0.0,
                0.0,
                -27.5
              ],
              "uv": [
                40,
                12
              ],
              "inflate": 0
            },
            {
              "origin": [
                -1.0,
                36.0,
                -1.0
              ],
              "size": [
                2.0,
                4.0,
                2.0
              ],
              "pivot": [
                0.0,
                36.0,
                0.0
              ],
              "rotation": [
                0.0,
                0.0,
                27.5
              ],
              "uv": [
                40,
                6
              ],
              "inflate": 0
            }
          ]
        },
        {
          "name": "Arm",
          "pivot": [
            3,
            44,
            0
          ],
          "cubes": [
            {
              "origin": [
                10.74167,
                12.30385,
                -1.0
              ],
              "size": [
                2.0,
                25.0,
                2.0
              ],
              "pivot": [
                12.0,
                37.0,
                0.0
              ],
              "rotation": [
                0.0,
                0.0,
                -30.0
              ],
              "uv": [
                0,
                12
              ],
              "inflate": 0
            },
            {
              "origin": [
                22.34936,
                11.35641,
                -1.0
              ],
              "size": [
                4.0,
                4.0,
                2.0
              ],
              "pivot": [
                24.0,
                15.0,
                0.0
              ],
              "rotation": [
                0.0,
                0.0,
                -30.0
              ],
              "uv": [
                40,
                0
              ],
              "inflate": 0
            },
            {
              "origin": [
                24.48334,
                7.32051,
                -1.0
              ],
              "size": [
                1.0,
                5.0,
                1.0
              ],
              "uv": [
                40,
                32
              ],
              "inflate": 0
            },
            {
              "origin": [
                26.11731,
                7.95448,
                -1.0
              ],
              "size": [
                1.0,
                4.0,
                1.0
              ],
              "pivot": [
                26.0,
                12.0,
                0.0
              ],
              "rotation": [
                0.0,
                0.0,
                -30.0
              ],
              "uv": [
                26,
                42
              ],
              "inflate": 0
            },
            {
              "origin": [
                31.61731,
                11.55256,
                -1.0
              ],
              "size": [
                1.0,
                5.0,
                1.0
              ],
              "pivot": [
                32.0,
                11.0,
                0.0
              ],
              "rotation": [
                0.0,
                0.0,
                -67.5
              ],
              "uv": [
                26,
                36
              ],
              "inflate": 0
            },
            {
              "origin": [
                1.47881,
                31.77598,
                -1.0
              ],
              "size": [
                2.0,
                12.0,
                2.0
              ],
              "pivot": [
                2.0,
                44.0,
                0.0
              ],
              "rotation": [
                0.0,
                0.0,
                -52.5
              ],
              "uv": [
                32,
                30
              ],
              "inflate": 0
            },
            {
              "origin": [
                3.36603,
                36.15997,
                0.0
              ],
              "size": [
                1.0,
                10.0,
                1.0
              ],
              "pivot": [
                4.0,
                46.0,
                0.0
              ],
              "rotation": [
                0.0,
                0.0,
                -42.5
              ],
              "uv": [
                22,
                36
              ],
              "inflate": 0
            },
            {
              "origin": [
                0.44177,
                44.8947,
                0.0
              ],
              "size": [
                4.0,
                1.0,
                1.0
              ],
              "pivot": [
                1.0,
                45.0,
                0.0
              ],
              "rotation": [
                0.0,
                0.0,
                -7.5
              ],
              "uv": [
                40,
                18
              ],
              "inflate": 0
            }
          ],
          "rotation": [
            0,
            0,
            22.5
          ]
        },
        {
          "name": "Head",
          "pivot": [
            0,
            45,
            0
          ],
          "cubes": [
            {
              "origin": [
                -1.0,
                45.0,
                -1.0
              ],
              "size": [
                2.0,
                1.0,
                2.0
              ],
              "uv": [
                40,
                24
              ],
              "inflate": 0
            },
            {
              "origin": [
                -4.0,
                46.0,
                -3.0
              ],
              "size": [
                8.0,
                6.0,
                6.0
              ],
              "uv": [
                0,
                0
              ],
              "inflate": 0
            }
          ]
        },
        {
          "name": "Arm2",
          "pivot": [
            -3,
            44,
            0
          ],
          "cubes": [
            {
              "origin": [
                4.74167,
                12.30385,
                -1.0
              ],
              "size": [
                2.0,
                25.0,
                2.0
              ],
              "pivot": [
                6.0,
                37.0,
                0.0
              ],
              "rotation": [
                0.0,
                0.0,
                -30.0
              ],
              "uv": [
                0,
                12
              ],
              "inflate": 0
            },
            {
              "origin": [
                16.34936,
                11.35641,
                -1.0
              ],
              "size": [
                4.0,
                4.0,
                2.0
              ],
              "pivot": [
                18.0,
                15.0,
                0.0
              ],
              "rotation": [
                0.0,
                0.0,
                -30.0
              ],
              "uv": [
                40,
                0
              ],
              "inflate": 0
            },
            {
              "origin": [
                18.48334,
                7.32051,
                -1.0
              ],
              "size": [
                1.0,
                5.0,
                1.0
              ],
              "uv": [
                40,
                32
              ],
              "inflate": 0
            },
            {
              "origin": [
                20.11731,
                7.95448,
                -1.0
              ],
              "size": [
                1.0,
                4.0,
                1.0
              ],
              "pivot": [
                20.0,
                12.0,
                0.0
              ],
              "rotation": [
                0.0,
                0.0,
                -30.0
              ],
              "uv": [
                26,
                42
              ],
              "inflate": 0
            },
            {
              "origin": [
                25.61731,
                11.55256,
                -1.0
              ],
              "size": [
                1.0,
                5.0,
                1.0
              ],
              "pivot": [
                26.0,
                11.0,
                0.0
              ],
              "rotation": [
                0.0,
                0.0,
                -67.5
              ],
              "uv": [
                26,
                36
              ],
              "inflate": 0
            },
            {
              "origin": [
                -4.52119,
                31.77598,
                -1.0
              ],
              "size": [
                2.0,
                12.0,
                2.0
              ],
              "pivot": [
                -4.0,
                44.0,
                0.0
              ],
              "rotation": [
                0.0,
                0.0,
                -52.5
              ],
              "uv": [
                32,
                30
              ],
              "inflate": 0
            },
            {
              "origin": [
                -2.63397,
                36.15997,
                0.0
              ],
              "size": [
                1.0,
                10.0,
                1.0
              ],
              "pivot": [
                -2.0,
                46.0,
                0.0
              ],
              "rotation": [
                0.0,
                0.0,
                -42.5
              ],
              "uv": [
                22,
                36
              ],
              "inflate": 0
            },
            {
              "origin": [
                -5.55823,
                44.8947,
                0.0
              ],
              "size": [
                4.0,
                1.0,
                1.0
              ],
              "pivot": [
                -5.0,
                45.0,
                0.0
              ],
              "rotation": [
                0.0,
                0.0,
                -7.5
              ],
              "uv": [
                40,
                18
              ],
              "inflate": 0
            }
          ],
          "rotation": [
            -180,
            0,
            160
          ]
        }
      ]
    }
  ]
}