{
  "format_version": "1.12.0",
  "minecraft:geometry": [
    {
      "description": {
        "identifier": "geometry.br_facelings",
        "texture_width": 64,
        "texture_height": 64,
        "visible_bounds_width": 3,
        "visible_bounds_height": 3.5,
        "visible_bounds_offset": [
          0,
          1.25,
          0
        ]
      },
      "bones": [
        {
          "name": "Leg",
          "pivot": [
            -1,
            17,
            -2
          ],
          "cubes": [
            {
              "origin": [
                -5.0,
                0.0,
                -4.0
              ],
              "size": [
                5.0,
                15.0,
                5.0
              ],
              "uv": [
                40,
                39
              ],
              "inflate": 0
            }
          ]
        },
        {
          "name": "Leg2",
          "pivot": [
            2,
            17,
            -2
          ],
          "cubes": [
            {
              "origin": [
                0.0,
                0.0,
                -4.0
              ],
              "size": [
                5.0,
                15.0,
                5.0
              ],
              "uv": [
                20,
                39
              ],
              "inflate": 0
            }
          ]
        },
        {
          "name": "Body",
          "cubes": [
            {
              "origin": [
                -5.0,
                15.0,
                -4.0
              ],
              "size": [
                10.0,
                15.0,
                5.0
              ],
              "uv": [
                0,
                19
              ],
              "inflate": 0
            }
          ]
        },
        {
          "name": "Arm",
          "pivot": [
            7,
            30,
            -2
          ],
          "cubes": [
            {
              "origin": [
                5.0,
                15.0,
                -4.0
              ],
              "size": [
                5.0,
                15.0,
                5.0
              ],
              "uv": [
                30,
                19
              ],
              "inflate": 0
            }
          ]
        },
        {
          "name": "Arm2",
          "pivot": [
            -5,
            30,
            -2
          ],
          "cubes": [
            {
              "origin": [
                -10.0,
                15.0,
                -4.0
              ],
              "size": [
                5.0,
                15.0,
                5.0
              ],
              "uv": [
                30,
                19
              ],
              "inflate": 0
            }
          ]
        },
        {
          "name": "Head",
          "pivot": [
            0,
            30,
            -1
          ],
          "cubes": [
            {
              "origin": [
                -5.0,
                30.0,
                -6.0
              ],
              "size": [
                10.0,
                10.0,
                9.0
              ],
              "uv": [
                0,
                0
              ],
              "inflate": 0
            }
          ]
        }
      ]
    }
  ]
}