{
  "format_version": "1.12.0",
  "minecraft:geometry": [
    {
      "description": {
        "identifier": "geometry.br_game_master",
        "texture_width": 128,
        "texture_height": 128,
        "visible_bounds_width": 5,
        "visible_bounds_height": 5.5,
        "visible_bounds_offset": [
          0,
          2.25,
          0
        ]
      },
      "bones": [
        {
          "name": "Leg",
          "pivot": [
            -3,
            28,
            0
          ]
        },
        {
          "name": "Legdown",
          "pivot": [
            -3,
            28,
            0
          ],
          "cubes": [
            {
              "origin": [
                -5.0,
                11.0,
                -2.0
              ],
              "size": [
                4.0,
                17.0,
                4.0
              ],
              "uv": [
                48,
                50
              ],
              "inflate": 0
            },
            {
              "origin": [
                -5.0,
                8.0,
                -5.0
              ],
              "size": [
                4.0,
                3.0,
                7.0
              ],
              "pivot": [
                -3.0,
                11.0,
                -2.0
              ],
              "rotation": [
                40.0,
                0.0,
                0.0
              ],
              "uv": [
                56,
                0
              ],
              "inflate": 0
            }
          ],
          "parent": "Leg"
        },
        {
          "name": "Leg2",
          "pivot": [
            2,
            28,
            0
          ]
        },
        {
          "name": "Legdown2",
          "pivot": [
            2,
            28,
            0
          ],
          "cubes": [
            {
              "origin": [
                0.0,
                11.0,
                -2.0
              ],
              "size": [
                4.0,
                17.0,
                4.0
              ],
              "uv": [
                0,
                50
              ],
              "inflate": 0
            },
            {
              "origin": [
                0.0,
                8.0,
                -5.0
              ],
              "size": [
                4.0,
                3.0,
                7.0
              ],
              "pivot": [
                2.0,
                11.0,
                -2.0
              ],
              "rotation": [
                40.0,
                0.0,
                0.0
              ],
              "uv": [
                48,
                22
              ],
              "inflate": 0
            }
          ],
          "parent": "Leg2"
        },
        {
          "name": "Body",
          "pivot": [
            0,
            30,
            0
          ],
          "cubes": [
            {
              "origin": [
                -5.0,
                28.0,
                -3.0
              ],
              "size": [
                9.0,
                13.0,
                6.0
              ],
              "uv": [
                0,
                16
              ],
              "inflate": 0
            },
            {
              "origin": [
                -2.0,
                33.0,
                -4.0
              ],
              "size": [
                3.0,
                2.0,
                1.0
              ],
              "uv": [
                0,
                38
              ],
              "inflate": 0
            },
            {
              "origin": [
                -2.0,
                29.0,
                -4.0
              ],
              "size": [
                3.0,
                2.0,
                1.0
              ],
              "uv": [
                0,
                35
              ],
              "inflate": 0
            },
            {
              "origin": [
                -2.0,
                25.0,
                -4.0
              ],
              "size": [
                3.0,
                2.0,
                1.0
              ],
              "uv": [
                24,
                19
              ],
              "inflate": 0
            },
            {
              "origin": [
                -5.0,
                36.06473,
                -2.9663
              ],
              "size": [
                9.0,
                4.0,
                2.0
              ],
              "pivot": [
                0.0,
                41.0,
                -2.0
              ],
              "rotation": [
                -35.0,
                0.0,
                0.0
              ],
              "uv": [
                56,
                10
              ],
              "inflate": 0
            },
            {
              "origin": [
                -5.0,
                36.06473,
                -6.9663
              ],
              "size": [
                9.0,
                5.0,
                2.0
              ],
              "pivot": [
                0.0,
                41.0,
                -2.0
              ],
              "rotation": [
                40.0,
                0.0,
                0.0
              ],
              "uv": [
                64,
                66
              ],
              "inflate": 0
            },
            {
              "origin": [
                -6.0,
                28.0,
                -3.0
              ],
              "size": [
                11.0,
                0.0,
                6.0
              ],
              "uv": [
                24,
                22
              ],
              "inflate": 0
            },
            {
              "origin": [
                -6.0,
                20.0,
                -3.0
              ],
              "size": [
                11.0,
                8.0,
                0.0
              ],
              "uv": [
                64,
                58
              ],
              "inflate": 0
            },
            {
              "origin": [
                -6.0,
                20.0,
                3.0
              ],
              "size": [
                11.0,
                8.0,
                0.0
              ],
              "uv": [
                64,
                50
              ],
              "inflate": 0
            },
            {
              "origin": [
                5.0,
                20.0,
                -3.0
              ],
              "size": [
                0.0,
                8.0,
                6.0
              ],
              "uv": [
                48,
                65
              ],
              "inflate": 0
            },
            {
              "origin": [
                -6.0,
                20.0,
                -3.0
              ],
              "size": [
                0.0,
                8.0,
                6.0
              ],
              "uv": [
                0,
                65
              ],
              "inflate": 0
            }
          ]
        },
        {
          "name": "Arm",
          "pivot": [
            -5,
            39,
            0
          ],
          "cubes": [
            {
              "origin": [
                -23.0,
                37.0,
                -2.0
              ],
              "size": [
                18.0,
                4.0,
                4.0
              ],
              "uv": [
                0,
                8
              ],
              "inflate": 0
            },
            {
              "origin": [
                -28.0,
                39.0,
                -2.0
              ],
              "size": [
                6.0,
                2.0,
                4.0
              ],
              "pivot": [
                -23.0,
                39.0,
                0.0
              ],
              "rotation": [
                0.0,
                0.0,
                -52.5
              ],
              "uv": [
                12,
                68
              ],
              "inflate": 0
            },
            {
              "origin": [
                -20.0,
                41.0,
                -1.0
              ],
              "size": [
                1.0,
                18.0,
                2.0
              ],
              "uv": [
                42,
                58
              ],
              "inflate": 0
            }
          ]
        },
        {
          "name": "Arm2",
          "pivot": [
            4,
            39,
            0
          ],
          "cubes": [
            {
              "origin": [
                -14.0,
                37.0,
                -2.0
              ],
              "size": [
                18.0,
                4.0,
                4.0
              ],
              "uv": [
                0,
                0
              ],
              "inflate": 0
            },
            {
              "origin": [
                -19.0,
                39.0,
                -2.0
              ],
              "size": [
                6.0,
                2.0,
                4.0
              ],
              "pivot": [
                -14.0,
                39.0,
                0.0
              ],
              "rotation": [
                0.0,
                0.0,
                -52.5
              ],
              "uv": [
                67,
                36
              ],
              "inflate": 0
            },
            {
              "origin": [
                -11.0,
                41.0,
                -1.0
              ],
              "size": [
                1.0,
                18.0,
                2.0
              ],
              "uv": [
                36,
                58
              ],
              "inflate": 0
            }
          ],
          "rotation": [
            -180,
            0,
            180
          ]
        },
        {
          "name": "Head",
          "cubes": [
            {
              "origin": [
                -2.0,
                41.0,
                -1.0
              ],
              "size": [
                3.0,
                1.0,
                2.0
              ],
              "uv": [
                24,
                16
              ],
              "inflate": 0
            },
            {
              "origin": [
                -5.0,
                42.0,
                -4.0
              ],
              "size": [
                9.0,
                9.0,
                7.0
              ],
              "uv": [
                23,
                28
              ],
              "inflate": 0
            },
            {
              "origin": [
                -6.0,
                45.0,
                2.0
              ],
              "size": [
                6.0,
                6.0,
                8.0
              ],
              "pivot": [
                -3.0,
                49.0,
                3.0
              ],
              "rotation": [
                0.0,
                -30.0,
                0.0
              ],
              "uv": [
                47,
                36
              ],
              "inflate": 0
            },
            {
              "origin": [
                -4.0,
                42.0,
                3.0
              ],
              "size": [
                6.0,
                6.0,
                8.0
              ],
              "pivot": [
                -3.0,
                49.0,
                3.0
              ],
              "rotation": [
                -27.5,
                0.0,
                0.0
              ],
              "uv": [
                36,
                8
              ],
              "inflate": 0
            },
            {
              "origin": [
                -4.0,
                46.0,
                3.0
              ],
              "size": [
                6.0,
                6.0,
                8.0
              ],
              "pivot": [
                -3.0,
                49.0,
                3.0
              ],
              "rotation": [
                47.5,
                0.0,
                0.0
              ],
              "uv": [
                0,
                36
              ],
              "inflate": 0
            },
            {
              "origin": [
                -3.0,
                51.0,
                8.0
              ],
              "size": [
                4.0,
                4.0,
                5.0
              ],
              "pivot": [
                -3.0,
                49.0,
                3.0
              ],
              "rotation": [
                15.0,
                0.0,
                0.0
              ],
              "uv": [
                65,
                27
              ],
              "inflate": 0
            },
            {
              "origin": [
                -3.0,
                39.90033,
                7.33271
              ],
              "size": [
                4.0,
                4.0,
                4.0
              ],
              "pivot": [
                -3.0,
                42.0,
                8.0
              ],
              "rotation": [
                -55.0,
                0.0,
                0.0
              ],
              "uv": [
                60,
                73
              ],
              "inflate": 0
            },
            {
              "origin": [
                -2.0,
                45.0,
                4.0
              ],
              "size": [
                6.0,
                6.0,
                8.0
              ],
              "pivot": [
                -3.0,
                49.0,
                3.0
              ],
              "rotation": [
                0.0,
                30.0,
                0.0
              ],
              "uv": [
                20,
                44
              ],
              "inflate": 0
            },
            {
              "origin": [
                -8.0,
                47.0,
                9.0
              ],
              "size": [
                4.0,
                4.0,
                6.0
              ],
              "pivot": [
                -3.0,
                49.0,
                9.0
              ],
              "rotation": [
                -21.82976,
                -30.00251,
                -0.37336
              ],
              "uv": [
                63,
                16
              ],
              "inflate": 0
            },
            {
              "origin": [
                2.39451,
                45.62136,
                6.71437
              ],
              "size": [
                4.0,
                4.0,
                6.0
              ],
              "pivot": [
                4.0,
                49.0,
                9.0
              ],
              "rotation": [
                -25.88962,
                26.47022,
                -4.03286
              ],
              "uv": [
                16,
                58
              ],
              "inflate": 0
            }
          ]
        }
      ]
    }
  ]
}