{
  "format_version": "1.12.0",
  "minecraft:geometry": [
    {
      "description": {
        "identifier": "geometry.br_hound",
        "texture_width": 128,
        "texture_height": 128,
        "visible_bounds_width": 3,
        "visible_bounds_height": 2.5,
        "visible_bounds_offset": [
          0,
          0.75,
          0
        ]
      },
      "bones": [
        {
          "name": "Leg",
          "pivot": [
            -5,
            21,
            0
          ],
          "cubes": [
            {
              "origin": [
                -7.0,
                0.0,
                1.0
              ],
              "size": [
                4.0,
                3.0,
                7.0
              ],
              "uv": [
                38,
                40
              ],
              "inflate": 0
            },
            {
              "origin": [
                -7.0,
                3.0,
                4.0
              ],
              "size": [
                4.0,
                10.0,
                4.0
              ],
              "uv": [
                62,
                37
              ],
              "inflate": 0
            },
            {
              "origin": [
                -7.0,
                13.0,
                4.0
              ],
              "size": [
                4.0,
                10.0,
                4.0
              ],
              "pivot": [
                -5.0,
                13.0,
                6.0
              ],
              "rotation": [
                35.0,
                0.0,
                0.0
              ],
              "uv": [
                12,
                53
              ],
              "inflate": 0
            }
          ],
          "rotation": [
            0,
            -10,
            0
          ]
        },
        {
          "name": "Leg2",
          "pivot": [
            0,
            21,
            0
          ],
          "cubes": [
            {
              "origin": [
                -2.0,
                0.0,
                1.0
              ],
              "size": [
                4.0,
                3.0,
                7.0
              ],
              "uv": [
                0,
                38
              ],
              "inflate": 0
            },
            {
              "origin": [
                -2.0,
                3.0,
                4.0
              ],
              "size": [
                4.0,
                10.0,
                4.0
              ],
              "uv": [
                52,
                23
              ],
              "inflate": 0
            },
            {
              "origin": [
                -2.0,
                13.0,
                4.0
              ],
              "size": [
                4.0,
                10.0,
                4.0
              ],
              "pivot": [
                0.0,
                13.0,
                6.0
              ],
              "rotation": [
                35.0,
                0.0,
                0.0
              ],
              "uv": [
                50,
                50
              ],
              "inflate": 0
            }
          ],
          "rotation": [
            0,
            17.5,
            0
          ]
        },
        {
          "name": "Leg3",
          "pivot": [
            1,
            19,
            -12
          ],
          "cubes": [
            {
              "origin": [
                -1.0,
                0.0,
                -14.0
              ],
              "size": [
                4.0,
                3.0,
                7.0
              ],
              "uv": [
                23,
                37
              ],
              "inflate": 0
            },
            {
              "origin": [
                -1.0,
                3.0,
                -11.0
              ],
              "size": [
                4.0,
                10.0,
                4.0
              ],
              "uv": [
                34,
                50
              ],
              "inflate": 0
            },
            {
              "origin": [
                -1.0,
                13.0,
                -11.0
              ],
              "size": [
                4.0,
                7.0,
                4.0
              ],
              "pivot": [
                1.0,
                13.0,
                -9.0
              ],
              "rotation": [
                30.0,
                0.0,
                0.0
              ],
              "uv": [
                62,
                60
              ],
              "inflate": 0
            }
          ]
        },
        {
          "name": "Leg4",
          "pivot": [
            -6,
            19,
            -13
          ],
          "cubes": [
            {
              "origin": [
                -8.0,
                0.0,
                -14.0
              ],
              "size": [
                4.0,
                3.0,
                7.0
              ],
              "uv": [
                30,
                27
              ],
              "inflate": 0
            },
            {
              "origin": [
                -8.0,
                3.0,
                -11.0
              ],
              "size": [
                4.0,
                10.0,
                4.0
              ],
              "uv": [
                48,
                0
              ],
              "inflate": 0
            },
            {
              "origin": [
                -8.0,
                13.0,
                -11.0
              ],
              "size": [
                4.0,
                7.0,
                4.0
              ],
              "pivot": [
                -6.0,
                13.0,
                -9.0
              ],
              "rotation": [
                30.0,
                0.0,
                0.0
              ],
              "uv": [
                60,
                10
              ],
              "inflate": 0
            }
          ]
        },
        {
          "name": "Body",
          "pivot": [
            -3,
            21,
            -6
          ],
          "cubes": [
            {
              "origin": [
                -7.0,
                19.0,
                -6.0
              ],
              "size": [
                9.0,
                4.0,
                8.0
              ],
              "uv": [
                0,
                14
              ],
              "inflate": 0
            },
            {
              "origin": [
                -8.0,
                18.0,
                -14.0
              ],
              "size": [
                11.0,
                6.0,
                8.0
              ],
              "uv": [
                0,
                0
              ],
              "inflate": 0
            }
          ]
        },
        {
          "name": "Head",
          "pivot": [
            -2,
            21,
            -14
          ],
          "cubes": [
            {
              "origin": [
                -5.0,
                19.0,
                -22.0
              ],
              "size": [
                5.0,
                4.0,
                8.0
              ],
              "pivot": [
                -3.0,
                21.0,
                -14.0
              ],
              "rotation": [
                5.0,
                0.0,
                0.0
              ],
              "uv": [
                30,
                6
              ],
              "inflate": 0
            }
          ]
        },
        {
          "name": "Headmouth",
          "cubes": [
            {
              "origin": [
                -6.0,
                19.0,
                -30.0
              ],
              "size": [
                7.0,
                4.0,
                8.0
              ],
              "pivot": [
                -3.0,
                21.0,
                -22.0
              ],
              "rotation": [
                22.5,
                0.0,
                0.0
              ],
              "uv": [
                0,
                26
              ],
              "inflate": 0
            },
            {
              "origin": [
                -6.0,
                15.08658,
                -30.3806
              ],
              "size": [
                0.0,
                6.0,
                8.0
              ],
              "pivot": [
                -6.0,
                21.0,
                -27.0
              ],
              "rotation": [
                21.55613,
                -6.60796,
                16.24074
              ],
              "uv": [
                0,
                40
              ],
              "inflate": 0
            },
            {
              "origin": [
                1.0,
                15.08658,
                -30.3806
              ],
              "size": [
                0.0,
                6.0,
                8.0
              ],
              "pivot": [
                1.0,
                21.0,
                -27.0
              ],
              "rotation": [
                22.01816,
                4.75113,
                -11.57518
              ],
              "uv": [
                0,
                40
              ],
              "inflate": 0
            }
          ],
          "parent": "Head"
        },
        {
          "name": "Mouth",
          "pivot": [
            -3,
            18,
            -21
          ],
          "cubes": [
            {
              "origin": [
                -6.0,
                18.0,
                -29.0
              ],
              "size": [
                7.0,
                1.0,
                8.0
              ],
              "pivot": [
                -3.0,
                19.0,
                -21.0
              ],
              "rotation": [
                25.0,
                0.0,
                0.0
              ],
              "uv": [
                26,
                18
              ],
              "inflate": 0
            }
          ],
          "parent": "Headmouth"
        }
      ]
    }
  ]
}