{
  "format_version": "1.12.0",
  "minecraft:geometry": [
    {
      "description": {
        "identifier": "geometry.br_partygoers",
        "texture_width": 64,
        "texture_height": 64,
        "visible_bounds_width": 3,
        "visible_bounds_height": 3.5,
        "visible_bounds_offset": [
          0,
          1.25,
          0
        ]
      },
      "bones": [
        {
          "name": "Body",
          "pivot": [
            0,
            16,
            0
          ],
          "cubes": [
            {
              "origin": [
                -5.0,
                16.0,
                -3.0
              ],
              "size": [
                8.0,
                12.0,
                6.0
              ],
              "uv": [
                0,
                0
              ],
              "inflate": 0
            }
          ]
        },
        {
          "name": "Leg",
          "pivot": [
            -3,
            16,
            0
          ],
          "cubes": [
            {
              "origin": [
                -5.0,
                0.0,
                -2.0
              ],
              "size": [
                5.0,
                16.0,
                4.0
              ],
              "pivot": [
                -3.0,
                16.0,
                0.0
              ],
              "rotation": [
                0.0,
                0.0,
                2.5
              ],
              "uv": [
                28,
                20
              ],
              "inflate": 0
            }
          ]
        },
        {
          "name": "Leg2",
          "pivot": [
            1,
            16,
            0
          ],
          "cubes": [
            {
              "origin": [
                -2.0,
                0.0,
                -2.0
              ],
              "size": [
                5.0,
                16.0,
                4.0
              ],
              "pivot": [
                1.0,
                16.0,
                0.0
              ],
              "rotation": [
                0.0,
                0.0,
                -2.5
              ],
              "uv": [
                28,
                0
              ],
              "inflate": 0
            }
          ]
        },
        {
          "name": "Arm",
          "pivot": [
            5,
            28,
            0
          ],
          "cubes": [
            {
              "origin": [
                3.0,
                12.0,
                -2.0
              ],
              "size": [
                4.0,
                16.0,
                4.0
              ],
              "pivot": [
                3.0,
                28.0,
                0.0
              ],
              "rotation": [
                0.0,
                0.0,
                -5.0
              ],
              "uv": [
                16,
                36
              ],
              "inflate": 0
            }
          ]
        },
        {
          "name": "Arm2",
          "pivot": [
            5,
            28,
            0
          ],
          "cubes": [
            {
              "origin": [
                -9.0,
                12.0,
                -2.0
              ],
              "size": [
                4.0,
                16.0,
                4.0
              ],
              "pivot": [
                -5.0,
                28.0,
                0.0
              ],
              "rotation": [
                -15.0,
                20.0,
                5.0
              ],
              "uv": [
                0,
                33
              ],
              "inflate": 0
            },
            {
              "origin": [
                -10.59421,
                14.48686,
                -8.65503
              ],
              "size": [
                1.0,
                1.0,
                4.0
              ],
              "pivot": [
                -10.0,
                15.0,
                -5.0
              ],
              "rotation": [
                -15.0,
                20.0,
                5.0
              ],
              "uv": [
                22,
                18
              ],
              "inflate": 0
            },
            {
              "origin": [
                -13.64288,
                12.59785,
                -15.5571
              ],
              "size": [
                5.0,
                5.0,
                5.0
              ],
              "pivot": [
                -5.0,
                15.0,
                -9.0
              ],
              "rotation": [
                -15.0,
                20.0,
                5.0
              ],
              "uv": [
                32,
                40
              ],
              "inflate": 0
            }
          ]
        },
        {
          "name": "Head",
          "pivot": [
            -1,
            28,
            0
          ],
          "cubes": [
            {
              "origin": [
                -5.0,
                29.0,
                -3.0
              ],
              "size": [
                8.0,
                9.0,
                6.0
              ],
              "uv": [
                0,
                18
              ],
              "inflate": 0
            },
            {
              "origin": [
                -3.0,
                28.0,
                -1.0
              ],
              "size": [
                4.0,
                1.0,
                2.0
              ],
              "uv": [
                12,
                33
              ],
              "inflate": 0
            }
          ]
        }
      ]
    }
  ]
}