{
  "format_version": "1.12.0",
  "minecraft:geometry": [
    {
      "description": {
        "identifier": "geometry.br_red_kins",
        "texture_width": 128,
        "texture_height": 128,
        "visible_bounds_width": 3,
        "visible_bounds_height": 4.5,
        "visible_bounds_offset": [
          0,
          1.75,
          0
        ]
      },
      "bones": [
        {
          "name": "Body",
          "pivot": [
            0,
            11,
            0
          ],
          "cubes": [
            {
              "origin": [
                -11.0,
                0.0,
                -11.0
              ],
              "size": [
                22.0,
                3.0,
                21.0
              ],
              "uv": [
                0,
                0
              ],
              "inflate": 0
            },
            {
              "origin": [
                -9.0,
                3.0,
                -10.0
              ],
              "size": [
                18.0,
                2.0,
                19.0
              ],
              "uv": [
                0,
                24
              ],
              "inflate": 0
            },
            {
              "origin": [
                -8.0,
                3.0,
                -9.0
              ],
              "size": [
                16.0,
                6.0,
                17.0
              ],
              "uv": [
                0,
                45
              ],
              "inflate": 0
            },
            {
              "origin": [
                -5.0,
                9.0,
                -6.0
              ],
              "size": [
                10.0,
                16.0,
                11.0
              ],
              "uv": [
                53,
                62
              ],
              "inflate": 0
            },
            {
              "origin": [
                -6.0,
                9.0,
                -7.0
              ],
              "size": [
                12.0,
                7.0,
                13.0
              ],
              "uv": [
                53,
                62
              ],
              "inflate": 0
            },
            {
              "origin": [
                -4.0,
                25.0,
                -5.0
              ],
              "size": [
                8.0,
                8.0,
                9.0
              ],
              "uv": [
                55,
                24
              ],
              "inflate": 0
            },
            {
              "origin": [
                -3.0,
                32.0,
                -7.0
              ],
              "size": [
                6.0,
                3.0,
                9.0
              ],
              "pivot": [
                0.0,
                28.0,
                0.0
              ],
              "rotation": [
                -22.5,
                0.0,
                0.0
              ],
              "uv": [
                55,
                24
              ],
              "inflate": 0
            },
            {
              "origin": [
                -2.0,
                30.0,
                0.0
              ],
              "size": [
                4.0,
                13.0,
                7.0
              ],
              "pivot": [
                0.0,
                28.0,
                0.0
              ],
              "rotation": [
                42.5,
                0.0,
                0.0
              ],
              "uv": [
                55,
                24
              ],
              "inflate": 0
            },
            {
              "origin": [
                -7.0,
                9.0,
                -8.0
              ],
              "size": [
                14.0,
                4.0,
                15.0
              ],
              "uv": [
                49,
                45
              ],
              "inflate": 0
            }
          ]
        },
        {
          "name": "Arm",
          "pivot": [
            -5,
            27,
            -1
          ],
          "cubes": [
            {
              "origin": [
                -12.0,
                24.0,
                -3.0
              ],
              "size": [
                13.0,
                5.0,
                5.0
              ],
              "pivot": [
                -5.0,
                27.0,
                -1.0
              ],
              "rotation": [
                0.0,
                0.0,
                -42.5
              ],
              "uv": [
                0,
                0
              ],
              "inflate": 0
            },
            {
              "origin": [
                -25.2219,
                19.83028,
                -3.0
              ],
              "size": [
                15.0,
                5.0,
                5.0
              ],
              "pivot": [
                -10.0,
                23.0,
                -1.0
              ],
              "rotation": [
                0.0,
                0.0,
                -77.5
              ],
              "uv": [
                0,
                0
              ],
              "inflate": 0
            }
          ]
        },
        {
          "name": "Arm2",
          "pivot": [
            5,
            27,
            0
          ],
          "cubes": [
            {
              "origin": [
                -2.0,
                24.0,
                -2.0
              ],
              "size": [
                11.0,
                5.0,
                5.0
              ],
              "pivot": [
                5.0,
                27.0,
                0.0
              ],
              "rotation": [
                0.0,
                0.0,
                -42.5
              ],
              "uv": [
                0,
                0
              ],
              "inflate": 0
            },
            {
              "origin": [
                -15.2219,
                19.83028,
                -2.0
              ],
              "size": [
                15.0,
                5.0,
                5.0
              ],
              "pivot": [
                0.0,
                23.0,
                0.0
              ],
              "rotation": [
                0.0,
                0.0,
                -77.5
              ],
              "uv": [
                0,
                0
              ],
              "inflate": 0
            }
          ],
          "rotation": [
            -180,
            0,
            180
          ]
        },
        {
          "name": "Head",
          "pivot": [
            0,
            38,
            -4
          ],
          "cubes": [
            {
              "origin": [
                -5.0,
                34.0,
                -13.0
              ],
              "size": [
                10.0,
                14.0,
                9.0
              ],
              "uv": [
                0,
                0
              ],
              "inflate": 0
            }
          ]
        }
      ]
    }
  ]
}