{
  "format_version": "1.12.0",
  "minecraft:geometry": [
    {
      "description": {
        "identifier": "geometry.br_smiler",
        "texture_width": 64,
        "texture_height": 64,
        "visible_bounds_width": 3,
        "visible_bounds_height": 3.5,
        "visible_bounds_offset": [
          0,
          1.25,
          0
        ]
      },
      "bones": [
        {
          "name": "Smile",
          "pivot": [
            -2,
            18,
            1
          ],
          "cubes": [
            {
              "origin": [
                -2.5,
                15.0,
                0.0
              ],
              "size": [
                2.0,
                3.0,
                2.0
              ],
              "uv": [
                30,
                37
              ],
              "inflate": 0
            },
            {
              "origin": [
                -4.5,
                15.0,
                0.0
              ],
              "size": [
                2.0,
                3.0,
                2.0
              ],
              "pivot": [
                -3.0,
                18.0,
                1.0
              ],
              "rotation": [
                0.0,
                0.0,
                17.5
              ],
              "uv": [
                34,
                32
              ],
              "inflate": 0
            },
            {
              "origin": [
                -6.59257,
                16.60141,
                0.0
              ],
              "size": [
                2.0,
                2.0,
                2.0
              ],
              "pivot": [
                -5.0,
                18.0,
                1.0
              ],
              "rotation": [
                0.0,
                0.0,
                47.5
              ],
              "uv": [
                8,
                39
              ],
              "inflate": 0
            },
            {
              "origin": [
                -8.44242,
                18.98751,
                0.0
              ],
              "size": [
                4.0,
                1.0,
                2.0
              ],
              "pivot": [
                -6.0,
                20.0,
                1.0
              ],
              "rotation": [
                0.0,
                0.0,
                80.0
              ],
              "uv": [
                20,
                28
              ],
              "inflate": 0
            },
            {
              "origin": [
                0.0,
                15.0,
                0.0
              ],
              "size": [
                2.0,
                3.0,
                2.0
              ],
              "uv": [
                22,
                37
              ],
              "inflate": 0
            },
            {
              "origin": [
                1.95372,
                14.69929,
                0.0
              ],
              "size": [
                2.0,
                3.0,
                2.0
              ],
              "pivot": [
                2.0,
                18.0,
                1.0
              ],
              "rotation": [
                0.0,
                0.0,
                -17.5
              ],
              "uv": [
                14,
                36
              ],
              "inflate": 0
            },
            {
              "origin": [
                3.88976,
                16.0591,
                0.0
              ],
              "size": [
                2.0,
                2.0,
                2.0
              ],
              "pivot": [
                4.0,
                18.0,
                1.0
              ],
              "rotation": [
                0.0,
                0.0,
                -50.0
              ],
              "uv": [
                40,
                30
              ],
              "inflate": 0
            },
            {
              "origin": [
                4.0721,
                19.30561,
                0.0
              ],
              "size": [
                4.0,
                1.0,
                2.0
              ],
              "pivot": [
                6.0,
                20.0,
                1.0
              ],
              "rotation": [
                0.0,
                0.0,
                -80.0
              ],
              "uv": [
                30,
                29
              ],
              "inflate": 0
            }
          ]
        },
        {
          "name": "Smile2",
          "pivot": [
            -2,
            14,
            1
          ],
          "cubes": [
            {
              "origin": [
                -2.5,
                11.0,
                0.0
              ],
              "size": [
                2.0,
                3.0,
                2.0
              ],
              "uv": [
                8,
                33
              ],
              "inflate": 0
            },
            {
              "origin": [
                -4.5,
                11.0,
                0.0
              ],
              "size": [
                2.0,
                3.0,
                2.0
              ],
              "pivot": [
                -3.0,
                14.0,
                1.0
              ],
              "rotation": [
                0.0,
                0.0,
                17.5
              ],
              "uv": [
                0,
                33
              ],
              "inflate": 0
            },
            {
              "origin": [
                -6.59257,
                12.60141,
                0.0
              ],
              "size": [
                2.0,
                2.0,
                2.0
              ],
              "pivot": [
                -5.0,
                14.0,
                1.0
              ],
              "rotation": [
                0.0,
                0.0,
                47.5
              ],
              "uv": [
                38,
                37
              ],
              "inflate": 0
            },
            {
              "origin": [
                -7.44242,
                14.98751,
                0.0
              ],
              "size": [
                2.0,
                1.0,
                2.0
              ],
              "pivot": [
                -6.0,
                16.0,
                1.0
              ],
              "rotation": [
                0.0,
                0.0,
                62.5
              ],
              "uv": [
                36,
                41
              ],
              "inflate": 0
            },
            {
              "origin": [
                0.0,
                11.0,
                0.0
              ],
              "size": [
                2.0,
                3.0,
                2.0
              ],
              "uv": [
                26,
                32
              ],
              "inflate": 0
            },
            {
              "origin": [
                1.95372,
                10.69929,
                0.0
              ],
              "size": [
                2.0,
                3.0,
                2.0
              ],
              "pivot": [
                2.0,
                14.0,
                1.0
              ],
              "rotation": [
                0.0,
                0.0,
                -17.5
              ],
              "uv": [
                18,
                31
              ],
              "inflate": 0
            },
            {
              "origin": [
                3.88976,
                12.0591,
                0.0
              ],
              "size": [
                2.0,
                2.0,
                2.0
              ],
              "pivot": [
                4.0,
                14.0,
                1.0
              ],
              "rotation": [
                0.0,
                0.0,
                -50.0
              ],
              "uv": [
                0,
                38
              ],
              "inflate": 0
            },
            {
              "origin": [
                5.0721,
                15.30561,
                0.0
              ],
              "size": [
                2.0,
                1.0,
                2.0
              ],
              "pivot": [
                6.0,
                16.0,
                1.0
              ],
              "rotation": [
                0.0,
                0.0,
                -55.0
              ],
              "uv": [
                14,
                41
              ],
              "inflate": 0
            }
          ]
        },
        {
          "name": "Eye",
          "pivot": [
            -3,
            20,
            0
          ],
          "cubes": [
            {
              "origin": [
                -5.0,
                20.0,
                0.0
              ],
              "size": [
                3.0,
                3.0,
                2.0
              ],
              "uv": [
                10,
                28
              ],
              "inflate": 0
            }
          ]
        },
        {
          "name": "Eye2",
          "pivot": [
            2,
            20,
            0
          ],
          "cubes": [
            {
              "origin": [
                1.0,
                20.0,
                0.0
              ],
              "size": [
                3.0,
                3.0,
                2.0
              ],
              "uv": [
                0,
                28
              ],
              "inflate": 0
            }
          ]
        },
        {
          "name": "Fog",
          "pivot": [
            0,
            15,
            2
          ],
          "cubes": [
            {
              "origin": [
                -11.0,
                4.0,
                2.0
              ],
              "size": [
                22.0,
                28.0,
                0.0
              ],
              "uv": [
                0,
                0
              ],
              "inflate": 0
            }
          ]
        }
      ]
    }
  ]
}