{
  "format_version": "1.12.0",
  "minecraft:geometry": [
    {
      "description": {
        "identifier": "geometry.br_skin_stealer",
        "texture_width": 128,
        "texture_height": 128,
        "visible_bounds_width": 3,
        "visible_bounds_height": 4.5,
        "visible_bounds_offset": [
          0,
          1.75,
          0
        ]
      },
      "bones": [
        {
          "name": "Leg",
          "pivot": [
            -3,
            23,
            0
          ],
          "cubes": [
            {
              "origin": [
                -5.0,
                0.0,
                -6.0
              ],
              "size": [
                4.0,
                3.0,
                8.0
              ],
              "uv": [
                0,
                36
              ],
              "inflate": 0
            },
            {
              "origin": [
                -5.0,
                3.0,
                -2.0
              ],
              "size": [
                4.0,
                21.0,
                4.0
              ],
              "uv": [
                16,
                11
              ],
              "inflate": 0
            }
          ]
        },
        {
          "name": "Leg2",
          "pivot": [
            2,
            23,
            0
          ],
          "cubes": [
            {
              "origin": [
                0.0,
                0.0,
                -6.0
              ],
              "size": [
                4.0,
                3.0,
                8.0
              ],
              "uv": [
                32,
                13
              ],
              "inflate": 0
            },
            {
              "origin": [
                0.0,
                3.0,
                -2.0
              ],
              "size": [
                4.0,
                21.0,
                4.0
              ],
              "uv": [
                0,
                11
              ],
              "inflate": 0
            }
          ]
        },
        {
          "name": "Body",
          "pivot": [
            0,
            23,
            0
          ],
          "cubes": [
            {
              "origin": [
                -4.0,
                24.0,
                -2.0
              ],
              "size": [
                7.0,
                6.0,
                4.0
              ],
              "uv": [
                52,
                53
              ],
              "inflate": 0
            },
            {
              "origin": [
                -5.0,
                30.0,
                -2.0
              ],
              "size": [
                9.0,
                9.0,
                4.0
              ],
              "uv": [
                30,
                0
              ],
              "inflate": 0
            },
            {
              "origin": [
                4.0,
                31.0,
                -2.0
              ],
              "size": [
                1.0,
                8.0,
                4.0
              ],
              "uv": [
                56,
                38
              ],
              "inflate": 0
            },
            {
              "origin": [
                -6.0,
                31.0,
                -2.0
              ],
              "size": [
                1.0,
                8.0,
                4.0
              ],
              "uv": [
                16,
                53
              ],
              "inflate": 0
            }
          ]
        },
        {
          "name": "Arm",
          "pivot": [
            -6,
            39,
            0
          ],
          "cubes": [
            {
              "origin": [
                -10.0,
                25.0,
                -2.0
              ],
              "size": [
                4.0,
                14.0,
                4.0
              ],
              "uv": [
                52,
                20
              ],
              "inflate": 0
            },
            {
              "origin": [
                -10.0,
                11.0,
                -2.0
              ],
              "size": [
                4.0,
                14.0,
                4.0
              ],
              "pivot": [
                -8.0,
                25.0,
                0.0
              ],
              "rotation": [
                -57.5,
                0.0,
                0.0
              ],
              "uv": [
                0,
                47
              ],
              "inflate": 0
            },
            {
              "origin": [
                -10.0,
                14.0,
                -13.0
              ],
              "size": [
                4.0,
                5.0,
                2.0
              ],
              "uv": [
                38,
                57
              ],
              "inflate": 0
            }
          ],
          "rotation": [
            0,
            0,
            12.5
          ]
        },
        {
          "name": "Arm2",
          "pivot": [
            5,
            39,
            0
          ],
          "cubes": [
            {
              "origin": [
                5.0,
                25.0,
                -2.0
              ],
              "size": [
                4.0,
                14.0,
                4.0
              ],
              "uv": [
                40,
                39
              ],
              "inflate": 0
            },
            {
              "origin": [
                5.0,
                11.0,
                -2.0
              ],
              "size": [
                4.0,
                14.0,
                4.0
              ],
              "pivot": [
                7.0,
                25.0,
                0.0
              ],
              "rotation": [
                -57.5,
                0.0,
                0.0
              ],
              "uv": [
                24,
                39
              ],
              "inflate": 0
            },
            {
              "origin": [
                5.0,
                14.0,
                -13.0
              ],
              "size": [
                4.0,
                5.0,
                2.0
              ],
              "uv": [
                26,
                57
              ],
              "inflate": 0
            }
          ],
          "rotation": [
            0,
            0,
            -15
          ]
        },
        {
          "name": "Head",
          "pivot": [
            0,
            39,
            0
          ],
          "cubes": [
            {
              "origin": [
                -2.0,
                39.0,
                -1.0
              ],
              "size": [
                3.0,
                1.0,
                2.0
              ],
              "uv": [
                24,
                0
              ],
              "inflate": 0
            },
            {
              "origin": [
                -3.0,
                40.0,
                -3.0
              ],
              "size": [
                5.0,
                2.0,
                6.0
              ],
              "uv": [
                56,
                0
              ],
              "inflate": 0
            },
            {
              "origin": [
                -4.0,
                42.0,
                -3.0
              ],
              "size": [
                7.0,
                3.0,
                6.0
              ],
              "uv": [
                26,
                30
              ],
              "inflate": 0
            },
            {
              "origin": [
                -5.0,
                45.0,
                -3.0
              ],
              "size": [
                9.0,
                5.0,
                6.0
              ],
              "uv": [
                0,
                0
              ],
              "inflate": 0
            },
            {
              "origin": [
                -4.0,
                50.0,
                -3.0
              ],
              "size": [
                7.0,
                1.0,
                6.0
              ],
              "uv": [
                48,
                13
              ],
              "inflate": 0
            }
          ]
        }
      ]
    }
  ]
}