{
  "format_version": "1.12.0",
  "minecraft:geometry": [
    {
      "description": {
        "identifier": "geometry.br_spider_legs",
        "texture_width": 256,
        "texture_height": 256,
        "visible_bounds_width": 6,
        "visible_bounds_height": 4.5,
        "visible_bounds_offset": [
          0,
          1.75,
          0
        ]
      },
      "bones": [
        {
          "name": "Head",
          "pivot": [
            0,
            38,
            -3
          ],
          "cubes": [
            {
              "origin": [
                -5.0,
                34.0,
                -9.0
              ],
              "size": [
                10.0,
                8.0,
                17.0
              ],
              "pivot": [
                0.0,
                38.0,
                -6.0
              ],
              "rotation": [
                -180.0,
                0.0,
                180.0
              ],
              "uv": [
                41,
                49
              ],
              "inflate": 0
            },
            {
              "origin": [
                -5.0,
                42.0,
                -18.0
              ],
              "size": [
                10.0,
                1.0,
                12.0
              ],
              "uv": [
                0,
                90
              ],
              "inflate": 0
            },
            {
              "origin": [
                -5.0,
                32.0,
                -20.0
              ],
              "size": [
                0.0,
                2.0,
                17.0
              ],
              "uv": [
                222,
                237
              ],
              "inflate": 0
            },
            {
              "origin": [
                5.0,
                32.0,
                -20.0
              ],
              "size": [
                0.0,
                2.0,
                17.0
              ],
              "uv": [
                222,
                237
              ],
              "inflate": 0
            },
            {
              "origin": [
                -5.0,
                32.0,
                -20.0
              ],
              "size": [
                1.0,
                2.0,
                0.0
              ],
              "uv": [
                254,
                0
              ],
              "inflate": 0
            },
            {
              "origin": [
                4.0,
                32.0,
                -20.0
              ],
              "size": [
                1.0,
                2.0,
                0.0
              ],
              "uv": [
                254,
                0
              ],
              "inflate": 0
            },
            {
              "origin": [
                -4.0,
                32.0,
                -27.0
              ],
              "size": [
                8.0,
                2.0,
                0.0
              ],
              "uv": [
                0,
                0
              ],
              "inflate": 0
            },
            {
              "origin": [
                -4.0,
                32.0,
                -27.0
              ],
              "size": [
                0.0,
                2.0,
                7.0
              ],
              "uv": [
                0,
                247
              ],
              "inflate": 0
            },
            {
              "origin": [
                4.0,
                32.0,
                -27.0
              ],
              "size": [
                0.0,
                2.0,
                7.0
              ],
              "uv": [
                0,
                247
              ],
              "inflate": 0
            },
            {
              "origin": [
                -4.0,
                34.0,
                -25.0
              ],
              "size": [
                8.0,
                5.0,
                5.0
              ],
              "uv": [
                44,
                94
              ],
              "inflate": 0
            },
            {
              "origin": [
                -4.0,
                34.0,
                -28.0
              ],
              "size": [
                8.0,
                3.0,
                3.0
              ],
              "uv": [
                78,
                60
              ],
              "inflate": 0
            }
          ],
          "rotation": [
            35,
            0,
            0
          ]
        },
        {
          "name": "Body",
          "pivot": [
            0,
            35,
            8
          ],
          "cubes": [
            {
              "origin": [
                -8.0,
                29.0,
                -4.0
              ],
              "size": [
                16.0,
                14.0,
                13.0
              ],
              "pivot": [
                0.0,
                35.0,
                -3.0
              ],
              "rotation": [
                -10.0,
                0.0,
                0.0
              ],
              "uv": [
                95,
                229
              ],
              "inflate": 0
            },
            {
              "origin": [
                -6.0,
                28.23313,
                6.80463
              ],
              "size": [
                12.0,
                11.0,
                14.0
              ],
              "pivot": [
                0.0,
                33.0,
                7.0
              ],
              "rotation": [
                10.0,
                0.0,
                0.0
              ],
              "uv": [
                204,
                110
              ],
              "inflate": 0
            }
          ]
        },
        {
          "name": "Leg",
          "pivot": [
            -8,
            36,
            1
          ],
          "cubes": [
            {
              "origin": [
                -34.0,
                34.0,
                -1.0
              ],
              "size": [
                26.0,
                5.0,
                5.0
              ],
              "pivot": [
                -8.0,
                36.0,
                1.0
              ],
              "rotation": [
                -20.47539,
                -19.19082,
                41.08226
              ],
              "uv": [
                52,
                84
              ],
              "inflate": 0
            },
            {
              "origin": [
                -43.0,
                51.0,
                -1.0
              ],
              "size": [
                52.0,
                5.0,
                5.0
              ],
              "pivot": [
                -8.0,
                36.0,
                1.0
              ],
              "rotation": [
                27.77763,
                -0.06688,
                -97.43197
              ],
              "uv": [
                0,
                30
              ],
              "inflate": 0
            }
          ]
        },
        {
          "name": "Leg2",
          "pivot": [
            -6,
            36,
            18
          ],
          "cubes": [
            {
              "origin": [
                -32.0,
                34.0,
                16.0
              ],
              "size": [
                26.0,
                5.0,
                5.0
              ],
              "pivot": [
                -6.0,
                36.0,
                18.0
              ],
              "rotation": [
                -20.47539,
                -19.19082,
                41.08226
              ],
              "uv": [
                78,
                50
              ],
              "inflate": 0
            },
            {
              "origin": [
                -41.0,
                51.0,
                16.0
              ],
              "size": [
                52.0,
                5.0,
                5.0
              ],
              "pivot": [
                -6.0,
                36.0,
                18.0
              ],
              "rotation": [
                27.77763,
                -0.06688,
                -97.43197
              ],
              "uv": [
                0,
                20
              ],
              "inflate": 0
            }
          ],
          "rotation": [
            0,
            67.5,
            0
          ]
        },
        {
          "name": "Leg3",
          "pivot": [
            4,
            36,
            19
          ],
          "cubes": [
            {
              "origin": [
                -22.0,
                34.0,
                17.0
              ],
              "size": [
                26.0,
                5.0,
                5.0
              ],
              "pivot": [
                4.0,
                36.0,
                19.0
              ],
              "rotation": [
                -20.47539,
                -19.19082,
                41.08226
              ],
              "uv": [
                78,
                40
              ],
              "inflate": 0
            },
            {
              "origin": [
                -31.0,
                51.0,
                17.0
              ],
              "size": [
                52.0,
                5.0,
                5.0
              ],
              "pivot": [
                4.0,
                36.0,
                19.0
              ],
              "rotation": [
                27.77763,
                -0.06688,
                -97.43197
              ],
              "uv": [
                0,
                10
              ],
              "inflate": 0
            }
          ],
          "rotation": [
            180,
            17.5,
            180
          ]
        },
        {
          "name": "Leg4",
          "pivot": [
            7,
            36,
            3
          ],
          "cubes": [
            {
              "origin": [
                -19.0,
                34.0,
                1.0
              ],
              "size": [
                26.0,
                5.0,
                5.0
              ],
              "pivot": [
                7.0,
                36.0,
                3.0
              ],
              "rotation": [
                -20.47539,
                -19.19082,
                41.08226
              ],
              "uv": [
                52,
                74
              ],
              "inflate": 0
            },
            {
              "origin": [
                -28.0,
                51.0,
                1.0
              ],
              "size": [
                52.0,
                5.0,
                5.0
              ],
              "pivot": [
                7.0,
                36.0,
                3.0
              ],
              "rotation": [
                27.77763,
                -0.06688,
                -97.43197
              ],
              "uv": [
                142,
                0
              ],
              "inflate": 0
            }
          ],
          "rotation": [
            -176.43537,
            -54.92219,
            175.64701
          ]
        }
      ]
    }
  ]
}