{
  "format_version": "1.12.0",
  "minecraft:geometry": [
    {
      "description": {
        "identifier": "geometry.br_the_drowned_one",
        "texture_width": 128,
        "texture_height": 128,
        "visible_bounds_width": 3,
        "visible_bounds_height": 5.5,
        "visible_bounds_offset": [
          0,
          2.25,
          0
        ]
      },
      "bones": [
        {
          "name": "Body",
          "pivot": [
            0,
            1,
            0
          ],
          "cubes": [
            {
              "origin": [
                -13.0,
                0.0,
                -13.0
              ],
              "size": [
                26.0,
                1.0,
                25.0
              ],
              "uv": [
                0,
                0
              ],
              "inflate": 0
            }
          ]
        },
        {
          "name": "Arm",
          "pivot": [
            0,
            0,
            -1
          ],
          "cubes": [
            {
              "origin": [
                -6.0,
                1.0,
                -6.0
              ],
              "size": [
                11.0,
                25.0,
                10.0
              ],
              "uv": [
                0,
                26
              ],
              "inflate": 0
            }
          ]
        },
        {
          "name": "Arm2",
          "pivot": [
            -1,
            26,
            -1
          ],
          "cubes": [
            {
              "origin": [
                -6.0,
                25.29289,
                -6.29289
              ],
              "size": [
                11.0,
                16.0,
                10.0
              ],
              "pivot": [
                -1.0,
                25.29289,
                -1.29289
              ],
              "rotation": [
                -17.5,
                0.0,
                0.0
              ],
              "uv": [
                42,
                26
              ],
              "inflate": 0
            },
            {
              "origin": [
                -6.0,
                41.29289,
                -4.29289
              ],
              "size": [
                11.0,
                7.0,
                6.0
              ],
              "pivot": [
                0.0,
                25.29289,
                -1.29289
              ],
              "rotation": [
                -17.5,
                0.0,
                0.0
              ],
              "uv": [
                42,
                52
              ],
              "inflate": 0
            },
            {
              "origin": [
                2.0,
                46.85919,
                5.39219
              ],
              "size": [
                3.0,
                11.0,
                3.0
              ],
              "pivot": [
                3.0,
                46.29289,
                6.70711
              ],
              "rotation": [
                -16.73634,
                5.188,
                16.73634
              ],
              "uv": [
                12,
                61
              ],
              "inflate": 0
            },
            {
              "origin": [
                -2.0,
                48.29289,
                -1.29289
              ],
              "size": [
                3.0,
                12.0,
                3.0
              ],
              "pivot": [
                0.0,
                25.29289,
                -1.29289
              ],
              "rotation": [
                -17.5,
                0.0,
                0.0
              ],
              "uv": [
                0,
                0
              ],
              "inflate": 0
            },
            {
              "origin": [
                -6.0,
                46.85919,
                5.39219
              ],
              "size": [
                3.0,
                11.0,
                3.0
              ],
              "pivot": [
                -4.0,
                46.29289,
                6.70711
              ],
              "rotation": [
                -16.24074,
                -6.60796,
                -21.55613
              ],
              "uv": [
                0,
                61
              ],
              "inflate": 0
            },
            {
              "origin": [
                -6.60541,
                39.73339,
                0.35654
              ],
              "size": [
                3.0,
                11.0,
                3.0
              ],
              "pivot": [
                -5.0,
                40.29289,
                1.70711
              ],
              "rotation": [
                11.87511,
                -7.98133,
                -26.40319
              ],
              "uv": [
                12,
                0
              ],
              "inflate": 0
            }
          ],
          "parent": "Arm",
          "rotation": [
            45,
            0,
            0
          ]
        }
      ]
    }
  ]
}