{
  "format_version": "1.12.0",
  "minecraft:geometry": [
    {
      "description": {
        "identifier": "geometry.br_wretch",
        "texture_width": 128,
        "texture_height": 128,
        "visible_bounds_width": 3,
        "visible_bounds_height": 4.5,
        "visible_bounds_offset": [
          0,
          1.75,
          0
        ]
      },
      "bones": [
        {
          "name": "Leg",
          "pivot": [
            0,
            17,
            0
          ],
          "cubes": [
            {
              "origin": [
                -6.0,
                0.0,
                -5.0
              ],
              "size": [
                6.0,
                4.0,
                10.0
              ],
              "uv": [
                22,
                25
              ],
              "inflate": 0
            },
            {
              "origin": [
                -5.0,
                4.0,
                -4.0
              ],
              "size": [
                5.0,
                9.0,
                8.0
              ],
              "uv": [
                26,
                39
              ],
              "inflate": 0
            },
            {
              "origin": [
                -4.0,
                13.0,
                -3.0
              ],
              "size": [
                4.0,
                4.0,
                6.0
              ],
              "uv": [
                48,
                33
              ],
              "inflate": 0
            }
          ],
          "rotation": [
            0,
            0,
            2.5
          ]
        },
        {
          "name": "Body",
          "pivot": [
            0,
            17,
            0
          ],
          "cubes": [
            {
              "origin": [
                -3.0,
                17.0,
                -2.0
              ],
              "size": [
                6.0,
                5.0,
                4.0
              ],
              "uv": [
                52,
                8
              ],
              "inflate": 0
            },
            {
              "origin": [
                -5.0,
                23.0,
                -3.0
              ],
              "size": [
                10.0,
                8.0,
                6.0
              ],
              "uv": [
                26,
                11
              ],
              "inflate": 0
            },
            {
              "origin": [
                0.0,
                21.0,
                3.0
              ],
              "size": [
                0.0,
                10.0,
                1.0
              ],
              "uv": [
                0,
                16
              ],
              "inflate": 0
            },
            {
              "origin": [
                0.0,
                17.0,
                2.0
              ],
              "size": [
                0.0,
                5.0,
                1.0
              ],
              "uv": [
                0,
                0
              ],
              "inflate": 0
            },
            {
              "origin": [
                -4.0,
                22.0,
                -3.0
              ],
              "size": [
                8.0,
                1.0,
                6.0
              ],
              "uv": [
                44,
                25
              ],
              "inflate": 0
            }
          ],
          "rotation": [
            12.31594,
            -2.15393,
            9.76758
          ]
        },
        {
          "name": "Arm",
          "pivot": [
            -5,
            28,
            0
          ],
          "cubes": [
            {
              "origin": [
                -11.0,
                26.0,
                -2.0
              ],
              "size": [
                6.0,
                4.0,
                4.0
              ],
              "pivot": [
                -5.0,
                28.0,
                0.0
              ],
              "rotation": [
                0.0,
                0.0,
                -50.0
              ],
              "uv": [
                48,
                52
              ],
              "inflate": 0
            },
            {
              "origin": [
                -21.6843,
                21.93476,
                -2.0
              ],
              "size": [
                13.0,
                4.0,
                4.0
              ],
              "pivot": [
                -9.0,
                24.0,
                0.0
              ],
              "rotation": [
                0.0,
                0.0,
                -87.5
              ],
              "uv": [
                24,
                0
              ],
              "inflate": 0
            },
            {
              "origin": [
                -15.9825,
                11.52013,
                -2.0
              ],
              "size": [
                6.0,
                2.0,
                4.0
              ],
              "pivot": [
                -10.0,
                12.0,
                0.0
              ],
              "rotation": [
                0.0,
                0.0,
                -117.5
              ],
              "uv": [
                58,
                0
              ],
              "inflate": 0
            }
          ],
          "parent": "Body"
        },
        {
          "name": "Arm2",
          "pivot": [
            4,
            28,
            0
          ],
          "cubes": [
            {
              "origin": [
                -2.0,
                26.0,
                -2.0
              ],
              "size": [
                6.0,
                4.0,
                4.0
              ],
              "pivot": [
                4.0,
                28.0,
                0.0
              ],
              "rotation": [
                0.0,
                0.0,
                -50.0
              ],
              "uv": [
                52,
                43
              ],
              "inflate": 0
            },
            {
              "origin": [
                -11.6843,
                22.93476,
                -1.0
              ],
              "size": [
                7.0,
                2.0,
                2.0
              ],
              "pivot": [
                0.0,
                24.0,
                0.0
              ],
              "rotation": [
                0.0,
                0.0,
                -87.5
              ],
              "uv": [
                58,
                17
              ],
              "inflate": 0
            },
            {
              "origin": [
                -6.69572,
                11.45819,
                -1.0
              ],
              "size": [
                7.0,
                2.0,
                2.0
              ],
              "pivot": [
                0.0,
                12.0,
                0.0
              ],
              "rotation": [
                0.0,
                -22.5,
                -87.5
              ],
              "uv": [
                30,
                56
              ],
              "inflate": 0
            },
            {
              "origin": [
                -4.6843,
                21.93476,
                -2.0
              ],
              "size": [
                5.0,
                4.0,
                4.0
              ],
              "pivot": [
                0.0,
                24.0,
                0.0
              ],
              "rotation": [
                0.0,
                0.0,
                -87.5
              ],
              "uv": [
                16,
                56
              ],
              "inflate": 0
            }
          ],
          "parent": "Body",
          "rotation": [
            -162.5,
            0,
            170
          ]
        },
        {
          "name": "Head",
          "pivot": [
            0,
            31,
            0
          ],
          "cubes": [
            {
              "origin": [
                -2.0,
                30.0,
                -1.0
              ],
              "size": [
                4.0,
                4.0,
                2.0
              ],
              "pivot": [
                0.0,
                31.0,
                0.0
              ],
              "rotation": [
                0.0,
                0.0,
                -15.0
              ],
              "uv": [
                14,
                48
              ],
              "inflate": 0
            },
            {
              "origin": [
                -4.51764,
                33.06815,
                -4.0
              ],
              "size": [
                8.0,
                9.0,
                8.0
              ],
              "pivot": [
                0.0,
                33.0,
                0.0
              ],
              "rotation": [
                -10.0,
                0.0,
                5.0
              ],
              "uv": [
                0,
                0
              ],
              "inflate": 0
            }
          ],
          "parent": "Body"
        },
        {
          "name": "Leg2",
          "pivot": [
            0,
            17,
            0
          ],
          "cubes": [
            {
              "origin": [
                -6.0,
                0.0,
                -5.0
              ],
              "size": [
                6.0,
                4.0,
                10.0
              ],
              "uv": [
                0,
                17
              ],
              "inflate": 0
            },
            {
              "origin": [
                -5.0,
                4.0,
                -4.0
              ],
              "size": [
                5.0,
                9.0,
                8.0
              ],
              "uv": [
                0,
                31
              ],
              "inflate": 0
            },
            {
              "origin": [
                -4.0,
                13.0,
                -3.0
              ],
              "size": [
                4.0,
                4.0,
                6.0
              ],
              "uv": [
                0,
                48
              ],
              "inflate": 0
            }
          ],
          "rotation": [
            -180,
            0,
            177.5
          ]
        }
      ]
    }
  ]
}