{
  "format_version": "1.12.0",
  "minecraft:geometry": [
    {
      "description": {
        "identifier": "geometry.br_windows",
        "texture_width": 64,
        "texture_height": 64,
        "visible_bounds_width": 3,
        "visible_bounds_height": 4.5,
        "visible_bounds_offset": [
          0,
          1.75,
          0
        ]
      },
      "bones": [
        {
          "name": "Leg",
          "pivot": [
            -3,
            16,
            2
          ],
          "cubes": [
            {
              "origin": [
                -4.0,
                3.0,
                0.0
              ],
              "size": [
                4.0,
                13.0,
                4.0
              ],
              "pivot": [
                -2.0,
                16.0,
                2.0
              ],
              "rotation": [
                0.0,
                0.0,
                5.0
              ],
              "uv": [
                28,
                40
              ],
              "inflate": 0
            }
          ]
        },
        {
          "name": "Leg2",
          "pivot": [
            1,
            16,
            2
          ],
          "cubes": [
            {
              "origin": [
                -1.99619,
                2.91284,
                0.0
              ],
              "size": [
                4.0,
                13.0,
                4.0
              ],
              "pivot": [
                1.0,
                16.0,
                2.0
              ],
              "rotation": [
                0.0,
                0.0,
                5.0
              ],
              "uv": [
                12,
                40
              ],
              "inflate": 0
            }
          ],
          "rotation": [
            -180,
            0,
            180
          ]
        },
        {
          "name": "Body",
          "pivot": [
            -1,
            22,
            2
          ],
          "cubes": [
            {
              "origin": [
                -4.0,
                15.0,
                0.0
              ],
              "size": [
                8.0,
                13.0,
                4.0
              ],
              "uv": [
                24,
                23
              ],
              "inflate": 0
            }
          ]
        },
        {
          "name": "Arm",
          "pivot": [
            3,
            28,
            2
          ],
          "cubes": [
            {
              "origin": [
                -1.99619,
                14.91284,
                0.0
              ],
              "size": [
                4.0,
                13.0,
                4.0
              ],
              "pivot": [
                1.0,
                28.0,
                2.0
              ],
              "rotation": [
                0.0,
                0.0,
                5.0
              ],
              "uv": [
                28,
                0
              ],
              "inflate": 0
            }
          ],
          "rotation": [
            -180,
            0,
            180
          ]
        },
        {
          "name": "Arm2",
          "pivot": [
            -5,
            28,
            2
          ],
          "cubes": [
            {
              "origin": [
                -8.00381,
                15.08716,
                0.0
              ],
              "size": [
                4.0,
                13.0,
                4.0
              ],
              "pivot": [
                -7.0,
                28.0,
                2.0
              ],
              "rotation": [
                0.0,
                0.0,
                5.0
              ],
              "uv": [
                0,
                27
              ],
              "inflate": 0
            }
          ]
        },
        {
          "name": "Head",
          "pivot": [
            -1,
            28,
            2
          ],
          "cubes": [
            {
              "origin": [
                -1.0,
                28.0,
                1.0
              ],
              "size": [
                2.0,
                1.0,
                2.0
              ],
              "uv": [
                22,
                0
              ],
              "inflate": 0
            },
            {
              "origin": [
                -4.0,
                29.0,
                -1.0
              ],
              "size": [
                8.0,
                21.0,
                6.0
              ],
              "uv": [
                0,
                0
              ],
              "inflate": 0
            }
          ]
        }
      ]
    }
  ]
}