{
  "format_version":"1.16.100",
  "animation_controllers":{
    "controller.animation.teach":{
      "states":{
        "default":{
          "transitions":[
            {"k":"query.variant == 27000"},
            {"teach1":"query.has_target && !query.is_in_water"}
          ]
        },
        "teach1":{
          "transitions":[
            {"teach2":"variable.time = (variable.time ?? 0);variable.time = variable.time < 10 ? variable.time + 1:0;return variable.time == 0;"}
          ],
          "on_entry":[
            "/execute @e[type=onepiece_addon:teach] ~~~ tp @e[rm=1,r=10,family=devil] ^^^2",
            "/execute @e[type=onepiece_addon:teach] ~~~ tp @e[rm=1,r=10,tag=devil] ^^^2"
          ],
          "on_exit":[
            "/execute @e[onepiece_addon:teach] ~~~ effect @e[r=4,family=!yamiyami,tag=!yamiyami] instant_damage 1 2 true"
          ]
        },
        "teach2":{
          "transitions":[
            {"default":"variable.time = (variable.time ?? 0);variable.time = variable.time < 80 ? variable.time + 1:0;return variable.time == 0;"}
          ]
        },
        "k":{}
      }
    }
  }
}