{
  "format_version": "1.12.0",
  "minecraft:geometry": [
    {
      "description": {
        "identifier": "geometry.yg_glitch",
        "texture_width": 128,
        "texture_height": 128,
        "visible_bounds_width": 4,
        "visible_bounds_height": 4.5,
        "visible_bounds_offset": [
          0,
          1.75,
          0
        ]
      },
      "bones": [
        {
          "name": "Root"
        },
        {
          "name": "Body",
          "pivot": [
            0.0003,
            22.87429,
            -0.03267
          ],
          "cubes": [
            {
              "origin": [
                -2.0,
                39.0,
                -2.0
              ],
              "size": [
                4.0,
                4.0,
                4.0
              ],
              "uv": [
                59,
                21
              ],
              "inflate": 0
            },
            {
              "origin": [
                -3.9988,
                33.99715,
                -3.13067
              ],
              "size": [
                8.0,
                7.0,
                6.0
              ],
              "pivot": [
                0.0012,
                37.49715,
                -0.13067
              ],
              "rotation": [
                2.49642,
                0.13121,
                0.02861
              ],
              "uv": [
                0,
                16
              ],
              "inflate": 0
            },
            {
              "origin": [
                -1.9988,
                32.99715,
                -4.13067
              ],
              "size": [
                6.0,
                6.0,
                6.0
              ],
              "pivot": [
                2.0012,
                33.99715,
                -1.13067
              ],
              "rotation": [
                5.22386,
                6.70861,
                17.34826
              ],
              "uv": [
                0,
                32
              ],
              "inflate": 0
            },
            {
              "origin": [
                -0.9988,
                36.5,
                -0.13067
              ],
              "size": [
                5.0,
                5.0,
                5.0
              ],
              "pivot": [
                1.5012,
                0.0,
                3.36933
              ],
              "rotation": [
                0.0,
                20.0,
                0.0
              ],
              "uv": [
                32,
                0
              ],
              "inflate": 0
            },
            {
              "origin": [
                -3.5,
                25.0,
                -2.5
              ],
              "size": [
                7.0,
                9.0,
                5.0
              ],
              "uv": [
                23,
                24
              ],
              "inflate": 0
            },
            {
              "origin": [
                -4.5,
                27.0,
                -3.5
              ],
              "size": [
                4.0,
                4.0,
                3.0
              ],
              "pivot": [
                -2.5,
                29.0,
                -2.0
              ],
              "rotation": [
                0.0,
                10.0,
                10.0
              ],
              "uv": [
                30,
                38
              ],
              "inflate": 0
            },
            {
              "origin": [
                -0.5,
                27.0,
                0.5
              ],
              "size": [
                4.0,
                4.0,
                4.0
              ],
              "pivot": [
                -2.5,
                29.0,
                -2.0
              ],
              "rotation": [
                0.0,
                10.0,
                10.0
              ],
              "uv": [
                56,
                13
              ],
              "inflate": 0
            },
            {
              "origin": [
                -4.0,
                22.0,
                -3.0
              ],
              "size": [
                8.0,
                3.0,
                6.0
              ],
              "uv": [
                26,
                10
              ],
              "inflate": 0
            }
          ],
          "parent": "Root",
          "locators": {}
        },
        {
          "name": "Head",
          "pivot": [
            0,
            43,
            0
          ],
          "cubes": [
            {
              "origin": [
                -4.0,
                42.0,
                -4.0
              ],
              "size": [
                8.0,
                8.0,
                8.0
              ],
              "uv": [
                0,
                0
              ],
              "inflate": 0
            },
            {
              "origin": [
                1.0,
                47.0,
                -4.0
              ],
              "size": [
                4.0,
                4.0,
                4.0
              ],
              "pivot": [
                3.0,
                49.0,
                -3.0
              ],
              "rotation": [
                0.0,
                10.0,
                17.5
              ],
              "uv": [
                58,
                41
              ],
              "inflate": 0
            },
            {
              "origin": [
                -4.74766,
                43.42085,
                -4.60747
              ],
              "size": [
                4.0,
                4.0,
                4.0
              ],
              "pivot": [
                -2.74766,
                45.42085,
                -2.60747
              ],
              "rotation": [
                0.6447,
                -10.73421,
                -7.82157
              ],
              "uv": [
                0,
                57
              ],
              "inflate": 0
            },
            {
              "origin": [
                -3.74766,
                45.48824,
                1.36965
              ],
              "size": [
                4.0,
                4.0,
                4.0
              ],
              "pivot": [
                -1.74766,
                47.48824,
                3.36965
              ],
              "rotation": [
                -6.46924,
                13.57726,
                -28.18604
              ],
              "uv": [
                56,
                56
              ],
              "inflate": 0
            }
          ],
          "parent": "Body"
        },
        {
          "name": "Rightarm",
          "pivot": [
            -5.5,
            40,
            0
          ],
          "cubes": [
            {
              "origin": [
                -7.0,
                31.0,
                -1.5
              ],
              "size": [
                3.0,
                10.0,
                3.0
              ],
              "uv": [
                52,
                0
              ],
              "inflate": 0
            },
            {
              "origin": [
                -8.0,
                34.0,
                -0.5
              ],
              "size": [
                3.0,
                3.0,
                3.0
              ],
              "pivot": [
                -6.5,
                35.5,
                1.0
              ],
              "rotation": [
                0.0,
                30.0,
                -20.0
              ],
              "uv": [
                40,
                60
              ],
              "inflate": 0
            },
            {
              "origin": [
                -8.0,
                39.0,
                -2.5
              ],
              "size": [
                3.0,
                3.0,
                3.0
              ],
              "pivot": [
                -6.5,
                40.5,
                -1.0
              ],
              "rotation": [
                0.0,
                0.0,
                32.5
              ],
              "uv": [
                60,
                49
              ],
              "inflate": 0
            }
          ],
          "parent": "Body"
        },
        {
          "name": "bone",
          "pivot": [
            -5.5,
            30,
            0
          ],
          "cubes": [
            {
              "origin": [
                -7.0,
                21.0,
                -1.5
              ],
              "size": [
                3.0,
                10.0,
                3.0
              ],
              "uv": [
                50,
                32
              ],
              "inflate": 0
            },
            {
              "origin": [
                -8.0,
                26.0,
                -2.5
              ],
              "size": [
                3.0,
                4.0,
                3.0
              ],
              "pivot": [
                -6.5,
                28.0,
                -1.0
              ],
              "rotation": [
                -7.5,
                0.0,
                -30.0
              ],
              "uv": [
                16,
                60
              ],
              "inflate": 0
            }
          ],
          "parent": "Rightarm"
        },
        {
          "name": "bone2",
          "pivot": [
            -5.15526,
            22.02306,
            0
          ],
          "cubes": [
            {
              "origin": [
                -7.24014,
                17.80726,
                -1.5
              ],
              "size": [
                2.0,
                4.0,
                3.0
              ],
              "pivot": [
                -6.24014,
                19.80726,
                0.0
              ],
              "rotation": [
                0.0,
                0.0,
                12.5
              ],
              "uv": [
                64,
                0
              ],
              "inflate": 0
            },
            {
              "origin": [
                -4.8759,
                18.97104,
                -1.98972
              ],
              "size": [
                1.0,
                3.0,
                1.0
              ],
              "pivot": [
                -4.3759,
                20.47104,
                -1.48972
              ],
              "rotation": [
                -20.0,
                0.0,
                -15.0
              ],
              "uv": [
                3,
                3
              ],
              "inflate": 0
            },
            {
              "origin": [
                -4.39591,
                17.67967,
                -2.03959
              ],
              "size": [
                1.0,
                2.0,
                1.0
              ],
              "pivot": [
                -3.89591,
                18.67967,
                -1.53959
              ],
              "rotation": [
                30.0,
                0.0,
                -15.0
              ],
              "uv": [
                0,
                16
              ],
              "inflate": 0
            },
            {
              "origin": [
                -7.10908,
                15.63427,
                -1.5
              ],
              "size": [
                2.0,
                3.0,
                3.0
              ],
              "pivot": [
                -6.10908,
                17.13427,
                0.0
              ],
              "rotation": [
                0.0,
                0.0,
                -25.0
              ],
              "uv": [
                59,
                64
              ],
              "inflate": 0
            }
          ],
          "parent": "bone"
        },
        {
          "name": "Leftarm",
          "pivot": [
            5.5,
            40,
            0
          ],
          "cubes": [
            {
              "origin": [
                4.0,
                31.0,
                -1.5
              ],
              "size": [
                3.0,
                10.0,
                3.0
              ],
              "uv": [
                48,
                47
              ],
              "inflate": 0
            },
            {
              "origin": [
                5.0,
                38.0,
                -2.5
              ],
              "size": [
                3.0,
                2.0,
                3.0
              ],
              "pivot": [
                6.5,
                39.0,
                -1.0
              ],
              "rotation": [
                0.0,
                0.0,
                -22.5
              ],
              "uv": [
                24,
                0
              ],
              "inflate": 0
            },
            {
              "origin": [
                5.41551,
                33.88374,
                -0.5
              ],
              "size": [
                3.0,
                3.0,
                3.0
              ],
              "pivot": [
                6.91551,
                35.38374,
                1.0
              ],
              "rotation": [
                -3.72553,
                -7.37169,
                19.46711
              ],
              "uv": [
                62,
                35
              ],
              "inflate": 0
            }
          ],
          "parent": "Body"
        },
        {
          "name": "bone3",
          "pivot": [
            5.5,
            30,
            0
          ],
          "cubes": [
            {
              "origin": [
                4.0,
                21.0,
                -1.5
              ],
              "size": [
                3.0,
                10.0,
                3.0
              ],
              "uv": [
                36,
                47
              ],
              "inflate": 0
            }
          ],
          "parent": "Leftarm"
        },
        {
          "name": "bone4",
          "pivot": [
            5.15526,
            22.02306,
            0
          ],
          "cubes": [
            {
              "origin": [
                5.24014,
                17.80726,
                -1.5
              ],
              "size": [
                2.0,
                4.0,
                3.0
              ],
              "pivot": [
                6.24014,
                19.80726,
                0.0
              ],
              "rotation": [
                0.0,
                0.0,
                -12.5
              ],
              "uv": [
                49,
                63
              ],
              "inflate": 0
            },
            {
              "origin": [
                3.8759,
                18.97104,
                -1.98972
              ],
              "size": [
                1.0,
                3.0,
                1.0
              ],
              "pivot": [
                4.3759,
                20.47104,
                -1.48972
              ],
              "rotation": [
                -20.0,
                0.0,
                15.0
              ],
              "uv": [
                0,
                0
              ],
              "inflate": 0
            },
            {
              "origin": [
                3.39591,
                17.67967,
                -2.03959
              ],
              "size": [
                1.0,
                2.0,
                1.0
              ],
              "pivot": [
                3.89591,
                18.67967,
                -1.53959
              ],
              "rotation": [
                30.0,
                0.0,
                15.0
              ],
              "uv": [
                4,
                0
              ],
              "inflate": 0
            },
            {
              "origin": [
                5.10908,
                15.63427,
                -1.5
              ],
              "size": [
                2.0,
                3.0,
                3.0
              ],
              "pivot": [
                6.10908,
                17.13427,
                0.0
              ],
              "rotation": [
                0.0,
                0.0,
                25.0
              ],
              "uv": [
                64,
                7
              ],
              "inflate": 0
            }
          ],
          "parent": "bone3"
        },
        {
          "name": "Rightleg",
          "pivot": [
            -2.5,
            22,
            0
          ],
          "cubes": [
            {
              "origin": [
                -4.0,
                12.0,
                -1.5
              ],
              "size": [
                3.0,
                10.0,
                3.0
              ],
              "uv": [
                24,
                47
              ],
              "inflate": 0
            },
            {
              "origin": [
                -5.0,
                13.0,
                -2.5
              ],
              "size": [
                3.0,
                3.0,
                3.0
              ],
              "pivot": [
                -3.5,
                14.5,
                -1.0
              ],
              "rotation": [
                -1.24855,
                -4.32811,
                -16.86758
              ],
              "uv": [
                28,
                60
              ],
              "inflate": 0
            },
            {
              "origin": [
                -3.43568,
                17.6076,
                -0.19286
              ],
              "size": [
                3.0,
                3.0,
                3.0
              ],
              "pivot": [
                -1.93568,
                19.1076,
                1.30714
              ],
              "rotation": [
                -2.79968,
                18.83529,
                2.09642
              ],
              "uv": [
                59,
                29
              ],
              "inflate": 0
            }
          ],
          "parent": "Root"
        },
        {
          "name": "bone5",
          "pivot": [
            -2.5,
            12,
            0
          ],
          "cubes": [
            {
              "origin": [
                -4.0,
                2.0,
                -1.5
              ],
              "size": [
                3.0,
                10.0,
                3.0
              ],
              "uv": [
                47,
                19
              ],
              "inflate": 0
            }
          ],
          "parent": "Rightleg"
        },
        {
          "name": "bone6",
          "pivot": [
            -2.5,
            2,
            0
          ],
          "cubes": [
            {
              "origin": [
                -4.0,
                0.0,
                -5.5
              ],
              "size": [
                3.0,
                2.0,
                7.0
              ],
              "uv": [
                37,
                38
              ],
              "inflate": 0
            }
          ],
          "parent": "bone5"
        },
        {
          "name": "Leftleg",
          "pivot": [
            2.5,
            22,
            0
          ],
          "cubes": [
            {
              "origin": [
                1.0,
                12.0,
                -1.5
              ],
              "size": [
                3.0,
                10.0,
                3.0
              ],
              "uv": [
                12,
                47
              ],
              "inflate": 0
            },
            {
              "origin": [
                0.0,
                16.0,
                -2.5
              ],
              "size": [
                3.0,
                3.0,
                2.0
              ],
              "pivot": [
                1.5,
                17.5,
                -1.5
              ],
              "rotation": [
                -11.6091,
                38.46704,
                -19.28381
              ],
              "uv": [
                28,
                19
              ],
              "inflate": 0
            }
          ],
          "parent": "Root"
        },
        {
          "name": "bone7",
          "pivot": [
            2.5,
            12,
            0
          ],
          "cubes": [
            {
              "origin": [
                1.0,
                2.0,
                -1.5
              ],
              "size": [
                3.0,
                10.0,
                3.0
              ],
              "uv": [
                0,
                44
              ],
              "inflate": 0
            }
          ],
          "parent": "Leftleg"
        },
        {
          "name": "bone8",
          "pivot": [
            2.5,
            2,
            0
          ],
          "cubes": [
            {
              "origin": [
                1.0,
                0.0,
                -5.5
              ],
              "size": [
                3.0,
                2.0,
                7.0
              ],
              "uv": [
                17,
                38
              ],
              "inflate": 0
            }
          ],
          "parent": "bone7"
        }
      ]
    }
  ]
}