{
  "format_version": "1.10.0",
  "geometry.yg_halt": {
    "texturewidth": 128,
    "textureheight": 128,
    "visible_bounds_width": 3,
    "visible_bounds_height": 4,
    "visible_bounds_offset": [
      0,
      2,
      0
    ],
    "bones": [
      {
        "name": "Root",
        "cubes": [
          {
            "origin": [
              -10.0,
              17.0,
              -16.0
            ],
            "size": [
              19.0,
              15.0,
              0.0
            ],
            "uv": [
              0,
              71
            ],
            "inflate": 0
          }
        ]
      },
      {
        "name": "Halt",
        "pivot": [
          0,
          23,
          0
        ],
        "cubes": [
          {
            "origin": [
              -3.0,
              0.0,
              -3.0
            ],
            "size": [
              6.0,
              6.0,
              6.0
            ],
            "uv": [
              56,
              80
            ],
            "inflate": 0
          },
          {
            "origin": [
              -3.0,
              42.0,
              -3.0
            ],
            "size": [
              6.0,
              6.0,
              6.0
            ],
            "uv": [
              38,
              70
            ],
            "inflate": 0
          },
          {
            "origin": [
              -5.0,
              7.0,
              -5.0
            ],
            "size": [
              10.0,
              4.0,
              10.0
            ],
            "uv": [
              62,
              66
            ],
            "inflate": 0
          },
          {
            "origin": [
              -5.0,
              37.0,
              -5.0
            ],
            "size": [
              10.0,
              4.0,
              10.0
            ],
            "uv": [
              66,
              0
            ],
            "inflate": 0
          },
          {
            "origin": [
              -7.0,
              12.0,
              -7.0
            ],
            "size": [
              14.0,
              4.0,
              14.0
            ],
            "uv": [
              54,
              48
            ],
            "inflate": 0
          },
          {
            "origin": [
              -7.0,
              32.0,
              -7.0
            ],
            "size": [
              14.0,
              4.0,
              14.0
            ],
            "uv": [
              54,
              26
            ],
            "inflate": 0
          },
          {
            "origin": [
              -9.0,
              17.0,
              -9.0
            ],
            "size": [
              18.0,
              4.0,
              18.0
            ],
            "uv": [
              0,
              48
            ],
            "inflate": 0
          },
          {
            "origin": [
              -9.0,
              27.0,
              -9.0
            ],
            "size": [
              18.0,
              4.0,
              18.0
            ],
            "uv": [
              0,
              26
            ],
            "inflate": 0
          },
          {
            "origin": [
              -11.0,
              22.0,
              -11.0
            ],
            "size": [
              22.0,
              4.0,
              22.0
            ],
            "uv": [
              0,
              0
            ],
            "inflate": 0
          }
        ],
        "parent": "Root"
      }
    ]
  }
}