{
  "format_version":"1.16.100",
  "animation_controllers":{
    "controller.animation.kaizoku_toritori":{
      "states":{
        "default":{
          "transitions":[
            {"1":"!query.has_target && !query.is_in_water"}
          ]
        },
        "1":{
          "transitions":[
            {"default":"(1.0)"}
          ],
          "on_entry":[
            "/execute @s ~~~ effect @e[r=1] regeneration 1 3 true",
            "/execute @s ~~~ particle minecraft:blue_flame_particle ~1~~",
            "/execute @s ~~~ particle minecraft:blue_flame_particle ~~~1",
            "/execute @s ~~~ particle minecraft:blue_flame_particle ~-1~~",
            "/execute @s ~~~ particle minecraft:blue_flame_particle ~~~-1",
            "/execute @s ~~~ particle minecraft:blue_flame_particle ~1~~1",
            "/execute @s ~~~ particle minecraft:blue_flame_particle ~-1~~-1",
            "/execute @s ~~~ particle minecraft:blue_flame_particle ~-1~~1",
            "/execute @s ~~~ particle minecraft:blue_flame_particle ~1~~-1",
            "/execute @s ~~~ particle minecraft:blue_flame_particle ~1~1~1",
            "/execute @s ~~~ particle minecraft:blue_flame_particle ~-1~1~-1",
            "/execute @s ~~~ particle minecraft:blue_flame_particle ~-1~1~1",
            "/execute @s ~~~ particle minecraft:blue_flame_particle ~1~1~-1",
            "/execute @s ~~~ particle minecraft:blue_flame_particle ~1~1~",
            "/execute @s ~~~ particle minecraft:blue_flame_particle ~~1~1",
            "/execute @s ~~~ particle minecraft:blue_flame_particle ~-1~1~",
            "/execute @s ~~~ particle minecraft:blue_flame_particle ~~1~-1"
          ]
        }
      }
    }
  }
}