{
  "format_version":"1.16.100",
  "animation_controllers":{
    "controller.animation.kaizoku_meramera":{
      "states":{
        "default":{
          "transitions":[
            {"1":"query.has_target"}
          ]
        },
        "1":{
          "transitions":[
            {"default":"variable.time = (variable.time ?? 0);variable.time = variable.time < 60 ? variable.time + 1:0;return variable.time == 0;"}
          ],
          "on_entry":[
            "/fill ~-1~~-1 ~1~~1 fire 0 replace air"
          ]
        }
      }
    }
  }
}