{
	"format_version": "1.12.0",
	"minecraft:geometry": [
		{
			"description": {
				"identifier": "geometry.alvida",
				"texture_width": 64,
				"texture_height": 64,
				"visible_bounds_width": 3,
				"visible_bounds_height": 4.5,
				"visible_bounds_offset": [0, 0.75, 0]
			},
			"bones": [
				{
					"name": "root",
					"pivot": [0, 0, 0]
				},
				{
					"name": "tudo",
					"parent": "root",
					"pivot": [0, 9.5, 0]
				},
				{
					"name": "waist",
					"parent": "tudo",
					"pivot": [0, 10, 0]
				},
				{
					"name": "body",
					"parent": "waist",
					"pivot": [0, 26, 0],
					"cubes": [
						{
							"origin": [-6.5, 23, -3],
							"size": [13, 3, 6],
							"uv": {
								"north": {"uv": [20, 20], "uv_size": [8, 3]},
								"east": {"uv": [16, 20], "uv_size": [4, 3]},
								"south": {"uv": [32, 20], "uv_size": [8, 3]},
								"west": {"uv": [28, 20], "uv_size": [4, 3]},
								"up": {"uv": [20, 16], "uv_size": [8, 4]},
								"down": {"uv": [20, 20], "uv_size": [8, -4]}
							}
						},
						{
							"origin": [-7.5, 11, -4],
							"size": [15, 8, 8],
							"uv": {
								"north": {"uv": [20, 26], "uv_size": [8, 6]},
								"east": {"uv": [16, 20], "uv_size": [4, 12]},
								"south": {"uv": [32, 20], "uv_size": [8, 12]},
								"west": {"uv": [28, 20], "uv_size": [4, 12]},
								"up": {"uv": [20, 16], "uv_size": [8, 10]},
								"down": {"uv": [20, 20], "uv_size": [8, -4]}
							}
						},
						{
							"origin": [-6, 9, -3],
							"size": [12, 2, 6],
							"uv": {
								"north": {"uv": [28, 16], "uv_size": [8, 4]},
								"east": {"uv": [28, 16], "uv_size": [8, 4]},
								"south": {"uv": [28, 16], "uv_size": [8, 4]},
								"west": {"uv": [28, 16], "uv_size": [8, 4]},
								"up": {"uv": [36, 20], "uv_size": [-8, -4]},
								"down": {"uv": [36, 20], "uv_size": [-8, -4]}
							}
						},
						{
							"origin": [-7, 19, -3.5],
							"size": [14, 4, 7],
							"uv": {
								"north": {"uv": [20, 23], "uv_size": [8, 3]},
								"east": {"uv": [16, 20], "uv_size": [4, 12]},
								"south": {"uv": [32, 20], "uv_size": [8, 12]},
								"west": {"uv": [28, 20], "uv_size": [4, 12]},
								"up": {"uv": [20, 16], "uv_size": [8, 7]},
								"down": {"uv": [20, 20], "uv_size": [8, -4]}
							}
						}
					]
				},
				{
					"name": "head",
					"parent": "body",
					"pivot": [0, 26, 0],
					"cubes": [
						{
							"origin": [-4.5, 26, -3.5],
							"size": [9, 8, 7],
							"uv": {
								"north": {"uv": [8, 8], "uv_size": [8, 8]},
								"east": {"uv": [0, 8], "uv_size": [8, 8]},
								"south": {"uv": [24, 8], "uv_size": [8, 8]},
								"west": {"uv": [16, 8], "uv_size": [8, 8]},
								"up": {"uv": [8, 0], "uv_size": [8, 8]},
								"down": {"uv": [16, 8], "uv_size": [8, -8]}
							}
						}
					]
				},
				{
					"name": "hat",
					"parent": "head",
					"pivot": [0, 26, 0],
					"cubes": [
						{
							"origin": [-4.5, 26, -3.5],
							"size": [9, 8, 7],
							"inflate": 0.25,
							"uv": {
								"north": {"uv": [40, 8], "uv_size": [8, 8]},
								"east": {"uv": [32, 8], "uv_size": [8, 8]},
								"south": {"uv": [56, 8], "uv_size": [8, 8]},
								"west": {"uv": [48, 8], "uv_size": [8, 8]},
								"up": {"uv": [40, 0], "uv_size": [8, 8]},
								"down": {"uv": [48, 8], "uv_size": [8, -8]}
							}
						}
					]
				},
				{
					"name": "rightA",
					"parent": "body",
					"pivot": [-8, 26, 0]
				},
				{
					"name": "rightArm",
					"parent": "rightA",
					"pivot": [-7, 24, 0.5],
					"cubes": [
						{
							"origin": [-11, 20, -2.5],
							"size": [5, 6, 5],
							"uv": {
								"north": {"uv": [44, 20], "uv_size": [4, 6]},
								"east": {"uv": [40, 20], "uv_size": [4, 6]},
								"south": {"uv": [52, 20], "uv_size": [4, 6]},
								"west": {"uv": [48, 20], "uv_size": [4, 6]},
								"up": {"uv": [44, 16], "uv_size": [4, 4]},
								"down": {"uv": [48, 20], "uv_size": [4, -4]}
							}
						}
					],
					"locators": {
						"rightarm": [-7, 26, 0.5]
					}
				},
				{
					"name": "rightArm2",
					"parent": "rightArm",
					"pivot": [-7, 20, 2.5],
					"cubes": [
						{
							"origin": [-11, 14, -2.5],
							"size": [5, 6, 5],
							"uv": {
								"north": {"uv": [44, 26], "uv_size": [4, 6]},
								"east": {"uv": [40, 26], "uv_size": [4, 6]},
								"south": {"uv": [52, 26], "uv_size": [4, 6]},
								"west": {"uv": [48, 26], "uv_size": [4, 6]},
								"up": {"uv": [48, 16], "uv_size": [4, 4]},
								"down": {"uv": [48, 20], "uv_size": [4, -4]}
							}
						}
					],
					"locators": {
						"rightarm2": [-7, 22, 2.5]
					}
				},
				{
					"name": "rightPunch",
					"parent": "rightArm2",
					"pivot": [-8, 17.875, 0.5],
					"cubes": [
						{
							"origin": [-11.125, 13.875, -2.625],
							"size": [5.25, 4, 5.25],
							"uv": {
								"north": {"uv": [44, 28], "uv_size": [4, 4]},
								"east": {"uv": [40, 28], "uv_size": [4, 4]},
								"south": {"uv": [52, 28], "uv_size": [4, 4]},
								"west": {"uv": [48, 28], "uv_size": [4, 4]},
								"up": {"uv": [48, 16], "uv_size": [4, 4]},
								"down": {"uv": [48, 20], "uv_size": [4, -4]}
							}
						}
					]
				},
				{
					"name": "rightSleeve2",
					"parent": "rightArm2",
					"pivot": [-7, 20, 0.5],
					"cubes": [
						{
							"origin": [-11, 14, -2.5],
							"size": [5, 6, 5],
							"inflate": 0.2,
							"uv": {
								"north": {"uv": [44, 42], "uv_size": [4, 6]},
								"east": {"uv": [40, 42], "uv_size": [4, 6]},
								"south": {"uv": [52, 42], "uv_size": [4, 6]},
								"west": {"uv": [48, 42], "uv_size": [4, 6]},
								"up": {"uv": [44, 38], "uv_size": [4, 4]},
								"down": {"uv": [48, 36], "uv_size": [4, -4]}
							}
						}
					]
				},
				{
					"name": "rightItem",
					"parent": "rightArm2",
					"pivot": [-8, 17, 1.5]
				},
				{
					"name": "clava",
					"parent": "rightArm2",
					"pivot": [-7.5, 15.5, -2]
				},
				{
					"name": "rightSleeve",
					"parent": "rightArm",
					"pivot": [-7, 24, 0.5],
					"cubes": [
						{
							"origin": [-11, 20, -2.5],
							"size": [5, 6, 5],
							"inflate": 0.2,
							"uv": {
								"north": {"uv": [44, 36], "uv_size": [4, 6]},
								"east": {"uv": [40, 36], "uv_size": [4, 6]},
								"south": {"uv": [52, 36], "uv_size": [4, 6]},
								"west": {"uv": [48, 36], "uv_size": [4, 6]},
								"up": {"uv": [44, 32], "uv_size": [4, 4]},
								"down": {"uv": [48, 36], "uv_size": [4, -4]}
							}
						}
					]
				},
				{
					"name": "leftA",
					"parent": "body",
					"pivot": [8, 26, 0]
				},
				{
					"name": "leftArm",
					"parent": "leftA",
					"pivot": [7, 24, 0.5],
					"cubes": [
						{
							"origin": [6, 20, -2.5],
							"size": [5, 6, 5],
							"uv": {
								"north": {"uv": [36, 52], "uv_size": [4, 6]},
								"east": {"uv": [32, 52], "uv_size": [4, 6]},
								"south": {"uv": [44, 52], "uv_size": [4, 6]},
								"west": {"uv": [40, 52], "uv_size": [4, 6]},
								"up": {"uv": [36, 48], "uv_size": [4, 4]},
								"down": {"uv": [40, 52], "uv_size": [4, -4]}
							}
						}
					],
					"locators": {
						"leftarm": [7, 26, 0.5]
					}
				},
				{
					"name": "leftArm2",
					"parent": "leftArm",
					"pivot": [7, 20, 2.5],
					"cubes": [
						{
							"origin": [6, 14, -2.5],
							"size": [5, 6, 5],
							"uv": {
								"north": {"uv": [36, 58], "uv_size": [4, 6]},
								"east": {"uv": [32, 58], "uv_size": [4, 6]},
								"south": {"uv": [44, 58], "uv_size": [4, 6]},
								"west": {"uv": [40, 58], "uv_size": [4, 6]},
								"up": {"uv": [40, 48], "uv_size": [4, 4]},
								"down": {"uv": [40, 52], "uv_size": [4, -4]}
							}
						}
					],
					"locators": {
						"leftarm2": [7, 22, 2.5]
					}
				},
				{
					"name": "leftSleeve2",
					"parent": "leftArm2",
					"pivot": [7, 20, 0.5],
					"cubes": [
						{
							"origin": [6, 14, -2.5],
							"size": [5, 6, 5],
							"inflate": 0.2,
							"uv": {
								"north": {"uv": [52, 58], "uv_size": [4, 6]},
								"east": {"uv": [48, 58], "uv_size": [4, 6]},
								"south": {"uv": [60, 58], "uv_size": [4, 6]},
								"west": {"uv": [56, 58], "uv_size": [4, 6]},
								"up": {"uv": [52, 54], "uv_size": [4, 4]},
								"down": {"uv": [56, 52], "uv_size": [4, -4]}
							}
						}
					]
				},
				{
					"name": "leftPunch",
					"parent": "leftArm2",
					"pivot": [8, 17.875, 0.5],
					"cubes": [
						{
							"origin": [5.875, 13.875, -2.625],
							"size": [5.25, 4, 5.25],
							"uv": {
								"north": {"uv": [36, 60], "uv_size": [4, 4]},
								"east": {"uv": [32, 60], "uv_size": [4, 4]},
								"south": {"uv": [44, 60], "uv_size": [4, 4]},
								"west": {"uv": [40, 60], "uv_size": [4, 4]},
								"up": {"uv": [40, 48], "uv_size": [4, 4]},
								"down": {"uv": [40, 52], "uv_size": [4, -4]}
							}
						}
					]
				},
				{
					"name": "leftSleeve",
					"parent": "leftArm",
					"pivot": [7, 24, 0.5],
					"cubes": [
						{
							"origin": [6, 20, -2.5],
							"size": [5, 6, 5],
							"inflate": 0.2,
							"uv": {
								"north": {"uv": [52, 52], "uv_size": [4, 6]},
								"east": {"uv": [48, 52], "uv_size": [4, 6]},
								"south": {"uv": [60, 52], "uv_size": [4, 6]},
								"west": {"uv": [56, 52], "uv_size": [4, 6]},
								"up": {"uv": [52, 48], "uv_size": [4, 4]},
								"down": {"uv": [56, 52], "uv_size": [4, -4]}
							}
						}
					]
				},
				{
					"name": "rightleg",
					"parent": "tudo",
					"pivot": [-1.9, 9, 0],
					"cubes": [
						{
							"origin": [-5, 5, -2.5],
							"size": [5, 4, 5],
							"uv": {
								"north": {"uv": [4, 20], "uv_size": [4, 6]},
								"east": {"uv": [0, 20], "uv_size": [4, 6]},
								"south": {"uv": [12, 20], "uv_size": [4, 6]},
								"west": {"uv": [8, 20], "uv_size": [4, 6]},
								"up": {"uv": [4, 16], "uv_size": [4, 4]},
								"down": {"uv": [8, 24], "uv_size": [4, -4]}
							}
						}
					],
					"locators": {
						"rightleg": [-1.9, 13.5, 0]
					}
				},
				{
					"name": "rightLeg2",
					"parent": "rightleg",
					"pivot": [-1.9, 5, -1.5],
					"cubes": [
						{
							"origin": [-4, 0, -1.5],
							"size": [3, 5, 3],
							"uv": {
								"north": {"uv": [4, 26], "uv_size": [4, 6]},
								"east": {"uv": [0, 26], "uv_size": [4, 6]},
								"south": {"uv": [12, 26], "uv_size": [4, 6]},
								"west": {"uv": [8, 26], "uv_size": [4, 6]},
								"up": {"uv": [4, 22], "uv_size": [4, 4]},
								"down": {"uv": [8, 20], "uv_size": [4, -4]}
							}
						},
						{
							"origin": [-4.5, 0, -4],
							"size": [4, 1.5, 5.5],
							"uv": {
								"north": {"uv": [4, 30], "uv_size": [4, 2]},
								"east": {"uv": [0, 30], "uv_size": [4, 2]},
								"south": {"uv": [12, 30], "uv_size": [4, 2]},
								"west": {"uv": [8, 30], "uv_size": [4, 2]},
								"up": {"uv": [4, 30], "uv_size": [4, 2]},
								"down": {"uv": [8, 20], "uv_size": [4, -4]}
							}
						}
					],
					"locators": {
						"rightleg2": [-1.9, 7.5, -2]
					}
				},
				{
					"name": "rightPants2",
					"parent": "rightLeg2",
					"pivot": [-1.9, 5, -1.5],
					"cubes": [
						{
							"origin": [-4, 0, -1.5],
							"size": [3, 5, 3],
							"inflate": 0.2,
							"uv": {
								"north": {"uv": [4, 42], "uv_size": [4, 6]},
								"east": {"uv": [0, 42], "uv_size": [4, 6]},
								"south": {"uv": [12, 42], "uv_size": [4, 6]},
								"west": {"uv": [8, 42], "uv_size": [4, 6]},
								"up": {"uv": [4, 38], "uv_size": [4, 4]},
								"down": {"uv": [8, 36], "uv_size": [4, -4]}
							}
						}
					]
				},
				{
					"name": "rightPants",
					"parent": "rightleg",
					"pivot": [-1.9, 9, 0],
					"cubes": [
						{
							"origin": [-5, 5, -2.5],
							"size": [5, 4, 5],
							"inflate": 0.2,
							"uv": {
								"north": {"uv": [4, 36], "uv_size": [4, 6]},
								"east": {"uv": [0, 36], "uv_size": [4, 6]},
								"south": {"uv": [12, 36], "uv_size": [4, 6]},
								"west": {"uv": [8, 36], "uv_size": [4, 6]},
								"up": {"uv": [4, 32], "uv_size": [4, 4]},
								"down": {"uv": [8, 36], "uv_size": [4, -4]}
							}
						}
					]
				},
				{
					"name": "leftLeg",
					"parent": "tudo",
					"pivot": [1.9, 9, 0],
					"cubes": [
						{
							"origin": [0, 5, -2.5],
							"size": [5, 4, 5],
							"uv": {
								"north": {"uv": [20, 52], "uv_size": [4, 6]},
								"east": {"uv": [16, 52], "uv_size": [4, 6]},
								"south": {"uv": [28, 52], "uv_size": [4, 6]},
								"west": {"uv": [24, 52], "uv_size": [4, 6]},
								"up": {"uv": [20, 48], "uv_size": [4, 4]},
								"down": {"uv": [24, 56], "uv_size": [4, -4]}
							}
						}
					],
					"locators": {
						"leftleg": [1.9, 13.5, 0]
					}
				},
				{
					"name": "leftLeg2",
					"parent": "leftLeg",
					"pivot": [1.9, 5, -1.5],
					"cubes": [
						{
							"origin": [1, 0, -1.5],
							"size": [3, 5, 3],
							"uv": {
								"north": {"uv": [20, 58], "uv_size": [4, 6]},
								"east": {"uv": [16, 58], "uv_size": [4, 6]},
								"south": {"uv": [28, 58], "uv_size": [4, 6]},
								"west": {"uv": [24, 58], "uv_size": [4, 6]},
								"up": {"uv": [20, 54], "uv_size": [4, 4]},
								"down": {"uv": [24, 52], "uv_size": [4, -4]}
							}
						},
						{
							"origin": [0.5, 0, -4],
							"size": [4, 1.5, 5.5],
							"uv": {
								"north": {"uv": [8, 30], "uv_size": [-4, 2]},
								"east": {"uv": [12, 30], "uv_size": [-4, 2]},
								"south": {"uv": [16, 30], "uv_size": [-4, 2]},
								"west": {"uv": [4, 30], "uv_size": [-4, 2]},
								"up": {"uv": [8, 30], "uv_size": [-4, 2]},
								"down": {"uv": [12, 20], "uv_size": [-4, -4]}
							}
						}
					],
					"locators": {
						"leftleg2": [1.9, 7.5, -2]
					}
				},
				{
					"name": "leftPants2",
					"parent": "leftLeg2",
					"pivot": [1.9, 5, -1.5],
					"cubes": [
						{
							"origin": [1, 0, -1.5],
							"size": [3, 5, 3],
							"inflate": 0.2,
							"uv": {
								"north": {"uv": [4, 58], "uv_size": [4, 6]},
								"east": {"uv": [0, 58], "uv_size": [4, 6]},
								"south": {"uv": [12, 58], "uv_size": [4, 6]},
								"west": {"uv": [8, 58], "uv_size": [4, 6]},
								"up": {"uv": [4, 54], "uv_size": [4, 4]},
								"down": {"uv": [8, 52], "uv_size": [4, -4]}
							}
						}
					]
				},
				{
					"name": "leftPants",
					"parent": "leftLeg",
					"pivot": [1.9, 9, 0],
					"cubes": [
						{
							"origin": [0, 5, -2.5],
							"size": [5, 4, 5],
							"inflate": 0.2,
							"uv": {
								"north": {"uv": [4, 52], "uv_size": [4, 6]},
								"east": {"uv": [0, 52], "uv_size": [4, 6]},
								"south": {"uv": [12, 52], "uv_size": [4, 6]},
								"west": {"uv": [8, 52], "uv_size": [4, 6]},
								"up": {"uv": [4, 48], "uv_size": [4, 4]},
								"down": {"uv": [8, 52], "uv_size": [4, -4]}
							}
						}
					]
				}
			]
		}
	]
}