{
	"format_version": "1.12.0",
	"minecraft:geometry": [
		{
			"description": {
				"identifier": "geometry.gorilla",
				"texture_width": 32,
				"texture_height": 32,
				"visible_bounds_width": 3,
				"visible_bounds_height": 3.5,
				"visible_bounds_offset": [0, 1.25, 0]
			},
			"bones": [
				{
					"name": "root",
					"pivot": [0, 0, 0]
				},
				{
					"name": "tudo",
					"parent": "root",
					"pivot": [0, 12, 0]
				},
				{
					"name": "waist",
					"parent": "tudo",
					"pivot": [0, 10, 0]
				},
				{
					"name": "body",
					"parent": "waist",
					"pivot": [0, 24, 0],
					"cubes": [
						{
							"origin": [-5, 5, -3],
							"size": [10, 6, 6],
							"uv": {
								"north": {"uv": [10, 13.5], "uv_size": [4, 2.5]},
								"east": {"uv": [8, 13.5], "uv_size": [2, 2.5]},
								"south": {"uv": [16, 13.5], "uv_size": [4, 2.5]},
								"west": {"uv": [14, 13.5], "uv_size": [2, 2.5]},
								"up": {"uv": [10, 13.5], "uv_size": [4, 0.5]},
								"down": {"uv": [14, 10], "uv_size": [4, -2]}
							}
						},
						{
							"origin": [-5.5, 11, -3.5],
							"size": [11, 3, 7],
							"uv": {
								"north": {"uv": [10, 12.5], "uv_size": [4, 1]},
								"east": {"uv": [8, 12.5], "uv_size": [2, 1]},
								"south": {"uv": [16, 12.5], "uv_size": [4, 1]},
								"west": {"uv": [14, 12.5], "uv_size": [2, 1]},
								"up": {"uv": [10, 12.5], "uv_size": [4, 0.5]},
								"down": {"uv": [10, 12], "uv_size": [4, -4]}
							}
						},
						{
							"origin": [-5, 22, -3.5],
							"size": [10, 1, 7],
							"uv": {
								"north": {"uv": [10, 10], "uv_size": [4, 0.5]},
								"east": {"uv": [8, 10], "uv_size": [2, 0.5]},
								"south": {"uv": [16, 10], "uv_size": [4, 0.5]},
								"west": {"uv": [14, 10], "uv_size": [2, 0.5]},
								"up": {"uv": [10, 8], "uv_size": [4, 2]},
								"down": {"uv": [14, 10], "uv_size": [4, -2]}
							}
						},
						{
							"origin": [-4, 23, -2.5],
							"size": [8, 1, 5],
							"uv": {
								"north": {"uv": [10, 10], "uv_size": [4, 0.5]},
								"east": {"uv": [8, 10], "uv_size": [2, 0.5]},
								"south": {"uv": [16, 10], "uv_size": [4, 0.5]},
								"west": {"uv": [14, 10], "uv_size": [2, 0.5]},
								"up": {"uv": [10, 8], "uv_size": [4, 2]},
								"down": {"uv": [14, 10], "uv_size": [4, -2]}
							}
						},
						{
							"origin": [-6, 14, -4],
							"size": [12, 8, 8],
							"uv": {
								"north": {"uv": [10, 10], "uv_size": [4, 2.5]},
								"east": {"uv": [8, 10], "uv_size": [2, 2.5]},
								"south": {"uv": [16, 10], "uv_size": [4, 2.5]},
								"west": {"uv": [14, 10], "uv_size": [2, 2.5]},
								"up": {"uv": [10, 8], "uv_size": [4, 2]},
								"down": {"uv": [10, 12], "uv_size": [4, -4]}
							}
						}
					]
				},
				{
					"name": "head",
					"parent": "body",
					"pivot": [0, 24, 0],
					"cubes": [
						{
							"origin": [-3, 24, -3],
							"size": [6, 6.5, 6],
							"uv": {
								"north": {"uv": [4, 4], "uv_size": [4, 4]},
								"east": {"uv": [0, 4], "uv_size": [4, 4]},
								"south": {"uv": [12, 4], "uv_size": [4, 4]},
								"west": {"uv": [8, 4], "uv_size": [4, 4]},
								"up": {"uv": [4, 0], "uv_size": [4, 4]},
								"down": {"uv": [8, 4], "uv_size": [4, -4]}
							}
						},
						{
							"origin": [-2.5, 25, -2.5],
							"size": [5, 6, 5.5],
							"uv": {
								"north": {"uv": [4, 4], "uv_size": [4, 4]},
								"east": {"uv": [0, 4], "uv_size": [4, 4]},
								"south": {"uv": [12, 4], "uv_size": [4, 4]},
								"west": {"uv": [8, 4], "uv_size": [4, 4]},
								"up": {"uv": [4, 0], "uv_size": [4, 4]},
								"down": {"uv": [8, 4], "uv_size": [4, -4]}
							}
						},
						{
							"origin": [-2, 25.5, -2],
							"size": [4, 6, 5.5],
							"uv": {
								"north": {"uv": [4, 4], "uv_size": [4, 4]},
								"east": {"uv": [0, 4], "uv_size": [4, 4]},
								"south": {"uv": [12, 4], "uv_size": [4, 4]},
								"west": {"uv": [8, 4], "uv_size": [4, 4]},
								"up": {"uv": [4, 0], "uv_size": [4, 4]},
								"down": {"uv": [8, 4], "uv_size": [4, -4]}
							}
						}
					]
				},
				{
					"name": "rightArm",
					"parent": "body",
					"pivot": [-5, 22, 0],
					"cubes": [
						{
							"origin": [-10.2, 18.1, -2.6],
							"size": [5.2, 5.2, 5.2],
							"uv": {
								"north": {"uv": [22, 10], "uv_size": [2, 1]},
								"east": {"uv": [20, 10], "uv_size": [2, 1]},
								"south": {"uv": [26, 10], "uv_size": [2, 1]},
								"west": {"uv": [24, 10], "uv_size": [2, 1]},
								"up": {"uv": [22, 8], "uv_size": [2, 2]},
								"down": {"uv": [22, 11], "uv_size": [2, -0.5]}
							}
						},
						{
							"origin": [-9.55, 11.6, -1.95],
							"size": [3.9, 6.5, 3.9],
							"uv": {
								"north": {"uv": [22, 11], "uv_size": [2, 2]},
								"east": {"uv": [20, 11], "uv_size": [2, 2]},
								"south": {"uv": [26, 11], "uv_size": [2, 2]},
								"west": {"uv": [24, 11], "uv_size": [2, 2]},
								"up": {"uv": [22, 11], "uv_size": [2, 0.5]},
								"down": {"uv": [22, 13], "uv_size": [2, -0.5]}
							}
						}
					]
				},
				{
					"name": "rightArm2",
					"parent": "rightArm",
					"pivot": [-7.6, 11.4, 1.95],
					"cubes": [
						{
							"origin": [-10.85, 1.85, -3.25],
							"size": [6.5, 7.8, 6.5],
							"uv": {
								"north": {"uv": [22, 13], "uv_size": [2, 2]},
								"east": {"uv": [20, 13], "uv_size": [2, 2]},
								"south": {"uv": [26, 13], "uv_size": [2, 2]},
								"west": {"uv": [24, 13], "uv_size": [2, 2]},
								"up": {"uv": [22, 13], "uv_size": [2, 0.5]},
								"down": {"uv": [22, 15], "uv_size": [2, -0.5]}
							}
						},
						{
							"origin": [-10.2, 1.2, -2.6],
							"size": [5.2, 0.65, 5.2],
							"uv": {
								"north": {"uv": [22, 15], "uv_size": [2, 0]},
								"east": {"uv": [20, 15], "uv_size": [2, 0]},
								"south": {"uv": [26, 15], "uv_size": [2, 0]},
								"west": {"uv": [24, 15], "uv_size": [2, 0]},
								"up": {"uv": [22, 8], "uv_size": [2, 2]},
								"down": {"uv": [24, 10], "uv_size": [2, -2]}
							}
						},
						{
							"origin": [-10.2, 9.65, -2.6],
							"size": [5.2, 1.15, 5.2],
							"uv": {
								"north": {"uv": [22, 13.5], "uv_size": [2, 0]},
								"east": {"uv": [20, 13.5], "uv_size": [2, 0]},
								"south": {"uv": [26, 13.5], "uv_size": [2, 0]},
								"west": {"uv": [24, 13.5], "uv_size": [2, 0]},
								"up": {"uv": [22, 13.5], "uv_size": [2, 0]},
								"down": {"uv": [22, 13.5], "uv_size": [2, 0]}
							}
						},
						{
							"origin": [-9.55, -0.1, -1.95],
							"size": [3.9, 1.95, 3.9],
							"pivot": [-7.6, 0.875, 0],
							"rotation": [0, 0, -7.5],
							"uv": {
								"north": {"uv": [22, 15], "uv_size": [2, 1]},
								"east": {"uv": [20, 15], "uv_size": [2, 1]},
								"south": {"uv": [26, 15], "uv_size": [2, 1]},
								"west": {"uv": [24, 15], "uv_size": [2, 1]},
								"up": {"uv": [22, 15], "uv_size": [2, 0.5]},
								"down": {"uv": [24, 10], "uv_size": [2, -2]}
							}
						},
						{
							"origin": [-9.55, 10.8, -1.95],
							"size": [3.9, 0.8, 3.9],
							"uv": {
								"north": {"uv": [22, 13], "uv_size": [2, 0]},
								"east": {"uv": [20, 13], "uv_size": [2, 0]},
								"south": {"uv": [26, 13], "uv_size": [2, 0]},
								"west": {"uv": [24, 13], "uv_size": [2, 0]},
								"up": {"uv": [22, 13], "uv_size": [2, 0]},
								"down": {"uv": [22, 13], "uv_size": [2, 0]}
							}
						}
					]
				},
				{
					"name": "leftArm",
					"parent": "body",
					"pivot": [5, 22, 0],
					"cubes": [
						{
							"origin": [5, 18.1, -2.6],
							"size": [5.2, 5.2, 5.2],
							"uv": {
								"north": {"uv": [24, 10], "uv_size": [-2, 1]},
								"east": {"uv": [26, 10], "uv_size": [-2, 1]},
								"south": {"uv": [28, 10], "uv_size": [-2, 1]},
								"west": {"uv": [22, 10], "uv_size": [-2, 1]},
								"up": {"uv": [24, 8], "uv_size": [-2, 2]},
								"down": {"uv": [24, 11], "uv_size": [-2, -0.5]}
							}
						},
						{
							"origin": [5.65, 11.6, -1.95],
							"size": [3.9, 6.5, 3.9],
							"uv": {
								"north": {"uv": [24, 11], "uv_size": [-2, 2]},
								"east": {"uv": [26, 11], "uv_size": [-2, 2]},
								"south": {"uv": [28, 11], "uv_size": [-2, 2]},
								"west": {"uv": [22, 11], "uv_size": [-2, 2]},
								"up": {"uv": [24, 11], "uv_size": [-2, 0.5]},
								"down": {"uv": [24, 13], "uv_size": [-2, -0.5]}
							}
						}
					]
				},
				{
					"name": "leftArm2",
					"parent": "leftArm",
					"pivot": [7.6, 11.4, 1.95],
					"cubes": [
						{
							"origin": [4.35, 1.85, -3.25],
							"size": [6.5, 7.8, 6.5],
							"uv": {
								"north": {"uv": [24, 13], "uv_size": [-2, 2]},
								"east": {"uv": [26, 13], "uv_size": [-2, 2]},
								"south": {"uv": [28, 13], "uv_size": [-2, 2]},
								"west": {"uv": [22, 13], "uv_size": [-2, 2]},
								"up": {"uv": [24, 13], "uv_size": [-2, 0.5]},
								"down": {"uv": [24, 15], "uv_size": [-2, -0.5]}
							}
						},
						{
							"origin": [5, 1.2, -2.6],
							"size": [5.2, 0.65, 5.2],
							"uv": {
								"north": {"uv": [24, 15], "uv_size": [-2, 0]},
								"east": {"uv": [26, 15], "uv_size": [-2, 0]},
								"south": {"uv": [28, 15], "uv_size": [-2, 0]},
								"west": {"uv": [22, 15], "uv_size": [-2, 0]},
								"up": {"uv": [24, 8], "uv_size": [-2, 2]},
								"down": {"uv": [26, 10], "uv_size": [-2, -2]}
							}
						},
						{
							"origin": [5, 9.65, -2.6],
							"size": [5.2, 1.15, 5.2],
							"uv": {
								"north": {"uv": [24, 13.5], "uv_size": [-2, 0]},
								"east": {"uv": [26, 13.5], "uv_size": [-2, 0]},
								"south": {"uv": [28, 13.5], "uv_size": [-2, 0]},
								"west": {"uv": [22, 13.5], "uv_size": [-2, 0]},
								"up": {"uv": [24, 13.5], "uv_size": [-2, 0]},
								"down": {"uv": [24, 13.5], "uv_size": [-2, 0]}
							}
						},
						{
							"origin": [5.65, -0.1, -1.95],
							"size": [3.9, 1.95, 3.9],
							"pivot": [7.6, 0.875, 0],
							"rotation": [0, 0, 7.5],
							"uv": {
								"north": {"uv": [24, 15], "uv_size": [-2, 1]},
								"east": {"uv": [26, 15], "uv_size": [-2, 1]},
								"south": {"uv": [28, 15], "uv_size": [-2, 1]},
								"west": {"uv": [22, 15], "uv_size": [-2, 1]},
								"up": {"uv": [24, 15], "uv_size": [-2, 0.5]},
								"down": {"uv": [26, 10], "uv_size": [-2, -2]}
							}
						},
						{
							"origin": [5.65, 10.8, -1.95],
							"size": [3.9, 0.8, 3.9],
							"uv": {
								"north": {"uv": [24, 13], "uv_size": [-2, 0]},
								"east": {"uv": [26, 13], "uv_size": [-2, 0]},
								"south": {"uv": [28, 13], "uv_size": [-2, 0]},
								"west": {"uv": [22, 13], "uv_size": [-2, 0]},
								"up": {"uv": [24, 13], "uv_size": [-2, 0]},
								"down": {"uv": [24, 13], "uv_size": [-2, 0]}
							}
						}
					]
				},
				{
					"name": "rightLeg",
					"parent": "tudo",
					"pivot": [-4, 10, 0],
					"cubes": [
						{
							"origin": [-6, 5.5, -2],
							"size": [4, 4.5, 4],
							"uv": {
								"north": {"uv": [2, 10], "uv_size": [2, 2.5]},
								"east": {"uv": [0, 10], "uv_size": [2, 2.5]},
								"south": {"uv": [6, 10], "uv_size": [2, 2.5]},
								"west": {"uv": [4, 10], "uv_size": [2, 2.5]},
								"up": {"uv": [2, 8], "uv_size": [2, 2]},
								"down": {"uv": [2, 12.5], "uv_size": [2, -0.5]}
							}
						}
					]
				},
				{
					"name": "rightLeg2",
					"parent": "rightLeg",
					"pivot": [-4, 5.5, -1.5],
					"cubes": [
						{
							"origin": [-5.5, 0, -1.5],
							"size": [3, 5.5, 3],
							"uv": {
								"north": {"uv": [2, 12.5], "uv_size": [2, 3.5]},
								"east": {"uv": [0, 12.5], "uv_size": [2, 3.5]},
								"south": {"uv": [6, 12.5], "uv_size": [2, 3.5]},
								"west": {"uv": [4, 12.5], "uv_size": [2, 3.5]},
								"up": {"uv": [2, 12.5], "uv_size": [2, 0.5]},
								"down": {"uv": [4, 10], "uv_size": [2, -2]}
							}
						}
					]
				},
				{
					"name": "leftLeg",
					"parent": "tudo",
					"pivot": [4, 10, 0],
					"cubes": [
						{
							"origin": [2, 5.5, -2],
							"size": [4, 4.5, 4],
							"uv": {
								"north": {"uv": [4, 10], "uv_size": [-2, 2.5]},
								"east": {"uv": [6, 10], "uv_size": [-2, 2.5]},
								"south": {"uv": [8, 10], "uv_size": [-2, 2.5]},
								"west": {"uv": [2, 10], "uv_size": [-2, 2.5]},
								"up": {"uv": [4, 8], "uv_size": [-2, 2]},
								"down": {"uv": [4, 12.5], "uv_size": [-2, -0.5]}
							}
						}
					]
				},
				{
					"name": "leftLeg2",
					"parent": "leftLeg",
					"pivot": [4, 5.5, -1.5],
					"cubes": [
						{
							"origin": [2.5, 0, -1.5],
							"size": [3, 5.5, 3],
							"uv": {
								"north": {"uv": [4, 12.5], "uv_size": [-2, 3.5]},
								"east": {"uv": [6, 12.5], "uv_size": [-2, 3.5]},
								"south": {"uv": [8, 12.5], "uv_size": [-2, 3.5]},
								"west": {"uv": [2, 12.5], "uv_size": [-2, 3.5]},
								"up": {"uv": [4, 12.5], "uv_size": [-2, 0.5]},
								"down": {"uv": [6, 10], "uv_size": [-2, -2]}
							}
						}
					]
				}
			]
		}
	]
}