{
	"format_version": "1.12.0",
	"minecraft:geometry": [
		{
			"description": {
				"identifier": "geometry.sea_beast_bear",
				"texture_width": 32,
				"texture_height": 32,
				"visible_bounds_width": 31,
				"visible_bounds_height": 22,
				"visible_bounds_offset": [0, 5, 0]
			},
			"bones": [
				{
					"name": "root",
					"pivot": [0, 0, 0]
				},
				{
					"name": "waist",
					"parent": "root",
					"pivot": [0, 64.8, 37.2]
				},
				{
					"name": "body",
					"parent": "waist",
					"pivot": [0, 70.8, -13.8],
					"cubes": [
						{
							"origin": [-48, 6, -7.8],
							"size": [96, 96, 105],
							"uv": {
								"north": {"uv": [2.95, 25.65], "uv_size": [3.5, 3.5]},
								"east": {"uv": [2.95, 25.65], "uv_size": [3.5, 3.5]},
								"south": {"uv": [2.95, 25.65], "uv_size": [3.5, 3.5]},
								"west": {"uv": [2.95, 25.65], "uv_size": [3.5, 3.5]},
								"up": {"uv": [6.45, 29.15], "uv_size": [-3.5, -3.5]},
								"down": {"uv": [6.45, 29.15], "uv_size": [-3.5, -3.5]}
							}
						},
						{
							"origin": [-42, 0, -1.8],
							"size": [84, 108, 93],
							"uv": {
								"north": {"uv": [2.95, 25.65], "uv_size": [3.5, 3.5]},
								"east": {"uv": [2.95, 25.65], "uv_size": [3.5, 3.5]},
								"south": {"uv": [2.95, 25.65], "uv_size": [3.5, 3.5]},
								"west": {"uv": [2.95, 25.65], "uv_size": [3.5, 3.5]},
								"up": {"uv": [6.45, 29.15], "uv_size": [-3.5, -3.5]},
								"down": {"uv": [6.45, 29.15], "uv_size": [-3.5, -3.5]}
							}
						},
						{
							"origin": [-36, 108, 4.2],
							"size": [72, 6, 81],
							"uv": {
								"north": {"uv": [2.95, 25.65], "uv_size": [3.5, 3.5]},
								"east": {"uv": [2.95, 25.65], "uv_size": [3.5, 3.5]},
								"south": {"uv": [2.95, 25.65], "uv_size": [3.5, 3.5]},
								"west": {"uv": [2.95, 25.65], "uv_size": [3.5, 3.5]},
								"up": {"uv": [6.45, 29.15], "uv_size": [-3.5, -3.5]},
								"down": {"uv": [6.45, 29.15], "uv_size": [-3.5, -3.5]}
							}
						},
						{
							"origin": [-42, 12, -13.8],
							"size": [84, 84, 117],
							"uv": {
								"north": {"uv": [2.95, 25.65], "uv_size": [3.5, 3.5]},
								"east": {"uv": [2.95, 25.65], "uv_size": [3.5, 3.5]},
								"south": {"uv": [2.95, 25.65], "uv_size": [3.5, 3.5]},
								"west": {"uv": [2.95, 25.65], "uv_size": [3.5, 3.5]},
								"up": {"uv": [6.45, 29.15], "uv_size": [-3.5, -3.5]},
								"down": {"uv": [6.45, 29.15], "uv_size": [-3.5, -3.5]}
							}
						},
						{
							"origin": [-54, 12, -1.8],
							"size": [108, 84, 93],
							"uv": {
								"north": {"uv": [2.95, 25.65], "uv_size": [3.5, 3.5]},
								"east": {"uv": [2.95, 25.65], "uv_size": [3.5, 3.5]},
								"south": {"uv": [2.95, 25.65], "uv_size": [3.5, 3.5]},
								"west": {"uv": [2.95, 25.65], "uv_size": [3.5, 3.5]},
								"up": {"uv": [6.45, 29.15], "uv_size": [-3.5, -3.5]},
								"down": {"uv": [6.45, 29.15], "uv_size": [-3.5, -3.5]}
							}
						},
						{
							"origin": [0, 66, -13.8],
							"size": [0, 78, 123],
							"uv": {
								"north": {"uv": [21.3, 5.5], "uv_size": [-3.6, -3.9]},
								"east": {"uv": [20.2, 13.1], "uv_size": [-20.2, -13.1]},
								"south": {"uv": [20.35, 4.75], "uv_size": [-3.5, -3.5]},
								"west": {"uv": [20.35, 4.75], "uv_size": [-3.5, -3.5]},
								"up": {"uv": [20.35, 4.75], "uv_size": [-3.5, -3.5]},
								"down": {"uv": [20.35, 4.75], "uv_size": [-3.5, -3.5]}
							}
						}
					]
				},
				{
					"name": "head",
					"parent": "body",
					"pivot": [0, 70.8, -13.8],
					"cubes": [
						{
							"origin": [-21, 45, -37.8],
							"size": [42, 42, 42],
							"uv": {
								"north": {"uv": [2.95, 25.65], "uv_size": [3.5, 3.5]},
								"east": {"uv": [2.95, 25.65], "uv_size": [3.5, 3.5]},
								"south": {"uv": [2.95, 25.65], "uv_size": [3.5, 3.5]},
								"west": {"uv": [2.95, 25.65], "uv_size": [3.5, 3.5]},
								"up": {"uv": [6.45, 29.15], "uv_size": [-3.5, -3.5]},
								"down": {"uv": [6.45, 29.15], "uv_size": [-3.5, -3.5]}
							}
						},
						{
							"origin": [-18, 64.2, -38.4],
							"size": [12.6, 9.6, 0],
							"uv": {
								"north": {"uv": [20.85, 3.65], "uv_size": [11.15, 9.7]},
								"east": {"uv": [16.35, 1.45], "uv_size": [3.5, 3.5]},
								"south": {"uv": [16.35, 1.45], "uv_size": [3.5, 3.5]},
								"west": {"uv": [16.35, 1.45], "uv_size": [3.5, 3.5]},
								"up": {"uv": [19.85, 4.95], "uv_size": [-3.5, -3.5]},
								"down": {"uv": [19.85, 4.95], "uv_size": [-3.5, -3.5]}
							}
						},
						{
							"origin": [5.4, 64.2, -38.4],
							"size": [12.6, 9.6, 0],
							"uv": {
								"north": {"uv": [32, 3.65], "uv_size": [-11.15, 9.7]},
								"east": {"uv": [19.85, 1.45], "uv_size": [-3.5, 3.5]},
								"south": {"uv": [19.85, 1.45], "uv_size": [-3.5, 3.5]},
								"west": {"uv": [19.85, 1.45], "uv_size": [-3.5, 3.5]},
								"up": {"uv": [16.35, 4.95], "uv_size": [3.5, -3.5]},
								"down": {"uv": [16.35, 4.95], "uv_size": [3.5, -3.5]}
							}
						},
						{
							"origin": [15, 96, -37.8],
							"size": [15, 15, 0],
							"pivot": [42, 6, -4.8],
							"rotation": [-8.88927, -4.59902, -27.14233],
							"uv": {
								"north": {"uv": [18.05, 25], "uv_size": [-8.2, 7]},
								"east": {"uv": [20.35, 0.85], "uv_size": [-3.5, 3.5]},
								"south": {"uv": [20.35, 0.85], "uv_size": [-3.5, 3.5]},
								"west": {"uv": [20.35, 0.85], "uv_size": [-3.5, 3.5]},
								"up": {"uv": [16.85, 4.35], "uv_size": [3.5, -3.5]},
								"down": {"uv": [16.85, 4.35], "uv_size": [3.5, -3.5]}
							}
						},
						{
							"origin": [-30, 96, -37.8],
							"size": [15, 15, 0],
							"pivot": [-42, 6, -4.8],
							"rotation": [-8.88927, 4.59902, 27.14233],
							"uv": {
								"north": {"uv": [9.85, 25], "uv_size": [8.2, 7]},
								"east": {"uv": [16.85, 0.85], "uv_size": [3.5, 3.5]},
								"south": {"uv": [16.85, 0.85], "uv_size": [3.5, 3.5]},
								"west": {"uv": [16.85, 0.85], "uv_size": [3.5, 3.5]},
								"up": {"uv": [20.35, 4.35], "uv_size": [-3.5, -3.5]},
								"down": {"uv": [20.35, 4.35], "uv_size": [-3.5, -3.5]}
							}
						},
						{
							"origin": [-6, 48, -52.8],
							"size": [12, 5.4, 9],
							"pivot": [-42, 6, -4.8],
							"rotation": [-10, 0, 0],
							"uv": {
								"north": {"uv": [20.95, 27.25], "uv_size": [3.5, 3.5]},
								"east": {"uv": [20.95, 27.25], "uv_size": [3.5, 3.5]},
								"south": {"uv": [20.95, 27.25], "uv_size": [3.5, 3.5]},
								"west": {"uv": [20.95, 27.25], "uv_size": [3.5, 3.5]},
								"up": {"uv": [24.45, 30.75], "uv_size": [-3.5, -3.5]},
								"down": {"uv": [24.45, 30.75], "uv_size": [-3.5, -3.5]}
							}
						},
						{
							"origin": [-6, 53.4, -52.8],
							"size": [12, 12.6, 9],
							"pivot": [-42, 6, -4.8],
							"rotation": [-10, 0, 0],
							"uv": {
								"north": {"uv": [2.95, 25.65], "uv_size": [3.5, 3.5]},
								"east": {"uv": [2.95, 25.65], "uv_size": [3.5, 3.5]},
								"south": {"uv": [2.95, 25.65], "uv_size": [3.5, 3.5]},
								"west": {"uv": [2.95, 25.65], "uv_size": [3.5, 3.5]},
								"up": {"uv": [6.45, 29.15], "uv_size": [-3.5, -3.5]},
								"down": {"uv": [6.45, 29.15], "uv_size": [-3.5, -3.5]}
							}
						}
					]
				},
				{
					"name": "rightArm",
					"parent": "body",
					"pivot": [-51, 31.8, 4.2],
					"rotation": [-5, 0, 0],
					"cubes": [
						{
							"origin": [-56.04, -9.19704, -4.9428],
							"size": [8.64, 41.04, 19.44],
							"uv": {
								"north": {"uv": [2.95, 25.65], "uv_size": [3.5, 3.5]},
								"east": {"uv": [2.95, 25.65], "uv_size": [3.5, 3.5]},
								"south": {"uv": [2.95, 25.65], "uv_size": [3.5, 3.5]},
								"west": {"uv": [2.95, 25.65], "uv_size": [3.5, 3.5]},
								"up": {"uv": [6.45, 29.15], "uv_size": [-3.5, -3.5]},
								"down": {"uv": [6.45, 29.15], "uv_size": [-3.5, -3.5]}
							}
						},
						{
							"origin": [-51.96, -33.43848, -8.99604],
							"size": [0, 36.24, 54.48],
							"pivot": [-51.96, -4.46418, 2.84418],
							"rotation": [-10, 0, 0],
							"uv": {
								"north": {"uv": [15.45, 0.95], "uv_size": [3.5, 3.5]},
								"east": {"uv": [20.35, 0], "uv_size": [-20.15, 13.15]},
								"south": {"uv": [15.45, 0.95], "uv_size": [3.5, 3.5]},
								"west": {"uv": [15.45, 0.95], "uv_size": [3.5, 3.5]},
								"up": {"uv": [18.95, 4.45], "uv_size": [-3.5, -3.5]},
								"down": {"uv": [18.95, 4.45], "uv_size": [-3.5, -3.5]}
							}
						}
					]
				},
				{
					"name": "leftArm",
					"parent": "body",
					"pivot": [51, 31.8, 4.2],
					"rotation": [-5, 0, 0],
					"cubes": [
						{
							"origin": [47.4, -9.19704, -4.9428],
							"size": [8.64, 41.04, 19.44],
							"uv": {
								"north": {"uv": [6.45, 25.65], "uv_size": [-3.5, 3.5]},
								"east": {"uv": [6.45, 25.65], "uv_size": [-3.5, 3.5]},
								"south": {"uv": [6.45, 25.65], "uv_size": [-3.5, 3.5]},
								"west": {"uv": [6.45, 25.65], "uv_size": [-3.5, 3.5]},
								"up": {"uv": [2.95, 29.15], "uv_size": [3.5, -3.5]},
								"down": {"uv": [2.95, 29.15], "uv_size": [3.5, -3.5]}
							}
						},
						{
							"origin": [51.96, -33.43848, -8.99604],
							"size": [0, 36.24, 54.48],
							"pivot": [51.96, -4.46418, 2.84418],
							"rotation": [-10, 0, 0],
							"uv": {
								"north": {"uv": [18.95, 0.95], "uv_size": [-3.5, 3.5]},
								"east": {"uv": [18.95, 0.95], "uv_size": [-3.5, 3.5]},
								"south": {"uv": [18.95, 0.95], "uv_size": [-3.5, 3.5]},
								"west": {"uv": [0.2, 0], "uv_size": [20.15, 13.15]},
								"up": {"uv": [15.45, 4.45], "uv_size": [3.5, -3.5]},
								"down": {"uv": [15.45, 4.45], "uv_size": [3.5, -3.5]}
							}
						}
					]
				},
				{
					"name": "rightLeg",
					"parent": "waist",
					"pivot": [-45, 16.8, 82.2],
					"rotation": [7.5, 0, 0],
					"cubes": [
						{
							"origin": [-51.36, -29.17518, 71.5167],
							"size": [9.504, 45.144, 21.384],
							"uv": {
								"north": {"uv": [2.95, 25.65], "uv_size": [3.5, 3.5]},
								"east": {"uv": [2.95, 25.65], "uv_size": [3.5, 3.5]},
								"south": {"uv": [2.95, 25.65], "uv_size": [3.5, 3.5]},
								"west": {"uv": [2.95, 25.65], "uv_size": [3.5, 3.5]},
								"up": {"uv": [6.45, 29.15], "uv_size": [-3.5, -3.5]},
								"down": {"uv": [6.45, 29.15], "uv_size": [-3.5, -3.5]}
							}
						},
						{
							"origin": [-47.232, -51.81666, 56.36628],
							"size": [0, 49.344, 71.208],
							"pivot": [-47.232, -38.84466, 82.07028],
							"rotation": [-20, 0, 0],
							"uv": {
								"north": {"uv": [16.75, 1.65], "uv_size": [3.5, 3.5]},
								"east": {"uv": [20.35, 0], "uv_size": [-20.35, 13.15]},
								"south": {"uv": [16.75, 1.65], "uv_size": [3.5, 3.5]},
								"west": {"uv": [16.75, 1.65], "uv_size": [3.5, 3.5]},
								"up": {"uv": [20.25, 5.15], "uv_size": [-3.5, -3.5]},
								"down": {"uv": [20.25, 5.15], "uv_size": [-3.5, -3.5]}
							}
						}
					]
				},
				{
					"name": "leftLeg",
					"parent": "waist",
					"pivot": [45, 16.8, 82.2],
					"rotation": [7.5, 0, 0],
					"cubes": [
						{
							"origin": [41.856, -29.17518, 71.5167],
							"size": [9.504, 45.144, 21.384],
							"uv": {
								"north": {"uv": [6.45, 25.65], "uv_size": [-3.5, 3.5]},
								"east": {"uv": [6.45, 25.65], "uv_size": [-3.5, 3.5]},
								"south": {"uv": [6.45, 25.65], "uv_size": [-3.5, 3.5]},
								"west": {"uv": [6.45, 25.65], "uv_size": [-3.5, 3.5]},
								"up": {"uv": [2.95, 29.15], "uv_size": [3.5, -3.5]},
								"down": {"uv": [2.95, 29.15], "uv_size": [3.5, -3.5]}
							}
						},
						{
							"origin": [47.232, -51.81666, 56.36628],
							"size": [0, 49.344, 71.208],
							"pivot": [47.232, -38.84466, 82.07028],
							"rotation": [-20, 0, 0],
							"uv": {
								"north": {"uv": [20.25, 1.65], "uv_size": [-3.5, 3.5]},
								"east": {"uv": [20.25, 1.65], "uv_size": [-3.5, 3.5]},
								"south": {"uv": [20.25, 1.65], "uv_size": [-3.5, 3.5]},
								"west": {"uv": [0, 0], "uv_size": [20.35, 13.15]},
								"up": {"uv": [16.75, 5.15], "uv_size": [3.5, -3.5]},
								"down": {"uv": [16.75, 5.15], "uv_size": [3.5, -3.5]}
							}
						}
					]
				}
			]
		}
	]
}