{
	"format_version": "1.12.0",
	"minecraft:geometry": [
		{
			"description": {
				"identifier": "geometry.sea_beast_elephant",
				"texture_width": 32,
				"texture_height": 32,
				"visible_bounds_width": 32,
				"visible_bounds_height": 19,
				"visible_bounds_offset": [0, 3.5, 0]
			},
			"bones": [
				{
					"name": "root",
					"pivot": [0, 0, 0]
				},
				{
					"name": "waist",
					"parent": "root",
					"pivot": [0, 7, 21.7]
				},
				{
					"name": "body",
					"parent": "waist",
					"pivot": [0, 7, 21.7],
					"cubes": [
						{
							"origin": [-56, 7, -2.8],
							"size": [112, 112, 129.5],
							"uv": {
								"north": {"uv": [0.4, 25.3], "uv_size": [5.3, 4.425]},
								"east": {"uv": [0.4, 25.3], "uv_size": [5.3, 4.425]},
								"south": {"uv": [0.4, 25.3], "uv_size": [5.3, 4.425]},
								"west": {"uv": [0.4, 25.3], "uv_size": [5.3, 4.425]},
								"up": {"uv": [5.7, 29.725], "uv_size": [-5.3, -4.425]},
								"down": {"uv": [5.7, 29.725], "uv_size": [-5.3, -4.425]}
							}
						},
						{
							"origin": [-49, 0, 4.2],
							"size": [98, 126, 115.5],
							"uv": {
								"north": {"uv": [0.4, 25.3], "uv_size": [5.3, 4.425]},
								"east": {"uv": [0.4, 25.3], "uv_size": [5.3, 4.425]},
								"south": {"uv": [0.4, 25.3], "uv_size": [5.3, 4.425]},
								"west": {"uv": [0.4, 25.3], "uv_size": [5.3, 4.425]},
								"up": {"uv": [5.7, 29.725], "uv_size": [-5.3, -4.425]},
								"down": {"uv": [5.7, 29.725], "uv_size": [-5.3, -4.425]}
							}
						},
						{
							"origin": [-42, 126, 39.2],
							"size": [84, 14, 42],
							"uv": {
								"north": {"uv": [0.4, 25.3], "uv_size": [5.3, 4.425]},
								"east": {"uv": [0.4, 25.3], "uv_size": [5.3, 4.425]},
								"south": {"uv": [0.4, 25.3], "uv_size": [5.3, 4.425]},
								"west": {"uv": [0.4, 25.3], "uv_size": [5.3, 4.425]},
								"up": {"uv": [5.7, 29.725], "uv_size": [-5.3, -4.425]},
								"down": {"uv": [5.7, 29.725], "uv_size": [-5.3, -4.425]}
							}
						},
						{
							"origin": [-49, 14, -9.8],
							"size": [98, 98, 143.5],
							"uv": {
								"north": {"uv": [0.4, 25.3], "uv_size": [5.3, 4.425]},
								"east": {"uv": [0.4, 25.3], "uv_size": [5.3, 4.425]},
								"south": {"uv": [0.4, 25.3], "uv_size": [5.3, 4.425]},
								"west": {"uv": [0.4, 25.3], "uv_size": [5.3, 4.425]},
								"up": {"uv": [5.7, 29.725], "uv_size": [-5.3, -4.425]},
								"down": {"uv": [5.7, 29.725], "uv_size": [-5.3, -4.425]}
							}
						},
						{
							"origin": [-63, 14, 4.2],
							"size": [126, 98, 115.5],
							"uv": {
								"north": {"uv": [0.4, 25.3], "uv_size": [5.3, 4.425]},
								"east": {"uv": [0.4, 25.3], "uv_size": [5.3, 4.425]},
								"south": {"uv": [0.4, 25.3], "uv_size": [5.3, 4.425]},
								"west": {"uv": [0.4, 25.3], "uv_size": [5.3, 4.425]},
								"up": {"uv": [5.7, 29.725], "uv_size": [-5.3, -4.425]},
								"down": {"uv": [5.7, 29.725], "uv_size": [-5.3, -4.425]}
							}
						}
					]
				},
				{
					"name": "head",
					"parent": "body",
					"pivot": [0, 98, 0.7],
					"cubes": [
						{
							"origin": [-17.5, 101.5, -34.3],
							"size": [35, 21, 35],
							"uv": {
								"north": {"uv": [0.4, 25.3], "uv_size": [5.3, 4.425]},
								"east": {"uv": [0.4, 25.3], "uv_size": [5.3, 4.425]},
								"south": {"uv": [0.4, 25.3], "uv_size": [5.3, 4.425]},
								"west": {"uv": [0.4, 25.3], "uv_size": [5.3, 4.425]},
								"up": {"uv": [5.7, 29.725], "uv_size": [-5.3, -4.425]},
								"down": {"uv": [5.7, 29.725], "uv_size": [-5.3, -4.425]}
							}
						},
						{
							"origin": [-81.9, 46.9, -17.5],
							"size": [61.6, 76.3, 0],
							"pivot": [-42.7, 98.35, -17.5],
							"rotation": [0, 7.5, 17.5],
							"uv": {
								"north": {"uv": [16.8, 14.8], "uv_size": [15.2, 17.2]},
								"east": {"uv": [15, 0.5], "uv_size": [5.3, 4.425]},
								"south": {"uv": [15, 0.5], "uv_size": [5.3, 4.425]},
								"west": {"uv": [15, 0.5], "uv_size": [5.3, 4.425]},
								"up": {"uv": [20.3, 4.925], "uv_size": [-5.3, -4.425]},
								"down": {"uv": [20.3, 4.925], "uv_size": [-5.3, -4.425]}
							}
						},
						{
							"origin": [20.3, 46.9, -17.5],
							"size": [61.6, 76.3, 0],
							"pivot": [42.7, 98.35, -17.5],
							"rotation": [0, -7.5, -17.5],
							"uv": {
								"north": {"uv": [32, 14.8], "uv_size": [-15.2, 17.2]},
								"east": {"uv": [20.3, 0.5], "uv_size": [-5.3, 4.425]},
								"south": {"uv": [20.3, 0.5], "uv_size": [-5.3, 4.425]},
								"west": {"uv": [20.3, 0.5], "uv_size": [-5.3, 4.425]},
								"up": {"uv": [15, 4.925], "uv_size": [5.3, -4.425]},
								"down": {"uv": [15, 4.925], "uv_size": [5.3, -4.425]}
							}
						},
						{
							"origin": [6.3, 77, -38.5],
							"size": [13.3, 9.8, 0],
							"uv": {
								"north": {"uv": [32, 3.8], "uv_size": [-10.2, 8.325]},
								"east": {"uv": [17, 16.2], "uv_size": [-5.3, 4.425]},
								"south": {"uv": [17, 16.2], "uv_size": [-5.3, 4.425]},
								"west": {"uv": [17, 16.2], "uv_size": [-5.3, 4.425]},
								"up": {"uv": [11.7, 20.625], "uv_size": [5.3, -4.425]},
								"down": {"uv": [10.5, 24.825], "uv_size": [5.3, -4.425]}
							}
						},
						{
							"origin": [-19.6, 77, -38.5],
							"size": [13.3, 9.8, 0],
							"uv": {
								"north": {"uv": [21.8, 3.8], "uv_size": [10.2, 8.325]},
								"east": {"uv": [11.7, 16.2], "uv_size": [5.3, 4.425]},
								"south": {"uv": [11.7, 16.2], "uv_size": [5.3, 4.425]},
								"west": {"uv": [11.7, 16.2], "uv_size": [5.3, 4.425]},
								"up": {"uv": [17, 20.625], "uv_size": [-5.3, -4.425]},
								"down": {"uv": [15.8, 24.825], "uv_size": [-5.3, -4.425]}
							}
						},
						{
							"origin": [-24.5, 52.5, -37.8],
							"size": [49, 49, 49],
							"uv": {
								"north": {"uv": [0.4, 25.3], "uv_size": [5.3, 4.425]},
								"east": {"uv": [0.4, 25.3], "uv_size": [5.3, 4.425]},
								"south": {"uv": [0.4, 25.3], "uv_size": [5.3, 4.425]},
								"west": {"uv": [0.4, 25.3], "uv_size": [5.3, 4.425]},
								"up": {"uv": [5.7, 29.725], "uv_size": [-5.3, -4.425]},
								"down": {"uv": [5.7, 29.725], "uv_size": [-5.3, -4.425]}
							}
						},
						{
							"origin": [3.5, -3.5, -72.8],
							"size": [14, 21, 14],
							"pivot": [-49, 7, 0.7],
							"rotation": [-32.05157, -24.11509, -10.91959],
							"uv": {
								"north": {"uv": [0.4, 25.3], "uv_size": [5.3, 4.425]},
								"east": {"uv": [0.4, 25.3], "uv_size": [5.3, 4.425]},
								"south": {"uv": [0.4, 25.3], "uv_size": [5.3, 4.425]},
								"west": {"uv": [0.4, 25.3], "uv_size": [5.3, 4.425]},
								"up": {"uv": [5.7, 29.725], "uv_size": [-5.3, -4.425]},
								"down": {"uv": [5.7, 29.725], "uv_size": [-5.3, -4.425]}
							}
						},
						{
							"origin": [-16.3, -19.8, -71.6],
							"size": [11.6, 18.6, 11.6],
							"inflate": -0.2,
							"pivot": [49, 7, 0.7],
							"rotation": [-32.05157, 24.11509, 10.91959],
							"uv": {
								"north": {"uv": [2.1, 16], "uv_size": [5.3, 4.425]},
								"east": {"uv": [2.1, 16], "uv_size": [5.3, 4.425]},
								"south": {"uv": [2.1, 16], "uv_size": [5.3, 4.425]},
								"west": {"uv": [2.1, 16], "uv_size": [5.3, 4.425]},
								"up": {"uv": [7.4, 20.425], "uv_size": [-5.3, -4.425]},
								"down": {"uv": [7.4, 20.425], "uv_size": [-5.3, -4.425]}
							}
						},
						{
							"origin": [4.7, -19.8, -71.6],
							"size": [11.6, 18.6, 11.6],
							"inflate": -0.2,
							"pivot": [-49, 7, 0.7],
							"rotation": [-32.05157, -24.11509, -10.91959],
							"uv": {
								"north": {"uv": [7.4, 16], "uv_size": [-5.3, 4.425]},
								"east": {"uv": [7.4, 16], "uv_size": [-5.3, 4.425]},
								"south": {"uv": [7.4, 16], "uv_size": [-5.3, 4.425]},
								"west": {"uv": [7.4, 16], "uv_size": [-5.3, 4.425]},
								"up": {"uv": [2.1, 20.425], "uv_size": [5.3, -4.425]},
								"down": {"uv": [2.1, 20.425], "uv_size": [5.3, -4.425]}
							}
						},
						{
							"origin": [-14.92058, -95.54406, -58.73785],
							"size": [11.6, 18.6, 11.6],
							"inflate": -0.2,
							"pivot": [50.37942, -16.24406, 13.56215],
							"rotation": [-67.05157, 24.11509, 10.91959],
							"uv": {
								"north": {"uv": [2.1, 16], "uv_size": [5.3, 4.425]},
								"east": {"uv": [2.1, 16], "uv_size": [5.3, 4.425]},
								"south": {"uv": [2.1, 16], "uv_size": [5.3, 4.425]},
								"west": {"uv": [2.1, 16], "uv_size": [5.3, 4.425]},
								"up": {"uv": [7.4, 20.425], "uv_size": [-5.3, -4.425]},
								"down": {"uv": [7.4, 20.425], "uv_size": [-5.3, -4.425]}
							}
						},
						{
							"origin": [3.32058, -95.54406, -58.73785],
							"size": [11.6, 18.6, 11.6],
							"inflate": -0.2,
							"pivot": [-50.37942, -16.24406, 13.56215],
							"rotation": [-67.05157, -24.11509, -10.91959],
							"uv": {
								"north": {"uv": [7.4, 16], "uv_size": [-5.3, 4.425]},
								"east": {"uv": [7.4, 16], "uv_size": [-5.3, 4.425]},
								"south": {"uv": [7.4, 16], "uv_size": [-5.3, 4.425]},
								"west": {"uv": [7.4, 16], "uv_size": [-5.3, 4.425]},
								"up": {"uv": [2.1, 20.425], "uv_size": [5.3, -4.425]},
								"down": {"uv": [2.1, 20.425], "uv_size": [5.3, -4.425]}
							}
						},
						{
							"origin": [-15.83296, -165.37508, 0.57616],
							"size": [11.6, 15.1, 11.6],
							"inflate": -0.2,
							"pivot": [49.46704, -37.07508, 20.37616],
							"rotation": [-109.55157, 24.11509, 10.91959],
							"uv": {
								"north": {"uv": [2.1, 16], "uv_size": [5.3, 4.425]},
								"east": {"uv": [2.1, 16], "uv_size": [5.3, 4.425]},
								"south": {"uv": [2.1, 16], "uv_size": [5.3, 4.425]},
								"west": {"uv": [2.1, 16], "uv_size": [5.3, 4.425]},
								"up": {"uv": [7.4, 20.425], "uv_size": [-5.3, -4.425]},
								"down": {"uv": [7.4, 20.425], "uv_size": [-5.3, -4.425]}
							}
						},
						{
							"origin": [4.23296, -165.37508, 0.57616],
							"size": [11.6, 15.1, 11.6],
							"inflate": -0.2,
							"pivot": [-49.46704, -37.07508, 20.37616],
							"rotation": [-109.55157, -24.11509, -10.91959],
							"uv": {
								"north": {"uv": [7.4, 16], "uv_size": [-5.3, 4.425]},
								"east": {"uv": [7.4, 16], "uv_size": [-5.3, 4.425]},
								"south": {"uv": [7.4, 16], "uv_size": [-5.3, 4.425]},
								"west": {"uv": [7.4, 16], "uv_size": [-5.3, 4.425]},
								"up": {"uv": [2.1, 20.425], "uv_size": [5.3, -4.425]},
								"down": {"uv": [2.1, 20.425], "uv_size": [5.3, -4.425]}
							}
						},
						{
							"origin": [-14.9, -179.37508, 2.6],
							"size": [8.1, 15.1, 8.1],
							"inflate": -0.2,
							"pivot": [49.46704, -37.07508, 20.37616],
							"rotation": [-109.55157, 24.11509, 10.91959],
							"uv": {
								"north": {"uv": [2.1, 16], "uv_size": [5.3, 4.425]},
								"east": {"uv": [2.1, 16], "uv_size": [5.3, 4.425]},
								"south": {"uv": [2.1, 16], "uv_size": [5.3, 4.425]},
								"west": {"uv": [2.1, 16], "uv_size": [5.3, 4.425]},
								"up": {"uv": [7.4, 20.425], "uv_size": [-5.3, -4.425]},
								"down": {"uv": [7.4, 20.425], "uv_size": [-5.3, -4.425]}
							}
						},
						{
							"origin": [6.8, -179.37508, 2.6],
							"size": [8.1, 15.1, 8.1],
							"inflate": -0.2,
							"pivot": [-49.46704, -37.07508, 20.37616],
							"rotation": [-109.55157, -24.11509, -10.91959],
							"uv": {
								"north": {"uv": [7.4, 16], "uv_size": [-5.3, 4.425]},
								"east": {"uv": [7.4, 16], "uv_size": [-5.3, 4.425]},
								"south": {"uv": [7.4, 16], "uv_size": [-5.3, 4.425]},
								"west": {"uv": [7.4, 16], "uv_size": [-5.3, 4.425]},
								"up": {"uv": [2.1, 20.425], "uv_size": [5.3, -4.425]},
								"down": {"uv": [2.1, 20.425], "uv_size": [5.3, -4.425]}
							}
						},
						{
							"origin": [-17.5, -3.5, -72.8],
							"size": [14, 21, 14],
							"pivot": [49, 7, 0.7],
							"rotation": [-32.05157, 24.11509, 10.91959],
							"uv": {
								"north": {"uv": [0.4, 25.3], "uv_size": [5.3, 4.425]},
								"east": {"uv": [0.4, 25.3], "uv_size": [5.3, 4.425]},
								"south": {"uv": [0.4, 25.3], "uv_size": [5.3, 4.425]},
								"west": {"uv": [0.4, 25.3], "uv_size": [5.3, 4.425]},
								"up": {"uv": [5.7, 29.725], "uv_size": [-5.3, -4.425]},
								"down": {"uv": [5.7, 29.725], "uv_size": [-5.3, -4.425]}
							}
						},
						{
							"origin": [24.5, 59.5, -41.3],
							"size": [28, 10.5, 10.5],
							"pivot": [-49, 7, 0.7],
							"rotation": [0, 0, -20],
							"uv": {
								"north": {"uv": [0.4, 25.3], "uv_size": [5.3, 4.425]},
								"east": {"uv": [0.4, 25.3], "uv_size": [5.3, 4.425]},
								"south": {"uv": [0.4, 25.3], "uv_size": [5.3, 4.425]},
								"west": {"uv": [0.4, 25.3], "uv_size": [5.3, 4.425]},
								"up": {"uv": [5.7, 29.725], "uv_size": [-5.3, -4.425]},
								"down": {"uv": [5.7, 29.725], "uv_size": [-5.3, -4.425]}
							}
						},
						{
							"origin": [-52.5, 59.5, -41.3],
							"size": [28, 10.5, 10.5],
							"pivot": [49, 7, 0.7],
							"rotation": [0, 0, 20],
							"uv": {
								"north": {"uv": [0.4, 25.3], "uv_size": [5.3, 4.425]},
								"east": {"uv": [0.4, 25.3], "uv_size": [5.3, 4.425]},
								"south": {"uv": [0.4, 25.3], "uv_size": [5.3, 4.425]},
								"west": {"uv": [0.4, 25.3], "uv_size": [5.3, 4.425]},
								"up": {"uv": [5.7, 29.725], "uv_size": [-5.3, -4.425]},
								"down": {"uv": [5.7, 29.725], "uv_size": [-5.3, -4.425]}
							}
						},
						{
							"origin": [-14, 38.5, -55.3],
							"size": [28, 31.5, 24.5],
							"pivot": [-49, 7, 0.7],
							"rotation": [-10, 0, 0],
							"uv": {
								"north": {"uv": [0.4, 25.3], "uv_size": [5.3, 4.425]},
								"east": {"uv": [0.4, 25.3], "uv_size": [5.3, 4.425]},
								"south": {"uv": [0.4, 25.3], "uv_size": [5.3, 4.425]},
								"west": {"uv": [0.4, 25.3], "uv_size": [5.3, 4.425]},
								"up": {"uv": [5.7, 29.725], "uv_size": [-5.3, -4.425]},
								"down": {"uv": [5.7, 29.725], "uv_size": [-5.3, -4.425]}
							}
						},
						{
							"origin": [-10.5, 28, -34.3],
							"size": [21, 31.5, 17.5],
							"pivot": [-49, 7, 0.7],
							"rotation": [12.5, 0, 0],
							"uv": {
								"north": {"uv": [0.4, 25.3], "uv_size": [5.3, 4.425]},
								"east": {"uv": [0.4, 25.3], "uv_size": [5.3, 4.425]},
								"south": {"uv": [0.4, 25.3], "uv_size": [5.3, 4.425]},
								"west": {"uv": [0.4, 25.3], "uv_size": [5.3, 4.425]},
								"up": {"uv": [5.7, 29.725], "uv_size": [-5.3, -4.425]},
								"down": {"uv": [5.7, 29.725], "uv_size": [-5.3, -4.425]}
							}
						},
						{
							"origin": [-8.7, -11.97082, -37.68581],
							"size": [17.4, 31.4, 13.9],
							"inflate": -0.3,
							"pivot": [-49, 17.72918, -4.48581],
							"rotation": [-20, 0, 0],
							"uv": {
								"north": {"uv": [0.4, 25.3], "uv_size": [5.3, 4.425]},
								"east": {"uv": [0.4, 25.3], "uv_size": [5.3, 4.425]},
								"south": {"uv": [0.4, 25.3], "uv_size": [5.3, 4.425]},
								"west": {"uv": [0.4, 25.3], "uv_size": [5.3, 4.425]},
								"up": {"uv": [5.7, 29.725], "uv_size": [-5.3, -4.425]},
								"down": {"uv": [5.7, 29.725], "uv_size": [-5.3, -4.425]}
							}
						},
						{
							"origin": [-0.50987, -5.56793, -37.13989],
							"size": [15, 25.5, 11.5],
							"inflate": -0.5,
							"pivot": [-42.00987, 15.93207, -5.13989],
							"rotation": [-17.49524, 9.84655, 28.48124],
							"uv": {
								"north": {"uv": [0.4, 25.3], "uv_size": [5.3, 4.425]},
								"east": {"uv": [0.4, 25.3], "uv_size": [5.3, 4.425]},
								"south": {"uv": [0.4, 25.3], "uv_size": [5.3, 4.425]},
								"west": {"uv": [0.4, 25.3], "uv_size": [5.3, 4.425]},
								"up": {"uv": [5.7, 29.725], "uv_size": [-5.3, -4.425]},
								"down": {"uv": [5.7, 29.725], "uv_size": [-5.3, -4.425]}
							}
						}
					]
				},
				{
					"name": "rightArm",
					"parent": "body",
					"pivot": [-59.5, 31.5, 11.2],
					"rotation": [-5, 0, 0],
					"cubes": [
						{
							"origin": [-65.38, -10.72995, 0.5334],
							"size": [10.08, 47.88, 22.68],
							"uv": {
								"north": {"uv": [0.4, 25.3], "uv_size": [5.3, 4.425]},
								"east": {"uv": [0.4, 25.3], "uv_size": [5.3, 4.425]},
								"south": {"uv": [0.4, 25.3], "uv_size": [5.3, 4.425]},
								"west": {"uv": [0.4, 25.3], "uv_size": [5.3, 4.425]},
								"up": {"uv": [5.7, 29.725], "uv_size": [-5.3, -4.425]},
								"down": {"uv": [5.7, 29.725], "uv_size": [-5.3, -4.425]}
							}
						},
						{
							"origin": [-62.86, -44.48899, -7.05908],
							"size": [5.04, 52.08, 68.46],
							"pivot": [-60.34, -4.44899, 30.32092],
							"rotation": [-27.5, 0, 0],
							"uv": {
								"north": {"uv": [11.7, 16.7], "uv_size": [5.3, 4.425]},
								"east": {"uv": [20.1, 0], "uv_size": [-20.1, 13.125]},
								"south": {"uv": [11.7, 16.7], "uv_size": [5.3, 4.425]},
								"west": {"uv": [11.7, 16.7], "uv_size": [5.3, 4.425]},
								"up": {"uv": [17, 21.125], "uv_size": [-5.3, -4.425]},
								"down": {"uv": [17, 21.125], "uv_size": [-5.3, -4.425]}
							}
						}
					]
				},
				{
					"name": "leftArm",
					"parent": "body",
					"pivot": [59.5, 31.5, 11.2],
					"rotation": [-5, 0, 0],
					"cubes": [
						{
							"origin": [55.3, -10.72995, 0.5334],
							"size": [10.08, 47.88, 22.68],
							"uv": {
								"north": {"uv": [5.7, 25.3], "uv_size": [-5.3, 4.425]},
								"east": {"uv": [5.7, 25.3], "uv_size": [-5.3, 4.425]},
								"south": {"uv": [5.7, 25.3], "uv_size": [-5.3, 4.425]},
								"west": {"uv": [5.7, 25.3], "uv_size": [-5.3, 4.425]},
								"up": {"uv": [0.4, 29.725], "uv_size": [5.3, -4.425]},
								"down": {"uv": [0.4, 29.725], "uv_size": [5.3, -4.425]}
							}
						},
						{
							"origin": [57.82, -44.48899, -7.05908],
							"size": [5.04, 52.08, 68.46],
							"pivot": [60.34, -4.44899, 30.32092],
							"rotation": [-27.5, 0, 0],
							"uv": {
								"north": {"uv": [17, 16.7], "uv_size": [-5.3, 4.425]},
								"east": {"uv": [17, 16.7], "uv_size": [-5.3, 4.425]},
								"south": {"uv": [17, 16.7], "uv_size": [-5.3, 4.425]},
								"west": {"uv": [0, 0], "uv_size": [20.1, 13.125]},
								"up": {"uv": [11.7, 21.125], "uv_size": [5.3, -4.425]},
								"down": {"uv": [11.7, 21.125], "uv_size": [5.3, -4.425]}
							}
						}
					]
				},
				{
					"name": "rightLeg",
					"parent": "waist",
					"pivot": [-56, 14, 102.2],
					"rotation": [7.5, 0, 0],
					"cubes": [
						{
							"origin": [-59.92, -34.03764, 89.73615],
							"size": [11.088, 52.668, 24.948],
							"uv": {
								"north": {"uv": [0.4, 25.3], "uv_size": [5.3, 4.425]},
								"east": {"uv": [0.4, 25.3], "uv_size": [5.3, 4.425]},
								"south": {"uv": [0.4, 25.3], "uv_size": [5.3, 4.425]},
								"west": {"uv": [0.4, 25.3], "uv_size": [5.3, 4.425]},
								"up": {"uv": [5.7, 29.725], "uv_size": [-5.3, -4.425]},
								"down": {"uv": [5.7, 29.725], "uv_size": [-5.3, -4.425]}
							}
						},
						{
							"origin": [-57.26, -55.95905, 79.58881],
							"size": [5.04, 62.58, 78.26],
							"pivot": [-54.74, -24.66905, 118.71881],
							"rotation": [-22.5, 0, 0],
							"uv": {
								"north": {"uv": [11.7, 16.7], "uv_size": [5.3, 4.425]},
								"east": {"uv": [20.1, 0], "uv_size": [-20.1, 13.125]},
								"south": {"uv": [11.7, 16.7], "uv_size": [5.3, 4.425]},
								"west": {"uv": [11.7, 16.7], "uv_size": [5.3, 4.425]},
								"up": {"uv": [17, 21.125], "uv_size": [-5.3, -4.425]},
								"down": {"uv": [17, 21.125], "uv_size": [-5.3, -4.425]}
							}
						}
					]
				},
				{
					"name": "leftLeg",
					"parent": "waist",
					"pivot": [56, 14, 102.2],
					"rotation": [7.5, 0, 0],
					"cubes": [
						{
							"origin": [48.832, -34.03764, 89.73615],
							"size": [11.088, 52.668, 24.948],
							"uv": {
								"north": {"uv": [5.7, 25.3], "uv_size": [-5.3, 4.425]},
								"east": {"uv": [5.7, 25.3], "uv_size": [-5.3, 4.425]},
								"south": {"uv": [5.7, 25.3], "uv_size": [-5.3, 4.425]},
								"west": {"uv": [5.7, 25.3], "uv_size": [-5.3, 4.425]},
								"up": {"uv": [0.4, 29.725], "uv_size": [5.3, -4.425]},
								"down": {"uv": [0.4, 29.725], "uv_size": [5.3, -4.425]}
							}
						},
						{
							"origin": [52.22, -55.95905, 79.58881],
							"size": [5.04, 62.58, 78.26],
							"pivot": [54.74, -24.66905, 118.71881],
							"rotation": [-22.5, 0, 0],
							"uv": {
								"north": {"uv": [17, 16.7], "uv_size": [-5.3, 4.425]},
								"east": {"uv": [17, 16.7], "uv_size": [-5.3, 4.425]},
								"south": {"uv": [17, 16.7], "uv_size": [-5.3, 4.425]},
								"west": {"uv": [0, 0], "uv_size": [20.1, 13.125]},
								"up": {"uv": [11.7, 21.125], "uv_size": [5.3, -4.425]},
								"down": {"uv": [11.7, 21.125], "uv_size": [5.3, -4.425]}
							}
						}
					]
				}
			]
		}
	]
}