{
	"format_version": "1.12.0",
	"minecraft:geometry": [
		{
			"description": {
				"identifier": "geometry.sea_beast_eel",
				"texture_width": 16,
				"texture_height": 16,
				"visible_bounds_width": 38,
				"visible_bounds_height": 7,
				"visible_bounds_offset": [0, 0.5, 0]
			},
			"bones": [
				{
					"name": "root",
					"pivot": [0, 0, 0]
				},
				{
					"name": "waist",
					"parent": "root",
					"pivot": [0, 16, 0]
				},
				{
					"name": "body",
					"parent": "waist",
					"pivot": [0, 16, -8]
				},
				{
					"name": "head",
					"parent": "body",
					"pivot": [0, 16, 2],
					"cubes": [
						{
							"origin": [-11.5, 5.54, -30.8],
							"size": [23, 25.08, 28.8],
							"uv": {
								"north": {"uv": [16, 11.8], "uv_size": [-4.5, 4.2]},
								"east": {"uv": [16, 11.8], "uv_size": [-4.5, 4.2]},
								"south": {"uv": [16, 11.8], "uv_size": [-4.5, 4.2]},
								"west": {"uv": [16, 11.8], "uv_size": [-4.5, 4.2]},
								"up": {"uv": [12.2, 13.2], "uv_size": [3.1, -0.5]},
								"down": {"uv": [11.5, 16], "uv_size": [4.5, -4.2]}
							}
						},
						{
							"origin": [-10.24254, 27.16208, -32.2],
							"size": [9.3, 3.08, 1.5],
							"pivot": [-9.3, 28.38, -31.95],
							"rotation": [0, 0, 32.5],
							"uv": {
								"north": {"uv": [15.3, 12.7], "uv_size": [-3.1, 0.5]},
								"east": {"uv": [15.3, 12.7], "uv_size": [-3.1, 0.5]},
								"south": {"uv": [15.3, 12.7], "uv_size": [-3.1, 0.5]},
								"west": {"uv": [15.3, 12.7], "uv_size": [-3.1, 0.5]},
								"up": {"uv": [12.2, 13.2], "uv_size": [3.1, -0.5]},
								"down": {"uv": [12.2, 13.2], "uv_size": [3.1, -0.5]}
							}
						},
						{
							"origin": [0.94254, 27.16208, -32.2],
							"size": [9.3, 3.08, 1.5],
							"pivot": [9.3, 28.38, -31.95],
							"rotation": [0, 0, -32.5],
							"uv": {
								"north": {"uv": [15.3, 12.7], "uv_size": [-3.1, 0.5]},
								"east": {"uv": [15.3, 12.7], "uv_size": [-3.1, 0.5]},
								"south": {"uv": [15.3, 12.7], "uv_size": [-3.1, 0.5]},
								"west": {"uv": [15.3, 12.7], "uv_size": [-3.1, 0.5]},
								"up": {"uv": [12.2, 13.2], "uv_size": [3.1, -0.5]},
								"down": {"uv": [12.2, 13.2], "uv_size": [3.1, -0.5]}
							}
						},
						{
							"origin": [2.8, 21.94, -31],
							"size": [9, 4.78, 0],
							"uv": {
								"north": {"uv": [0, 0.3], "uv_size": [5, 3.8]},
								"east": {"uv": [6.4, 6.6], "uv_size": [0.5, 1.7]},
								"south": {"uv": [6.4, 6.6], "uv_size": [0.5, 1.7]},
								"west": {"uv": [6.4, 6.6], "uv_size": [0.5, 1.7]},
								"up": {"uv": [6.9, 8.3], "uv_size": [-0.5, -1.7]},
								"down": {"uv": [6.9, 8.3], "uv_size": [-0.5, -1.7]}
							}
						},
						{
							"origin": [-11.8, 21.94, -31],
							"size": [9, 4.78, 0],
							"uv": {
								"north": {"uv": [5, 0.3], "uv_size": [-5, 3.8]},
								"east": {"uv": [6.9, 6.6], "uv_size": [-0.5, 1.7]},
								"south": {"uv": [6.9, 6.6], "uv_size": [-0.5, 1.7]},
								"west": {"uv": [6.9, 6.6], "uv_size": [-0.5, 1.7]},
								"up": {"uv": [6.4, 8.3], "uv_size": [0.5, -1.7]},
								"down": {"uv": [6.4, 8.3], "uv_size": [0.5, -1.7]}
							}
						},
						{
							"origin": [0, 24.62, -29.3],
							"size": [0, 18.12, 33.2],
							"uv": {
								"north": {"uv": [7.3, 6.4], "uv_size": [-1, 1]},
								"east": {"uv": [11.4, 11.8], "uv_size": [-11.4, 4.2]},
								"south": {"uv": [7.3, 6.4], "uv_size": [-1, 1]},
								"west": {"uv": [7.3, 6.4], "uv_size": [-1, 1]},
								"up": {"uv": [6.3, 7.4], "uv_size": [1, -1]},
								"down": {"uv": [6.3, 7.4], "uv_size": [1, -1]}
							}
						},
						{
							"origin": [-13.5, 1.34, -30.9],
							"size": [27, 13.28, 31.9],
							"uv": {
								"north": {"uv": [14.8, 0.8], "uv_size": [-1, 1.5]},
								"east": {"uv": [14.8, 0.8], "uv_size": [-1, 1.5]},
								"south": {"uv": [14.8, 0.8], "uv_size": [-1, 1.5]},
								"west": {"uv": [14.8, 0.8], "uv_size": [-1, 1.5]},
								"up": {"uv": [13.8, 2.3], "uv_size": [1, -1.5]},
								"down": {"uv": [13.8, 2.3], "uv_size": [1, -1.5]}
							}
						}
					]
				},
				{
					"name": "boca1",
					"parent": "head",
					"pivot": [0, 4.3, 52],
					"cubes": [
						{
							"origin": [-8.5, 8.54, -59],
							"size": [17, 10.08, 50],
							"uv": {
								"north": {"uv": [16, 11.8], "uv_size": [-4.5, 4.2]},
								"east": {"uv": [16, 11.8], "uv_size": [-4.5, 4.2]},
								"south": {"uv": [16, 11.8], "uv_size": [-4.5, 4.2]},
								"west": {"uv": [16, 11.8], "uv_size": [-4.5, 4.2]},
								"up": {"uv": [11.5, 16], "uv_size": [4.5, -4.2]},
								"down": {"uv": [13.8, 2.5], "uv_size": [1.8, -1.5]}
							}
						},
						{
							"origin": [-4, 10.54, -52],
							"size": [8, 7.08, 43],
							"pivot": [1.5, 15.08, -57],
							"rotation": [10, 0, 0],
							"uv": {
								"north": {"uv": [16, 11.8], "uv_size": [-4.5, 4.2]},
								"east": {"uv": [16, 11.8], "uv_size": [-4.5, 4.2]},
								"south": {"uv": [16, 11.8], "uv_size": [-4.5, 4.2]},
								"west": {"uv": [16, 11.8], "uv_size": [-4.5, 4.2]},
								"up": {"uv": [11.5, 16], "uv_size": [4.5, -4.2]},
								"down": {"uv": [11.5, 16], "uv_size": [4.5, -4.2]}
							}
						},
						{
							"origin": [-3.5, 17.54, -56],
							"size": [5, 5.08, 4],
							"pivot": [-6, 23.08, -50],
							"rotation": [0, 0, 45],
							"uv": {
								"north": {"uv": [15.6, 0.5], "uv_size": [-2, 1.1]},
								"east": {"uv": [15.3, 12.7], "uv_size": [-3.1, 0.5]},
								"south": {"uv": [15.3, 12.7], "uv_size": [-3.1, 0.5]},
								"west": {"uv": [15.3, 12.7], "uv_size": [-3.1, 0.5]},
								"up": {"uv": [12.2, 13.2], "uv_size": [3.1, -0.5]},
								"down": {"uv": [12.2, 13.2], "uv_size": [3.1, -0.5]}
							}
						},
						{
							"origin": [-1.5, 17.54, -56],
							"size": [5, 5.08, 4],
							"pivot": [6, 23.08, -50],
							"rotation": [0, 0, -45],
							"uv": {
								"north": {"uv": [15.6, 0.5], "uv_size": [-2, 1.1]},
								"east": {"uv": [15.3, 12.7], "uv_size": [-3.1, 0.5]},
								"south": {"uv": [15.3, 12.7], "uv_size": [-3.1, 0.5]},
								"west": {"uv": [15.3, 12.7], "uv_size": [-3.1, 0.5]},
								"up": {"uv": [12.2, 13.2], "uv_size": [3.1, -0.5]},
								"down": {"uv": [12.2, 13.2], "uv_size": [3.1, -0.5]}
							}
						}
					]
				},
				{
					"name": "dente",
					"parent": "boca1",
					"pivot": [0, 4.3, 52],
					"cubes": [
						{
							"origin": [22.32079, 65.33984, -38.85754],
							"size": [0.5, 5.48, 4.8],
							"pivot": [9.53019, 12.894, 154.08451],
							"rotation": [17.16569, 4.20854, -24.07947],
							"uv": {
								"north": {"uv": [9.3, 8.6], "uv_size": [-3.2, -1.9]},
								"east": {"uv": [9.3, 8.6], "uv_size": [-3.2, -1.9]},
								"south": {"uv": [9.3, 8.6], "uv_size": [-3.2, -1.9]},
								"west": {"uv": [3.7, 10.8], "uv_size": [-3.4, -6.1]},
								"up": {"uv": [6.1, 6.7], "uv_size": [3.2, 1.9]},
								"down": {"uv": [6.1, 6.7], "uv_size": [3.2, 1.9]}
							}
						},
						{
							"origin": [21.92079, 61.83984, -27.35754],
							"size": [0.5, 5.48, 4.8],
							"pivot": [9.53019, 12.894, 154.08451],
							"rotation": [17.16569, 4.20854, -24.07947],
							"uv": {
								"north": {"uv": [9.3, 8.6], "uv_size": [-3.2, -1.9]},
								"east": {"uv": [9.3, 8.6], "uv_size": [-3.2, -1.9]},
								"south": {"uv": [9.3, 8.6], "uv_size": [-3.2, -1.9]},
								"west": {"uv": [3.7, 10.8], "uv_size": [-3.4, -6.1]},
								"up": {"uv": [6.1, 6.7], "uv_size": [3.2, 1.9]},
								"down": {"uv": [6.1, 6.7], "uv_size": [3.2, 1.9]}
							}
						},
						{
							"origin": [-22.42079, 61.83984, -27.35754],
							"size": [0.5, 5.48, 4.8],
							"pivot": [-9.53019, 12.894, 154.08451],
							"rotation": [17.16569, -4.20854, 24.07947],
							"uv": {
								"north": {"uv": [6.1, 8.6], "uv_size": [3.2, -1.9]},
								"east": {"uv": [0.3, 10.8], "uv_size": [3.4, -6.1]},
								"south": {"uv": [6.1, 8.6], "uv_size": [3.2, -1.9]},
								"west": {"uv": [6.1, 8.6], "uv_size": [3.2, -1.9]},
								"up": {"uv": [9.3, 6.7], "uv_size": [-3.2, 1.9]},
								"down": {"uv": [9.3, 6.7], "uv_size": [-3.2, 1.9]}
							}
						},
						{
							"origin": [22.32079, 59.53984, -33.75754],
							"size": [0.5, 8.68, 6.6],
							"pivot": [9.53019, 12.894, 154.08451],
							"rotation": [17.16569, 4.20854, -24.07947],
							"uv": {
								"north": {"uv": [9.3, 8.6], "uv_size": [-3.2, -1.9]},
								"east": {"uv": [9.3, 8.6], "uv_size": [-3.2, -1.9]},
								"south": {"uv": [9.3, 8.6], "uv_size": [-3.2, -1.9]},
								"west": {"uv": [3.7, 10.8], "uv_size": [-3.4, -6.1]},
								"up": {"uv": [6.1, 6.7], "uv_size": [3.2, 1.9]},
								"down": {"uv": [6.1, 6.7], "uv_size": [3.2, 1.9]}
							}
						},
						{
							"origin": [8.02079, 5.13984, -50.24246],
							"size": [0, 8.38, 4.8],
							"pivot": [9.53019, 12.894, -50.08451],
							"rotation": [-17.16569, -4.20854, -24.07947],
							"uv": {
								"north": {"uv": [6.1, 8.6], "uv_size": [3.2, -1.9]},
								"east": {"uv": [6.1, 8.6], "uv_size": [3.2, -1.9]},
								"south": {"uv": [6.1, 8.6], "uv_size": [3.2, -1.9]},
								"west": {"uv": [0.3, 10.8], "uv_size": [3.4, -6.1]},
								"up": {"uv": [6.1, 8.6], "uv_size": [3.2, -1.9]},
								"down": {"uv": [6.1, 8.6], "uv_size": [3.2, -1.9]}
							}
						},
						{
							"origin": [8.02079, 5.13984, -55.64246],
							"size": [0, 8.38, 4.8],
							"pivot": [9.53019, 12.894, -50.08451],
							"rotation": [-17.16569, -4.20854, -24.07947],
							"uv": {
								"north": {"uv": [6.1, 8.6], "uv_size": [3.2, -1.9]},
								"east": {"uv": [6.1, 8.6], "uv_size": [3.2, -1.9]},
								"south": {"uv": [6.1, 8.6], "uv_size": [3.2, -1.9]},
								"west": {"uv": [0.3, 10.8], "uv_size": [3.4, -6.1]},
								"up": {"uv": [6.1, 8.6], "uv_size": [3.2, -1.9]},
								"down": {"uv": [6.1, 8.6], "uv_size": [3.2, -1.9]}
							}
						},
						{
							"origin": [-8.02079, 5.13984, -55.64246],
							"size": [0, 8.38, 4.8],
							"pivot": [-9.53019, 12.894, -50.08451],
							"rotation": [-17.16569, 4.20854, 24.07947],
							"uv": {
								"north": {"uv": [9.3, 8.6], "uv_size": [-3.2, -1.9]},
								"east": {"uv": [3.7, 10.8], "uv_size": [-3.4, -6.1]},
								"south": {"uv": [9.3, 8.6], "uv_size": [-3.2, -1.9]},
								"west": {"uv": [9.3, 8.6], "uv_size": [-3.2, -1.9]},
								"up": {"uv": [9.3, 8.6], "uv_size": [-3.2, -1.9]},
								"down": {"uv": [9.3, 8.6], "uv_size": [-3.2, -1.9]}
							}
						},
						{
							"origin": [8.58924, 6.70395, -60.69917],
							"size": [0, 4.28, 4.3],
							"pivot": [8.78924, 10.14395, -58.54917],
							"rotation": [-9.33531, 17.67734, -35.05737],
							"uv": {
								"north": {"uv": [9.3, 8.6], "uv_size": [-3.2, -1.9]},
								"east": {"uv": [9.3, 8.6], "uv_size": [-3.2, -1.9]},
								"south": {"uv": [9.3, 8.6], "uv_size": [-3.2, -1.9]},
								"west": {"uv": [3.7, 10.8], "uv_size": [-3.4, -6.1]},
								"up": {"uv": [6.1, 6.7], "uv_size": [3.2, 1.9]},
								"down": {"uv": [6.1, 6.7], "uv_size": [3.2, 1.9]}
							}
						},
						{
							"origin": [-8.58924, 6.70395, -60.69917],
							"size": [0, 4.28, 4.3],
							"pivot": [-8.78924, 10.14395, -58.54917],
							"rotation": [-9.33531, -17.67734, 35.05737],
							"uv": {
								"north": {"uv": [6.1, 8.6], "uv_size": [3.2, -1.9]},
								"east": {"uv": [0.3, 10.8], "uv_size": [3.4, -6.1]},
								"south": {"uv": [6.1, 8.6], "uv_size": [3.2, -1.9]},
								"west": {"uv": [6.1, 8.6], "uv_size": [3.2, -1.9]},
								"up": {"uv": [9.3, 6.7], "uv_size": [-3.2, 1.9]},
								"down": {"uv": [9.3, 6.7], "uv_size": [-3.2, 1.9]}
							}
						}
					]
				},
				{
					"name": "dente2",
					"parent": "boca1",
					"pivot": [0, 4.3, 52],
					"cubes": [
						{
							"origin": [-22.82079, 65.33984, -38.85754],
							"size": [0.5, 5.48, 4.8],
							"pivot": [-9.53019, 12.894, 154.08451],
							"rotation": [17.16569, -4.20854, 24.07947],
							"uv": {
								"north": {"uv": [6.1, 8.6], "uv_size": [3.2, -1.9]},
								"east": {"uv": [0.3, 10.8], "uv_size": [3.4, -6.1]},
								"south": {"uv": [6.1, 8.6], "uv_size": [3.2, -1.9]},
								"west": {"uv": [6.1, 8.6], "uv_size": [3.2, -1.9]},
								"up": {"uv": [9.3, 6.7], "uv_size": [-3.2, 1.9]},
								"down": {"uv": [9.3, 6.7], "uv_size": [-3.2, 1.9]}
							}
						},
						{
							"origin": [-22.82079, 59.53984, -33.75754],
							"size": [0.5, 8.68, 6.6],
							"pivot": [-9.53019, 12.894, 154.08451],
							"rotation": [17.16569, -4.20854, 24.07947],
							"uv": {
								"north": {"uv": [6.1, 8.6], "uv_size": [3.2, -1.9]},
								"east": {"uv": [0.3, 10.8], "uv_size": [3.4, -6.1]},
								"south": {"uv": [6.1, 8.6], "uv_size": [3.2, -1.9]},
								"west": {"uv": [6.1, 8.6], "uv_size": [3.2, -1.9]},
								"up": {"uv": [9.3, 6.7], "uv_size": [-3.2, 1.9]},
								"down": {"uv": [9.3, 6.7], "uv_size": [-3.2, 1.9]}
							}
						},
						{
							"origin": [-8.02079, 5.13984, -50.24246],
							"size": [0, 8.38, 4.8],
							"pivot": [-9.53019, 12.894, -50.08451],
							"rotation": [-17.16569, 4.20854, 24.07947],
							"uv": {
								"north": {"uv": [9.3, 8.6], "uv_size": [-3.2, -1.9]},
								"east": {"uv": [3.7, 10.8], "uv_size": [-3.4, -6.1]},
								"south": {"uv": [9.3, 8.6], "uv_size": [-3.2, -1.9]},
								"west": {"uv": [9.3, 8.6], "uv_size": [-3.2, -1.9]},
								"up": {"uv": [9.3, 8.6], "uv_size": [-3.2, -1.9]},
								"down": {"uv": [9.3, 8.6], "uv_size": [-3.2, -1.9]}
							}
						}
					]
				},
				{
					"name": "boca2",
					"parent": "head",
					"pivot": [0, 5.08, -27.5],
					"cubes": [
						{
							"origin": [-9.5, 1.54, -60],
							"size": [19, 7.08, 47],
							"uv": {
								"north": {"uv": [14.8, 0.8], "uv_size": [-1, 1.5]},
								"east": {"uv": [14.8, 0.8], "uv_size": [-1, 1.5]},
								"south": {"uv": [14.8, 0.8], "uv_size": [-1, 1.5]},
								"west": {"uv": [14.8, 0.8], "uv_size": [-1, 1.5]},
								"up": {"uv": [13.8, 2.3], "uv_size": [1, -1.5]},
								"down": {"uv": [13.8, 2.3], "uv_size": [1, -1.5]}
							}
						},
						{
							"origin": [-8.25, 7.94, -58.2],
							"size": [16.5, 1.28, 45.2],
							"uv": {
								"north": {"uv": [3.5, 1.6], "uv_size": [-0.5, 0.4]},
								"east": {"uv": [3.5, 1.6], "uv_size": [-0.5, 0.4]},
								"south": {"uv": [3.5, 1.6], "uv_size": [-0.5, 0.4]},
								"west": {"uv": [3.5, 1.6], "uv_size": [-0.5, 0.4]},
								"up": {"uv": [3, 2], "uv_size": [0.5, -0.4]},
								"down": {"uv": [3, 2], "uv_size": [0.5, -0.4]}
							}
						}
					]
				},
				{
					"name": "dentes",
					"parent": "boca2",
					"pivot": [0, 4.3, 52],
					"cubes": [
						{
							"origin": [8.8, 6.34, -41.8],
							"size": [0, 15.28, 8.6],
							"pivot": [9.5, 8.28, -37.85],
							"rotation": [-25, 0, 15],
							"uv": {
								"north": {"uv": [9.3, 6.7], "uv_size": [-3.2, 1.9]},
								"east": {"uv": [9.3, 6.7], "uv_size": [-3.2, 1.9]},
								"south": {"uv": [9.3, 6.7], "uv_size": [-3.2, 1.9]},
								"west": {"uv": [3.7, 4.7], "uv_size": [-3.4, 6.1]},
								"up": {"uv": [6.1, 8.6], "uv_size": [3.2, -1.9]},
								"down": {"uv": [6.1, 8.6], "uv_size": [3.2, -1.9]}
							}
						},
						{
							"origin": [9.57988, 6.84272, -58.93824],
							"size": [0, 7.78, 5.5],
							"pivot": [9.57988, 11.28272, -57.83824],
							"rotation": [-22.5, 0, 15],
							"uv": {
								"north": {"uv": [9.3, 6.7], "uv_size": [-3.2, 1.9]},
								"east": {"uv": [9.3, 6.7], "uv_size": [-3.2, 1.9]},
								"south": {"uv": [9.3, 6.7], "uv_size": [-3.2, 1.9]},
								"west": {"uv": [3.7, 4.7], "uv_size": [-3.4, 6.1]},
								"up": {"uv": [6.1, 8.6], "uv_size": [3.2, -1.9]},
								"down": {"uv": [6.1, 8.6], "uv_size": [3.2, -1.9]}
							}
						},
						{
							"origin": [10.57988, 6.64272, -63.33824],
							"size": [0, 7.78, 5.5],
							"pivot": [9.57988, 11.28272, -57.83824],
							"rotation": [0.17214, 66.95028, 19.94286],
							"uv": {
								"north": {"uv": [9.3, 6.7], "uv_size": [-3.2, 1.9]},
								"east": {"uv": [9.3, 6.7], "uv_size": [-3.2, 1.9]},
								"south": {"uv": [9.3, 6.7], "uv_size": [-3.2, 1.9]},
								"west": {"uv": [3.7, 4.7], "uv_size": [-3.4, 6.1]},
								"up": {"uv": [6.1, 8.6], "uv_size": [3.2, -1.9]},
								"down": {"uv": [6.1, 8.6], "uv_size": [3.2, -1.9]}
							}
						},
						{
							"origin": [-10.57988, 6.64272, -63.33824],
							"size": [0, 7.78, 5.5],
							"pivot": [-9.57988, 11.28272, -57.83824],
							"rotation": [0.17214, -66.95028, -19.94286],
							"uv": {
								"north": {"uv": [6.1, 6.7], "uv_size": [3.2, 1.9]},
								"east": {"uv": [0.3, 4.7], "uv_size": [3.4, 6.1]},
								"south": {"uv": [6.1, 6.7], "uv_size": [3.2, 1.9]},
								"west": {"uv": [6.1, 6.7], "uv_size": [3.2, 1.9]},
								"up": {"uv": [9.3, 8.6], "uv_size": [-3.2, -1.9]},
								"down": {"uv": [9.3, 8.6], "uv_size": [-3.2, -1.9]}
							}
						},
						{
							"origin": [8.8, 1.04, -50.8],
							"size": [0, 11.18, 6.5],
							"pivot": [9.5, 8.28, -37.85],
							"rotation": [-25, 0, 15],
							"uv": {
								"north": {"uv": [9.3, 6.7], "uv_size": [-3.2, 1.9]},
								"east": {"uv": [9.3, 6.7], "uv_size": [-3.2, 1.9]},
								"south": {"uv": [9.3, 6.7], "uv_size": [-3.2, 1.9]},
								"west": {"uv": [3.7, 4.7], "uv_size": [-3.4, 6.1]},
								"up": {"uv": [6.1, 8.6], "uv_size": [3.2, -1.9]},
								"down": {"uv": [6.1, 8.6], "uv_size": [3.2, -1.9]}
							}
						},
						{
							"origin": [8.8, 83.24, -25.4],
							"size": [0, 11.08, 6.7],
							"pivot": [9.5, 8.28, 141.85],
							"rotation": [25, 0, 15],
							"uv": {
								"north": {"uv": [6.1, 6.7], "uv_size": [3.2, 1.9]},
								"east": {"uv": [6.1, 6.7], "uv_size": [3.2, 1.9]},
								"south": {"uv": [6.1, 6.7], "uv_size": [3.2, 1.9]},
								"west": {"uv": [0.3, 4.7], "uv_size": [3.4, 6.1]},
								"up": {"uv": [6.1, 6.7], "uv_size": [3.2, 1.9]},
								"down": {"uv": [6.1, 6.7], "uv_size": [3.2, 1.9]}
							}
						},
						{
							"origin": [9.2, 87.14, -36.6],
							"size": [0, 11.08, 6.7],
							"pivot": [9.5, 8.28, 141.85],
							"rotation": [25, 0, 15],
							"uv": {
								"north": {"uv": [6.1, 6.7], "uv_size": [3.2, 1.9]},
								"east": {"uv": [6.1, 6.7], "uv_size": [3.2, 1.9]},
								"south": {"uv": [6.1, 6.7], "uv_size": [3.2, 1.9]},
								"west": {"uv": [0.3, 4.7], "uv_size": [3.4, 6.1]},
								"up": {"uv": [6.1, 6.7], "uv_size": [3.2, 1.9]},
								"down": {"uv": [6.1, 6.7], "uv_size": [3.2, 1.9]}
							}
						}
					]
				},
				{
					"name": "dentes2",
					"parent": "boca2",
					"pivot": [0, 4.3, 52],
					"cubes": [
						{
							"origin": [-8.8, 6.34, -41.8],
							"size": [0, 15.28, 8.6],
							"pivot": [-9.5, 8.28, -37.85],
							"rotation": [-25, 0, -15],
							"uv": {
								"north": {"uv": [6.1, 6.7], "uv_size": [3.2, 1.9]},
								"east": {"uv": [0.3, 4.7], "uv_size": [3.4, 6.1]},
								"south": {"uv": [6.1, 6.7], "uv_size": [3.2, 1.9]},
								"west": {"uv": [6.1, 6.7], "uv_size": [3.2, 1.9]},
								"up": {"uv": [9.3, 8.6], "uv_size": [-3.2, -1.9]},
								"down": {"uv": [9.3, 8.6], "uv_size": [-3.2, -1.9]}
							}
						},
						{
							"origin": [-9.57988, 6.84272, -58.93824],
							"size": [0, 7.78, 5.5],
							"pivot": [-9.57988, 11.28272, -57.83824],
							"rotation": [-22.5, 0, -15],
							"uv": {
								"north": {"uv": [6.1, 6.7], "uv_size": [3.2, 1.9]},
								"east": {"uv": [0.3, 4.7], "uv_size": [3.4, 6.1]},
								"south": {"uv": [6.1, 6.7], "uv_size": [3.2, 1.9]},
								"west": {"uv": [6.1, 6.7], "uv_size": [3.2, 1.9]},
								"up": {"uv": [9.3, 8.6], "uv_size": [-3.2, -1.9]},
								"down": {"uv": [9.3, 8.6], "uv_size": [-3.2, -1.9]}
							}
						},
						{
							"origin": [-8.8, 1.04, -50.8],
							"size": [0, 11.18, 6.5],
							"pivot": [-9.5, 8.28, -37.85],
							"rotation": [-25, 0, -15],
							"uv": {
								"north": {"uv": [6.1, 6.7], "uv_size": [3.2, 1.9]},
								"east": {"uv": [0.3, 4.7], "uv_size": [3.4, 6.1]},
								"south": {"uv": [6.1, 6.7], "uv_size": [3.2, 1.9]},
								"west": {"uv": [6.1, 6.7], "uv_size": [3.2, 1.9]},
								"up": {"uv": [9.3, 8.6], "uv_size": [-3.2, -1.9]},
								"down": {"uv": [9.3, 8.6], "uv_size": [-3.2, -1.9]}
							}
						},
						{
							"origin": [-8.8, 83.24, -25.4],
							"size": [0, 11.08, 6.7],
							"pivot": [-9.5, 8.28, 141.85],
							"rotation": [25, 0, -15],
							"uv": {
								"north": {"uv": [9.3, 6.7], "uv_size": [-3.2, 1.9]},
								"east": {"uv": [3.7, 4.7], "uv_size": [-3.4, 6.1]},
								"south": {"uv": [9.3, 6.7], "uv_size": [-3.2, 1.9]},
								"west": {"uv": [9.3, 6.7], "uv_size": [-3.2, 1.9]},
								"up": {"uv": [9.3, 6.7], "uv_size": [-3.2, 1.9]},
								"down": {"uv": [9.3, 6.7], "uv_size": [-3.2, 1.9]}
							}
						},
						{
							"origin": [-9.2, 87.14, -36.6],
							"size": [0, 11.08, 6.7],
							"pivot": [-9.5, 8.28, 141.85],
							"rotation": [25, 0, -15],
							"uv": {
								"north": {"uv": [9.3, 6.7], "uv_size": [-3.2, 1.9]},
								"east": {"uv": [3.7, 4.7], "uv_size": [-3.4, 6.1]},
								"south": {"uv": [9.3, 6.7], "uv_size": [-3.2, 1.9]},
								"west": {"uv": [9.3, 6.7], "uv_size": [-3.2, 1.9]},
								"up": {"uv": [9.3, 6.7], "uv_size": [-3.2, 1.9]},
								"down": {"uv": [9.3, 6.7], "uv_size": [-3.2, 1.9]}
							}
						}
					]
				},
				{
					"name": "body1",
					"parent": "body",
					"pivot": [0, 16, 2],
					"cubes": [
						{
							"origin": [-9.74, 1.84, -3],
							"size": [19.48, 25.18, 33],
							"uv": {
								"north": {"uv": [16, 11.8], "uv_size": [-4.5, 4.2]},
								"east": {"uv": [16, 11.8], "uv_size": [-4.5, 4.2]},
								"south": {"uv": [16, 11.8], "uv_size": [-4.5, 4.2]},
								"west": {"uv": [16, 11.8], "uv_size": [-4.5, 4.2]},
								"up": {"uv": [12.2, 13.2], "uv_size": [3.1, -0.5]},
								"down": {"uv": [14.4, 2.4], "uv_size": [0.9, -1.8]}
							}
						},
						{
							"origin": [0, 16.62, -1.9],
							"size": [0, 19.02, 31.9],
							"uv": {
								"north": {"uv": [6.5, 5.7], "uv_size": [-0.3, 1.4]},
								"east": {"uv": [7.3, 6.4], "uv_size": [-1, 1]},
								"south": {"uv": [6.5, 5.7], "uv_size": [-0.3, 1.4]},
								"west": {"uv": [11.4, 11.8], "uv_size": [-11.4, 4.2]},
								"up": {"uv": [6.2, 7.1], "uv_size": [0.3, -1.4]},
								"down": {"uv": [6.2, 7.1], "uv_size": [0.3, -1.4]}
							}
						},
						{
							"origin": [0, -5.76, -3],
							"size": [0, 15.5, 33],
							"uv": {
								"north": {"uv": [7, 6], "uv_size": [1.3, 2.4]},
								"east": {"uv": [7, 6], "uv_size": [1.3, 2.4]},
								"south": {"uv": [7, 6], "uv_size": [1.3, 2.4]},
								"west": {"uv": [0, 16], "uv_size": [11.4, -4.2]},
								"up": {"uv": [8.3, 8.4], "uv_size": [-1.3, -2.4]},
								"down": {"uv": [8.3, 8.4], "uv_size": [-1.3, -2.4]}
							}
						}
					]
				},
				{
					"name": "body2",
					"parent": "body1",
					"pivot": [0, 16, 30],
					"cubes": [
						{
							"origin": [-10.7, 1.6, 30],
							"size": [21.4, 27.1, 52],
							"uv": {
								"north": {"uv": [16, 11.8], "uv_size": [-4.5, 4.2]},
								"east": {"uv": [16, 11.8], "uv_size": [-4.5, 4.2]},
								"south": {"uv": [16, 11.8], "uv_size": [-4.5, 4.2]},
								"west": {"uv": [16, 11.8], "uv_size": [-4.5, 4.2]},
								"up": {"uv": [12.2, 13.2], "uv_size": [3.1, -0.5]},
								"down": {"uv": [14.4, 2.4], "uv_size": [0.9, -1.8]}
							}
						},
						{
							"origin": [0, 20.6, 30],
							"size": [0, 20.1, 52],
							"uv": {
								"north": {"uv": [7.3, 5.3], "uv_size": [0.7, 3.5]},
								"east": {"uv": [7.3, 5.3], "uv_size": [0.7, 3.5]},
								"south": {"uv": [7.3, 5.3], "uv_size": [0.7, 3.5]},
								"west": {"uv": [11.4, 11.8], "uv_size": [-11.4, 4.2]},
								"up": {"uv": [8, 8.8], "uv_size": [-0.7, -3.5]},
								"down": {"uv": [8, 8.8], "uv_size": [-0.7, -3.5]}
							}
						},
						{
							"origin": [0, -8.2, 30],
							"size": [0, 16.1, 52],
							"uv": {
								"north": {"uv": [7, 5.6], "uv_size": [1.1, 3]},
								"east": {"uv": [7, 5.6], "uv_size": [1.1, 3]},
								"south": {"uv": [7, 5.6], "uv_size": [1.1, 3]},
								"west": {"uv": [0, 16], "uv_size": [11.4, -4.2]},
								"up": {"uv": [8.1, 8.6], "uv_size": [-1.1, -3]},
								"down": {"uv": [8.1, 8.6], "uv_size": [-1.1, -3]}
							}
						}
					]
				},
				{
					"name": "body3",
					"parent": "body2",
					"pivot": [0, 16, 82],
					"cubes": [
						{
							"origin": [-9.74, 1.84, 82],
							"size": [19.48, 25.18, 52],
							"uv": {
								"north": {"uv": [16, 11.8], "uv_size": [-4.5, 4.2]},
								"east": {"uv": [16, 11.8], "uv_size": [-4.5, 4.2]},
								"south": {"uv": [16, 11.8], "uv_size": [-4.5, 4.2]},
								"west": {"uv": [16, 11.8], "uv_size": [-4.5, 4.2]},
								"up": {"uv": [12.2, 13.2], "uv_size": [3.1, -0.5]},
								"down": {"uv": [14.4, 2.4], "uv_size": [0.9, -1.8]}
							}
						},
						{
							"origin": [0, 18.72, 82],
							"size": [0, 19.02, 52],
							"uv": {
								"north": {"uv": [6, 6.5], "uv_size": [1.4, 0.8]},
								"east": {"uv": [6, 6.5], "uv_size": [1.4, 0.8]},
								"south": {"uv": [6, 6.5], "uv_size": [1.4, 0.8]},
								"west": {"uv": [11.4, 11.8], "uv_size": [-11.4, 4.2]},
								"up": {"uv": [7.4, 7.3], "uv_size": [-1.4, -0.8]},
								"down": {"uv": [7.4, 7.3], "uv_size": [-1.4, -0.8]}
							}
						},
						{
							"origin": [0, -6.66, 82],
							"size": [0, 15.5, 52],
							"uv": {
								"north": {"uv": [6.2, 6.5], "uv_size": [1.9, 2.2]},
								"east": {"uv": [6.2, 6.5], "uv_size": [1.9, 2.2]},
								"south": {"uv": [6.2, 6.5], "uv_size": [1.9, 2.2]},
								"west": {"uv": [0, 16], "uv_size": [11.4, -4.2]},
								"up": {"uv": [8.1, 8.7], "uv_size": [-1.9, -2.2]},
								"down": {"uv": [8.1, 8.7], "uv_size": [-1.9, -2.2]}
							}
						}
					]
				},
				{
					"name": "body4",
					"parent": "body3",
					"pivot": [0, 14, 134],
					"cubes": [
						{
							"origin": [-8.332, 2.192, 134],
							"size": [16.664, 22.364, 52],
							"uv": {
								"north": {"uv": [16, 11.8], "uv_size": [-4.5, 4.2]},
								"east": {"uv": [16, 11.8], "uv_size": [-4.5, 4.2]},
								"south": {"uv": [16, 11.8], "uv_size": [-4.5, 4.2]},
								"west": {"uv": [16, 11.8], "uv_size": [-4.5, 4.2]},
								"up": {"uv": [12.4, 13.2], "uv_size": [2.9, -0.7]},
								"down": {"uv": [14.4, 2.4], "uv_size": [0.9, -1.8]}
							}
						},
						{
							"origin": [0, 17.856, 134],
							"size": [0, 17.436, 52],
							"uv": {
								"north": {"uv": [5.9, 5.5], "uv_size": [2, 2.1]},
								"east": {"uv": [5.9, 5.5], "uv_size": [2, 2.1]},
								"south": {"uv": [5.9, 5.5], "uv_size": [2, 2.1]},
								"west": {"uv": [11.4, 11.8], "uv_size": [-11.4, 4.2]},
								"up": {"uv": [7.9, 7.6], "uv_size": [-2, -2.1]},
								"down": {"uv": [7.9, 7.6], "uv_size": [-2, -2.1]}
							}
						},
						{
							"origin": [-4.05, -4.828, 134],
							"size": [5.4, 14.62, 52],
							"uv": {
								"north": {"uv": [5.8, 6.3], "uv_size": [3.5, 2.9]},
								"east": {"uv": [5.8, 6.3], "uv_size": [3.5, 2.9]},
								"south": {"uv": [5.8, 6.3], "uv_size": [3.5, 2.9]},
								"west": {"uv": [0, 16], "uv_size": [11.4, -4.2]},
								"up": {"uv": [9.3, 9.2], "uv_size": [-3.5, -2.9]},
								"down": {"uv": [9.3, 9.2], "uv_size": [-3.5, -2.9]}
							}
						}
					]
				},
				{
					"name": "body5",
					"parent": "body3",
					"pivot": [0, 12, 186],
					"cubes": [
						{
							"origin": [-6.86768, 2.55808, 186],
							"size": [13.73536, 19.43536, 52],
							"uv": {
								"north": {"uv": [16, 11.8], "uv_size": [-4.5, 4.2]},
								"east": {"uv": [16, 11.8], "uv_size": [-4.5, 4.2]},
								"south": {"uv": [16, 11.8], "uv_size": [-4.5, 4.2]},
								"west": {"uv": [16, 11.8], "uv_size": [-4.5, 4.2]},
								"up": {"uv": [12.2, 13.2], "uv_size": [3.1, -0.5]},
								"down": {"uv": [14.4, 2.4], "uv_size": [0.9, -1.8]}
							}
						},
						{
							"origin": [0, 16.89344, 186],
							"size": [0, 15.78864, 52],
							"uv": {
								"north": {"uv": [8.2, 6.3], "uv_size": [3.9, 3.9]},
								"east": {"uv": [8.2, 6.3], "uv_size": [3.9, 3.9]},
								"south": {"uv": [8.2, 6.3], "uv_size": [3.9, 3.9]},
								"west": {"uv": [11.4, 11.8], "uv_size": [-11.4, 4.2]},
								"up": {"uv": [12.1, 10.2], "uv_size": [-3.9, -3.9]},
								"down": {"uv": [12.1, 10.2], "uv_size": [-3.9, -3.9]}
							}
						},
						{
							"origin": [-4.05, -3.34672, 186],
							"size": [5.4, 13.7048, 52],
							"uv": {
								"north": {"uv": [6.3, 5.7], "uv_size": [2, 2.7]},
								"east": {"uv": [6.3, 5.7], "uv_size": [2, 2.7]},
								"south": {"uv": [6.3, 5.7], "uv_size": [2, 2.7]},
								"west": {"uv": [0, 16], "uv_size": [11.4, -4.2]},
								"up": {"uv": [8.3, 8.4], "uv_size": [-2, -2.7]},
								"down": {"uv": [8.3, 8.4], "uv_size": [-2, -2.7]}
							}
						}
					]
				},
				{
					"name": "body6",
					"parent": "body5",
					"pivot": [0, 12, 237],
					"cubes": [
						{
							"origin": [-5.61738, 2.87066, 237],
							"size": [11.23475, 16.93475, 52],
							"uv": {
								"north": {"uv": [16, 11.8], "uv_size": [-4.5, 4.2]},
								"east": {"uv": [16, 11.8], "uv_size": [-4.5, 4.2]},
								"south": {"uv": [16, 11.8], "uv_size": [-4.5, 4.2]},
								"west": {"uv": [16, 11.8], "uv_size": [-4.5, 4.2]},
								"up": {"uv": [12.2, 13.2], "uv_size": [3.1, -0.5]},
								"down": {"uv": [14.4, 2.4], "uv_size": [0.9, -1.8]}
							}
						},
						{
							"origin": [0, 12.80541, 237],
							"size": [0, 14.38205, 52],
							"uv": {
								"north": {"uv": [7.1, 5.4], "uv_size": [1.3, 3.3]},
								"east": {"uv": [7.1, 5.4], "uv_size": [1.3, 3.3]},
								"south": {"uv": [7.1, 5.4], "uv_size": [1.3, 3.3]},
								"west": {"uv": [11.4, 11.8], "uv_size": [-11.4, 4.2]},
								"up": {"uv": [8.4, 8.7], "uv_size": [-1.3, -3.3]},
								"down": {"uv": [8.4, 8.7], "uv_size": [-1.3, -3.3]}
							}
						},
						{
							"origin": [-4.05, -1.2527, 237],
							"size": [5.4, 12.92336, 52],
							"uv": {
								"north": {"uv": [5.9, 6], "uv_size": [1.9, 2.2]},
								"east": {"uv": [5.9, 6], "uv_size": [1.9, 2.2]},
								"south": {"uv": [5.9, 6], "uv_size": [1.9, 2.2]},
								"west": {"uv": [0, 16], "uv_size": [11.4, -4.2]},
								"up": {"uv": [7.8, 8.2], "uv_size": [-1.9, -2.2]},
								"down": {"uv": [7.8, 8.2], "uv_size": [-1.9, -2.2]}
							}
						}
					]
				}
			]
		}
	]
}