{
	"format_version": "1.12.0",
	"minecraft:geometry": [
		{
			"description": {
				"identifier": "geometry.sea_beast_mohmoo",
				"texture_width": 16,
				"texture_height": 16,
				"visible_bounds_width": 36,
				"visible_bounds_height": 6,
				"visible_bounds_offset": [0, 2, 0]
			},
			"bones": [
				{
					"name": "root",
					"pivot": [0, 0, 74]
				},
				{
					"name": "waist",
					"parent": "root",
					"pivot": [0, 36, 111]
				},
				{
					"name": "body",
					"parent": "waist",
					"pivot": [0, 21, -13.5]
				},
				{
					"name": "head",
					"parent": "body",
					"pivot": [0, 21, -13.5],
					"cubes": [
						{
							"origin": [-13.15532, 8.36327, -37.32282],
							"size": [26.31063, 22.33041, 25.32797],
							"uv": {
								"north": {"uv": [0, 0], "uv_size": [7.2, 7.4]},
								"east": {"uv": [0, 0], "uv_size": [7.2, 7.4]},
								"south": {"uv": [0, 0], "uv_size": [7.2, 7.4]},
								"west": {"uv": [0, 0], "uv_size": [7.2, 7.4]},
								"up": {"uv": [7.2, 7.4], "uv_size": [-7.2, -7.4]},
								"down": {"uv": [7.2, 7.4], "uv_size": [-7.2, -7.4]}
							}
						},
						{
							"origin": [12.34469, 21.2811, -32.63772],
							"size": [12.36063, 11.08041, 0],
							"pivot": [14.175, 28.02131, -32.63772],
							"rotation": [-2.26603, -1.05627, -24.97911],
							"uv": {
								"north": {"uv": [12, 12.3], "uv_size": [-3.2, 3.5]},
								"east": {"uv": [7.7, 8.7], "uv_size": [-2.1, 0.9]},
								"south": {"uv": [7.7, 8.7], "uv_size": [-2.1, 0.9]},
								"west": {"uv": [7.7, 8.7], "uv_size": [-2.1, 0.9]},
								"up": {"uv": [5.6, 9.6], "uv_size": [2.1, -0.9]},
								"down": {"uv": [5.6, 9.6], "uv_size": [2.1, -0.9]}
							}
						},
						{
							"origin": [-24.70532, 21.2811, -32.63772],
							"size": [12.36063, 11.08041, 0],
							"pivot": [-14.175, 28.02131, -32.63772],
							"rotation": [-2.26603, 1.05627, 24.97911],
							"uv": {
								"north": {"uv": [8.8, 12.3], "uv_size": [3.2, 3.5]},
								"east": {"uv": [5.6, 8.7], "uv_size": [2.1, 0.9]},
								"south": {"uv": [5.6, 8.7], "uv_size": [2.1, 0.9]},
								"west": {"uv": [5.6, 8.7], "uv_size": [2.1, 0.9]},
								"up": {"uv": [7.7, 9.6], "uv_size": [-2.1, -0.9]},
								"down": {"uv": [7.7, 9.6], "uv_size": [-2.1, -0.9]}
							}
						},
						{
							"origin": [-7.30339, 6.8989, -58.64021],
							"size": [14.60681, 0, 13.8099],
							"pivot": [-3.15, 8.24891, -54.81026],
							"rotation": [37.5, 0, 0],
							"uv": {
								"north": {"uv": [14.1, 3.1], "uv_size": [1.4, -0.6]},
								"east": {"uv": [14.1, 3.1], "uv_size": [1.4, -0.6]},
								"south": {"uv": [14.1, 3.1], "uv_size": [1.4, -0.6]},
								"west": {"uv": [14.1, 3.1], "uv_size": [1.4, -0.6]},
								"up": {"uv": [15.6, 4.5], "uv_size": [-6.7, 6.9]},
								"down": {"uv": [15.5, 2.5], "uv_size": [-1.4, 0.6]}
							}
						},
						{
							"origin": [-10.75339, 7.96515, -47.88581],
							"size": [21.50681, 14.29146, 12.7599],
							"uv": {
								"north": {"uv": [14.5, 1.6], "uv_size": [1.1, -0.4]},
								"east": {"uv": [14.5, 1.6], "uv_size": [1.1, -0.4]},
								"south": {"uv": [14.5, 1.6], "uv_size": [1.1, -0.4]},
								"west": {"uv": [14.5, 1.6], "uv_size": [1.1, -0.4]},
								"up": {"uv": [15.6, 1.2], "uv_size": [-1.1, 0.4]},
								"down": {"uv": [15.6, 1.2], "uv_size": [-1.1, 0.4]}
							}
						},
						{
							"origin": [1.54469, 21.86327, -37.62282],
							"size": [7.71063, 8.08041, 0],
							"uv": {
								"north": {"uv": [12.8, 0.3], "uv_size": [-4.1, 3.9]},
								"east": {"uv": [5.7, 8.6], "uv_size": [-0.7, 1.3]},
								"south": {"uv": [5.7, 8.6], "uv_size": [-0.7, 1.3]},
								"west": {"uv": [5.7, 8.6], "uv_size": [-0.7, 1.3]},
								"up": {"uv": [5, 9.9], "uv_size": [0.7, -1.3]},
								"down": {"uv": [5, 9.9], "uv_size": [0.7, -1.3]}
							}
						},
						{
							"origin": [-9.25531, 21.86327, -37.62282],
							"size": [7.71063, 8.08041, 0],
							"uv": {
								"north": {"uv": [8.7, 0.3], "uv_size": [4.1, 3.9]},
								"east": {"uv": [5, 8.6], "uv_size": [0.7, 1.3]},
								"south": {"uv": [5, 8.6], "uv_size": [0.7, 1.3]},
								"west": {"uv": [5, 8.6], "uv_size": [0.7, 1.3]},
								"up": {"uv": [5.7, 9.9], "uv_size": [-0.7, -1.3]},
								"down": {"uv": [5.7, 9.9], "uv_size": [-0.7, -1.3]}
							}
						}
					]
				},
				{
					"name": "horn",
					"parent": "head",
					"pivot": [0, -54, 64.5],
					"cubes": [
						{
							"origin": [-18.618, 22.56, -26.79],
							"size": [6.936, 8.886, 6.936],
							"pivot": [-17.25, 34.128, -32.472],
							"rotation": [0, 0, -47.5],
							"uv": {
								"north": {"uv": [12.3, 12.1], "uv_size": [3.6, 3.8]},
								"east": {"uv": [12.3, 12.1], "uv_size": [3.6, 3.8]},
								"south": {"uv": [12.3, 12.1], "uv_size": [3.6, 3.8]},
								"west": {"uv": [12.3, 12.1], "uv_size": [3.6, 3.8]},
								"up": {"uv": [15.9, 15.9], "uv_size": [-3.6, -3.8]},
								"down": {"uv": [15.9, 15.9], "uv_size": [-3.6, -3.8]}
							}
						},
						{
							"origin": [-15.71233, 33.02779, -26.23512],
							"size": [5.82624, 7.46424, 5.82624],
							"pivot": [-12.35774, 32.47964, -23.322],
							"rotation": [0, 0, -27.5],
							"uv": {
								"north": {"uv": [12.3, 12.1], "uv_size": [3.6, 3.8]},
								"east": {"uv": [12.3, 12.1], "uv_size": [3.6, 3.8]},
								"south": {"uv": [12.3, 12.1], "uv_size": [3.6, 3.8]},
								"west": {"uv": [12.3, 12.1], "uv_size": [3.6, 3.8]},
								"up": {"uv": [15.9, 15.9], "uv_size": [-3.6, -3.8]},
								"down": {"uv": [15.9, 15.9], "uv_size": [-3.6, -3.8]}
							}
						},
						{
							"origin": [-17.95607, 38.70564, -25.47771],
							"size": [4.31142, 5.52354, 4.31142],
							"pivot": [-16.38846, 37.54534, -23.322],
							"rotation": [0, 0, -10],
							"uv": {
								"north": {"uv": [12.3, 12.1], "uv_size": [3.6, 3.8]},
								"east": {"uv": [12.3, 12.1], "uv_size": [3.6, 3.8]},
								"south": {"uv": [12.3, 12.1], "uv_size": [3.6, 3.8]},
								"west": {"uv": [12.3, 12.1], "uv_size": [3.6, 3.8]},
								"up": {"uv": [15.9, 15.9], "uv_size": [-3.6, -3.8]},
								"down": {"uv": [15.9, 15.9], "uv_size": [-3.6, -3.8]}
							}
						},
						{
							"origin": [-18.9039, 42.67878, -25.08967],
							"size": [3.53537, 4.52929, 3.53536],
							"pivot": [-16.38846, 37.54534, -23.322],
							"rotation": [0, 0, 2.5],
							"uv": {
								"north": {"uv": [12.3, 12.1], "uv_size": [3.6, 3.8]},
								"east": {"uv": [12.3, 12.1], "uv_size": [3.6, 3.8]},
								"south": {"uv": [12.3, 12.1], "uv_size": [3.6, 3.8]},
								"west": {"uv": [12.3, 12.1], "uv_size": [3.6, 3.8]},
								"up": {"uv": [15.9, 15.9], "uv_size": [-3.6, -3.8]},
								"down": {"uv": [15.9, 15.9], "uv_size": [-3.6, -3.8]}
							}
						}
					]
				},
				{
					"name": "horn2",
					"parent": "head",
					"pivot": [0, -54, 64.5],
					"cubes": [
						{
							"origin": [11.682, 22.56, -26.79],
							"size": [6.936, 8.886, 6.936],
							"pivot": [17.25, 34.128, -32.472],
							"rotation": [0, 0, 47.5],
							"uv": {
								"north": {"uv": [15.9, 12.1], "uv_size": [-3.6, 3.8]},
								"east": {"uv": [15.9, 12.1], "uv_size": [-3.6, 3.8]},
								"south": {"uv": [15.9, 12.1], "uv_size": [-3.6, 3.8]},
								"west": {"uv": [15.9, 12.1], "uv_size": [-3.6, 3.8]},
								"up": {"uv": [12.3, 15.9], "uv_size": [3.6, -3.8]},
								"down": {"uv": [12.3, 15.9], "uv_size": [3.6, -3.8]}
							}
						},
						{
							"origin": [9.8861, 33.02779, -26.23512],
							"size": [5.82624, 7.46424, 5.82624],
							"pivot": [12.35774, 32.47964, -23.322],
							"rotation": [0, 0, 27.5],
							"uv": {
								"north": {"uv": [15.9, 12.1], "uv_size": [-3.6, 3.8]},
								"east": {"uv": [15.9, 12.1], "uv_size": [-3.6, 3.8]},
								"south": {"uv": [15.9, 12.1], "uv_size": [-3.6, 3.8]},
								"west": {"uv": [15.9, 12.1], "uv_size": [-3.6, 3.8]},
								"up": {"uv": [12.3, 15.9], "uv_size": [3.6, -3.8]},
								"down": {"uv": [12.3, 15.9], "uv_size": [3.6, -3.8]}
							}
						},
						{
							"origin": [13.64466, 38.70564, -25.47771],
							"size": [4.31142, 5.52354, 4.31142],
							"pivot": [16.38846, 37.54534, -23.322],
							"rotation": [0, 0, 10],
							"uv": {
								"north": {"uv": [15.9, 12.1], "uv_size": [-3.6, 3.8]},
								"east": {"uv": [15.9, 12.1], "uv_size": [-3.6, 3.8]},
								"south": {"uv": [15.9, 12.1], "uv_size": [-3.6, 3.8]},
								"west": {"uv": [15.9, 12.1], "uv_size": [-3.6, 3.8]},
								"up": {"uv": [12.3, 15.9], "uv_size": [3.6, -3.8]},
								"down": {"uv": [12.3, 15.9], "uv_size": [3.6, -3.8]}
							}
						},
						{
							"origin": [15.36854, 42.67878, -25.08967],
							"size": [3.53537, 4.52929, 3.53536],
							"pivot": [16.38846, 37.54534, -23.322],
							"rotation": [0, 0, -2.5],
							"uv": {
								"north": {"uv": [15.9, 12.1], "uv_size": [-3.6, 3.8]},
								"east": {"uv": [15.9, 12.1], "uv_size": [-3.6, 3.8]},
								"south": {"uv": [15.9, 12.1], "uv_size": [-3.6, 3.8]},
								"west": {"uv": [15.9, 12.1], "uv_size": [-3.6, 3.8]},
								"up": {"uv": [12.3, 15.9], "uv_size": [3.6, -3.8]},
								"down": {"uv": [12.3, 15.9], "uv_size": [3.6, -3.8]}
							}
						}
					]
				},
				{
					"name": "body1",
					"parent": "body",
					"pivot": [0, 21, -13.5],
					"cubes": [
						{
							"origin": [-2.43, 24.14595, -13.78137],
							"size": [5.0532, 14.0322, 31.33776],
							"uv": {
								"north": {"uv": [4.2, 0.8], "uv_size": [0.6, 0.2]},
								"east": {"uv": [4.2, 0.8], "uv_size": [0.6, 0.2]},
								"south": {"uv": [4.2, 0.8], "uv_size": [0.6, 0.2]},
								"west": {"uv": [4.2, 0.8], "uv_size": [0.6, 0.2]},
								"up": {"uv": [4.8, 1], "uv_size": [-0.6, -0.2]},
								"down": {"uv": [4.8, 1], "uv_size": [-0.6, -0.2]}
							}
						},
						{
							"origin": [-15.3516, 5.36411, -13.23517],
							"size": [30.7032, 27.2322, 30.88776],
							"uv": {
								"north": {"uv": [0, 0], "uv_size": [7.2, 7.4]},
								"east": {"uv": [0, 0], "uv_size": [7.2, 7.4]},
								"south": {"uv": [0, 0], "uv_size": [7.2, 7.4]},
								"west": {"uv": [0, 0], "uv_size": [7.2, 7.4]},
								"up": {"uv": [7.2, 7.4], "uv_size": [-7.2, -7.4]},
								"down": {"uv": [8.4, 16], "uv_size": [-8.4, -5.1]}
							}
						}
					]
				},
				{
					"name": "body2",
					"parent": "body1",
					"pivot": [0, 21, 15],
					"cubes": [
						{
							"origin": [-19.755, 3.29319, 16.19318],
							"size": [39.51, 33.21, 37.668],
							"uv": {
								"north": {"uv": [0, 0], "uv_size": [7.2, 7.4]},
								"east": {"uv": [0, 0], "uv_size": [7.2, 7.4]},
								"south": {"uv": [0, 0], "uv_size": [7.2, 7.4]},
								"west": {"uv": [0, 0], "uv_size": [7.2, 7.4]},
								"up": {"uv": [7.2, 7.4], "uv_size": [-7.2, -7.4]},
								"down": {"uv": [8.4, 16], "uv_size": [-8.4, -5.1]}
							}
						},
						{
							"origin": [-2.43, 36.54407, 16.20834],
							"size": [4.86, 6.06, 39.168],
							"uv": {
								"north": {"uv": [4.2, 0.8], "uv_size": [0.6, 0.2]},
								"east": {"uv": [4.2, 0.8], "uv_size": [0.6, 0.2]},
								"south": {"uv": [4.2, 0.8], "uv_size": [0.6, 0.2]},
								"west": {"uv": [4.2, 0.8], "uv_size": [0.6, 0.2]},
								"up": {"uv": [4.8, 1], "uv_size": [-0.6, -0.2]},
								"down": {"uv": [4.8, 1], "uv_size": [-0.6, -0.2]}
							}
						}
					]
				},
				{
					"name": "body3",
					"parent": "body2",
					"pivot": [0, 21, 52.5],
					"cubes": [
						{
							"origin": [-22.293, 0.19623, 52.61483],
							"size": [44.586, 40.431, 42.1848],
							"uv": {
								"north": {"uv": [0, 0], "uv_size": [7.2, 7.4]},
								"east": {"uv": [0, 0], "uv_size": [7.2, 7.4]},
								"south": {"uv": [0, 0], "uv_size": [7.2, 7.4]},
								"west": {"uv": [0, 0], "uv_size": [7.2, 7.4]},
								"up": {"uv": [7.2, 7.4], "uv_size": [-7.2, -7.4]},
								"down": {"uv": [8.4, 16], "uv_size": [-8.4, -5.1]}
							}
						},
						{
							"origin": [-2.493, 37.81554, 51.66422],
							"size": [4.986, 8.631, 45.1848],
							"uv": {
								"north": {"uv": [4.2, 0.8], "uv_size": [0.6, 0.2]},
								"east": {"uv": [4.2, 0.8], "uv_size": [0.6, 0.2]},
								"south": {"uv": [4.2, 0.8], "uv_size": [0.6, 0.2]},
								"west": {"uv": [4.2, 0.8], "uv_size": [0.6, 0.2]},
								"up": {"uv": [4.8, 1], "uv_size": [-0.6, -0.2]},
								"down": {"uv": [4.8, 1], "uv_size": [-0.6, -0.2]}
							}
						}
					]
				},
				{
					"name": "body4",
					"parent": "body3",
					"pivot": [0, 18.75, 94.5],
					"cubes": [
						{
							"origin": [-18.03, 1.05, 94.53],
							"size": [36.06, 33.21, 37.668],
							"uv": {
								"north": {"uv": [0, 0], "uv_size": [7.2, 7.4]},
								"east": {"uv": [0, 0], "uv_size": [7.2, 7.4]},
								"south": {"uv": [0, 0], "uv_size": [7.2, 7.4]},
								"west": {"uv": [0, 0], "uv_size": [7.2, 7.4]},
								"up": {"uv": [7.2, 7.4], "uv_size": [-7.2, -7.4]},
								"down": {"uv": [8.4, 16], "uv_size": [-8.4, -5.1]}
							}
						},
						{
							"origin": [-2.43, 33.45, 94.53],
							"size": [4.86, 7.41, 37.668],
							"uv": {
								"north": {"uv": [4.2, 0.8], "uv_size": [0.6, 0.2]},
								"east": {"uv": [4.2, 0.8], "uv_size": [0.6, 0.2]},
								"south": {"uv": [4.2, 0.8], "uv_size": [0.6, 0.2]},
								"west": {"uv": [4.2, 0.8], "uv_size": [0.6, 0.2]},
								"up": {"uv": [4.8, 1], "uv_size": [-0.6, -0.2]},
								"down": {"uv": [4.8, 1], "uv_size": [-0.6, -0.2]}
							}
						}
					]
				},
				{
					"name": "body5",
					"parent": "body4",
					"pivot": [0, 17.25, 132],
					"cubes": [
						{
							"origin": [-15.15, 3.75, 132],
							"size": [30.3, 24, 28.2],
							"uv": {
								"north": {"uv": [0, 0], "uv_size": [7.2, 7.4]},
								"east": {"uv": [0, 0], "uv_size": [7.2, 7.4]},
								"south": {"uv": [0, 0], "uv_size": [7.2, 7.4]},
								"west": {"uv": [0, 0], "uv_size": [7.2, 7.4]},
								"up": {"uv": [7.2, 7.4], "uv_size": [-7.2, -7.4]},
								"down": {"uv": [8.4, 16], "uv_size": [-8.4, -5.1]}
							}
						},
						{
							"origin": [-2.55, 26.25, 131.25],
							"size": [4.95, 6.75, 28.2],
							"uv": {
								"north": {"uv": [4.2, 0.8], "uv_size": [0.6, 0.2]},
								"east": {"uv": [4.2, 0.8], "uv_size": [0.6, 0.2]},
								"south": {"uv": [4.2, 0.8], "uv_size": [0.6, 0.2]},
								"west": {"uv": [4.2, 0.8], "uv_size": [0.6, 0.2]},
								"up": {"uv": [4.8, 1], "uv_size": [-0.6, -0.2]},
								"down": {"uv": [4.8, 1], "uv_size": [-0.6, -0.2]}
							}
						}
					]
				},
				{
					"name": "body6",
					"parent": "body5",
					"pivot": [0, 17.25, 159.75],
					"cubes": [
						{
							"origin": [-13.47, 6, 160.224],
							"size": [26.94, 20.64, 22.698],
							"uv": {
								"north": {"uv": [0, 0], "uv_size": [7.2, 7.4]},
								"east": {"uv": [0, 0], "uv_size": [7.2, 7.4]},
								"south": {"uv": [0, 0], "uv_size": [7.2, 7.4]},
								"west": {"uv": [0, 0], "uv_size": [7.2, 7.4]},
								"up": {"uv": [7.2, 7.4], "uv_size": [-7.2, -7.4]},
								"down": {"uv": [8.4, 16], "uv_size": [-8.4, -5.1]}
							}
						},
						{
							"origin": [-2.52, 6.75, 158.724],
							"size": [5.19, 25.14, 24.198],
							"uv": {
								"north": {"uv": [4.2, 0.8], "uv_size": [0.6, 0.2]},
								"east": {"uv": [4.2, 0.8], "uv_size": [0.6, 0.2]},
								"south": {"uv": [4.2, 0.8], "uv_size": [0.6, 0.2]},
								"west": {"uv": [4.2, 0.8], "uv_size": [0.6, 0.2]},
								"up": {"uv": [4.8, 1], "uv_size": [-0.6, -0.2]},
								"down": {"uv": [4.8, 1], "uv_size": [-0.6, -0.2]}
							}
						}
					]
				},
				{
					"name": "body7",
					"parent": "body6",
					"pivot": [0, 15.75, 183],
					"cubes": [
						{
							"origin": [-10.7868, 6.9, 183.17376],
							"size": [21.5736, 15.2736, 16.79652],
							"uv": {
								"north": {"uv": [0, 0], "uv_size": [7.2, 7.4]},
								"east": {"uv": [0, 0], "uv_size": [7.2, 7.4]},
								"south": {"uv": [0, 0], "uv_size": [7.2, 7.4]},
								"west": {"uv": [0, 0], "uv_size": [7.2, 7.4]},
								"up": {"uv": [7.2, 7.4], "uv_size": [-7.2, -7.4]},
								"down": {"uv": [8.4, 16], "uv_size": [-8.4, -5.1]}
							}
						},
						{
							"origin": [-2.5368, 19.05, 183.17376],
							"size": [5.0736, 7.3236, 16.79652],
							"uv": {
								"north": {"uv": [4.2, 0.8], "uv_size": [0.6, 0.2]},
								"east": {"uv": [4.2, 0.8], "uv_size": [0.6, 0.2]},
								"south": {"uv": [4.2, 0.8], "uv_size": [0.6, 0.2]},
								"west": {"uv": [4.2, 0.8], "uv_size": [0.6, 0.2]},
								"up": {"uv": [4.8, 1], "uv_size": [-0.6, -0.2]},
								"down": {"uv": [4.8, 1], "uv_size": [-0.6, -0.2]}
							}
						}
					]
				},
				{
					"name": "body8",
					"parent": "body7",
					"pivot": [0, 15.375, 200.25],
					"cubes": [
						{
							"origin": [-2.50944, 8.86236, 199.88342],
							"size": [5.31888, 14.91888, 19.28721],
							"uv": {
								"north": {"uv": [4.2, 0.8], "uv_size": [0.6, 0.2]},
								"east": {"uv": [4.2, 0.8], "uv_size": [0.6, 0.2]},
								"south": {"uv": [4.2, 0.8], "uv_size": [0.6, 0.2]},
								"west": {"uv": [4.2, 0.8], "uv_size": [0.6, 0.2]},
								"up": {"uv": [4.8, 1], "uv_size": [-0.6, -0.2]},
								"down": {"uv": [4.8, 1], "uv_size": [-0.6, -0.2]}
							}
						},
						{
							"origin": [-9.25944, 7.66236, 199.88342],
							"size": [18.51888, 12.21888, 19.28721],
							"uv": {
								"north": {"uv": [0, 0], "uv_size": [7.2, 7.4]},
								"east": {"uv": [0, 0], "uv_size": [7.2, 7.4]},
								"south": {"uv": [0, 0], "uv_size": [7.2, 7.4]},
								"west": {"uv": [0, 0], "uv_size": [7.2, 7.4]},
								"up": {"uv": [7.2, 7.4], "uv_size": [-7.2, -7.4]},
								"down": {"uv": [8.4, 16], "uv_size": [-8.4, -5.1]}
							}
						}
					]
				},
				{
					"name": "body9",
					"parent": "body8",
					"pivot": [0, 13.875, 219],
					"cubes": [
						{
							"origin": [-7.40755, 8.17643, 219.13461],
							"size": [14.81511, 9.77511, 15.42978],
							"uv": {
								"north": {"uv": [0, 0], "uv_size": [7.2, 7.4]},
								"east": {"uv": [0, 0], "uv_size": [7.2, 7.4]},
								"south": {"uv": [0, 0], "uv_size": [7.2, 7.4]},
								"west": {"uv": [0, 0], "uv_size": [7.2, 7.4]},
								"up": {"uv": [7.2, 7.4], "uv_size": [-7.2, -7.4]},
								"down": {"uv": [8.4, 16], "uv_size": [-8.4, -5.1]}
							}
						},
						{
							"origin": [-2.45755, 17.17643, 219.13461],
							"size": [5.36511, 3.92511, 15.42978],
							"uv": {
								"north": {"uv": [4.2, 0.8], "uv_size": [0.6, 0.2]},
								"east": {"uv": [4.2, 0.8], "uv_size": [0.6, 0.2]},
								"south": {"uv": [4.2, 0.8], "uv_size": [0.6, 0.2]},
								"west": {"uv": [4.2, 0.8], "uv_size": [0.6, 0.2]},
								"up": {"uv": [4.8, 1], "uv_size": [-0.6, -0.2]},
								"down": {"uv": [4.8, 1], "uv_size": [-0.6, -0.2]}
							}
						}
					]
				},
				{
					"name": "body10",
					"parent": "body9",
					"pivot": [0, 12.375, 234.75],
					"cubes": [
						{
							"origin": [-5.47566, 8.90475, 234.46061],
							"size": [10.95132, 7.22576, 11.40569],
							"uv": {
								"north": {"uv": [0, 0], "uv_size": [7.2, 7.4]},
								"east": {"uv": [0, 0], "uv_size": [7.2, 7.4]},
								"south": {"uv": [0, 0], "uv_size": [7.2, 7.4]},
								"west": {"uv": [0, 0], "uv_size": [7.2, 7.4]},
								"up": {"uv": [7.2, 7.4], "uv_size": [-7.2, -7.4]},
								"down": {"uv": [8.4, 16], "uv_size": [-8.4, -5.1]}
							}
						},
						{
							"origin": [0.43534, 11.7525, 237.78153],
							"size": [23.36511, 1.52511, 37.02978],
							"pivot": [12.1179, 12.51506, 256.29642],
							"rotation": [0, 5, 0],
							"uv": {
								"north": {"uv": [0.7, 4.2], "uv_size": [-0.3, 0.9]},
								"east": {"uv": [0.7, 4.2], "uv_size": [-0.3, 0.9]},
								"south": {"uv": [0.7, 4.2], "uv_size": [-0.3, 0.9]},
								"west": {"uv": [0.7, 4.2], "uv_size": [-0.3, 0.9]},
								"up": {"uv": [0, 10.7], "uv_size": [4.2, -3.2]},
								"down": {"uv": [0, 7.5], "uv_size": [4.2, 3.2]}
							}
						},
						{
							"origin": [-23.80045, 11.7525, 237.78153],
							"size": [23.36511, 1.52511, 37.02978],
							"pivot": [-12.1179, 12.51506, 256.29642],
							"rotation": [0, -5, 0],
							"uv": {
								"north": {"uv": [0.4, 4.2], "uv_size": [0.3, 0.9]},
								"east": {"uv": [0.4, 4.2], "uv_size": [0.3, 0.9]},
								"south": {"uv": [0.4, 4.2], "uv_size": [0.3, 0.9]},
								"west": {"uv": [0.4, 4.2], "uv_size": [0.3, 0.9]},
								"up": {"uv": [4.2, 10.7], "uv_size": [-4.2, -3.2]},
								"down": {"uv": [4.2, 7.5], "uv_size": [-4.2, 3.2]}
							}
						}
					]
				},
				{
					"name": "rightFin",
					"parent": "body3",
					"pivot": [-25.5, 21, 77.25],
					"cubes": [
						{
							"origin": [-39.84477, 6.00233, 63.15],
							"size": [9, 27.6, 24.6],
							"pivot": [-35.34477, 19.80233, 75.45],
							"rotation": [0, 0, 90],
							"uv": {
								"north": {"uv": [0, 0], "uv_size": [7.2, 7.4]},
								"east": {"uv": [0, 0], "uv_size": [7.2, 7.4]},
								"south": {"uv": [0, 0], "uv_size": [7.2, 7.4]},
								"west": {"uv": [0, 0], "uv_size": [7.2, 7.4]},
								"up": {"uv": [7.2, 7.4], "uv_size": [-7.2, -7.4]},
								"down": {"uv": [7.2, 7.4], "uv_size": [-7.2, -7.4]}
							}
						}
					]
				},
				{
					"name": "rightFin2",
					"parent": "rightFin",
					"pivot": [-48.87, 19.65, 75.405],
					"cubes": [
						{
							"origin": [-59.22, 13.11, 66.915],
							"size": [7.2, 13.08, 16.98],
							"pivot": [-55.62, 19.65, 75.405],
							"rotation": [0, 0, 90],
							"uv": {
								"north": {"uv": [4.7, 3.8], "uv_size": [0.3, 0.3]},
								"east": {"uv": [4.7, 3.8], "uv_size": [0.3, 0.3]},
								"south": {"uv": [4.7, 3.8], "uv_size": [0.3, 0.3]},
								"west": {"uv": [4.7, 3.8], "uv_size": [0.3, 0.3]},
								"up": {"uv": [5, 4.1], "uv_size": [-0.3, -0.3]},
								"down": {"uv": [5, 4.1], "uv_size": [-0.3, -0.3]}
							}
						}
					]
				},
				{
					"name": "rightFin3",
					"parent": "rightFin2",
					"pivot": [-61.52073, 19.19174, 75.405],
					"cubes": [
						{
							"origin": [-76.45593, 8.52674, 64.94532],
							"size": [7.3704, 22.08, 20.91936],
							"pivot": [-72.77073, 19.56674, 75.405],
							"rotation": [0, 0, 90],
							"uv": {
								"north": {"uv": [4, 4.5], "uv_size": [0.8, 0.1]},
								"east": {"uv": [4, 4.5], "uv_size": [0.8, 0.1]},
								"south": {"uv": [4, 4.5], "uv_size": [0.8, 0.1]},
								"west": {"uv": [4, 4.5], "uv_size": [0.8, 0.1]},
								"up": {"uv": [4.8, 4.6], "uv_size": [-0.8, -0.1]},
								"down": {"uv": [4.8, 4.6], "uv_size": [-0.8, -0.1]}
							}
						}
					]
				},
				{
					"name": "rightFin4",
					"parent": "rightFin3",
					"pivot": [-83.40831, 19.82609, 75.40499],
					"cubes": [
						{
							"origin": [-100.6375, 6.64859, 62.18844],
							"size": [8.20839, 25.98, 26.4331],
							"pivot": [-96.53331, 19.63859, 75.40499],
							"rotation": [0, 0, 90],
							"uv": {
								"north": {"uv": [6.1, 5.6], "uv_size": [0.9, 1.8]},
								"east": {"uv": [0, 7.5], "uv_size": [4.2, 3.2]},
								"south": {"uv": [6.1, 5.6], "uv_size": [0.9, 1.8]},
								"west": {"uv": [0, 7.5], "uv_size": [4.2, 3.2]},
								"up": {"uv": [7, 7.4], "uv_size": [-0.9, -1.8]},
								"down": {"uv": [7, 7.4], "uv_size": [-0.9, -1.8]}
							}
						}
					]
				},
				{
					"name": "leftFin",
					"parent": "body3",
					"pivot": [25.5, 21, 77.25],
					"cubes": [
						{
							"origin": [30.84477, 6.00233, 63.15],
							"size": [9, 27.6, 24.6],
							"pivot": [35.34477, 19.80233, 75.45],
							"rotation": [0, 0, -90],
							"uv": {
								"north": {"uv": [7.2, 0], "uv_size": [-7.2, 7.4]},
								"east": {"uv": [7.2, 0], "uv_size": [-7.2, 7.4]},
								"south": {"uv": [7.2, 0], "uv_size": [-7.2, 7.4]},
								"west": {"uv": [7.2, 0], "uv_size": [-7.2, 7.4]},
								"up": {"uv": [0, 7.4], "uv_size": [7.2, -7.4]},
								"down": {"uv": [0, 7.4], "uv_size": [7.2, -7.4]}
							}
						}
					]
				},
				{
					"name": "leftFin2",
					"parent": "leftFin",
					"pivot": [48.87, 19.65, 75.405],
					"cubes": [
						{
							"origin": [52.02, 13.11, 66.915],
							"size": [7.2, 13.08, 16.98],
							"pivot": [55.62, 19.65, 75.405],
							"rotation": [0, 0, -90],
							"uv": {
								"north": {"uv": [5, 3.8], "uv_size": [-0.3, 0.3]},
								"east": {"uv": [5, 3.8], "uv_size": [-0.3, 0.3]},
								"south": {"uv": [5, 3.8], "uv_size": [-0.3, 0.3]},
								"west": {"uv": [5, 3.8], "uv_size": [-0.3, 0.3]},
								"up": {"uv": [4.7, 4.1], "uv_size": [0.3, -0.3]},
								"down": {"uv": [4.7, 4.1], "uv_size": [0.3, -0.3]}
							}
						}
					]
				},
				{
					"name": "leftFin3",
					"parent": "leftFin2",
					"pivot": [61.52073, 19.19174, 75.405],
					"cubes": [
						{
							"origin": [69.08553, 8.52674, 64.94532],
							"size": [7.3704, 22.08, 20.91936],
							"pivot": [72.77073, 19.56674, 75.405],
							"rotation": [0, 0, -90],
							"uv": {
								"north": {"uv": [4.8, 4.5], "uv_size": [-0.8, 0.1]},
								"east": {"uv": [4.8, 4.5], "uv_size": [-0.8, 0.1]},
								"south": {"uv": [4.8, 4.5], "uv_size": [-0.8, 0.1]},
								"west": {"uv": [4.8, 4.5], "uv_size": [-0.8, 0.1]},
								"up": {"uv": [4, 4.6], "uv_size": [0.8, -0.1]},
								"down": {"uv": [4, 4.6], "uv_size": [0.8, -0.1]}
							}
						}
					]
				},
				{
					"name": "leftFin4",
					"parent": "leftFin3",
					"pivot": [83.40831, 19.82609, 75.40499],
					"cubes": [
						{
							"origin": [92.42912, 6.64859, 62.18844],
							"size": [8.20839, 25.98, 26.4331],
							"pivot": [96.53331, 19.63859, 75.40499],
							"rotation": [0, 0, -90],
							"uv": {
								"north": {"uv": [7, 5.6], "uv_size": [-0.9, 1.8]},
								"east": {"uv": [4.2, 7.5], "uv_size": [-4.2, 3.2]},
								"south": {"uv": [7, 5.6], "uv_size": [-0.9, 1.8]},
								"west": {"uv": [4.2, 7.5], "uv_size": [-4.2, 3.2]},
								"up": {"uv": [6.1, 7.4], "uv_size": [0.9, -1.8]},
								"down": {"uv": [6.1, 7.4], "uv_size": [0.9, -1.8]}
							}
						}
					]
				}
			]
		}
	]
}