{"resource_pack_name":"vanilla","texture_name":"atlas.items","texture_data":{"yg:screech":{"textures":"textures/items/pamobile/yg_screech"},"yg:figure":{"textures":"textures/items/pamobile/yg_figure"},"yg:seek":{"textures":"textures/items/pamobile/yg_seek"},"yg:glitch":{"textures":"textures/items/pamobile/yg_glitch"},"yg:timothy":{"textures":"textures/items/pamobile/yg_timothy"},"yg:rush":{"textures":"textures/items/pamobile/yg_rush"},"yg:ambush":{"textures":"textures/items/pamobile/yg_ambush"},"yg:halt":{"textures":"textures/items/pamobile/yg_halt"},"yg:jack":{"textures":"textures/items/pamobile/yg_jack"},"yg:eye":{"textures":"textures/items/pamobile/yg_eye"}}}