{
  "format_version": "1.13.0",
  "minecraft:entity": {
    "description": {
      "identifier": "onepiece_addon:borobreath_p",
      "is_spawnable": false,
      "is_summonable": true,
      "is_experimental": false,
      "runtime_identifier": "minecraft:snowball",
      "scripts": {
        "animate": [
          "borobreath_p"
        ]
      },
      "animations": {
        "borobreath_p":"controller.animation.borobreath_p"
      }
    },
    "component_groups": {
    },

    "components": {
      "minecraft:projectile": {
        "reflect_on_hurt":false,
        "on_hit": {
          "spawn_chance": {
            "first_spawn_percent_chance": 100.0,
            "first_spawn_count": 1,
            "spawn_definition": "onepiece_addon:borobreath_attack"
          },
          "remove_on_hit": { },
          "impact_damage": {
            "damage": 20,
            "knockback": true,
            "semi_random_diff_damage":false,
            "destroy_on_hit": true,
            "max_critical_damage": 10,
            "min_critical_damage": 9,
            "power_multiplier": 0.97
          },
          "stick_in_ground": {
            "shake_time" : 0.35
          },
          "arrow_effect": {
          }
        },
        "filter": "onepiece_addon:kaido",
        "catch_fire": {
          "fire_affected_by_griefing": true
        },
        "power": 1.5,
        "gravity": 0.00,
        "uncertainty_base": 1,
        "uncertainty_multiplier": 0,
        "anchor": 0,
        "should_bounce": true,
        "offset": [ 5, 14, 0 ]
      },
      "minecraft:collision_box": {
        "width":5,
        "height":5
      },
      "minecraft:physics": {
      },
      "minecraft:transformation": {
        "into": "onepiece_addon:despawn",
        "delay": 5
      },
      "minecraft:pushable": {
        "is_pushable": false,
        "is_pushable_by_piston": false
      },
      "minecraft:conditional_bandwidth_optimization": {
        "default_values": {
          "max_optimized_distance": 80.0,
          "max_dropped_ticks": 10,
          "use_motion_prediction_hints": true
        }
      }
    },

    "events": {
    }

  }
}