{
  "format_version": "1.12.0",
  "minecraft:entity": {
    "description": {
      "identifier": "onepiece_addon:midoriboshi1_p",
      "is_spawnable": false,
      "is_summonable": false,
      "is_experimental": false,
      "runtime_identifier": "minecraft:snowball"
    },
    "component_groups": {
    },

    "components": {
      "minecraft:type_family": {
        "family": [ "usopp","attack" ]
      },
      "minecraft:collision_box": {
        "width": 0.1,
        "height": 0.1
      },
      "minecraft:projectile": {
        "on_hit": {
          "spawn_chance": {
            "first_spawn_percent_chance": 100.0,
            "first_spawn_count": 1,
            "spawn_definition": "onepiece_addon:midoriboshi1_e"
          },
          "impact_damage": {
            "damage": 2,
            "knockback": true,
            "semi_random_diff_damage":false,
            "destroy_on_hit": true,
            "max_critical_damage": 10,
            "min_critical_damage": 9,
            "power_multiplier": 0.97
          },
          "remove_on_hit": { }
        },
        "power": 2,
        "gravity": 0,
        "angle_offset": 0.0,
        "inertia": 1,
        "knockback":false,
        "liquid_inertia": 1
      },
      "minecraft:transformation": {
        "into": "onepiece_addon:despawn",
        "delay": 0.6
      },
	    "minecraft:physics": {
      },
      "minecraft:pushable": {
        "is_pushable": true,
        "is_pushable_by_piston": true
      },
      "minecraft:conditional_bandwidth_optimization": {
        "default_values": {
          "max_optimized_distance": 80.0,
          "max_dropped_ticks": 10,
          "use_motion_prediction_hints": true
        }
      }
    },

    "events": {
    }
  }
}
