{
  "format_version": "1.12.0",
  "minecraft:entity": {
    "description": {
      "identifier": "onepiece_addon:radicalbeam_p",
      "is_spawnable": false,
      "is_summonable": false,
      "is_experimental": false,
      "runtime_identifier": "minecraft:snowball",
      "scripts":{
        "animate":["radicalbeam_p"]
      },
      "animations":{
        "radicalbeam_p":"controller.animation.radicalbeam_p"
      }
    },
    "component_groups": {
      "onepiece_addon:exploding": {
        "minecraft:explode": {
         "fuseLength": 0,
         "fuseLit": true,
         "power": 3,
         "causesFire": true,
         "fireAffectedByGriefing": false,
         "destroyAffectedByGriefing": false
        }
      }
    },

    "components": {
      "minecraft:collision_box": {
        "width": 0.01,
        "height": 0.01
      },
      "minecraft:projectile": {
        "on_hit": {
          "definition_event": {
            "affectProjectile": true,
            "eventTrigger": {
              "event": "onepiece_addon:explode",
              "target": "self"
            }
          },
          "impact_damage": {
            "damage": 10,
            "knockback": false,
            "semi_random_diff_damage":false,
            "destroy_on_hit": true,
            "max_critical_damage": 10,
            "min_critical_damage": 9,
            "power_multiplier": 0.97
          }
        },
        "power": 7,
        "gravity": 0,
        "angle_offset": 0.0,
        "inertia": 1,
        "knockback":false,
        "liquid_inertia": 1
      },
      "minecraft:transformation": {
        "into": "onepiece_addon:despawn",
        "delay": 2
      },
	    "minecraft:physics": {
      },
      "minecraft:pushable": {
        "is_pushable": true,
        "is_pushable_by_piston": true
      },
      "minecraft:conditional_bandwidth_optimization": {
        "default_values": {
          "max_optimized_distance": 80.0,
          "max_dropped_ticks": 10,
          "use_motion_prediction_hints": true
        }
      }
    },

    "events": {
      "onepiece_addon:explode": {
        "add": {
         "component_groups": [
          "onepiece_addon:exploding"
        ]
      }
    }
    }
  }
}
