{
  "format_version": "1.13.0",
  "minecraft:entity": {    
    "description": {
      "identifier": "onepiece_addon:usopp_midoriboshi1_e",
      "is_spawnable": false,
      "is_summonable": true,
      "is_experimental": false,
      "scripts": {
        "animate": [
          "midoriboshi1_e"
        ]
      },
      "animations": {
        "midoriboshi1_e":"controller.animation.midoriboshi1_e"
      }
    },
    "component_groups": {},
    "components": {
      "minecraft:timer": {
        "looping": true,
        "randomInterval": false,
        "time": 0.3,
        "time_down_event": {
         "event": "onepiece_addon:event1",
         "target": "self"
        }
      },
      "minecraft:type_family": {
        "family": [ "usopp" ]
      },
      "minecraft:collision_box": {
        "width": 0.0,
        "height": 0.0
      },
      "minecraft:transformation": {
        "into": "onepiece_addon:midoriboshi1_d",
        "delay": 3
      },
      "minecraft:damage_sensor": {
        "triggers": {
            "on_damage": {"filters": {}},
            "deals_damage": false
        }
      }
    },
    "events": {
      "onepiece_addon:event1":{
        "run_command":{
          "command":"function midoriboshi1"
        }
      }
    }
  }
}