{
  "format_version": "1.12.0",
  "minecraft:geometry": [
    {
      "description": {
        "identifier": "geometry.yg_seek",
        "texture_width": 256,
        "texture_height": 256,
        "visible_bounds_width": 4,
        "visible_bounds_height": 4.5,
        "visible_bounds_offset": [
          0,
          1.75,
          0
        ]
      },
      "bones": [
        {
          "name": "Root"
        },
        {
          "name": "Body",
          "pivot": [
            0.0003,
            22.87429,
            -0.03267
          ],
          "cubes": [
            {
              "origin": [
                -2.0,
                39.0,
                -2.0
              ],
              "size": [
                4.0,
                4.0,
                4.0
              ],
              "uv": [
                24,
                0
              ],
              "inflate": 0
            },
            {
              "origin": [
                -3.9988,
                33.99715,
                -3.13067
              ],
              "size": [
                8.0,
                7.0,
                6.0
              ],
              "pivot": [
                0.0012,
                37.49715,
                -0.13067
              ],
              "rotation": [
                2.49642,
                0.13121,
                0.02861
              ],
              "uv": [
                0,
                17
              ],
              "inflate": 0
            },
            {
              "origin": [
                -3.5,
                25.0,
                -2.5
              ],
              "size": [
                7.0,
                9.0,
                5.0
              ],
              "uv": [
                23,
                25
              ],
              "inflate": 0
            },
            {
              "origin": [
                -4.0,
                22.0,
                -3.0
              ],
              "size": [
                8.0,
                3.0,
                6.0
              ],
              "uv": [
                0,
                33
              ],
              "inflate": 0
            }
          ],
          "parent": "Root"
        },
        {
          "name": "Head",
          "pivot": [
            0,
            43,
            0
          ],
          "cubes": [
            {
              "origin": [
                -4.0,
                42.0,
                -4.0
              ],
              "size": [
                8.0,
                9.0,
                8.0
              ],
              "uv": [
                0,
                0
              ],
              "inflate": 0
            }
          ],
          "parent": "Body"
        },
        {
          "name": "Rightarm",
          "pivot": [
            -5.5,
            40,
            0
          ],
          "cubes": [
            {
              "origin": [
                -7.0,
                31.0,
                -1.5
              ],
              "size": [
                3.0,
                10.0,
                3.0
              ],
              "uv": [
                33,
                58
              ],
              "inflate": 0
            }
          ],
          "parent": "Body"
        },
        {
          "name": "bone",
          "pivot": [
            -5.5,
            30,
            0
          ],
          "cubes": [
            {
              "origin": [
                -7.0,
                21.0,
                -1.5
              ],
              "size": [
                3.0,
                10.0,
                3.0
              ],
              "uv": [
                12,
                58
              ],
              "inflate": 0
            }
          ],
          "parent": "Rightarm"
        },
        {
          "name": "bone2",
          "pivot": [
            -5.15526,
            22.02306,
            0
          ],
          "cubes": [
            {
              "origin": [
                -7.24014,
                17.80726,
                -1.5
              ],
              "size": [
                2.0,
                4.0,
                3.0
              ],
              "pivot": [
                -6.24014,
                19.80726,
                0.0
              ],
              "rotation": [
                0.0,
                0.0,
                12.5
              ],
              "uv": [
                59,
                58
              ],
              "inflate": 0
            },
            {
              "origin": [
                -4.8759,
                18.97104,
                -1.98972
              ],
              "size": [
                1.0,
                3.0,
                1.0
              ],
              "pivot": [
                -4.3759,
                20.47104,
                -1.48972
              ],
              "rotation": [
                -20.0,
                0.0,
                -15.0
              ],
              "uv": [
                3,
                3
              ],
              "inflate": 0
            },
            {
              "origin": [
                -4.39591,
                17.67967,
                -2.03959
              ],
              "size": [
                1.0,
                2.0,
                1.0
              ],
              "pivot": [
                -3.89591,
                18.67967,
                -1.53959
              ],
              "rotation": [
                30.0,
                0.0,
                -15.0
              ],
              "uv": [
                0,
                17
              ],
              "inflate": 0
            },
            {
              "origin": [
                -7.10908,
                15.63427,
                -1.5
              ],
              "size": [
                2.0,
                3.0,
                3.0
              ],
              "pivot": [
                -6.10908,
                17.13427,
                0.0
              ],
              "rotation": [
                0.0,
                0.0,
                -25.0
              ],
              "uv": [
                38,
                19
              ],
              "inflate": 0
            }
          ],
          "parent": "bone"
        },
        {
          "name": "Leftarm",
          "pivot": [
            5.5,
            40,
            0
          ],
          "cubes": [
            {
              "origin": [
                4.0,
                31.0,
                -1.5
              ],
              "size": [
                3.0,
                10.0,
                3.0
              ],
              "uv": [
                0,
                55
              ],
              "inflate": 0
            }
          ],
          "parent": "Body"
        },
        {
          "name": "bone3",
          "pivot": [
            5.5,
            30,
            0
          ],
          "cubes": [
            {
              "origin": [
                4.0,
                21.0,
                -1.5
              ],
              "size": [
                3.0,
                10.0,
                3.0
              ],
              "uv": [
                50,
                48
              ],
              "inflate": 0
            }
          ],
          "parent": "Leftarm"
        },
        {
          "name": "bone4",
          "pivot": [
            5.15526,
            22.02306,
            0
          ],
          "cubes": [
            {
              "origin": [
                5.24014,
                17.80726,
                -1.5
              ],
              "size": [
                2.0,
                4.0,
                3.0
              ],
              "pivot": [
                6.24014,
                19.80726,
                0.0
              ],
              "rotation": [
                0.0,
                0.0,
                -12.5
              ],
              "uv": [
                38,
                5
              ],
              "inflate": 0
            },
            {
              "origin": [
                3.8759,
                18.97104,
                -1.98972
              ],
              "size": [
                1.0,
                3.0,
                1.0
              ],
              "pivot": [
                4.3759,
                20.47104,
                -1.48972
              ],
              "rotation": [
                -20.0,
                0.0,
                15.0
              ],
              "uv": [
                0,
                0
              ],
              "inflate": 0
            },
            {
              "origin": [
                3.39591,
                17.67967,
                -2.03959
              ],
              "size": [
                1.0,
                2.0,
                1.0
              ],
              "pivot": [
                3.89591,
                18.67967,
                -1.53959
              ],
              "rotation": [
                30.0,
                0.0,
                15.0
              ],
              "uv": [
                4,
                0
              ],
              "inflate": 0
            },
            {
              "origin": [
                5.10908,
                15.63427,
                -1.5
              ],
              "size": [
                2.0,
                3.0,
                3.0
              ],
              "pivot": [
                6.10908,
                17.13427,
                0.0
              ],
              "rotation": [
                0.0,
                0.0,
                25.0
              ],
              "uv": [
                28,
                19
              ],
              "inflate": 0
            }
          ],
          "parent": "bone3"
        },
        {
          "name": "Rightleg",
          "pivot": [
            -2.5,
            22,
            0
          ],
          "cubes": [
            {
              "origin": [
                -4.0,
                12.0,
                -1.5
              ],
              "size": [
                3.0,
                10.0,
                3.0
              ],
              "uv": [
                24,
                48
              ],
              "inflate": 0
            }
          ],
          "parent": "Root"
        },
        {
          "name": "bone5",
          "pivot": [
            -2.5,
            12,
            0
          ],
          "cubes": [
            {
              "origin": [
                -4.0,
                2.0,
                -1.5
              ],
              "size": [
                3.0,
                10.0,
                3.0
              ],
              "uv": [
                38,
                45
              ],
              "inflate": 0
            }
          ],
          "parent": "Rightleg"
        },
        {
          "name": "bone6",
          "pivot": [
            -2.5,
            2,
            0
          ],
          "cubes": [
            {
              "origin": [
                -4.0,
                0.0,
                -5.5
              ],
              "size": [
                3.0,
                2.0,
                7.0
              ],
              "uv": [
                21,
                39
              ],
              "inflate": 0
            }
          ],
          "parent": "bone5"
        },
        {
          "name": "Leftleg",
          "pivot": [
            2.5,
            22,
            0
          ],
          "cubes": [
            {
              "origin": [
                1.0,
                12.0,
                -1.5
              ],
              "size": [
                3.0,
                10.0,
                3.0
              ],
              "uv": [
                12,
                45
              ],
              "inflate": 0
            }
          ],
          "parent": "Root"
        },
        {
          "name": "bone7",
          "pivot": [
            2.5,
            12,
            0
          ],
          "cubes": [
            {
              "origin": [
                1.0,
                2.0,
                -1.5
              ],
              "size": [
                3.0,
                10.0,
                3.0
              ],
              "uv": [
                0,
                42
              ],
              "inflate": 0
            }
          ],
          "parent": "Leftleg"
        },
        {
          "name": "bone8",
          "pivot": [
            2.5,
            2,
            0
          ],
          "cubes": [
            {
              "origin": [
                1.0,
                0.0,
                -5.5
              ],
              "size": [
                3.0,
                2.0,
                7.0
              ],
              "uv": [
                25,
                10
              ],
              "inflate": 0
            }
          ],
          "parent": "bone7"
        },
        {
          "name": "E",
          "pivot": [
            0,
            0.3,
            0
          ],
          "cubes": [
            {
              "origin": [
                -24.0,
                0.3,
                -24.0
              ],
              "size": [
                48.0,
                0.0,
                48.0
              ],
              "uv": [
                0,
                0
              ],
              "inflate": 0
            }
          ]
        }
      ]
    }
  ]
}