{
  "format_version": "1.16.100",
  "minecraft:item": {
    "description": {
      "identifier": "wesl3y:doru_skill1",
      "category": "commands"
    },
    "components": {
      "tag:arm": {},
      "minecraft:icon": {
        "texture": "doru_skill1"
      },
      "minecraft:display_name": {
        "value":"Skill 1\n§f(Doru Doru)\n§7(Crouch to change/Agache para Mudar)"
      },
      "tag:skill": {},
      "minecraft:use_duration": 99999,
      "minecraft:max_stack_size": 1,
      "minecraft:hand_equipped": true,
      "minecraft:food": {
        "can_always_eat": true
      },
      "minecraft:on_use": {
        "on_use": {
          "event": "using",
          "target": "self"
        }
      },
      "minecraft:render_offsets": {
	    "main_hand": {
		  "first_person": { 
		    "scale": [0.0,0.0,0.0]
		  },
		  "third_person": { 
			"scale": [0.0,0.0,0.0]
		  }
		},
		"off_hand": {
		  "first_person": { 
			"scale": [0.0,0.0,0.0]
		  },
		  "third_person": { 
			"scale": [0.0,0.0,0.0]
	      }
	    }
	  }
    },
    "events": {
      "using": {
        "sequence": [
          {
            "randomize": [
              {
                "condition": "query.scoreboard('cooldown_skill1') == 0 && query.scoreboard('skill1') <= 1 && !query.is_sneaking",
                "run_command": {
                  "command": [
                    "setblock ~2~~ wesl3y:doru_block_air",
                    "setblock ~2~2~ wesl3y:doru_block_air",
                    "setblock ~-2~~ wesl3y:doru_block_air",
                    "setblock ~-2~2~ wesl3y:doru_block_air",
                    "setblock ~~~2 wesl3y:doru_block_air",
                    "setblock ~~2~2 wesl3y:doru_block_air",
                    "setblock ~~~-2 wesl3y:doru_block_air",
                    "setblock ~~2~-2 wesl3y:doru_block_air",
                    "setblock ~2~~1 wesl3y:doru_block_air",
                    "setblock ~2~1~1 wesl3y:doru_block_air",
                    "setblock ~2~2~1 wesl3y:doru_block_air",
                    "setblock ~-2~~1 wesl3y:doru_block_air",
                    "setblock ~-2~1~1 wesl3y:doru_block_air",
                    "setblock ~-2~2~1 wesl3y:doru_block_air",
                    "setblock ~2~~-1 wesl3y:doru_block_air",
                    "setblock ~2~1~-1 wesl3y:doru_block_air",
                    "setblock ~2~2~-1 wesl3y:doru_block_air",
                    "setblock ~-2~~-1 wesl3y:doru_block_air",
                    "setblock ~-2~1~-1 wesl3y:doru_block_air",
                    "setblock ~-2~2~-1 wesl3y:doru_block_air",
                    "setblock ~1~~2 wesl3y:doru_block_air",
                    "setblock ~1~1~2 wesl3y:doru_block_air",
                    "setblock ~1~2~2 wesl3y:doru_block_air",
                    "setblock ~1~~-2 wesl3y:doru_block_air",
                    "setblock ~1~1~-2 wesl3y:doru_block_air",
                    "setblock ~1~2~-2 wesl3y:doru_block_air",
                    "setblock ~-1~~2 wesl3y:doru_block_air",
                    "setblock ~-1~1~2 wesl3y:doru_block_air",
                    "setblock ~-1~2~2 wesl3y:doru_block_air",
                    "setblock ~-1~~-2 wesl3y:doru_block_air",
                    "setblock ~-1~1~-2 wesl3y:doru_block_air",
                    "setblock ~-1~2~-2 wesl3y:doru_block_air",
                    "scoreboard players set @s cooldown_skill1 30",
                    "scoreboard players add @s xp_fruit 1"
                  ]
                }
              },
              {
                "condition": "query.scoreboard('cooldown_skill1') == 0 && query.scoreboard('skill1') >= 2 && !query.is_sneaking",
                "run_command": {
                  "command": [
                    "fill ~-4~-2~-4 ~4~2~4 wesl3y:doru_block_grass 0 replace grass",
                    "fill ~-4~-2~-4 ~4~2~4 wesl3y:doru_block_grass 0 replace dirt",
                    "fill ~-4~-2~-4 ~4~2~4 wesl3y:doru_block_stone 0 replace stone",
                    "fill ~-4~-2~-4 ~4~2~4 wesl3y:doru_block_stone 0 replace cobblestone",
                    "fill ~-4~-2~-4 ~4~2~4 wesl3y:doru_block_planks 0 replace planks",
                    "scoreboard players set @s cooldown_skill1 50",
                    "scoreboard players add @s xp_fruit 1"
                  ]
                }
              }
            ]
          }
        ]
      }
    }
  }
}