{
  "format_version": "1.16.0",
  "minecraft:entity": {
    "description": {
      "identifier": "onepiece_addon:pirates_ship1_f",
      "is_spawnable": false,
      "is_summonable": true,
      "is_experimental": false
    },
    "component_groups": {
      "onepiece_addon:structure":{
        "minecraft:instant_despawn": {}
      }
    },
    "components": {
      "minecraft:timer": {
        "looping": false,
        "randomInterval": false,
        "time": 0.1,
        "time_down_event": {
         "event": "minecraft:entity_spawned",
         "target": "self"
        }
      },
      "minecraft:type_family": {
        "family": [ "feature" ]
      },
      "minecraft:environment_sensor": {
        "triggers": [
          {
            "filters": {
              "all_of": [
                {
                  "test": "is_underwater",
                  "value": false
                },
                {
                  "test": "has_tag",
                  "operator":"!=",
                  "value": "structure"
                }
              ]
            },
            "event": "onepiece_addon:structure"
          }
        ]
      },
      "minecraft:breathable": {
        "total_supply": 1000,
        "suffocate_time": 0
      },
      "minecraft:collision_box": {
        "width": 0.6,
        "height": 1.8
      },
      "minecraft:navigation.walk": {
        "is_amphibious": true,
        "can_pass_doors":true,
        "can_break_doors":false,
        "can_walk":true,
        "can_open_doors": true,
        "can_path_over_water": true
      },
      "minecraft:movement": {
        "value": 0.4
      },
      "minecraft:movement.basic": {
      },
      "minecraft:jump.static": {},
      "minecraft:can_climb": {
      },
      "minecraft:physics": {
      },
      "minecraft:pushable": {
        "is_pushable": false,
        "is_pushable_by_piston": false
      },
      "minecraft:behavior.float": {
        "priority": 0
      },
      "minecraft:conditional_bandwidth_optimization": {
      }
    },


    "events": {
      "minecraft:entity_spawned": {
        "run_command":{
          "command":"effect @s levitation 10 5 true"
        }
      },
      "onepiece_addon:structure":{
        "run_command":{
          "command":"function pirates_ship1_f"
        },
        "add":{
          "component_groups":[
            "onepiece_addon:structure"
          ]
        }
      }
    }
  }
}
