{
  "format_version": "1.10.0",
  "minecraft:client_entity": {
    "description": {
      "identifier": "kg:mll",
      "min_engine_version": "1.8.0",
      "materials": {
        "default": "entity_alphatest"
      },
      "textures": {
        "default": "textures/entity/pamobile/kg_mll",
        "saddled": "textures/entity/pamobile/kg_mll"
      },
      "geometry": {
        "default": "geometry.kg_mll"
      },
      "animations": {
        "setup": "animation.kg_mll.idle",
        "walk": "animation.kg_mll.move",
        "look_at_target": "animation.kg_mll.look_at_target",
        "baby_transform": "animation.kg_mll.baby_transform"
      },
      "scripts": {
        "animate": [
          "setup",
          {
            "walk": "query.modified_move_speed"
          },
          "look_at_target",
          {
            "baby_transform": "query.is_baby"
          }
        ]
      },
      "render_controllers": [
        "controller.render.pig"
      ],
      "spawn_egg": {
        "base_color": "#FF00BB",
        "overlay_color": "#A70099"
      }
    }
  }
}