{"format_version":"1.10.0","minecraft:client_entity":{"description":{"identifier":"kloffer:mommy_long_legs","materials":{"default":"witch"},"textures":{"default":"textures/entity/mommy/kloffer_mommy_long_legs"},"geometry":{"default":"geometry.kloffer_mommy_long_legs"},"scripts":{"animate":["move","jumping","general","attack_controllers"],"pre_animation":["variable.attack = Math.sin(variable.attack_time * 30.0);"]},"animations":{"moving":"animation.kloffer_mommy_long_legs.move","kloffer_mll":"animation.kloffer mommy_long_legs.general","running":"animation.kloffer_mommy_long_legs.move","jumping":"animation.kloffer_mommy_long_legs.jumping","climbing":"animation.kloffer_mommy_long_legs.climbing","attack_controllers":"controller.animation.kloffer_mommy_long_legs.attack","attack":"animation.kloffer_mommy_long_legs.attack","move":"controller.animation.kloffer_mommy_long_legs.move","general":"controller.animation.kloffer_mommy_long_legs.general"},"render_controllers":["controller.render.witch"],"spawn_egg":{"texture":"kloffer:mommy_long_legs","texture_index":0}}}}