{
  "format_version": "1.13.0",
  "minecraft:entity": {    
    "description": {
      "identifier": "onepiece_addon:strawman_damage",
      "is_spawnable": false,
      "is_summonable": true,
      "is_experimental": false,
      "scripts": {
        "animate": [
          "strawman_damage"
        ]
      },
      "animations": {
        "strawman_damage":"controller.animation.strawman_damage"
      }
    },
    "component_groups": {
    },
    "components": {
      "minecraft:collision_box": {
        "width": 0.0,
        "height": 0.0
      },
      "minecraft:behavior.knockback_roar": {
        //周期
        "duration": 999,
        //遅延
        "attack_time": 0.1,
        "knockback_damage": 10,
        "knockback_strength": 1,
        "knockback_range": 3,
        "knockback_filters": {
          "all_of":[
            {
              "test": "is_family",
              "subject": "other",
              "operator": "!=",
              "value": "warawara"
            },
            {
              "test": "has_tag",
              "subject": "other",
              "operator": "!=",
              "value": "warawara"
            }
          ]
        },
        "damage_filters": {
          "all_of":[
            {
              "test": "is_family",
              "subject": "other",
              "operator": "!=",
              "value": "warawara"
            },
            {
              "test": "has_tag",
              "subject": "other",
              "operator": "!=",
              "value": "warawara"
            }
          ]
        }
      },
      "minecraft:transformation": {
        "into": "onepiece_addon:despawn",
        "delay": 0.5
      },
      "minecraft:damage_sensor": {
        "triggers": {
            "on_damage": {"filters": {}},
            "deals_damage": false
        }
      }
    },
    "events": {
    }
  }
}