{
	"format_version": "1.12.0",
	"minecraft:geometry": [
		{
			"description": {
				"identifier": "geometry.gura_shima_yurashi",
				"texture_width": 64,
				"texture_height": 64,
				"visible_bounds_width": 16,
				"visible_bounds_height": 13.5,
				"visible_bounds_offset": [0, 5.25, 0]
			},
			"bones": [
				{
					"name": "root",
					"pivot": [0, 0, 0]
				},
				{
					"name": "waist",
					"parent": "root",
					"pivot": [0, 12, 0]
				},
				{
					"name": "body",
					"parent": "waist",
					"pivot": [0, 0, 0]
				},
				{
					"name": "water1",
					"parent": "body",
					"pivot": [-0.8782, 23.49307, 16],
					"rotation": [0, -90, 0],
					"cubes": [
						{
							"origin": [-29.30956, 0.29179, -99.2],
							"size": [100.8, 57.6, 230.4],
							"uv": {
								"north": {"uv": [0, 64], "uv_size": [0.5, 0.5]},
								"east": {"uv": [0, 64], "uv_size": [0.5, 0.5]},
								"south": {"uv": [0, 64], "uv_size": [0.5, 0.5]},
								"west": {"uv": [0, 64], "uv_size": [0.5, 0.5]},
								"up": {"uv": [0.5, 64.5], "uv_size": [-0.5, -0.5]},
								"down": {"uv": [0.5, 64.5], "uv_size": [-0.5, -0.5]}
							}
						},
						{
							"origin": [-14.90956, 0.29179, -99.2],
							"size": [86.4, 115.2, 230.4],
							"uv": {
								"north": {"uv": [0, 64], "uv_size": [0.5, 0.5]},
								"east": {"uv": [0, 64], "uv_size": [0.5, 1]},
								"south": {"uv": [0, 64], "uv_size": [0.5, 1]},
								"west": {"uv": [0, 64], "uv_size": [0.5, 1]},
								"up": {"uv": [0.5, 64.5], "uv_size": [-0.5, -0.5]},
								"down": {"uv": [0.5, 64.5], "uv_size": [-0.5, -0.5]}
							}
						},
						{
							"origin": [-43.70956, 0.29179, -99.2],
							"size": [115.2, 43.2, 230.4],
							"uv": {
								"north": {"uv": [0, 64], "uv_size": [0.5, 0.5]},
								"east": {"uv": [0, 64], "uv_size": [0.5, 0.375]},
								"south": {"uv": [0, 64], "uv_size": [0.5, 0.375]},
								"west": {"uv": [0, 64], "uv_size": [0.5, 0.375]},
								"up": {"uv": [0.5, 64.5], "uv_size": [-0.5, -0.5]},
								"down": {"uv": [0.5, 64.5], "uv_size": [-0.5, -0.5]}
							}
						},
						{
							"origin": [-72.50956, 0.29179, -99.2],
							"size": [144, 28.8, 230.4],
							"uv": {
								"north": {"uv": [0, 64], "uv_size": [0.5, 0.5]},
								"east": {"uv": [0, 64], "uv_size": [0.5, 0.25]},
								"south": {"uv": [0, 64], "uv_size": [0.5, 0.25]},
								"west": {"uv": [0, 64], "uv_size": [0.5, 0.25]},
								"up": {"uv": [0.5, 64.5], "uv_size": [-0.5, -0.5]},
								"down": {"uv": [0.5, 64.5], "uv_size": [-0.5, -0.5]}
							}
						},
						{
							"origin": [-115.70956, 0.29179, -99.2],
							"size": [187.2, 14.4, 230.4],
							"uv": {
								"north": {"uv": [0, 64], "uv_size": [0.5, 0.5]},
								"east": {"uv": [0, 64], "uv_size": [0.5, 0.125]},
								"south": {"uv": [0, 64], "uv_size": [0.5, 0.125]},
								"west": {"uv": [0, 64], "uv_size": [0.5, 0.125]},
								"up": {"uv": [0.5, 64.5], "uv_size": [-0.5, -0.5]},
								"down": {"uv": [0.5, 64.5], "uv_size": [-0.5, -0.5]}
							}
						},
						{
							"origin": [-86.90956, 14.69179, -99.2],
							"size": [158.4, 8.64, 230.4],
							"uv": {
								"north": {"uv": [0, 64], "uv_size": [0.5, 0.5]},
								"east": {"uv": [0, 64], "uv_size": [0.5, 0.075]},
								"south": {"uv": [0, 64], "uv_size": [0.5, 0.075]},
								"west": {"uv": [0, 64], "uv_size": [0.5, 0.075]},
								"up": {"uv": [0.5, 64.5], "uv_size": [-0.5, -0.5]},
								"down": {"uv": [0.5, 64.5], "uv_size": [-0.5, -0.5]}
							}
						},
						{
							"origin": [-115.6942, 14.61499, -99.2],
							"size": [100.8, 14.4, 230.4],
							"pivot": [-79.6942, 21.81499, 16],
							"rotation": [0, 0, -22.5],
							"uv": {
								"north": {"uv": [0, 64], "uv_size": [0.5, 0.5]},
								"east": {"uv": [0, 64], "uv_size": [0.5, 0.125]},
								"south": {"uv": [0, 64], "uv_size": [0.5, 0.125]},
								"west": {"uv": [0, 64], "uv_size": [0.5, 0.125]},
								"up": {"uv": [0.5, 64.5], "uv_size": [-0.5, -0.5]},
								"down": {"uv": [0.5, 64.5], "uv_size": [-0.5, -0.5]}
							}
						},
						{
							"origin": [10.57268, 103.37467, -99.2],
							"size": [57.6, 28.8, 230.4],
							"pivot": [39.37268, 117.77467, 16],
							"rotation": [0, 0, -22.5],
							"uv": {
								"north": {"uv": [0, 64], "uv_size": [0.5, 0.5]},
								"east": {"uv": [0, 64], "uv_size": [0.5, 0.25]},
								"south": {"uv": [0, 64], "uv_size": [0.5, 0.25]},
								"west": {"uv": [0, 64], "uv_size": [0.5, 0.25]},
								"up": {"uv": [0.5, 64.5], "uv_size": [-0.5, -0.5]},
								"down": {"uv": [0.5, 64.5], "uv_size": [-0.5, -0.5]}
							}
						},
						{
							"origin": [1.12244, 117.51739, -99.2],
							"size": [57.6, 28.8, 230.4],
							"pivot": [29.92244, 131.91739, 16],
							"rotation": [0, 0, -45],
							"uv": {
								"north": {"uv": [0, 64], "uv_size": [0.5, 0.5]},
								"east": {"uv": [0, 64], "uv_size": [0.5, 0.25]},
								"south": {"uv": [0, 64], "uv_size": [0.5, 0.25]},
								"west": {"uv": [0, 64], "uv_size": [0.5, 0.25]},
								"up": {"uv": [0.5, 64.5], "uv_size": [-0.5, -0.5]},
								"down": {"uv": [0.5, 64.5], "uv_size": [-0.5, -0.5]}
							}
						},
						{
							"origin": [-13.02028, 126.96571, -99.2],
							"size": [57.6, 28.8, 230.4],
							"pivot": [15.77972, 141.36571, 16],
							"rotation": [0, 0, -67.5],
							"uv": {
								"north": {"uv": [0, 64], "uv_size": [0.5, 0.5]},
								"east": {"uv": [0, 64], "uv_size": [0.5, 0.25]},
								"south": {"uv": [0, 64], "uv_size": [0.5, 0.25]},
								"west": {"uv": [0, 64], "uv_size": [0.5, 0.25]},
								"up": {"uv": [0.5, 64.5], "uv_size": [-0.5, -0.5]},
								"down": {"uv": [0.5, 64.5], "uv_size": [-0.5, -0.5]}
							}
						},
						{
							"origin": [-36.90316, 123.08539, -99.2],
							"size": [57.6, 43.2, 230.4],
							"pivot": [-8.10316, 144.68539, 16],
							"rotation": [0, 0, -90],
							"uv": {
								"north": {"uv": [0, 64], "uv_size": [0.5, 0.5]},
								"east": {"uv": [0, 64], "uv_size": [0.5, 0.375]},
								"south": {"uv": [0, 64], "uv_size": [0.5, 0.375]},
								"west": {"uv": [0, 64], "uv_size": [0.5, 0.375]},
								"up": {"uv": [0.5, 64.5], "uv_size": [-0.5, -0.5]},
								"down": {"uv": [0.5, 64.5], "uv_size": [-0.5, -0.5]}
							}
						},
						{
							"origin": [-78.56524, 100.35835, -99.2],
							"size": [115.2, 28.8, 230.4],
							"pivot": [-20.96524, 114.75835, 16],
							"rotation": [0, 0, -112.5],
							"uv": {
								"north": {"uv": [0, 64], "uv_size": [0.5, 0.5]},
								"east": {"uv": [0, 64], "uv_size": [0.5, 0.25]},
								"south": {"uv": [0, 64], "uv_size": [0.5, 0.25]},
								"west": {"uv": [0, 64], "uv_size": [0.5, 0.25]},
								"up": {"uv": [0.5, 64.5], "uv_size": [-0.5, -0.5]},
								"down": {"uv": [0.5, 64.5], "uv_size": [-0.5, -0.5]}
							}
						},
						{
							"origin": [-92.66956, 92.62075, -99.2],
							"size": [115.2, 28.8, 230.4],
							"pivot": [-35.06956, 107.02075, 16],
							"rotation": [0, 0, -125],
							"uv": {
								"north": {"uv": [0, 64], "uv_size": [0.5, 0.5]},
								"east": {"uv": [0, 64], "uv_size": [0.5, 0.25]},
								"south": {"uv": [0, 64], "uv_size": [0.5, 0.25]},
								"west": {"uv": [0, 64], "uv_size": [0.5, 0.25]},
								"up": {"uv": [0.5, 64.5], "uv_size": [-0.5, -0.5]},
								"down": {"uv": [0.5, 64.5], "uv_size": [-0.5, -0.5]}
							}
						}
					]
				}
			]
		}
	]
}