{
	"format_version": "1.12.0",
	"minecraft:geometry": [
		{
			"description": {
				"identifier": "geometry.hana_giantstomp",
				"texture_width": 16,
				"texture_height": 16,
				"visible_bounds_width": 4,
				"visible_bounds_height": 5.5,
				"visible_bounds_offset": [0, 2.25, 0]
			},
			"bones": [
				{
					"name": "root",
					"pivot": [0, 0, 0]
				},
				{
					"name": "tudo",
					"parent": "root",
					"pivot": [0, 0, 0]
				},
				{
					"name": "rightLeg",
					"parent": "tudo",
					"pivot": [-12, 0, 0],
					"cubes": [
						{
							"origin": [-21, 30, -9],
							"size": [18, 30, 18],
							"uv": {
								"north": {"uv": [0, 0], "uv_size": [1, 1]},
								"east": {"uv": [0, 0], "uv_size": [1, 1]},
								"south": {"uv": [0, 0], "uv_size": [1, 1]},
								"west": {"uv": [0, 0], "uv_size": [1, 1]},
								"up": {"uv": [1, 0.25], "uv_size": [-1, -0.25]},
								"down": {"uv": [1, 1], "uv_size": [-1, -0.25]}
							}
						},
						{
							"origin": [-21, 0, -6],
							"size": [18, 51, 18],
							"uv": {
								"north": {"uv": [0, 0], "uv_size": [1, 1]},
								"east": {"uv": [0, 0], "uv_size": [1, 1]},
								"south": {"uv": [0, 0], "uv_size": [1, 1]},
								"west": {"uv": [0, 0], "uv_size": [1, 1]},
								"up": {"uv": [1, 0.25], "uv_size": [-1, -0.25]},
								"down": {"uv": [1, 1], "uv_size": [-1, -0.25]}
							}
						},
						{
							"origin": [-20, 48, -12],
							"size": [16, 15, 18],
							"uv": {
								"north": {"uv": [1, 0], "uv_size": [1, 1]},
								"east": {"uv": [1, 0], "uv_size": [1, 1]},
								"south": {"uv": [1, 0], "uv_size": [1, 1]},
								"west": {"uv": [1, 0], "uv_size": [1, 1]},
								"up": {"uv": [2, 1], "uv_size": [-1, -1]},
								"down": {"uv": [2, 1], "uv_size": [-1, -1]}
							}
						},
						{
							"origin": [-18, 51, -10],
							"size": [12, 15, 14],
							"uv": {
								"north": {"uv": [1, 0], "uv_size": [1, 1]},
								"east": {"uv": [1, 0], "uv_size": [1, 1]},
								"south": {"uv": [1, 0], "uv_size": [1, 1]},
								"west": {"uv": [1, 0], "uv_size": [1, 1]},
								"up": {"uv": [2, 1], "uv_size": [-1, -1]},
								"down": {"uv": [2, 1], "uv_size": [-1, -1]}
							}
						}
					]
				},
				{
					"name": "rightLeg2",
					"parent": "rightLeg",
					"pivot": [-12, 60, -6],
					"cubes": [
						{
							"origin": [-21, 4, -15],
							"size": [18, 56, 15],
							"uv": {
								"north": {"uv": [0, 0], "uv_size": [1, 1]},
								"east": {"uv": [0, 0], "uv_size": [1, 1]},
								"south": {"uv": [0, 0], "uv_size": [1, 1]},
								"west": {"uv": [0, 0], "uv_size": [1, 1]},
								"up": {"uv": [1, 0.25], "uv_size": [-1, -0.25]},
								"down": {"uv": [1, 1], "uv_size": [-1, -0.25]}
							}
						},
						{
							"origin": [-21, 0, -24],
							"size": [18, 4, 24],
							"uv": {
								"north": {"uv": [1, 0], "uv_size": [1, 1]},
								"east": {"uv": [1, 0], "uv_size": [1, 1]},
								"south": {"uv": [1, 0], "uv_size": [1, 1]},
								"west": {"uv": [1, 0], "uv_size": [1, 1]},
								"up": {"uv": [2, 0.25], "uv_size": [-1, -0.25]},
								"down": {"uv": [1, 2], "uv_size": [-1, -0.25]}
							}
						},
						{
							"origin": [-21, 2.64468, -23.85157],
							"size": [18, 4, 24],
							"pivot": [-12, 4.64468, -11.85157],
							"rotation": [12.5, 0, 0],
							"uv": {
								"north": {"uv": [0, 0], "uv_size": [1, 1]},
								"east": {"uv": [0, 0], "uv_size": [1, 1]},
								"south": {"uv": [0, 0], "uv_size": [1, 1]},
								"west": {"uv": [0, 0], "uv_size": [1, 1]},
								"up": {"uv": [1, 0.25], "uv_size": [-1, -0.25]},
								"down": {"uv": [1, 1], "uv_size": [-1, -0.25]}
							}
						}
					]
				},
				{
					"name": "leftLeg",
					"parent": "tudo",
					"pivot": [12, 0, 0],
					"cubes": [
						{
							"origin": [3, 30, -9],
							"size": [18, 30, 18],
							"uv": {
								"north": {"uv": [1, 0], "uv_size": [-1, 1]},
								"east": {"uv": [1, 0], "uv_size": [-1, 1]},
								"south": {"uv": [1, 0], "uv_size": [-1, 1]},
								"west": {"uv": [1, 0], "uv_size": [-1, 1]},
								"up": {"uv": [0, 0.25], "uv_size": [1, -0.25]},
								"down": {"uv": [0, 1], "uv_size": [1, -0.25]}
							}
						},
						{
							"origin": [3, 0, -6],
							"size": [18, 51, 18],
							"uv": {
								"north": {"uv": [1, 0], "uv_size": [-1, 1]},
								"east": {"uv": [1, 0], "uv_size": [-1, 1]},
								"south": {"uv": [1, 0], "uv_size": [-1, 1]},
								"west": {"uv": [1, 0], "uv_size": [-1, 1]},
								"up": {"uv": [0, 0.25], "uv_size": [1, -0.25]},
								"down": {"uv": [0, 1], "uv_size": [1, -0.25]}
							}
						},
						{
							"origin": [4, 48, -12],
							"size": [16, 15, 18],
							"uv": {
								"north": {"uv": [2, 0], "uv_size": [-1, 1]},
								"east": {"uv": [2, 0], "uv_size": [-1, 1]},
								"south": {"uv": [2, 0], "uv_size": [-1, 1]},
								"west": {"uv": [2, 0], "uv_size": [-1, 1]},
								"up": {"uv": [1, 1], "uv_size": [1, -1]},
								"down": {"uv": [1, 1], "uv_size": [1, -1]}
							}
						},
						{
							"origin": [6, 51, -10],
							"size": [12, 15, 14],
							"uv": {
								"north": {"uv": [2, 0], "uv_size": [-1, 1]},
								"east": {"uv": [2, 0], "uv_size": [-1, 1]},
								"south": {"uv": [2, 0], "uv_size": [-1, 1]},
								"west": {"uv": [2, 0], "uv_size": [-1, 1]},
								"up": {"uv": [1, 1], "uv_size": [1, -1]},
								"down": {"uv": [1, 1], "uv_size": [1, -1]}
							}
						}
					]
				},
				{
					"name": "leftLeg2",
					"parent": "leftLeg",
					"pivot": [12, 60, -6],
					"cubes": [
						{
							"origin": [3, 4, -15],
							"size": [18, 56, 15],
							"uv": {
								"north": {"uv": [1, 0], "uv_size": [-1, 1]},
								"east": {"uv": [1, 0], "uv_size": [-1, 1]},
								"south": {"uv": [1, 0], "uv_size": [-1, 1]},
								"west": {"uv": [1, 0], "uv_size": [-1, 1]},
								"up": {"uv": [0, 0.25], "uv_size": [1, -0.25]},
								"down": {"uv": [0, 1], "uv_size": [1, -0.25]}
							}
						},
						{
							"origin": [3, 0, -24],
							"size": [18, 4, 24],
							"uv": {
								"north": {"uv": [2, 0], "uv_size": [-1, 1]},
								"east": {"uv": [2, 0], "uv_size": [-1, 1]},
								"south": {"uv": [2, 0], "uv_size": [-1, 1]},
								"west": {"uv": [2, 0], "uv_size": [-1, 1]},
								"up": {"uv": [1, 0.25], "uv_size": [1, -0.25]},
								"down": {"uv": [0, 2], "uv_size": [1, -0.25]}
							}
						},
						{
							"origin": [3, 2.64468, -23.85157],
							"size": [18, 4, 24],
							"pivot": [12, 4.64468, -11.85157],
							"rotation": [12.5, 0, 0],
							"uv": {
								"north": {"uv": [1, 0], "uv_size": [-1, 1]},
								"east": {"uv": [1, 0], "uv_size": [-1, 1]},
								"south": {"uv": [1, 0], "uv_size": [-1, 1]},
								"west": {"uv": [1, 0], "uv_size": [-1, 1]},
								"up": {"uv": [0, 0.25], "uv_size": [1, -0.25]},
								"down": {"uv": [0, 1], "uv_size": [1, -0.25]}
							}
						}
					]
				}
			]
		}
	]
}