{
	"format_version": "1.12.0",
	"minecraft:geometry": [
		{
			"description": {
				"identifier": "geometry.hana_flip",
				"texture_width": 64,
				"texture_height": 64,
				"visible_bounds_width": 3,
				"visible_bounds_height": 4.5,
				"visible_bounds_offset": [0, 0.75, 0]
			},
			"bones": [
				{
					"name": "root",
					"pivot": [0, 0, 0]
				},
				{
					"name": "tudo",
					"parent": "root",
					"pivot": [0, 12, 0]
				},
				{
					"name": "waist",
					"parent": "tudo",
					"pivot": [0, 12, 0]
				},
				{
					"name": "body",
					"parent": "waist",
					"pivot": [0, 2, 0]
				},
				{
					"name": "rightA",
					"parent": "body",
					"pivot": [-6, 2, 0],
					"rotation": [-30, 0, 0]
				},
				{
					"name": "rightArm",
					"parent": "rightA",
					"pivot": [-5, 3, 0],
					"rotation": [-56.0728, -33.63098, -8.53555],
					"cubes": [
						{
							"origin": [-7.5, -1, -2],
							"size": [3.5, 6, 4],
							"inflate": 0.05,
							"uv": {
								"north": {"uv": [44, 20], "uv_size": [3, 6]},
								"east": {"uv": [40, 20], "uv_size": [4, 6]},
								"south": {"uv": [51, 20], "uv_size": [3, 6]},
								"west": {"uv": [47, 20], "uv_size": [4, 6]},
								"up": {"uv": [44, 16], "uv_size": [3, 4]},
								"down": {"uv": [47, 20], "uv_size": [3, -4]}
							}
						}
					],
					"locators": {
						"rightarm": [-5, 5, 0]
					}
				},
				{
					"name": "rightArm2",
					"parent": "rightArm",
					"pivot": [-6, 1, 2],
					"rotation": [0, 0, -55],
					"cubes": [
						{
							"origin": [-8.5, -5, -2],
							"size": [3.5, 6, 4],
							"inflate": 0.05,
							"uv": {
								"north": {"uv": [44, 26], "uv_size": [3, 6]},
								"east": {"uv": [40, 26], "uv_size": [4, 6]},
								"south": {"uv": [51, 26], "uv_size": [3, 6]},
								"west": {"uv": [47, 26], "uv_size": [4, 6]},
								"up": {"uv": [47, 16], "uv_size": [3, 4]},
								"down": {"uv": [47, 20], "uv_size": [3, -4]}
							}
						}
					],
					"locators": {
						"rightarm2": [-6, 3, 2]
					}
				},
				{
					"name": "leftA",
					"parent": "body",
					"pivot": [6, 2, 0],
					"rotation": [-30, 0, 0]
				},
				{
					"name": "leftArm",
					"parent": "leftA",
					"pivot": [5, 3, 0],
					"rotation": [-56.0728, 33.63098, 8.53555],
					"cubes": [
						{
							"origin": [4, -1, -2],
							"size": [3.5, 6, 4],
							"inflate": 0.05,
							"uv": {
								"north": {"uv": [47, 20], "uv_size": [-3, 6]},
								"east": {"uv": [51, 20], "uv_size": [-4, 6]},
								"south": {"uv": [54, 20], "uv_size": [-3, 6]},
								"west": {"uv": [44, 20], "uv_size": [-4, 6]},
								"up": {"uv": [47, 16], "uv_size": [-3, 4]},
								"down": {"uv": [50, 20], "uv_size": [-3, -4]}
							}
						}
					],
					"locators": {
						"leftarm3": [5, 5, 0]
					}
				},
				{
					"name": "leftArm2",
					"parent": "leftArm",
					"pivot": [6, 1, 2],
					"rotation": [0, 0, 55],
					"cubes": [
						{
							"origin": [5, -5, -2],
							"size": [3.5, 6, 4],
							"inflate": 0.05,
							"uv": {
								"north": {"uv": [47, 26], "uv_size": [-3, 6]},
								"east": {"uv": [51, 26], "uv_size": [-4, 6]},
								"south": {"uv": [54, 26], "uv_size": [-3, 6]},
								"west": {"uv": [44, 26], "uv_size": [-4, 6]},
								"up": {"uv": [50, 16], "uv_size": [-3, 4]},
								"down": {"uv": [50, 20], "uv_size": [-3, -4]}
							}
						}
					],
					"locators": {
						"leftarm4": [6, 3, 2]
					}
				}
			]
		}
	]
}