{
	"format_version": "1.12.0",
	"minecraft:geometry": [
		{
			"description": {
				"identifier": "geometry.hana_spider_net",
				"texture_width": 64,
				"texture_height": 64,
				"visible_bounds_width": 8,
				"visible_bounds_height": 4.5,
				"visible_bounds_offset": [0, 0.75, 0]
			},
			"bones": [
				{
					"name": "root",
					"pivot": [0, 0, 0]
				},
				{
					"name": "tudo",
					"parent": "root",
					"pivot": [0, 12, 0]
				},
				{
					"name": "waist",
					"parent": "tudo",
					"pivot": [0, 12, 0]
				},
				{
					"name": "body",
					"parent": "waist",
					"pivot": [0, 2, 0]
				},
				{
					"name": "arm1",
					"parent": "body",
					"pivot": [0, 2, 0],
					"cubes": [
						{
							"origin": [-9, -4, -2],
							"size": [4, 12, 4],
							"pivot": [-7, 2, 0],
							"rotation": [-90, 0, 0],
							"uv": {
								"north": {"uv": [44, 20], "uv_size": [4, 12]},
								"east": {"uv": [40, 20], "uv_size": [4, 12]},
								"south": {"uv": [52, 20], "uv_size": [4, 12]},
								"west": {"uv": [48, 20], "uv_size": [4, 12]},
								"up": {"uv": [48, 20], "uv_size": [-4, -4]},
								"down": {"uv": [52, 20], "uv_size": [-4, -4]}
							}
						},
						{
							"origin": [-2, -4, -9],
							"size": [4, 12, 4],
							"pivot": [0, 2, -7],
							"rotation": [-180, 0, 90],
							"uv": {
								"north": {"uv": [44, 20], "uv_size": [4, 12]},
								"east": {"uv": [40, 20], "uv_size": [4, 12]},
								"south": {"uv": [52, 20], "uv_size": [4, 12]},
								"west": {"uv": [48, 20], "uv_size": [4, 12]},
								"up": {"uv": [48, 20], "uv_size": [-4, -4]},
								"down": {"uv": [52, 20], "uv_size": [-4, -4]}
							}
						},
						{
							"origin": [-2, -4, 5],
							"size": [4, 12, 4],
							"pivot": [0, 2, 7],
							"rotation": [180, 0, 90],
							"uv": {
								"north": {"uv": [56, 20], "uv_size": [-4, 12]},
								"east": {"uv": [44, 20], "uv_size": [-4, 12]},
								"south": {"uv": [48, 20], "uv_size": [-4, 12]},
								"west": {"uv": [52, 20], "uv_size": [-4, 12]},
								"up": {"uv": [48, 16], "uv_size": [-4, 4]},
								"down": {"uv": [52, 16], "uv_size": [-4, 4]}
							}
						},
						{
							"origin": [5, -4, -2],
							"size": [4, 12, 4],
							"pivot": [7, 2, 0],
							"rotation": [-90, 0, 0],
							"uv": {
								"north": {"uv": [48, 20], "uv_size": [-4, 12]},
								"east": {"uv": [52, 20], "uv_size": [-4, 12]},
								"south": {"uv": [56, 20], "uv_size": [-4, 12]},
								"west": {"uv": [44, 20], "uv_size": [-4, 12]},
								"up": {"uv": [44, 20], "uv_size": [4, -4]},
								"down": {"uv": [48, 20], "uv_size": [4, -4]}
							}
						}
					]
				},
				{
					"name": "arm8",
					"parent": "body",
					"pivot": [16.33333, 2, 14],
					"cubes": [
						{
							"origin": [12, -4, 19],
							"size": [4, 12, 4],
							"pivot": [14, 2, 21],
							"rotation": [180, 0, 90],
							"uv": {
								"north": {"uv": [56, 20], "uv_size": [-4, 12]},
								"east": {"uv": [44, 20], "uv_size": [-4, 12]},
								"south": {"uv": [48, 20], "uv_size": [-4, 12]},
								"west": {"uv": [52, 20], "uv_size": [-4, 12]},
								"up": {"uv": [48, 16], "uv_size": [-4, 4]},
								"down": {"uv": [52, 16], "uv_size": [-4, 4]}
							}
						},
						{
							"origin": [12, -4, 33],
							"size": [4, 12, 4],
							"pivot": [14, 2, 35],
							"rotation": [-180, 0, 90],
							"uv": {
								"north": {"uv": [44, 20], "uv_size": [4, 12]},
								"east": {"uv": [40, 20], "uv_size": [4, 12]},
								"south": {"uv": [52, 20], "uv_size": [4, 12]},
								"west": {"uv": [48, 20], "uv_size": [4, 12]},
								"up": {"uv": [48, 20], "uv_size": [-4, -4]},
								"down": {"uv": [52, 20], "uv_size": [-4, -4]}
							}
						},
						{
							"origin": [19, -4, 12],
							"size": [4, 12, 4],
							"pivot": [21, 2, 14],
							"rotation": [90, 0, 0],
							"uv": {
								"north": {"uv": [52, 20], "uv_size": [4, 12]},
								"east": {"uv": [48, 20], "uv_size": [4, 12]},
								"south": {"uv": [44, 20], "uv_size": [4, 12]},
								"west": {"uv": [40, 20], "uv_size": [4, 12]},
								"up": {"uv": [44, 16], "uv_size": [4, 4]},
								"down": {"uv": [48, 16], "uv_size": [4, 4]}
							}
						},
						{
							"origin": [33, -4, 12],
							"size": [4, 12, 4],
							"pivot": [35, 2, 14],
							"rotation": [90, 0, 0],
							"uv": {
								"north": {"uv": [56, 20], "uv_size": [-4, 12]},
								"east": {"uv": [44, 20], "uv_size": [-4, 12]},
								"south": {"uv": [48, 20], "uv_size": [-4, 12]},
								"west": {"uv": [52, 20], "uv_size": [-4, 12]},
								"up": {"uv": [48, 16], "uv_size": [-4, 4]},
								"down": {"uv": [52, 16], "uv_size": [-4, 4]}
							}
						}
					]
				},
				{
					"name": "arm3",
					"parent": "body",
					"pivot": [0, 2, 16.33333],
					"cubes": [
						{
							"origin": [-9, -4, 12],
							"size": [4, 12, 4],
							"pivot": [-7, 2, 14],
							"rotation": [90, 0, 0],
							"uv": {
								"north": {"uv": [56, 20], "uv_size": [-4, 12]},
								"east": {"uv": [44, 20], "uv_size": [-4, 12]},
								"south": {"uv": [48, 20], "uv_size": [-4, 12]},
								"west": {"uv": [52, 20], "uv_size": [-4, 12]},
								"up": {"uv": [48, 16], "uv_size": [-4, 4]},
								"down": {"uv": [52, 16], "uv_size": [-4, 4]}
							}
						},
						{
							"origin": [-2, -4, 19],
							"size": [4, 12, 4],
							"pivot": [0, 2, 21],
							"rotation": [180, 0, 90],
							"uv": {
								"north": {"uv": [56, 20], "uv_size": [-4, 12]},
								"east": {"uv": [44, 20], "uv_size": [-4, 12]},
								"south": {"uv": [48, 20], "uv_size": [-4, 12]},
								"west": {"uv": [52, 20], "uv_size": [-4, 12]},
								"up": {"uv": [48, 16], "uv_size": [-4, 4]},
								"down": {"uv": [52, 16], "uv_size": [-4, 4]}
							}
						},
						{
							"origin": [-2, -4, 33],
							"size": [4, 12, 4],
							"pivot": [0, 2, 35],
							"rotation": [-180, 0, 90],
							"uv": {
								"north": {"uv": [44, 20], "uv_size": [4, 12]},
								"east": {"uv": [40, 20], "uv_size": [4, 12]},
								"south": {"uv": [52, 20], "uv_size": [4, 12]},
								"west": {"uv": [48, 20], "uv_size": [4, 12]},
								"up": {"uv": [48, 20], "uv_size": [-4, -4]},
								"down": {"uv": [52, 20], "uv_size": [-4, -4]}
							}
						},
						{
							"origin": [5, -4, 12],
							"size": [4, 12, 4],
							"pivot": [7, 2, 14],
							"rotation": [90, 0, 0],
							"uv": {
								"north": {"uv": [52, 20], "uv_size": [4, 12]},
								"east": {"uv": [48, 20], "uv_size": [4, 12]},
								"south": {"uv": [44, 20], "uv_size": [4, 12]},
								"west": {"uv": [40, 20], "uv_size": [4, 12]},
								"up": {"uv": [44, 16], "uv_size": [4, 4]},
								"down": {"uv": [48, 16], "uv_size": [4, 4]}
							}
						}
					]
				},
				{
					"name": "arm4",
					"parent": "body",
					"pivot": [16.33333, 2, 0],
					"cubes": [
						{
							"origin": [12, -4, -9],
							"size": [4, 12, 4],
							"pivot": [14, 2, -7],
							"rotation": [-180, 0, 90],
							"uv": {
								"north": {"uv": [44, 20], "uv_size": [4, 12]},
								"east": {"uv": [40, 20], "uv_size": [4, 12]},
								"south": {"uv": [52, 20], "uv_size": [4, 12]},
								"west": {"uv": [48, 20], "uv_size": [4, 12]},
								"up": {"uv": [48, 20], "uv_size": [-4, -4]},
								"down": {"uv": [52, 20], "uv_size": [-4, -4]}
							}
						},
						{
							"origin": [12, -4, 5],
							"size": [4, 12, 4],
							"pivot": [14, 2, 7],
							"rotation": [180, 0, 90],
							"uv": {
								"north": {"uv": [56, 20], "uv_size": [-4, 12]},
								"east": {"uv": [44, 20], "uv_size": [-4, 12]},
								"south": {"uv": [48, 20], "uv_size": [-4, 12]},
								"west": {"uv": [52, 20], "uv_size": [-4, 12]},
								"up": {"uv": [48, 16], "uv_size": [-4, 4]},
								"down": {"uv": [52, 16], "uv_size": [-4, 4]}
							}
						},
						{
							"origin": [19, -4, -2],
							"size": [4, 12, 4],
							"pivot": [21, 2, 0],
							"rotation": [-90, 0, 0],
							"uv": {
								"north": {"uv": [48, 20], "uv_size": [-4, 12]},
								"east": {"uv": [52, 20], "uv_size": [-4, 12]},
								"south": {"uv": [56, 20], "uv_size": [-4, 12]},
								"west": {"uv": [44, 20], "uv_size": [-4, 12]},
								"up": {"uv": [44, 20], "uv_size": [4, -4]},
								"down": {"uv": [48, 20], "uv_size": [4, -4]}
							}
						},
						{
							"origin": [33, -4, -2],
							"size": [4, 12, 4],
							"pivot": [35, 2, 0],
							"rotation": [-90, 0, 0],
							"uv": {
								"north": {"uv": [44, 20], "uv_size": [4, 12]},
								"east": {"uv": [40, 20], "uv_size": [4, 12]},
								"south": {"uv": [52, 20], "uv_size": [4, 12]},
								"west": {"uv": [48, 20], "uv_size": [4, 12]},
								"up": {"uv": [48, 20], "uv_size": [-4, -4]},
								"down": {"uv": [52, 20], "uv_size": [-4, -4]}
							}
						}
					]
				},
				{
					"name": "arm5",
					"parent": "body",
					"pivot": [-16.33333, 2, 0],
					"cubes": [
						{
							"origin": [-16, -4, -9],
							"size": [4, 12, 4],
							"pivot": [-14, 2, -7],
							"rotation": [-180, 0, -90],
							"uv": {
								"north": {"uv": [48, 20], "uv_size": [-4, 12]},
								"east": {"uv": [52, 20], "uv_size": [-4, 12]},
								"south": {"uv": [56, 20], "uv_size": [-4, 12]},
								"west": {"uv": [44, 20], "uv_size": [-4, 12]},
								"up": {"uv": [44, 20], "uv_size": [4, -4]},
								"down": {"uv": [48, 20], "uv_size": [4, -4]}
							}
						},
						{
							"origin": [-16, -4, 5],
							"size": [4, 12, 4],
							"pivot": [-14, 2, 7],
							"rotation": [180, 0, -90],
							"uv": {
								"north": {"uv": [52, 20], "uv_size": [4, 12]},
								"east": {"uv": [48, 20], "uv_size": [4, 12]},
								"south": {"uv": [44, 20], "uv_size": [4, 12]},
								"west": {"uv": [40, 20], "uv_size": [4, 12]},
								"up": {"uv": [44, 16], "uv_size": [4, 4]},
								"down": {"uv": [48, 16], "uv_size": [4, 4]}
							}
						},
						{
							"origin": [-23, -4, -2],
							"size": [4, 12, 4],
							"pivot": [-21, 2, 0],
							"rotation": [-90, 0, 0],
							"uv": {
								"north": {"uv": [44, 20], "uv_size": [4, 12]},
								"east": {"uv": [40, 20], "uv_size": [4, 12]},
								"south": {"uv": [52, 20], "uv_size": [4, 12]},
								"west": {"uv": [48, 20], "uv_size": [4, 12]},
								"up": {"uv": [48, 20], "uv_size": [-4, -4]},
								"down": {"uv": [52, 20], "uv_size": [-4, -4]}
							}
						},
						{
							"origin": [-37, -4, -2],
							"size": [4, 12, 4],
							"pivot": [-35, 2, 0],
							"rotation": [-90, 0, 0],
							"uv": {
								"north": {"uv": [48, 20], "uv_size": [-4, 12]},
								"east": {"uv": [52, 20], "uv_size": [-4, 12]},
								"south": {"uv": [56, 20], "uv_size": [-4, 12]},
								"west": {"uv": [44, 20], "uv_size": [-4, 12]},
								"up": {"uv": [44, 20], "uv_size": [4, -4]},
								"down": {"uv": [48, 20], "uv_size": [4, -4]}
							}
						}
					]
				},
				{
					"name": "arm6",
					"parent": "body",
					"pivot": [-16.33333, 2, -14],
					"cubes": [
						{
							"origin": [-16, -4, -23],
							"size": [4, 12, 4],
							"pivot": [-14, 2, -21],
							"rotation": [-180, 0, -90],
							"uv": {
								"north": {"uv": [48, 20], "uv_size": [-4, 12]},
								"east": {"uv": [52, 20], "uv_size": [-4, 12]},
								"south": {"uv": [56, 20], "uv_size": [-4, 12]},
								"west": {"uv": [44, 20], "uv_size": [-4, 12]},
								"up": {"uv": [44, 20], "uv_size": [4, -4]},
								"down": {"uv": [48, 20], "uv_size": [4, -4]}
							}
						},
						{
							"origin": [-16, -4, -37],
							"size": [4, 12, 4],
							"pivot": [-14, 2, -35],
							"rotation": [180, 0, -90],
							"uv": {
								"north": {"uv": [52, 20], "uv_size": [4, 12]},
								"east": {"uv": [48, 20], "uv_size": [4, 12]},
								"south": {"uv": [44, 20], "uv_size": [4, 12]},
								"west": {"uv": [40, 20], "uv_size": [4, 12]},
								"up": {"uv": [44, 16], "uv_size": [4, 4]},
								"down": {"uv": [48, 16], "uv_size": [4, 4]}
							}
						},
						{
							"origin": [-23, -4, -16],
							"size": [4, 12, 4],
							"pivot": [-21, 2, -14],
							"rotation": [-90, 0, 0],
							"uv": {
								"north": {"uv": [44, 20], "uv_size": [4, 12]},
								"east": {"uv": [40, 20], "uv_size": [4, 12]},
								"south": {"uv": [52, 20], "uv_size": [4, 12]},
								"west": {"uv": [48, 20], "uv_size": [4, 12]},
								"up": {"uv": [48, 20], "uv_size": [-4, -4]},
								"down": {"uv": [52, 20], "uv_size": [-4, -4]}
							}
						},
						{
							"origin": [-37, -4, -16],
							"size": [4, 12, 4],
							"pivot": [-35, 2, -14],
							"rotation": [-90, 0, 0],
							"uv": {
								"north": {"uv": [48, 20], "uv_size": [-4, 12]},
								"east": {"uv": [52, 20], "uv_size": [-4, 12]},
								"south": {"uv": [56, 20], "uv_size": [-4, 12]},
								"west": {"uv": [44, 20], "uv_size": [-4, 12]},
								"up": {"uv": [44, 20], "uv_size": [4, -4]},
								"down": {"uv": [48, 20], "uv_size": [4, -4]}
							}
						}
					]
				},
				{
					"name": "arm26",
					"parent": "body",
					"pivot": [0, 2, 42],
					"cubes": [
						{
							"origin": [-9, -4, 40],
							"size": [4, 12, 4],
							"pivot": [-7, 2, 42],
							"rotation": [90, 0, 0],
							"uv": {
								"north": {"uv": [56, 20], "uv_size": [-4, 12]},
								"east": {"uv": [44, 20], "uv_size": [-4, 12]},
								"south": {"uv": [48, 20], "uv_size": [-4, 12]},
								"west": {"uv": [52, 20], "uv_size": [-4, 12]},
								"up": {"uv": [48, 16], "uv_size": [-4, 4]},
								"down": {"uv": [52, 16], "uv_size": [-4, 4]}
							}
						},
						{
							"origin": [5, -4, 40],
							"size": [4, 12, 4],
							"pivot": [7, 2, 42],
							"rotation": [90, 0, 0],
							"uv": {
								"north": {"uv": [52, 20], "uv_size": [4, 12]},
								"east": {"uv": [48, 20], "uv_size": [4, 12]},
								"south": {"uv": [44, 20], "uv_size": [4, 12]},
								"west": {"uv": [40, 20], "uv_size": [4, 12]},
								"up": {"uv": [44, 16], "uv_size": [4, 4]},
								"down": {"uv": [48, 16], "uv_size": [4, 4]}
							}
						}
					]
				},
				{
					"name": "arm7",
					"parent": "body",
					"pivot": [-16.33333, 2, 14],
					"cubes": [
						{
							"origin": [-16, -4, 19],
							"size": [4, 12, 4],
							"pivot": [-14, 2, 21],
							"rotation": [180, 0, -90],
							"uv": {
								"north": {"uv": [52, 20], "uv_size": [4, 12]},
								"east": {"uv": [48, 20], "uv_size": [4, 12]},
								"south": {"uv": [44, 20], "uv_size": [4, 12]},
								"west": {"uv": [40, 20], "uv_size": [4, 12]},
								"up": {"uv": [44, 16], "uv_size": [4, 4]},
								"down": {"uv": [48, 16], "uv_size": [4, 4]}
							}
						},
						{
							"origin": [-16, -4, 33],
							"size": [4, 12, 4],
							"pivot": [-14, 2, 35],
							"rotation": [-180, 0, -90],
							"uv": {
								"north": {"uv": [48, 20], "uv_size": [-4, 12]},
								"east": {"uv": [52, 20], "uv_size": [-4, 12]},
								"south": {"uv": [56, 20], "uv_size": [-4, 12]},
								"west": {"uv": [44, 20], "uv_size": [-4, 12]},
								"up": {"uv": [44, 20], "uv_size": [4, -4]},
								"down": {"uv": [48, 20], "uv_size": [4, -4]}
							}
						},
						{
							"origin": [-23, -4, 12],
							"size": [4, 12, 4],
							"pivot": [-21, 2, 14],
							"rotation": [90, 0, 0],
							"uv": {
								"north": {"uv": [56, 20], "uv_size": [-4, 12]},
								"east": {"uv": [44, 20], "uv_size": [-4, 12]},
								"south": {"uv": [48, 20], "uv_size": [-4, 12]},
								"west": {"uv": [52, 20], "uv_size": [-4, 12]},
								"up": {"uv": [48, 16], "uv_size": [-4, 4]},
								"down": {"uv": [52, 16], "uv_size": [-4, 4]}
							}
						},
						{
							"origin": [-37, -4, 12],
							"size": [4, 12, 4],
							"pivot": [-35, 2, 14],
							"rotation": [90, 0, 0],
							"uv": {
								"north": {"uv": [52, 20], "uv_size": [4, 12]},
								"east": {"uv": [48, 20], "uv_size": [4, 12]},
								"south": {"uv": [44, 20], "uv_size": [4, 12]},
								"west": {"uv": [40, 20], "uv_size": [4, 12]},
								"up": {"uv": [44, 16], "uv_size": [4, 4]},
								"down": {"uv": [48, 16], "uv_size": [4, 4]}
							}
						}
					]
				},
				{
					"name": "arm9",
					"parent": "body",
					"pivot": [16.33333, 2, -14],
					"cubes": [
						{
							"origin": [12, -4, -23],
							"size": [4, 12, 4],
							"pivot": [14, 2, -21],
							"rotation": [-180, 0, 90],
							"uv": {
								"north": {"uv": [44, 20], "uv_size": [4, 12]},
								"east": {"uv": [40, 20], "uv_size": [4, 12]},
								"south": {"uv": [52, 20], "uv_size": [4, 12]},
								"west": {"uv": [48, 20], "uv_size": [4, 12]},
								"up": {"uv": [48, 20], "uv_size": [-4, -4]},
								"down": {"uv": [52, 20], "uv_size": [-4, -4]}
							}
						},
						{
							"origin": [12, -4, -37],
							"size": [4, 12, 4],
							"pivot": [14, 2, -35],
							"rotation": [180, 0, 90],
							"uv": {
								"north": {"uv": [56, 20], "uv_size": [-4, 12]},
								"east": {"uv": [44, 20], "uv_size": [-4, 12]},
								"south": {"uv": [48, 20], "uv_size": [-4, 12]},
								"west": {"uv": [52, 20], "uv_size": [-4, 12]},
								"up": {"uv": [48, 16], "uv_size": [-4, 4]},
								"down": {"uv": [52, 16], "uv_size": [-4, 4]}
							}
						},
						{
							"origin": [19, -4, -16],
							"size": [4, 12, 4],
							"pivot": [21, 2, -14],
							"rotation": [-90, 0, 0],
							"uv": {
								"north": {"uv": [48, 20], "uv_size": [-4, 12]},
								"east": {"uv": [52, 20], "uv_size": [-4, 12]},
								"south": {"uv": [56, 20], "uv_size": [-4, 12]},
								"west": {"uv": [44, 20], "uv_size": [-4, 12]},
								"up": {"uv": [44, 20], "uv_size": [4, -4]},
								"down": {"uv": [48, 20], "uv_size": [4, -4]}
							}
						},
						{
							"origin": [33, -4, -16],
							"size": [4, 12, 4],
							"pivot": [35, 2, -14],
							"rotation": [-90, 0, 0],
							"uv": {
								"north": {"uv": [44, 20], "uv_size": [4, 12]},
								"east": {"uv": [40, 20], "uv_size": [4, 12]},
								"south": {"uv": [52, 20], "uv_size": [4, 12]},
								"west": {"uv": [48, 20], "uv_size": [4, 12]},
								"up": {"uv": [48, 20], "uv_size": [-4, -4]},
								"down": {"uv": [52, 20], "uv_size": [-4, -4]}
							}
						}
					]
				},
				{
					"name": "arm10",
					"parent": "body",
					"pivot": [0, 2, -30.33333],
					"cubes": [
						{
							"origin": [-9, -4, -30],
							"size": [4, 12, 4],
							"pivot": [-7, 2, -28],
							"rotation": [-90, 0, 0],
							"uv": {
								"north": {"uv": [44, 20], "uv_size": [4, 12]},
								"east": {"uv": [40, 20], "uv_size": [4, 12]},
								"south": {"uv": [52, 20], "uv_size": [4, 12]},
								"west": {"uv": [48, 20], "uv_size": [4, 12]},
								"up": {"uv": [48, 20], "uv_size": [-4, -4]},
								"down": {"uv": [52, 20], "uv_size": [-4, -4]}
							}
						},
						{
							"origin": [5, -4, -30],
							"size": [4, 12, 4],
							"pivot": [7, 2, -28],
							"rotation": [-90, 0, 0],
							"uv": {
								"north": {"uv": [48, 20], "uv_size": [-4, 12]},
								"east": {"uv": [52, 20], "uv_size": [-4, 12]},
								"south": {"uv": [56, 20], "uv_size": [-4, 12]},
								"west": {"uv": [44, 20], "uv_size": [-4, 12]},
								"up": {"uv": [44, 20], "uv_size": [4, -4]},
								"down": {"uv": [48, 20], "uv_size": [4, -4]}
							}
						}
					]
				},
				{
					"name": "arm11",
					"parent": "body",
					"pivot": [0, 2, 30.33333],
					"cubes": [
						{
							"origin": [-9, -4, 26],
							"size": [4, 12, 4],
							"pivot": [-7, 2, 28],
							"rotation": [90, 0, 0],
							"uv": {
								"north": {"uv": [56, 20], "uv_size": [-4, 12]},
								"east": {"uv": [44, 20], "uv_size": [-4, 12]},
								"south": {"uv": [48, 20], "uv_size": [-4, 12]},
								"west": {"uv": [52, 20], "uv_size": [-4, 12]},
								"up": {"uv": [48, 16], "uv_size": [-4, 4]},
								"down": {"uv": [52, 16], "uv_size": [-4, 4]}
							}
						},
						{
							"origin": [5, -4, 26],
							"size": [4, 12, 4],
							"pivot": [7, 2, 28],
							"rotation": [90, 0, 0],
							"uv": {
								"north": {"uv": [52, 20], "uv_size": [4, 12]},
								"east": {"uv": [48, 20], "uv_size": [4, 12]},
								"south": {"uv": [44, 20], "uv_size": [4, 12]},
								"west": {"uv": [40, 20], "uv_size": [4, 12]},
								"up": {"uv": [44, 16], "uv_size": [4, 4]},
								"down": {"uv": [48, 16], "uv_size": [4, 4]}
							}
						}
					]
				},
				{
					"name": "arm28",
					"parent": "body",
					"pivot": [-24.5, 2, 38.5],
					"cubes": [
						{
							"origin": [-23, -4, 40],
							"size": [4, 12, 4],
							"pivot": [-21, 2, 42],
							"rotation": [-90, 0, 0],
							"uv": {
								"north": {"uv": [48, 20], "uv_size": [-4, 12]},
								"east": {"uv": [52, 20], "uv_size": [-4, 12]},
								"south": {"uv": [56, 20], "uv_size": [-4, 12]},
								"west": {"uv": [44, 20], "uv_size": [-4, 12]},
								"up": {"uv": [44, 20], "uv_size": [4, -4]},
								"down": {"uv": [48, 20], "uv_size": [4, -4]}
							}
						},
						{
							"origin": [-37, -4, 40],
							"size": [4, 12, 4],
							"pivot": [-35, 2, 42],
							"rotation": [-90, 0, 0],
							"uv": {
								"north": {"uv": [44, 20], "uv_size": [4, 12]},
								"east": {"uv": [40, 20], "uv_size": [4, 12]},
								"south": {"uv": [52, 20], "uv_size": [4, 12]},
								"west": {"uv": [48, 20], "uv_size": [4, 12]},
								"up": {"uv": [48, 20], "uv_size": [-4, -4]},
								"down": {"uv": [52, 20], "uv_size": [-4, -4]}
							}
						}
					]
				},
				{
					"name": "arm29",
					"parent": "body",
					"pivot": [-24.5, 2, -38.5],
					"cubes": [
						{
							"origin": [-23, -4, -44],
							"size": [4, 12, 4],
							"pivot": [-21, 2, -42],
							"rotation": [90, 0, 0],
							"uv": {
								"north": {"uv": [52, 20], "uv_size": [4, 12]},
								"east": {"uv": [48, 20], "uv_size": [4, 12]},
								"south": {"uv": [44, 20], "uv_size": [4, 12]},
								"west": {"uv": [40, 20], "uv_size": [4, 12]},
								"up": {"uv": [44, 16], "uv_size": [4, 4]},
								"down": {"uv": [48, 16], "uv_size": [4, 4]}
							}
						},
						{
							"origin": [-37, -4, -44],
							"size": [4, 12, 4],
							"pivot": [-35, 2, -42],
							"rotation": [90, 0, 0],
							"uv": {
								"north": {"uv": [56, 20], "uv_size": [-4, 12]},
								"east": {"uv": [44, 20], "uv_size": [-4, 12]},
								"south": {"uv": [48, 20], "uv_size": [-4, 12]},
								"west": {"uv": [52, 20], "uv_size": [-4, 12]},
								"up": {"uv": [48, 16], "uv_size": [-4, 4]},
								"down": {"uv": [52, 16], "uv_size": [-4, 4]}
							}
						}
					]
				},
				{
					"name": "arm27",
					"parent": "body",
					"pivot": [0, 2, -42],
					"cubes": [
						{
							"origin": [-9, -4, -44],
							"size": [4, 12, 4],
							"pivot": [-7, 2, -42],
							"rotation": [-90, 0, 0],
							"uv": {
								"north": {"uv": [44, 20], "uv_size": [4, 12]},
								"east": {"uv": [40, 20], "uv_size": [4, 12]},
								"south": {"uv": [52, 20], "uv_size": [4, 12]},
								"west": {"uv": [48, 20], "uv_size": [4, 12]},
								"up": {"uv": [48, 20], "uv_size": [-4, -4]},
								"down": {"uv": [52, 20], "uv_size": [-4, -4]}
							}
						},
						{
							"origin": [5, -4, -44],
							"size": [4, 12, 4],
							"pivot": [7, 2, -42],
							"rotation": [-90, 0, 0],
							"uv": {
								"north": {"uv": [48, 20], "uv_size": [-4, 12]},
								"east": {"uv": [52, 20], "uv_size": [-4, 12]},
								"south": {"uv": [56, 20], "uv_size": [-4, 12]},
								"west": {"uv": [44, 20], "uv_size": [-4, 12]},
								"up": {"uv": [44, 20], "uv_size": [4, -4]},
								"down": {"uv": [48, 20], "uv_size": [4, -4]}
							}
						}
					]
				},
				{
					"name": "arm12",
					"parent": "body",
					"pivot": [30.33333, 2, 0],
					"cubes": [
						{
							"origin": [26, -4, 5],
							"size": [4, 12, 4],
							"pivot": [28, 2, 7],
							"rotation": [180, 0, 90],
							"uv": {
								"north": {"uv": [56, 20], "uv_size": [-4, 12]},
								"east": {"uv": [44, 20], "uv_size": [-4, 12]},
								"south": {"uv": [48, 20], "uv_size": [-4, 12]},
								"west": {"uv": [52, 20], "uv_size": [-4, 12]},
								"up": {"uv": [48, 16], "uv_size": [-4, 4]},
								"down": {"uv": [52, 16], "uv_size": [-4, 4]}
							}
						},
						{
							"origin": [26, -4, -9],
							"size": [4, 12, 4],
							"pivot": [28, 2, -7],
							"rotation": [-180, 0, 90],
							"uv": {
								"north": {"uv": [44, 20], "uv_size": [4, 12]},
								"east": {"uv": [40, 20], "uv_size": [4, 12]},
								"south": {"uv": [52, 20], "uv_size": [4, 12]},
								"west": {"uv": [48, 20], "uv_size": [4, 12]},
								"up": {"uv": [48, 20], "uv_size": [-4, -4]},
								"down": {"uv": [52, 20], "uv_size": [-4, -4]}
							}
						}
					]
				},
				{
					"name": "arm13",
					"parent": "body",
					"pivot": [-30.33333, 2, 0],
					"cubes": [
						{
							"origin": [-30, -4, 5],
							"size": [4, 12, 4],
							"pivot": [-28, 2, 7],
							"rotation": [180, 0, -90],
							"uv": {
								"north": {"uv": [52, 20], "uv_size": [4, 12]},
								"east": {"uv": [48, 20], "uv_size": [4, 12]},
								"south": {"uv": [44, 20], "uv_size": [4, 12]},
								"west": {"uv": [40, 20], "uv_size": [4, 12]},
								"up": {"uv": [44, 16], "uv_size": [4, 4]},
								"down": {"uv": [48, 16], "uv_size": [4, 4]}
							}
						},
						{
							"origin": [-30, -4, -9],
							"size": [4, 12, 4],
							"pivot": [-28, 2, -7],
							"rotation": [-180, 0, -90],
							"uv": {
								"north": {"uv": [48, 20], "uv_size": [-4, 12]},
								"east": {"uv": [52, 20], "uv_size": [-4, 12]},
								"south": {"uv": [56, 20], "uv_size": [-4, 12]},
								"west": {"uv": [44, 20], "uv_size": [-4, 12]},
								"up": {"uv": [44, 20], "uv_size": [4, -4]},
								"down": {"uv": [48, 20], "uv_size": [4, -4]}
							}
						}
					]
				},
				{
					"name": "arm14",
					"parent": "body",
					"pivot": [24.5, 2, -24.5],
					"cubes": [
						{
							"origin": [26, -4, -23],
							"size": [4, 12, 4],
							"pivot": [28, 2, -21],
							"rotation": [180, 0, -90],
							"uv": {
								"north": {"uv": [52, 20], "uv_size": [4, 12]},
								"east": {"uv": [48, 20], "uv_size": [4, 12]},
								"south": {"uv": [44, 20], "uv_size": [4, 12]},
								"west": {"uv": [40, 20], "uv_size": [4, 12]},
								"up": {"uv": [44, 16], "uv_size": [4, 4]},
								"down": {"uv": [48, 16], "uv_size": [4, 4]}
							}
						},
						{
							"origin": [26, -4, -37],
							"size": [4, 12, 4],
							"pivot": [28, 2, -35],
							"rotation": [-180, 0, -90],
							"uv": {
								"north": {"uv": [48, 20], "uv_size": [-4, 12]},
								"east": {"uv": [52, 20], "uv_size": [-4, 12]},
								"south": {"uv": [56, 20], "uv_size": [-4, 12]},
								"west": {"uv": [44, 20], "uv_size": [-4, 12]},
								"up": {"uv": [44, 20], "uv_size": [4, -4]},
								"down": {"uv": [48, 20], "uv_size": [4, -4]}
							}
						},
						{
							"origin": [19, -4, -30],
							"size": [4, 12, 4],
							"pivot": [21, 2, -28],
							"rotation": [90, 0, 0],
							"uv": {
								"north": {"uv": [56, 20], "uv_size": [-4, 12]},
								"east": {"uv": [44, 20], "uv_size": [-4, 12]},
								"south": {"uv": [48, 20], "uv_size": [-4, 12]},
								"west": {"uv": [52, 20], "uv_size": [-4, 12]},
								"up": {"uv": [48, 16], "uv_size": [-4, 4]},
								"down": {"uv": [52, 16], "uv_size": [-4, 4]}
							}
						},
						{
							"origin": [33, -4, -30],
							"size": [4, 12, 4],
							"pivot": [35, 2, -28],
							"rotation": [90, 0, 0],
							"uv": {
								"north": {"uv": [52, 20], "uv_size": [4, 12]},
								"east": {"uv": [48, 20], "uv_size": [4, 12]},
								"south": {"uv": [44, 20], "uv_size": [4, 12]},
								"west": {"uv": [40, 20], "uv_size": [4, 12]},
								"up": {"uv": [44, 16], "uv_size": [4, 4]},
								"down": {"uv": [48, 16], "uv_size": [4, 4]}
							}
						}
					]
				},
				{
					"name": "arm15",
					"parent": "body",
					"pivot": [-24.5, 2, -24.5],
					"cubes": [
						{
							"origin": [-30, -4, -23],
							"size": [4, 12, 4],
							"pivot": [-28, 2, -21],
							"rotation": [180, 0, 90],
							"uv": {
								"north": {"uv": [56, 20], "uv_size": [-4, 12]},
								"east": {"uv": [44, 20], "uv_size": [-4, 12]},
								"south": {"uv": [48, 20], "uv_size": [-4, 12]},
								"west": {"uv": [52, 20], "uv_size": [-4, 12]},
								"up": {"uv": [48, 16], "uv_size": [-4, 4]},
								"down": {"uv": [52, 16], "uv_size": [-4, 4]}
							}
						},
						{
							"origin": [-30, -4, -37],
							"size": [4, 12, 4],
							"pivot": [-28, 2, -35],
							"rotation": [-180, 0, 90],
							"uv": {
								"north": {"uv": [44, 20], "uv_size": [4, 12]},
								"east": {"uv": [40, 20], "uv_size": [4, 12]},
								"south": {"uv": [52, 20], "uv_size": [4, 12]},
								"west": {"uv": [48, 20], "uv_size": [4, 12]},
								"up": {"uv": [48, 20], "uv_size": [-4, -4]},
								"down": {"uv": [52, 20], "uv_size": [-4, -4]}
							}
						},
						{
							"origin": [-23, -4, -30],
							"size": [4, 12, 4],
							"pivot": [-21, 2, -28],
							"rotation": [90, 0, 0],
							"uv": {
								"north": {"uv": [52, 20], "uv_size": [4, 12]},
								"east": {"uv": [48, 20], "uv_size": [4, 12]},
								"south": {"uv": [44, 20], "uv_size": [4, 12]},
								"west": {"uv": [40, 20], "uv_size": [4, 12]},
								"up": {"uv": [44, 16], "uv_size": [4, 4]},
								"down": {"uv": [48, 16], "uv_size": [4, 4]}
							}
						},
						{
							"origin": [-37, -4, -30],
							"size": [4, 12, 4],
							"pivot": [-35, 2, -28],
							"rotation": [90, 0, 0],
							"uv": {
								"north": {"uv": [56, 20], "uv_size": [-4, 12]},
								"east": {"uv": [44, 20], "uv_size": [-4, 12]},
								"south": {"uv": [48, 20], "uv_size": [-4, 12]},
								"west": {"uv": [52, 20], "uv_size": [-4, 12]},
								"up": {"uv": [48, 16], "uv_size": [-4, 4]},
								"down": {"uv": [52, 16], "uv_size": [-4, 4]}
							}
						}
					]
				},
				{
					"name": "arm16",
					"parent": "body",
					"pivot": [-24.5, 2, 24.5],
					"cubes": [
						{
							"origin": [-30, -4, 19],
							"size": [4, 12, 4],
							"pivot": [-28, 2, 21],
							"rotation": [-180, 0, 90],
							"uv": {
								"north": {"uv": [44, 20], "uv_size": [4, 12]},
								"east": {"uv": [40, 20], "uv_size": [4, 12]},
								"south": {"uv": [52, 20], "uv_size": [4, 12]},
								"west": {"uv": [48, 20], "uv_size": [4, 12]},
								"up": {"uv": [48, 20], "uv_size": [-4, -4]},
								"down": {"uv": [52, 20], "uv_size": [-4, -4]}
							}
						},
						{
							"origin": [-30, -4, 33],
							"size": [4, 12, 4],
							"pivot": [-28, 2, 35],
							"rotation": [180, 0, 90],
							"uv": {
								"north": {"uv": [56, 20], "uv_size": [-4, 12]},
								"east": {"uv": [44, 20], "uv_size": [-4, 12]},
								"south": {"uv": [48, 20], "uv_size": [-4, 12]},
								"west": {"uv": [52, 20], "uv_size": [-4, 12]},
								"up": {"uv": [48, 16], "uv_size": [-4, 4]},
								"down": {"uv": [52, 16], "uv_size": [-4, 4]}
							}
						},
						{
							"origin": [-23, -4, 26],
							"size": [4, 12, 4],
							"pivot": [-21, 2, 28],
							"rotation": [-90, 0, 0],
							"uv": {
								"north": {"uv": [48, 20], "uv_size": [-4, 12]},
								"east": {"uv": [52, 20], "uv_size": [-4, 12]},
								"south": {"uv": [56, 20], "uv_size": [-4, 12]},
								"west": {"uv": [44, 20], "uv_size": [-4, 12]},
								"up": {"uv": [44, 20], "uv_size": [4, -4]},
								"down": {"uv": [48, 20], "uv_size": [4, -4]}
							}
						},
						{
							"origin": [-37, -4, 26],
							"size": [4, 12, 4],
							"pivot": [-35, 2, 28],
							"rotation": [-90, 0, 0],
							"uv": {
								"north": {"uv": [44, 20], "uv_size": [4, 12]},
								"east": {"uv": [40, 20], "uv_size": [4, 12]},
								"south": {"uv": [52, 20], "uv_size": [4, 12]},
								"west": {"uv": [48, 20], "uv_size": [4, 12]},
								"up": {"uv": [48, 20], "uv_size": [-4, -4]},
								"down": {"uv": [52, 20], "uv_size": [-4, -4]}
							}
						}
					]
				},
				{
					"name": "arm17",
					"parent": "body",
					"pivot": [24.5, 2, 24.5],
					"cubes": [
						{
							"origin": [26, -4, 19],
							"size": [4, 12, 4],
							"pivot": [28, 2, 21],
							"rotation": [-180, 0, -90],
							"uv": {
								"north": {"uv": [48, 20], "uv_size": [-4, 12]},
								"east": {"uv": [52, 20], "uv_size": [-4, 12]},
								"south": {"uv": [56, 20], "uv_size": [-4, 12]},
								"west": {"uv": [44, 20], "uv_size": [-4, 12]},
								"up": {"uv": [44, 20], "uv_size": [4, -4]},
								"down": {"uv": [48, 20], "uv_size": [4, -4]}
							}
						},
						{
							"origin": [26, -4, 33],
							"size": [4, 12, 4],
							"pivot": [28, 2, 35],
							"rotation": [180, 0, -90],
							"uv": {
								"north": {"uv": [52, 20], "uv_size": [4, 12]},
								"east": {"uv": [48, 20], "uv_size": [4, 12]},
								"south": {"uv": [44, 20], "uv_size": [4, 12]},
								"west": {"uv": [40, 20], "uv_size": [4, 12]},
								"up": {"uv": [44, 16], "uv_size": [4, 4]},
								"down": {"uv": [48, 16], "uv_size": [4, 4]}
							}
						},
						{
							"origin": [19, -4, 26],
							"size": [4, 12, 4],
							"pivot": [21, 2, 28],
							"rotation": [-90, 0, 0],
							"uv": {
								"north": {"uv": [44, 20], "uv_size": [4, 12]},
								"east": {"uv": [40, 20], "uv_size": [4, 12]},
								"south": {"uv": [52, 20], "uv_size": [4, 12]},
								"west": {"uv": [48, 20], "uv_size": [4, 12]},
								"up": {"uv": [48, 20], "uv_size": [-4, -4]},
								"down": {"uv": [52, 20], "uv_size": [-4, -4]}
							}
						},
						{
							"origin": [33, -4, 26],
							"size": [4, 12, 4],
							"pivot": [35, 2, 28],
							"rotation": [-90, 0, 0],
							"uv": {
								"north": {"uv": [48, 20], "uv_size": [-4, 12]},
								"east": {"uv": [52, 20], "uv_size": [-4, 12]},
								"south": {"uv": [56, 20], "uv_size": [-4, 12]},
								"west": {"uv": [44, 20], "uv_size": [-4, 12]},
								"up": {"uv": [44, 20], "uv_size": [4, -4]},
								"down": {"uv": [48, 20], "uv_size": [4, -4]}
							}
						}
					]
				},
				{
					"name": "arm18",
					"parent": "body",
					"pivot": [42, 2, -28],
					"cubes": [
						{
							"origin": [40, -4, -23],
							"size": [4, 12, 4],
							"pivot": [42, 2, -21],
							"rotation": [180, 0, -90],
							"uv": {
								"north": {"uv": [52, 20], "uv_size": [4, 12]},
								"east": {"uv": [48, 20], "uv_size": [4, 12]},
								"south": {"uv": [44, 20], "uv_size": [4, 12]},
								"west": {"uv": [40, 20], "uv_size": [4, 12]},
								"up": {"uv": [44, 16], "uv_size": [4, 4]},
								"down": {"uv": [48, 16], "uv_size": [4, 4]}
							}
						},
						{
							"origin": [40, -4, -37],
							"size": [4, 12, 4],
							"pivot": [42, 2, -35],
							"rotation": [-180, 0, -90],
							"uv": {
								"north": {"uv": [48, 20], "uv_size": [-4, 12]},
								"east": {"uv": [52, 20], "uv_size": [-4, 12]},
								"south": {"uv": [56, 20], "uv_size": [-4, 12]},
								"west": {"uv": [44, 20], "uv_size": [-4, 12]},
								"up": {"uv": [44, 20], "uv_size": [4, -4]},
								"down": {"uv": [48, 20], "uv_size": [4, -4]}
							}
						}
					]
				},
				{
					"name": "arm19",
					"parent": "body",
					"pivot": [42, 2, 0],
					"cubes": [
						{
							"origin": [40, -4, 5],
							"size": [4, 12, 4],
							"pivot": [42, 2, 7],
							"rotation": [180, 0, -90],
							"uv": {
								"north": {"uv": [52, 20], "uv_size": [4, 12]},
								"east": {"uv": [48, 20], "uv_size": [4, 12]},
								"south": {"uv": [44, 20], "uv_size": [4, 12]},
								"west": {"uv": [40, 20], "uv_size": [4, 12]},
								"up": {"uv": [44, 16], "uv_size": [4, 4]},
								"down": {"uv": [48, 16], "uv_size": [4, 4]}
							}
						},
						{
							"origin": [40, -4, -9],
							"size": [4, 12, 4],
							"pivot": [42, 2, -7],
							"rotation": [-180, 0, -90],
							"uv": {
								"north": {"uv": [48, 20], "uv_size": [-4, 12]},
								"east": {"uv": [52, 20], "uv_size": [-4, 12]},
								"south": {"uv": [56, 20], "uv_size": [-4, 12]},
								"west": {"uv": [44, 20], "uv_size": [-4, 12]},
								"up": {"uv": [44, 20], "uv_size": [4, -4]},
								"down": {"uv": [48, 20], "uv_size": [4, -4]}
							}
						}
					]
				},
				{
					"name": "arm20",
					"parent": "body",
					"pivot": [42, 2, 28],
					"cubes": [
						{
							"origin": [40, -4, 33],
							"size": [4, 12, 4],
							"pivot": [42, 2, 35],
							"rotation": [180, 0, -90],
							"uv": {
								"north": {"uv": [52, 20], "uv_size": [4, 12]},
								"east": {"uv": [48, 20], "uv_size": [4, 12]},
								"south": {"uv": [44, 20], "uv_size": [4, 12]},
								"west": {"uv": [40, 20], "uv_size": [4, 12]},
								"up": {"uv": [44, 16], "uv_size": [4, 4]},
								"down": {"uv": [48, 16], "uv_size": [4, 4]}
							}
						},
						{
							"origin": [40, -4, 19],
							"size": [4, 12, 4],
							"pivot": [42, 2, 21],
							"rotation": [-180, 0, -90],
							"uv": {
								"north": {"uv": [48, 20], "uv_size": [-4, 12]},
								"east": {"uv": [52, 20], "uv_size": [-4, 12]},
								"south": {"uv": [56, 20], "uv_size": [-4, 12]},
								"west": {"uv": [44, 20], "uv_size": [-4, 12]},
								"up": {"uv": [44, 20], "uv_size": [4, -4]},
								"down": {"uv": [48, 20], "uv_size": [4, -4]}
							}
						}
					]
				},
				{
					"name": "arm21",
					"parent": "body",
					"pivot": [-42, 2, 28],
					"cubes": [
						{
							"origin": [-44, -4, 33],
							"size": [4, 12, 4],
							"pivot": [-42, 2, 35],
							"rotation": [180, 0, 90],
							"uv": {
								"north": {"uv": [56, 20], "uv_size": [-4, 12]},
								"east": {"uv": [44, 20], "uv_size": [-4, 12]},
								"south": {"uv": [48, 20], "uv_size": [-4, 12]},
								"west": {"uv": [52, 20], "uv_size": [-4, 12]},
								"up": {"uv": [48, 16], "uv_size": [-4, 4]},
								"down": {"uv": [52, 16], "uv_size": [-4, 4]}
							}
						},
						{
							"origin": [-44, -4, 19],
							"size": [4, 12, 4],
							"pivot": [-42, 2, 21],
							"rotation": [-180, 0, 90],
							"uv": {
								"north": {"uv": [44, 20], "uv_size": [4, 12]},
								"east": {"uv": [40, 20], "uv_size": [4, 12]},
								"south": {"uv": [52, 20], "uv_size": [4, 12]},
								"west": {"uv": [48, 20], "uv_size": [4, 12]},
								"up": {"uv": [48, 20], "uv_size": [-4, -4]},
								"down": {"uv": [52, 20], "uv_size": [-4, -4]}
							}
						}
					]
				},
				{
					"name": "arm22",
					"parent": "body",
					"pivot": [-42, 2, 0],
					"cubes": [
						{
							"origin": [-44, -4, 5],
							"size": [4, 12, 4],
							"pivot": [-42, 2, 7],
							"rotation": [180, 0, 90],
							"uv": {
								"north": {"uv": [56, 20], "uv_size": [-4, 12]},
								"east": {"uv": [44, 20], "uv_size": [-4, 12]},
								"south": {"uv": [48, 20], "uv_size": [-4, 12]},
								"west": {"uv": [52, 20], "uv_size": [-4, 12]},
								"up": {"uv": [48, 16], "uv_size": [-4, 4]},
								"down": {"uv": [52, 16], "uv_size": [-4, 4]}
							}
						},
						{
							"origin": [-44, -4, -9],
							"size": [4, 12, 4],
							"pivot": [-42, 2, -7],
							"rotation": [-180, 0, 90],
							"uv": {
								"north": {"uv": [44, 20], "uv_size": [4, 12]},
								"east": {"uv": [40, 20], "uv_size": [4, 12]},
								"south": {"uv": [52, 20], "uv_size": [4, 12]},
								"west": {"uv": [48, 20], "uv_size": [4, 12]},
								"up": {"uv": [48, 20], "uv_size": [-4, -4]},
								"down": {"uv": [52, 20], "uv_size": [-4, -4]}
							}
						}
					]
				},
				{
					"name": "arm23",
					"parent": "body",
					"pivot": [-42, 2, -28],
					"cubes": [
						{
							"origin": [-44, -4, -23],
							"size": [4, 12, 4],
							"pivot": [-42, 2, -21],
							"rotation": [180, 0, 90],
							"uv": {
								"north": {"uv": [56, 20], "uv_size": [-4, 12]},
								"east": {"uv": [44, 20], "uv_size": [-4, 12]},
								"south": {"uv": [48, 20], "uv_size": [-4, 12]},
								"west": {"uv": [52, 20], "uv_size": [-4, 12]},
								"up": {"uv": [48, 16], "uv_size": [-4, 4]},
								"down": {"uv": [52, 16], "uv_size": [-4, 4]}
							}
						},
						{
							"origin": [-44, -4, -37],
							"size": [4, 12, 4],
							"pivot": [-42, 2, -35],
							"rotation": [-180, 0, 90],
							"uv": {
								"north": {"uv": [44, 20], "uv_size": [4, 12]},
								"east": {"uv": [40, 20], "uv_size": [4, 12]},
								"south": {"uv": [52, 20], "uv_size": [4, 12]},
								"west": {"uv": [48, 20], "uv_size": [4, 12]},
								"up": {"uv": [48, 20], "uv_size": [-4, -4]},
								"down": {"uv": [52, 20], "uv_size": [-4, -4]}
							}
						}
					]
				},
				{
					"name": "arm24",
					"parent": "body",
					"pivot": [28, 2, 42],
					"cubes": [
						{
							"origin": [19, -4, 40],
							"size": [4, 12, 4],
							"pivot": [21, 2, 42],
							"rotation": [-90, 0, 0],
							"uv": {
								"north": {"uv": [44, 20], "uv_size": [4, 12]},
								"east": {"uv": [40, 20], "uv_size": [4, 12]},
								"south": {"uv": [52, 20], "uv_size": [4, 12]},
								"west": {"uv": [48, 20], "uv_size": [4, 12]},
								"up": {"uv": [48, 20], "uv_size": [-4, -4]},
								"down": {"uv": [52, 20], "uv_size": [-4, -4]}
							}
						},
						{
							"origin": [33, -4, 40],
							"size": [4, 12, 4],
							"pivot": [35, 2, 42],
							"rotation": [-90, 0, 0],
							"uv": {
								"north": {"uv": [48, 20], "uv_size": [-4, 12]},
								"east": {"uv": [52, 20], "uv_size": [-4, 12]},
								"south": {"uv": [56, 20], "uv_size": [-4, 12]},
								"west": {"uv": [44, 20], "uv_size": [-4, 12]},
								"up": {"uv": [44, 20], "uv_size": [4, -4]},
								"down": {"uv": [48, 20], "uv_size": [4, -4]}
							}
						}
					]
				},
				{
					"name": "arm25",
					"parent": "body",
					"pivot": [28, 2, -42],
					"cubes": [
						{
							"origin": [19, -4, -44],
							"size": [4, 12, 4],
							"pivot": [21, 2, -42],
							"rotation": [90, 0, 0],
							"uv": {
								"north": {"uv": [56, 20], "uv_size": [-4, 12]},
								"east": {"uv": [44, 20], "uv_size": [-4, 12]},
								"south": {"uv": [48, 20], "uv_size": [-4, 12]},
								"west": {"uv": [52, 20], "uv_size": [-4, 12]},
								"up": {"uv": [48, 16], "uv_size": [-4, 4]},
								"down": {"uv": [52, 16], "uv_size": [-4, 4]}
							}
						},
						{
							"origin": [33, -4, -44],
							"size": [4, 12, 4],
							"pivot": [35, 2, -42],
							"rotation": [90, 0, 0],
							"uv": {
								"north": {"uv": [52, 20], "uv_size": [4, 12]},
								"east": {"uv": [48, 20], "uv_size": [4, 12]},
								"south": {"uv": [44, 20], "uv_size": [4, 12]},
								"west": {"uv": [40, 20], "uv_size": [4, 12]},
								"up": {"uv": [44, 16], "uv_size": [4, 4]},
								"down": {"uv": [48, 16], "uv_size": [4, 4]}
							}
						}
					]
				},
				{
					"name": "arm2",
					"parent": "body",
					"pivot": [0, 2, -16.33333],
					"cubes": [
						{
							"origin": [-9, -4, -16],
							"size": [4, 12, 4],
							"pivot": [-7, 2, -14],
							"rotation": [-90, 0, 0],
							"uv": {
								"north": {"uv": [44, 20], "uv_size": [4, 12]},
								"east": {"uv": [40, 20], "uv_size": [4, 12]},
								"south": {"uv": [52, 20], "uv_size": [4, 12]},
								"west": {"uv": [48, 20], "uv_size": [4, 12]},
								"up": {"uv": [48, 20], "uv_size": [-4, -4]},
								"down": {"uv": [52, 20], "uv_size": [-4, -4]}
							}
						},
						{
							"origin": [-2, -4, -23],
							"size": [4, 12, 4],
							"pivot": [0, 2, -21],
							"rotation": [-180, 0, 90],
							"uv": {
								"north": {"uv": [44, 20], "uv_size": [4, 12]},
								"east": {"uv": [40, 20], "uv_size": [4, 12]},
								"south": {"uv": [52, 20], "uv_size": [4, 12]},
								"west": {"uv": [48, 20], "uv_size": [4, 12]},
								"up": {"uv": [48, 20], "uv_size": [-4, -4]},
								"down": {"uv": [52, 20], "uv_size": [-4, -4]}
							}
						},
						{
							"origin": [-2, -4, -37],
							"size": [4, 12, 4],
							"pivot": [0, 2, -35],
							"rotation": [180, 0, 90],
							"uv": {
								"north": {"uv": [56, 20], "uv_size": [-4, 12]},
								"east": {"uv": [44, 20], "uv_size": [-4, 12]},
								"south": {"uv": [48, 20], "uv_size": [-4, 12]},
								"west": {"uv": [52, 20], "uv_size": [-4, 12]},
								"up": {"uv": [48, 16], "uv_size": [-4, 4]},
								"down": {"uv": [52, 16], "uv_size": [-4, 4]}
							}
						},
						{
							"origin": [5, -4, -16],
							"size": [4, 12, 4],
							"pivot": [7, 2, -14],
							"rotation": [-90, 0, 0],
							"uv": {
								"north": {"uv": [48, 20], "uv_size": [-4, 12]},
								"east": {"uv": [52, 20], "uv_size": [-4, 12]},
								"south": {"uv": [56, 20], "uv_size": [-4, 12]},
								"west": {"uv": [44, 20], "uv_size": [-4, 12]},
								"up": {"uv": [44, 20], "uv_size": [4, -4]},
								"down": {"uv": [48, 20], "uv_size": [4, -4]}
							}
						}
					]
				}
			]
		}
	]
}