{
	"format_version": "1.12.0",
	"minecraft:geometry": [
		{
			"description": {
				"identifier": "geometry.hana_giantmano",
				"texture_width": 16,
				"texture_height": 16,
				"visible_bounds_width": 8,
				"visible_bounds_height": 5.5,
				"visible_bounds_offset": [0, 2.25, 0]
			},
			"bones": [
				{
					"name": "root",
					"pivot": [0, 0, 0]
				},
				{
					"name": "tudo",
					"parent": "root",
					"pivot": [0, 0, 0]
				},
				{
					"name": "rightArm",
					"parent": "tudo",
					"pivot": [0, 8, 0],
					"cubes": [
						{
							"origin": [-5, -20, -28],
							"size": [10, 56, 16],
							"pivot": [0, 8, -20],
							"rotation": [90, 0, 0],
							"uv": {
								"north": {"uv": [1, 0], "uv_size": [1, 1]},
								"east": {"uv": [1, 0], "uv_size": [1, 1]},
								"south": {"uv": [1, 0], "uv_size": [1, 1]},
								"west": {"uv": [1, 0], "uv_size": [1, 1]},
								"up": {"uv": [2, 0.25], "uv_size": [-1, -0.25]},
								"down": {"uv": [2, 1], "uv_size": [-1, -0.25]}
							}
						},
						{
							"origin": [-5, 8.5, -55.5],
							"size": [4, 15, 4],
							"pivot": [-3, 14, -53.5],
							"rotation": [90, 0, 0],
							"uv": {
								"north": {"uv": [0, 0], "uv_size": [1, 1]},
								"east": {"uv": [0, 0], "uv_size": [1, 1]},
								"south": {"uv": [0, 0], "uv_size": [1, 1]},
								"west": {"uv": [0, 0], "uv_size": [1, 1]},
								"up": {"uv": [1, 0.25], "uv_size": [-1, -0.25]},
								"down": {"uv": [1, 1], "uv_size": [-1, -0.25]}
							}
						},
						{
							"origin": [3.24129, 5.96256, -53.69793],
							"size": [4, 15, 4],
							"pivot": [7.24129, 13.46256, -51.69793],
							"rotation": [72.5, -12.5, 0],
							"uv": {
								"north": {"uv": [0, 0], "uv_size": [1, 1]},
								"east": {"uv": [0, 0], "uv_size": [1, 1]},
								"south": {"uv": [0, 0], "uv_size": [1, 1]},
								"west": {"uv": [0, 0], "uv_size": [1, 1]},
								"up": {"uv": [1, 0.25], "uv_size": [-1, -0.25]},
								"down": {"uv": [1, 1], "uv_size": [-1, -0.25]}
							}
						},
						{
							"origin": [-6, 3.5, -56.5],
							"size": [4, 17, 4],
							"pivot": [-4, 10, -54.5],
							"rotation": [90, 0, 0],
							"uv": {
								"north": {"uv": [0, 0], "uv_size": [1, 1]},
								"east": {"uv": [0, 0], "uv_size": [1, 1]},
								"south": {"uv": [0, 0], "uv_size": [1, 1]},
								"west": {"uv": [0, 0], "uv_size": [1, 1]},
								"up": {"uv": [1, 0.25], "uv_size": [-1, -0.25]},
								"down": {"uv": [1, 1], "uv_size": [-1, -0.25]}
							}
						},
						{
							"origin": [-6, 0, -56],
							"size": [4, 16, 4],
							"pivot": [-4, 6, -54],
							"rotation": [90, 0, 0],
							"uv": {
								"north": {"uv": [0, 0], "uv_size": [1, 1]},
								"east": {"uv": [0, 0], "uv_size": [1, 1]},
								"south": {"uv": [0, 0], "uv_size": [1, 1]},
								"west": {"uv": [0, 0], "uv_size": [1, 1]},
								"up": {"uv": [1, 0.25], "uv_size": [-1, -0.25]},
								"down": {"uv": [1, 1], "uv_size": [-1, -0.25]}
							}
						},
						{
							"origin": [-5, -3, -55],
							"size": [4, 14, 4],
							"pivot": [-3, 2, -53],
							"rotation": [90, 0, 0],
							"uv": {
								"north": {"uv": [0, 0], "uv_size": [1, 1]},
								"east": {"uv": [0, 0], "uv_size": [1, 1]},
								"south": {"uv": [0, 0], "uv_size": [1, 1]},
								"west": {"uv": [0, 0], "uv_size": [1, 1]},
								"up": {"uv": [1, 0.25], "uv_size": [-1, -0.25]},
								"down": {"uv": [1, 1], "uv_size": [-1, -0.25]}
							}
						}
					]
				}
			]
		}
	]
}