{
	"format_version": "1.12.0",
	"minecraft:geometry": [
		{
			"description": {
				"identifier": "geometry.magu_ryusei_kazan",
				"texture_width": 64,
				"texture_height": 64,
				"visible_bounds_width": 3,
				"visible_bounds_height": 4.5,
				"visible_bounds_offset": [0, 0.75, 0]
			},
			"bones": [
				{
					"name": "root",
					"pivot": [0, 0, 0]
				},
				{
					"name": "tudo",
					"parent": "root",
					"pivot": [0, 12, 0]
				},
				{
					"name": "waist",
					"parent": "tudo",
					"pivot": [0, 12, 0]
				},
				{
					"name": "body",
					"parent": "waist",
					"pivot": [0, 24, 0]
				},
				{
					"name": "magu4",
					"parent": "body",
					"pivot": [0, 0, 0],
					"cubes": [
						{
							"origin": [-2.25, -2.25, -2.8125],
							"size": [4.5, 4.5, 5.625],
							"uv": {
								"north": {"uv": [0, 0], "uv_size": [64, 64]},
								"east": {"uv": [0, 0], "uv_size": [64, 64]},
								"south": {"uv": [0, 0], "uv_size": [64, 64]},
								"west": {"uv": [0, 0], "uv_size": [64, 64]},
								"up": {"uv": [64, 64], "uv_size": [-64, -64]},
								"down": {"uv": [64, 64], "uv_size": [-64, -64]}
							}
						},
						{
							"origin": [-2.53125, -2.53125, -2.53125],
							"size": [5.0625, 5.0625, 5.0625],
							"uv": {
								"north": {"uv": [0, 0], "uv_size": [64, 64]},
								"east": {"uv": [0, 0], "uv_size": [64, 64]},
								"south": {"uv": [0, 0], "uv_size": [64, 64]},
								"west": {"uv": [0, 0], "uv_size": [64, 64]},
								"up": {"uv": [64, 64], "uv_size": [-64, -64]},
								"down": {"uv": [64, 64], "uv_size": [-64, -64]}
							}
						},
						{
							"origin": [-2.25, -2.8125, -2.25],
							"size": [4.5, 5.625, 4.5],
							"uv": {
								"north": {"uv": [0, 0], "uv_size": [64, 64]},
								"east": {"uv": [0, 0], "uv_size": [64, 64]},
								"south": {"uv": [0, 0], "uv_size": [64, 64]},
								"west": {"uv": [0, 0], "uv_size": [64, 64]},
								"up": {"uv": [64, 64], "uv_size": [-64, -64]},
								"down": {"uv": [64, 64], "uv_size": [-64, -64]}
							}
						},
						{
							"origin": [-2.8125, -2.25, -2.25],
							"size": [5.625, 4.5, 4.5],
							"uv": {
								"north": {"uv": [0, 0], "uv_size": [64, 64]},
								"east": {"uv": [0, 0], "uv_size": [64, 64]},
								"south": {"uv": [0, 0], "uv_size": [64, 64]},
								"west": {"uv": [0, 0], "uv_size": [64, 64]},
								"up": {"uv": [64, 64], "uv_size": [-64, -64]},
								"down": {"uv": [64, 64], "uv_size": [-64, -64]}
							}
						}
					]
				}
			]
		}
	]
}