{
	"format_version": "1.12.0",
	"minecraft:geometry": [
		{
			"description": {
				"identifier": "geometry.mera_dai_enkai_entei",
				"texture_width": 64,
				"texture_height": 64,
				"visible_bounds_width": 10,
				"visible_bounds_height": 9,
				"visible_bounds_offset": [0, 0.5, 0]
			},
			"bones": [
				{
					"name": "root",
					"pivot": [0, 0, 0]
				},
				{
					"name": "tudo",
					"parent": "root",
					"pivot": [0, 12, 0]
				},
				{
					"name": "waist",
					"parent": "tudo",
					"pivot": [0, 12, 0]
				},
				{
					"name": "body",
					"parent": "waist",
					"pivot": [0, 24, 0]
				},
				{
					"name": "mera7",
					"parent": "body",
					"pivot": [0, 3, 0],
					"cubes": [
						{
							"origin": [-46.8352, -43.8352, -60.544],
							"size": [93.6704, 93.6704, 121.088],
							"uv": {
								"north": {"uv": [0, 0], "uv_size": [64, 64]},
								"east": {"uv": [0, 0], "uv_size": [64, 64]},
								"south": {"uv": [0, 0], "uv_size": [64, 64]},
								"west": {"uv": [0, 0], "uv_size": [64, 64]},
								"up": {"uv": [64, 64], "uv_size": [-64, -64]},
								"down": {"uv": [64, 64], "uv_size": [-64, -64]}
							}
						},
						{
							"origin": [-46.8352, -43.8352, -60.544],
							"size": [93.6704, 93.6704, 121.088],
							"pivot": [0, 3, 0],
							"rotation": [-180, -90, 180],
							"uv": {
								"north": {"uv": [0, 0], "uv_size": [64, 64]},
								"east": {"uv": [0, 0], "uv_size": [64, 64]},
								"south": {"uv": [0, 0], "uv_size": [64, 64]},
								"west": {"uv": [0, 0], "uv_size": [64, 64]},
								"up": {"uv": [64, 64], "uv_size": [-64, -64]},
								"down": {"uv": [64, 64], "uv_size": [-64, -64]}
							}
						},
						{
							"origin": [-30.8352, -27.8352, -68.544],
							"size": [61.6704, 61.6704, 137.088],
							"pivot": [0, 3, 0],
							"rotation": [-180, -90, 180],
							"uv": {
								"north": {"uv": [0, 0], "uv_size": [64, 64]},
								"east": {"uv": [0, 0], "uv_size": [64, 64]},
								"south": {"uv": [0, 0], "uv_size": [64, 64]},
								"west": {"uv": [0, 0], "uv_size": [64, 64]},
								"up": {"uv": [64, 64], "uv_size": [-64, -64]},
								"down": {"uv": [64, 64], "uv_size": [-64, -64]}
							}
						},
						{
							"origin": [-30.8352, -27.8352, -68.544],
							"size": [61.6704, 61.6704, 137.088],
							"uv": {
								"north": {"uv": [0, 0], "uv_size": [64, 64]},
								"east": {"uv": [0, 0], "uv_size": [64, 64]},
								"south": {"uv": [0, 0], "uv_size": [64, 64]},
								"west": {"uv": [0, 0], "uv_size": [64, 64]},
								"up": {"uv": [64, 64], "uv_size": [-64, -64]},
								"down": {"uv": [64, 64], "uv_size": [-64, -64]}
							}
						},
						{
							"origin": [-53.6896, -50.6896, -53.6896],
							"size": [107.3792, 107.3792, 107.3792],
							"uv": {
								"north": {"uv": [0, 0], "uv_size": [64, 64]},
								"east": {"uv": [0, 0], "uv_size": [64, 64]},
								"south": {"uv": [0, 0], "uv_size": [64, 64]},
								"west": {"uv": [0, 0], "uv_size": [64, 64]},
								"up": {"uv": [64, 64], "uv_size": [-64, -64]},
								"down": {"uv": [64, 64], "uv_size": [-64, -64]}
							}
						},
						{
							"origin": [-46.8352, -57.544, -46.8352],
							"size": [93.6704, 121.088, 93.6704],
							"uv": {
								"north": {"uv": [0, 0], "uv_size": [64, 64]},
								"east": {"uv": [0, 0], "uv_size": [64, 64]},
								"south": {"uv": [0, 0], "uv_size": [64, 64]},
								"west": {"uv": [0, 0], "uv_size": [64, 64]},
								"up": {"uv": [64, 64], "uv_size": [-64, -64]},
								"down": {"uv": [64, 64], "uv_size": [-64, -64]}
							}
						},
						{
							"origin": [-30.8352, -65.544, -30.8352],
							"size": [61.6704, 137.088, 61.6704],
							"uv": {
								"north": {"uv": [0, 0], "uv_size": [64, 64]},
								"east": {"uv": [0, 0], "uv_size": [64, 64]},
								"south": {"uv": [0, 0], "uv_size": [64, 64]},
								"west": {"uv": [0, 0], "uv_size": [64, 64]},
								"up": {"uv": [64, 64], "uv_size": [-64, -64]},
								"down": {"uv": [64, 64], "uv_size": [-64, -64]}
							}
						}
					]
				}
			]
		}
	]
}