{
	"format_version": "1.12.0",
	"minecraft:geometry": [
		{
			"description": {
				"identifier": "geometry.player_hana_wings",
				"texture_width": 64,
				"texture_height": 64,
				"visible_bounds_width": 7,
				"visible_bounds_height": 3.5,
				"visible_bounds_offset": [0, 1.25, 0]
			},
			"bones": [
				{
					"name": "root",
					"pivot": [0, 0, 0]
				},
				{
					"name": "tudo",
					"parent": "root",
					"pivot": [0, 12, 0]
				},
				{
					"name": "waist",
					"parent": "tudo",
					"pivot": [0, 12, 0]
				},
				{
					"name": "body",
					"parent": "waist",
					"pivot": [0, 24, 0]
				},
				{
					"name": "wing_right",
					"parent": "body",
					"pivot": [-1, 20, 2],
					"rotation": [0, 17.5, 0],
					"cubes": [
						{
							"origin": [-19, 12, 1.5],
							"size": [18, 22, 0],
							"inflate": 0.01,
							"uv": {
								"north": {"uv": [32, 0], "uv_size": [32, 64]},
								"east": {"uv": [64, 64], "uv_size": [0, 0]},
								"south": {"uv": [64, 0], "uv_size": [-32, 64]},
								"west": {"uv": [64, 64], "uv_size": [0, 0]},
								"up": {"uv": [64, 64], "uv_size": [0, 0]},
								"down": {"uv": [64, 64], "uv_size": [0, 0]}
							}
						}
					]
				},
				{
					"name": "wing_right2",
					"parent": "wing_right",
					"pivot": [-19, 20, 2],
					"cubes": [
						{
							"origin": [-37, 12, 1.5],
							"size": [18, 22, 0],
							"inflate": 0.01,
							"uv": {
								"north": {"uv": [0, 0], "uv_size": [32, 64]},
								"east": {"uv": [64, 64], "uv_size": [0, 0]},
								"south": {"uv": [32, 0], "uv_size": [-32, 64]},
								"west": {"uv": [64, 64], "uv_size": [0, 0]},
								"up": {"uv": [64, 64], "uv_size": [0, 0]},
								"down": {"uv": [64, 64], "uv_size": [0, 0]}
							}
						}
					]
				},
				{
					"name": "wing_left",
					"parent": "body",
					"pivot": [1, 20, 2],
					"rotation": [0, -17.5, 0],
					"cubes": [
						{
							"origin": [1, 12, 1.5],
							"size": [18, 22, 0],
							"inflate": 0.01,
							"uv": {
								"north": {"uv": [64, 0], "uv_size": [-32, 64]},
								"east": {"uv": [64, 64], "uv_size": [0, 0]},
								"south": {"uv": [32, 0], "uv_size": [32, 64]},
								"west": {"uv": [64, 64], "uv_size": [0, 0]},
								"up": {"uv": [64, 64], "uv_size": [0, 0]},
								"down": {"uv": [64, 64], "uv_size": [0, 0]}
							}
						}
					]
				},
				{
					"name": "wing_left2",
					"parent": "wing_left",
					"pivot": [19, 20, 2],
					"cubes": [
						{
							"origin": [19, 12, 1.5],
							"size": [18, 22, 0],
							"inflate": 0.01,
							"uv": {
								"north": {"uv": [32, 0], "uv_size": [-32, 64]},
								"east": {"uv": [64, 64], "uv_size": [0, 0]},
								"south": {"uv": [0, 0], "uv_size": [32, 64]},
								"west": {"uv": [64, 64], "uv_size": [0, 0]},
								"up": {"uv": [64, 64], "uv_size": [0, 0]},
								"down": {"uv": [64, 64], "uv_size": [0, 0]}
							}
						}
					]
				}
			]
		}
	]
}