{
	"format_version": "1.12.0",
	"minecraft:geometry": [
		{
			"description": {
				"identifier": "geometry.player_uo_dragon",
				"texture_width": 80,
				"texture_height": 80,
				"visible_bounds_width": 44,
				"visible_bounds_height": 17,
				"visible_bounds_offset": [0, 1.5, 0]
			},
			"bones": [
				{
					"name": "root",
					"pivot": [0, 0, 0]
				},
				{
					"name": "tudo",
					"parent": "root",
					"pivot": [0, 3, -8]
				},
				{
					"name": "body",
					"parent": "tudo",
					"pivot": [0, 24, 0]
				},
				{
					"name": "rightA",
					"parent": "body",
					"pivot": [-6, 24, 0]
				},
				{
					"name": "rightArm",
					"parent": "rightA",
					"pivot": [-5, 22, 0]
				},
				{
					"name": "sla3",
					"parent": "rightArm",
					"pivot": [-6, 23, 0],
					"rotation": [0, 0, -90],
					"cubes": [
						{
							"origin": [-12, 21.2, -1.8],
							"size": [7.2, 3.6, 3.6],
							"uv": {
								"north": {"uv": [15, 0], "uv_size": [15, 7.5]},
								"east": {"uv": [45, 0], "uv_size": [5, 5]},
								"south": {"uv": [30, 0], "uv_size": [-15, 7.5]},
								"west": {"uv": [0, 0], "uv_size": [7.5, 7.5]},
								"up": {"uv": [15, 7.5], "uv_size": [15, -7.5]},
								"down": {"uv": [15, 7.5], "uv_size": [15, -7.5]}
							}
						}
					]
				},
				{
					"name": "sla2",
					"parent": "sla3",
					"pivot": [-11.8, 23, 0.1],
					"cubes": [
						{
							"origin": [-19.2, 21.8, -1.3],
							"size": [7.2, 2.4, 2.6],
							"uv": {
								"north": {"uv": [15, 0], "uv_size": [15, 7.5]},
								"east": {"uv": [45, 0], "uv_size": [5, 5]},
								"south": {"uv": [30, 0], "uv_size": [-15, 7.5]},
								"west": {"uv": [0, 0], "uv_size": [7.5, 7.5]},
								"up": {"uv": [15, 7.5], "uv_size": [15, -7.5]},
								"down": {"uv": [15, 7.5], "uv_size": [15, -7.5]}
							}
						}
					]
				},
				{
					"name": "sla",
					"parent": "sla2",
					"pivot": [-20.132, 22.01404, -0.58897],
					"cubes": [
						{
							"origin": [-21.21534, 22.24118, 0.69671],
							"size": [2.6, 1.2, 1.2],
							"pivot": [-19.41534, 22.84118, 1.29671],
							"rotation": [0, 12.5, -12.5],
							"uv": {
								"north": {"uv": [45, 0], "uv_size": [5, 5]},
								"east": {"uv": [45, 0], "uv_size": [5, 5]},
								"south": {"uv": [45, 0], "uv_size": [5, 5]},
								"west": {"uv": [45, 0], "uv_size": [5, 5]},
								"up": {"uv": [50, 5], "uv_size": [-5, -5]},
								"down": {"uv": [50, 5], "uv_size": [-5, -5]}
							}
						},
						{
							"origin": [-22.87298, 21.21393, 1.29274],
							"size": [2.4, 1.2, 1.2],
							"pivot": [-21.67298, 21.81393, 1.89274],
							"rotation": [-5, 12.5, -45],
							"uv": {
								"north": {"uv": [45, 0], "uv_size": [5, 5]},
								"east": {"uv": [45, 0], "uv_size": [5, 5]},
								"south": {"uv": [45, 0], "uv_size": [5, 5]},
								"west": {"uv": [45, 0], "uv_size": [5, 5]},
								"up": {"uv": [50, 5], "uv_size": [-5, -5]},
								"down": {"uv": [50, 5], "uv_size": [-5, -5]}
							}
						},
						{
							"origin": [-21.49905, 22.32363, -0.6],
							"size": [2.6, 1.2, 1.2],
							"pivot": [-19.69905, 22.92363, 0],
							"rotation": [0, 0, -12.5],
							"uv": {
								"north": {"uv": [45, 0], "uv_size": [5, 5]},
								"east": {"uv": [45, 0], "uv_size": [5, 5]},
								"south": {"uv": [45, 0], "uv_size": [5, 5]},
								"west": {"uv": [45, 0], "uv_size": [5, 5]},
								"up": {"uv": [50, 5], "uv_size": [-5, -5]},
								"down": {"uv": [50, 5], "uv_size": [-5, -5]}
							}
						},
						{
							"origin": [-23.21051, 21.24703, -0.6],
							"size": [2.4, 1.2, 1.2],
							"pivot": [-22.01051, 21.84703, 0],
							"rotation": [0, 0, -45],
							"uv": {
								"north": {"uv": [45, 0], "uv_size": [5, 5]},
								"east": {"uv": [45, 0], "uv_size": [5, 5]},
								"south": {"uv": [45, 0], "uv_size": [5, 5]},
								"west": {"uv": [45, 0], "uv_size": [5, 5]},
								"up": {"uv": [50, 5], "uv_size": [-5, -5]},
								"down": {"uv": [50, 5], "uv_size": [-5, -5]}
							}
						},
						{
							"origin": [-21.21534, 22.24118, -1.89671],
							"size": [2.6, 1.2, 1.2],
							"pivot": [-19.41534, 22.84118, -1.29671],
							"rotation": [0, -12.5, -12.5],
							"uv": {
								"north": {"uv": [45, 0], "uv_size": [5, 5]},
								"east": {"uv": [45, 0], "uv_size": [5, 5]},
								"south": {"uv": [45, 0], "uv_size": [5, 5]},
								"west": {"uv": [45, 0], "uv_size": [5, 5]},
								"up": {"uv": [50, 5], "uv_size": [-5, -5]},
								"down": {"uv": [50, 5], "uv_size": [-5, -5]}
							}
						},
						{
							"origin": [-22.92474, 21.19577, -2.45321],
							"size": [2.4, 1.2, 1.2],
							"pivot": [-21.72474, 21.79577, -1.85321],
							"rotation": [10, -12.5, -45],
							"uv": {
								"north": {"uv": [45, 0], "uv_size": [5, 5]},
								"east": {"uv": [45, 0], "uv_size": [5, 5]},
								"south": {"uv": [45, 0], "uv_size": [5, 5]},
								"west": {"uv": [45, 0], "uv_size": [5, 5]},
								"up": {"uv": [50, 5], "uv_size": [-5, -5]},
								"down": {"uv": [50, 5], "uv_size": [-5, -5]}
							}
						},
						{
							"origin": [-18.43835, 20.79733, -2.52317],
							"size": [1.2, 2.4, 1.2],
							"pivot": [-17.83835, 21.99733, -1.92317],
							"rotation": [-37.5, 0, 0],
							"uv": {
								"north": {"uv": [45, 0], "uv_size": [5, 5]},
								"east": {"uv": [45, 0], "uv_size": [5, 5]},
								"south": {"uv": [45, 0], "uv_size": [5, 5]},
								"west": {"uv": [45, 0], "uv_size": [5, 5]},
								"up": {"uv": [50, 5], "uv_size": [-5, -5]},
								"down": {"uv": [50, 5], "uv_size": [-5, -5]}
							}
						},
						{
							"origin": [-18.43835, 19.47179, -3.4281],
							"size": [1.2, 1.8, 1.2],
							"pivot": [-17.83835, 20.37179, -2.8281],
							"rotation": [-17.5, 0, 0],
							"uv": {
								"north": {"uv": [45, 0], "uv_size": [5, 5]},
								"east": {"uv": [45, 0], "uv_size": [5, 5]},
								"south": {"uv": [45, 0], "uv_size": [5, 5]},
								"west": {"uv": [45, 0], "uv_size": [5, 5]},
								"up": {"uv": [50, 5], "uv_size": [-5, -5]},
								"down": {"uv": [50, 5], "uv_size": [-5, -5]}
							}
						}
					]
				},
				{
					"name": "bodyDragon",
					"parent": "tudo",
					"pivot": [0, 3, -8]
				},
				{
					"name": "headDragon",
					"parent": "bodyDragon",
					"pivot": [0, 3, -8],
					"cubes": [
						{
							"origin": [-4, 0, -12.5],
							"size": [8, 2, 4.5],
							"uv": {
								"north": {"uv": [20, 30], "uv_size": [5, 5]},
								"east": {"uv": [20, 30], "uv_size": [5, 5]},
								"south": {"uv": [20, 30], "uv_size": [5, 5]},
								"west": {"uv": [20, 30], "uv_size": [5, 5]},
								"up": {"uv": [25, 35], "uv_size": [-5, -5]},
								"down": {"uv": [25, 35], "uv_size": [-5, -5]}
							}
						},
						{
							"origin": [-4.45477, 5.06267, -14.505],
							"size": [4, 2.5, 2.5],
							"pivot": [-2.45477, 6.31267, -13.255],
							"rotation": [0, 0, 15],
							"uv": {
								"north": {"uv": [20, 35], "uv_size": [5, -5]},
								"east": {"uv": [20, 30], "uv_size": [5, 5]},
								"south": {"uv": [20, 30], "uv_size": [5, 5]},
								"west": {"uv": [20, 30], "uv_size": [5, 5]},
								"up": {"uv": [25, 35], "uv_size": [-5, -5]},
								"down": {"uv": [25, 35], "uv_size": [-5, -5]}
							}
						},
						{
							"origin": [0.45477, 5.06267, -14.505],
							"size": [4, 2.5, 2.5],
							"pivot": [2.45477, 6.31267, -13.255],
							"rotation": [0, 0, -15],
							"uv": {
								"north": {"uv": [25, 35], "uv_size": [-5, -5]},
								"east": {"uv": [25, 30], "uv_size": [-5, 5]},
								"south": {"uv": [25, 30], "uv_size": [-5, 5]},
								"west": {"uv": [25, 30], "uv_size": [-5, 5]},
								"up": {"uv": [20, 35], "uv_size": [5, -5]},
								"down": {"uv": [20, 35], "uv_size": [5, -5]}
							}
						},
						{
							"origin": [-4, 2, -14.5],
							"size": [8, 4.5, 6.5],
							"uv": {
								"north": {"uv": [20, 30], "uv_size": [5, 5]},
								"east": {"uv": [20, 30], "uv_size": [5, 5]},
								"south": {"uv": [20, 30], "uv_size": [5, 5]},
								"west": {"uv": [20, 30], "uv_size": [5, 5]},
								"up": {"uv": [25, 35], "uv_size": [-5, -5]},
								"down": {"uv": [25, 35], "uv_size": [-5, -5]}
							}
						},
						{
							"origin": [-4.25, 4, -14.51],
							"size": [4, 3, 0],
							"uv": {
								"north": {"uv": [56, 10], "uv_size": [-6, 5.5]},
								"east": {"uv": [80, 80], "uv_size": [0, 0]},
								"south": {"uv": [80, 80], "uv_size": [0, 0]},
								"west": {"uv": [80, 80], "uv_size": [0, 0]},
								"up": {"uv": [80, 80], "uv_size": [0, 0]},
								"down": {"uv": [80, 80], "uv_size": [0, 0]}
							}
						},
						{
							"origin": [0.25, 4, -14.51],
							"size": [4, 3, 0],
							"uv": {
								"north": {"uv": [50, 10], "uv_size": [6, 5.5]},
								"east": {"uv": [80, 80], "uv_size": [0, 0]},
								"south": {"uv": [80, 80], "uv_size": [0, 0]},
								"west": {"uv": [80, 80], "uv_size": [0, 0]},
								"up": {"uv": [80, 80], "uv_size": [0, 0]},
								"down": {"uv": [80, 80], "uv_size": [0, 0]}
							}
						}
					]
				},
				{
					"name": "rightHorn",
					"parent": "headDragon",
					"pivot": [-5.83771, 12.46728, -5.83251],
					"rotation": [-22.58364, -33.52161, -54.48154],
					"cubes": [
						{
							"origin": [-9.99825, 8.15715, -5.90606],
							"size": [1.368, 4.704, 1.368],
							"pivot": [-9.03089, 7.61676, -5.46206],
							"rotation": [0, 0, 37.5],
							"uv": {
								"north": {"uv": [45, 10], "uv_size": [5, 5]},
								"east": {"uv": [45, 10], "uv_size": [5, 5]},
								"south": {"uv": [45, 10], "uv_size": [5, 5]},
								"west": {"uv": [45, 10], "uv_size": [5, 5]},
								"up": {"uv": [50, 15], "uv_size": [-5, -5]},
								"down": {"uv": [50, 15], "uv_size": [-5, -5]}
							}
						},
						{
							"origin": [-5.57041, 11.37912, -5.82614],
							"size": [1.12176, 4.74288, 1.12176],
							"pivot": [-5.43089, 12.89676, -5.46206],
							"rotation": [0, 0, 47.5],
							"uv": {
								"north": {"uv": [45, 10], "uv_size": [5, 5]},
								"east": {"uv": [45, 10], "uv_size": [5, 5]},
								"south": {"uv": [45, 10], "uv_size": [5, 5]},
								"west": {"uv": [45, 10], "uv_size": [5, 5]},
								"up": {"uv": [50, 15], "uv_size": [-5, -5]},
								"down": {"uv": [50, 15], "uv_size": [-5, -5]}
							}
						},
						{
							"origin": [-6.87248, 12.24505, -6.35035],
							"size": [0.94228, 3.58082, 0.94228],
							"pivot": [-5.94889, 13.11667, -5.06052],
							"rotation": [37.5, 0, 2.5],
							"uv": {
								"north": {"uv": [45, 10], "uv_size": [5, 5]},
								"east": {"uv": [45, 10], "uv_size": [5, 5]},
								"south": {"uv": [45, 10], "uv_size": [5, 5]},
								"west": {"uv": [45, 10], "uv_size": [5, 5]},
								"up": {"uv": [50, 15], "uv_size": [-5, -5]},
								"down": {"uv": [50, 15], "uv_size": [-5, -5]}
							}
						},
						{
							"origin": [-5.95421, 14.13848, -8.46679],
							"size": [0.71312, 2.70996, 0.71312],
							"pivot": [-5.59766, 15.73346, -8.11024],
							"rotation": [34.81608, -14.90835, 22.80179],
							"uv": {
								"north": {"uv": [45, 10], "uv_size": [5, 5]},
								"east": {"uv": [45, 10], "uv_size": [5, 5]},
								"south": {"uv": [45, 10], "uv_size": [5, 5]},
								"west": {"uv": [45, 10], "uv_size": [5, 5]},
								"up": {"uv": [50, 15], "uv_size": [-5, -5]},
								"down": {"uv": [50, 15], "uv_size": [-5, -5]}
							}
						},
						{
							"origin": [-4.07667, 14.69633, -5.67986],
							"size": [0.8292, 3.50594, 0.8292],
							"pivot": [-3.64322, 14.12254, -5.26526],
							"rotation": [0, 0, 62.5],
							"uv": {
								"north": {"uv": [45, 10], "uv_size": [5, 5]},
								"east": {"uv": [45, 10], "uv_size": [5, 5]},
								"south": {"uv": [45, 10], "uv_size": [5, 5]},
								"west": {"uv": [45, 10], "uv_size": [5, 5]},
								"up": {"uv": [50, 15], "uv_size": [-5, -5]},
								"down": {"uv": [50, 15], "uv_size": [-5, -5]}
							}
						},
						{
							"origin": [-10.35521, 5.87195, -5.85034],
							"size": [2.052, 3.078, 1.71],
							"pivot": [-9.32921, 7.41095, -4.99534],
							"rotation": [17.5, 0, 30],
							"uv": {
								"north": {"uv": [45, 10], "uv_size": [5, 5]},
								"east": {"uv": [45, 10], "uv_size": [5, 5]},
								"south": {"uv": [45, 10], "uv_size": [5, 5]},
								"west": {"uv": [45, 10], "uv_size": [5, 5]},
								"up": {"uv": [50, 15], "uv_size": [-5, -5]},
								"down": {"uv": [50, 15], "uv_size": [-5, -5]}
							}
						}
					]
				},
				{
					"name": "leftHorn",
					"parent": "headDragon",
					"pivot": [5.83771, 12.46728, -5.83251],
					"rotation": [-22.58364, 33.52161, 54.48154],
					"cubes": [
						{
							"origin": [8.63025, 8.15715, -5.90606],
							"size": [1.368, 4.704, 1.368],
							"pivot": [9.03089, 7.61676, -5.46206],
							"rotation": [0, 0, -37.5],
							"uv": {
								"north": {"uv": [50, 10], "uv_size": [-5, 5]},
								"east": {"uv": [50, 10], "uv_size": [-5, 5]},
								"south": {"uv": [50, 10], "uv_size": [-5, 5]},
								"west": {"uv": [50, 10], "uv_size": [-5, 5]},
								"up": {"uv": [45, 15], "uv_size": [5, -5]},
								"down": {"uv": [45, 15], "uv_size": [5, -5]}
							}
						},
						{
							"origin": [4.44865, 11.37912, -5.82614],
							"size": [1.12176, 4.74288, 1.12176],
							"pivot": [5.43089, 12.89676, -5.46206],
							"rotation": [0, 0, -47.5],
							"uv": {
								"north": {"uv": [50, 10], "uv_size": [-5, 5]},
								"east": {"uv": [50, 10], "uv_size": [-5, 5]},
								"south": {"uv": [50, 10], "uv_size": [-5, 5]},
								"west": {"uv": [50, 10], "uv_size": [-5, 5]},
								"up": {"uv": [45, 15], "uv_size": [5, -5]},
								"down": {"uv": [45, 15], "uv_size": [5, -5]}
							}
						},
						{
							"origin": [5.9302, 12.24505, -6.35035],
							"size": [0.94228, 3.58082, 0.94228],
							"pivot": [5.94889, 13.11667, -5.06052],
							"rotation": [37.5, 0, -2.5],
							"uv": {
								"north": {"uv": [50, 10], "uv_size": [-5, 5]},
								"east": {"uv": [50, 10], "uv_size": [-5, 5]},
								"south": {"uv": [50, 10], "uv_size": [-5, 5]},
								"west": {"uv": [50, 10], "uv_size": [-5, 5]},
								"up": {"uv": [45, 15], "uv_size": [5, -5]},
								"down": {"uv": [45, 15], "uv_size": [5, -5]}
							}
						},
						{
							"origin": [5.24109, 14.13848, -8.46679],
							"size": [0.71312, 2.70996, 0.71312],
							"pivot": [5.59766, 15.73346, -8.11024],
							"rotation": [34.81608, 14.90835, -22.80179],
							"uv": {
								"north": {"uv": [50, 10], "uv_size": [-5, 5]},
								"east": {"uv": [50, 10], "uv_size": [-5, 5]},
								"south": {"uv": [50, 10], "uv_size": [-5, 5]},
								"west": {"uv": [50, 10], "uv_size": [-5, 5]},
								"up": {"uv": [45, 15], "uv_size": [5, -5]},
								"down": {"uv": [45, 15], "uv_size": [5, -5]}
							}
						},
						{
							"origin": [3.24747, 14.69633, -5.67986],
							"size": [0.8292, 3.50594, 0.8292],
							"pivot": [3.64322, 14.12254, -5.26526],
							"rotation": [0, 0, -62.5],
							"uv": {
								"north": {"uv": [50, 10], "uv_size": [-5, 5]},
								"east": {"uv": [50, 10], "uv_size": [-5, 5]},
								"south": {"uv": [50, 10], "uv_size": [-5, 5]},
								"west": {"uv": [50, 10], "uv_size": [-5, 5]},
								"up": {"uv": [45, 15], "uv_size": [5, -5]},
								"down": {"uv": [45, 15], "uv_size": [5, -5]}
							}
						},
						{
							"origin": [8.30321, 5.87195, -5.85034],
							"size": [2.052, 3.078, 1.71],
							"pivot": [9.32921, 7.41095, -4.99534],
							"rotation": [17.5, 0, -30],
							"uv": {
								"north": {"uv": [50, 10], "uv_size": [-5, 5]},
								"east": {"uv": [50, 10], "uv_size": [-5, 5]},
								"south": {"uv": [50, 10], "uv_size": [-5, 5]},
								"west": {"uv": [50, 10], "uv_size": [-5, 5]},
								"up": {"uv": [45, 15], "uv_size": [5, -5]},
								"down": {"uv": [45, 15], "uv_size": [5, -5]}
							}
						}
					]
				},
				{
					"name": "rightHorn2",
					"parent": "headDragon",
					"pivot": [-3.1, 5.85, -10.9],
					"rotation": [12.5, -20, -25],
					"cubes": [
						{
							"origin": [-3.04072, 7.06558, -12.23565],
							"size": [1.575, 2.52, 1.575],
							"pivot": [-2.25322, 8.32558, -11.44815],
							"rotation": [0, 0, -20],
							"uv": {
								"north": {"uv": [45, 10], "uv_size": [5, 5]},
								"east": {"uv": [45, 15], "uv_size": [5, -5]},
								"south": {"uv": [45, 10], "uv_size": [5, 5]},
								"west": {"uv": [45, 10], "uv_size": [5, 5]},
								"up": {"uv": [50, 15], "uv_size": [-5, -5]},
								"down": {"uv": [50, 15], "uv_size": [-5, -5]}
							}
						},
						{
							"origin": [-3.55785, 8.81399, -12.10965],
							"size": [1.323, 2.1168, 1.323],
							"pivot": [-2.77035, 9.74639, -11.44815],
							"rotation": [0, 0, -37.5],
							"uv": {
								"north": {"uv": [45, 10], "uv_size": [5, 5]},
								"east": {"uv": [45, 15], "uv_size": [5, -5]},
								"south": {"uv": [45, 10], "uv_size": [5, 5]},
								"west": {"uv": [45, 10], "uv_size": [5, 5]},
								"up": {"uv": [50, 15], "uv_size": [-5, -5]},
								"down": {"uv": [50, 15], "uv_size": [-5, -5]}
							}
						},
						{
							"origin": [-4.27933, 10.38909, -12.01704],
							"size": [1.13778, 1.82045, 1.13778],
							"pivot": [-3.63736, 10.66931, -11.44815],
							"rotation": [0, 0, -52.5],
							"uv": {
								"north": {"uv": [45, 10], "uv_size": [5, 5]},
								"east": {"uv": [45, 15], "uv_size": [5, -5]},
								"south": {"uv": [45, 10], "uv_size": [5, 5]},
								"west": {"uv": [45, 10], "uv_size": [5, 5]},
								"up": {"uv": [50, 15], "uv_size": [-5, -5]},
								"down": {"uv": [50, 15], "uv_size": [-5, -5]}
							}
						},
						{
							"origin": [-6.51436, 10.99666, -11.94878],
							"size": [1.00125, 1.60199, 1.00125],
							"pivot": [-5.6811, 12.14541, -11.44815],
							"rotation": [0, 0, -72.5],
							"uv": {
								"north": {"uv": [45, 10], "uv_size": [5, 5]},
								"east": {"uv": [45, 15], "uv_size": [5, -5]},
								"south": {"uv": [45, 10], "uv_size": [5, 5]},
								"west": {"uv": [45, 10], "uv_size": [5, 5]},
								"up": {"uv": [50, 15], "uv_size": [-5, -5]},
								"down": {"uv": [50, 15], "uv_size": [-5, -5]}
							}
						},
						{
							"origin": [-7.56891, 11.3625, -11.8887],
							"size": [0.8811, 1.40975, 0.8811],
							"pivot": [-6.89148, 12.17826, -11.44815],
							"rotation": [0, 0, -85],
							"uv": {
								"north": {"uv": [45, 10], "uv_size": [5, 5]},
								"east": {"uv": [45, 15], "uv_size": [5, -5]},
								"south": {"uv": [45, 10], "uv_size": [5, 5]},
								"west": {"uv": [45, 10], "uv_size": [5, 5]},
								"up": {"uv": [50, 15], "uv_size": [-5, -5]},
								"down": {"uv": [50, 15], "uv_size": [-5, -5]}
							}
						},
						{
							"origin": [-7.33422, 12.21755, -11.86227],
							"size": [0.82823, 1.32517, 0.82823],
							"pivot": [-6.80166, 11.93262, -11.44815],
							"rotation": [0, 0, -65],
							"uv": {
								"north": {"uv": [45, 10], "uv_size": [5, 5]},
								"east": {"uv": [45, 15], "uv_size": [5, -5]},
								"south": {"uv": [45, 10], "uv_size": [5, 5]},
								"west": {"uv": [45, 10], "uv_size": [5, 5]},
								"up": {"uv": [50, 15], "uv_size": [-5, -5]},
								"down": {"uv": [50, 15], "uv_size": [-5, -5]}
							}
						},
						{
							"origin": [-8.76337, 12.12627, -11.81258],
							"size": [0.72884, 1.16615, 0.72884],
							"pivot": [-8.50983, 12.59846, -11.44815],
							"rotation": [0, 0, -50],
							"uv": {
								"north": {"uv": [45, 10], "uv_size": [5, 5]},
								"east": {"uv": [45, 15], "uv_size": [5, -5]},
								"south": {"uv": [45, 10], "uv_size": [5, 5]},
								"west": {"uv": [45, 10], "uv_size": [5, 5]},
								"up": {"uv": [50, 15], "uv_size": [-5, -5]},
								"down": {"uv": [50, 15], "uv_size": [-5, -5]}
							}
						},
						{
							"origin": [-9.30482, 12.77352, -11.79071],
							"size": [0.68511, 1.47418, 0.68511],
							"pivot": [-9.19915, 13.32161, -11.44815],
							"rotation": [0, 0, -27.5],
							"uv": {
								"north": {"uv": [45, 10], "uv_size": [5, 5]},
								"east": {"uv": [45, 15], "uv_size": [5, -5]},
								"south": {"uv": [45, 10], "uv_size": [5, 5]},
								"west": {"uv": [45, 10], "uv_size": [5, 5]},
								"up": {"uv": [50, 15], "uv_size": [-5, -5]},
								"down": {"uv": [50, 15], "uv_size": [-5, -5]}
							}
						},
						{
							"origin": [-9.61962, 13.85885, -11.74275],
							"size": [0.5892, 1.2678, 0.5892],
							"pivot": [-9.54174, 14.49275, -11.44815],
							"rotation": [0, 0, -7.5],
							"uv": {
								"north": {"uv": [45, 10], "uv_size": [5, 5]},
								"east": {"uv": [45, 15], "uv_size": [5, -5]},
								"south": {"uv": [45, 10], "uv_size": [5, 5]},
								"west": {"uv": [45, 10], "uv_size": [5, 5]},
								"up": {"uv": [50, 15], "uv_size": [-5, -5]},
								"down": {"uv": [50, 15], "uv_size": [-5, -5]}
							}
						},
						{
							"origin": [-3.11599, 4.94719, -12.10985],
							"size": [1.89, 2.835, 2.0475],
							"pivot": [-2.42299, 6.23869, -11.0861],
							"rotation": [16.93839, 4.46375, 10.66499],
							"uv": {
								"north": {"uv": [45, 10], "uv_size": [5, 5]},
								"east": {"uv": [45, 15], "uv_size": [5, -5]},
								"south": {"uv": [45, 10], "uv_size": [5, 5]},
								"west": {"uv": [45, 10], "uv_size": [5, 5]},
								"up": {"uv": [50, 15], "uv_size": [-5, -5]},
								"down": {"uv": [50, 15], "uv_size": [-5, -5]}
							}
						}
					]
				},
				{
					"name": "leftHorn2",
					"parent": "headDragon",
					"pivot": [3.1, 5.85, -10.9],
					"rotation": [12.5, 20, 25],
					"cubes": [
						{
							"origin": [1.46572, 7.06558, -12.23565],
							"size": [1.575, 2.52, 1.575],
							"pivot": [2.25322, 8.32558, -11.44815],
							"rotation": [0, 0, 20],
							"uv": {
								"north": {"uv": [50, 10], "uv_size": [-5, 5]},
								"east": {"uv": [50, 10], "uv_size": [-5, 5]},
								"south": {"uv": [50, 10], "uv_size": [-5, 5]},
								"west": {"uv": [50, 15], "uv_size": [-5, -5]},
								"up": {"uv": [45, 15], "uv_size": [5, -5]},
								"down": {"uv": [45, 15], "uv_size": [5, -5]}
							}
						},
						{
							"origin": [2.23485, 8.81399, -12.10965],
							"size": [1.323, 2.1168, 1.323],
							"pivot": [2.77035, 9.74639, -11.44815],
							"rotation": [0, 0, 37.5],
							"uv": {
								"north": {"uv": [50, 10], "uv_size": [-5, 5]},
								"east": {"uv": [50, 10], "uv_size": [-5, 5]},
								"south": {"uv": [50, 10], "uv_size": [-5, 5]},
								"west": {"uv": [50, 15], "uv_size": [-5, -5]},
								"up": {"uv": [45, 15], "uv_size": [5, -5]},
								"down": {"uv": [45, 15], "uv_size": [5, -5]}
							}
						},
						{
							"origin": [3.14155, 10.38909, -12.01704],
							"size": [1.13778, 1.82045, 1.13778],
							"pivot": [3.63736, 10.66931, -11.44815],
							"rotation": [0, 0, 52.5],
							"uv": {
								"north": {"uv": [50, 10], "uv_size": [-5, 5]},
								"east": {"uv": [50, 10], "uv_size": [-5, 5]},
								"south": {"uv": [50, 10], "uv_size": [-5, 5]},
								"west": {"uv": [50, 15], "uv_size": [-5, -5]},
								"up": {"uv": [45, 15], "uv_size": [5, -5]},
								"down": {"uv": [45, 15], "uv_size": [5, -5]}
							}
						},
						{
							"origin": [5.51311, 10.99666, -11.94878],
							"size": [1.00125, 1.60199, 1.00125],
							"pivot": [5.6811, 12.14541, -11.44815],
							"rotation": [0, 0, 72.5],
							"uv": {
								"north": {"uv": [50, 10], "uv_size": [-5, 5]},
								"east": {"uv": [50, 10], "uv_size": [-5, 5]},
								"south": {"uv": [50, 10], "uv_size": [-5, 5]},
								"west": {"uv": [50, 15], "uv_size": [-5, -5]},
								"up": {"uv": [45, 15], "uv_size": [5, -5]},
								"down": {"uv": [45, 15], "uv_size": [5, -5]}
							}
						},
						{
							"origin": [6.68781, 11.3625, -11.8887],
							"size": [0.8811, 1.40975, 0.8811],
							"pivot": [6.89148, 12.17826, -11.44815],
							"rotation": [0, 0, 85],
							"uv": {
								"north": {"uv": [50, 10], "uv_size": [-5, 5]},
								"east": {"uv": [50, 10], "uv_size": [-5, 5]},
								"south": {"uv": [50, 10], "uv_size": [-5, 5]},
								"west": {"uv": [50, 15], "uv_size": [-5, -5]},
								"up": {"uv": [45, 15], "uv_size": [5, -5]},
								"down": {"uv": [45, 15], "uv_size": [5, -5]}
							}
						},
						{
							"origin": [6.50599, 12.21755, -11.86227],
							"size": [0.82823, 1.32517, 0.82823],
							"pivot": [6.80166, 11.93262, -11.44815],
							"rotation": [0, 0, 65],
							"uv": {
								"north": {"uv": [50, 10], "uv_size": [-5, 5]},
								"east": {"uv": [50, 10], "uv_size": [-5, 5]},
								"south": {"uv": [50, 10], "uv_size": [-5, 5]},
								"west": {"uv": [50, 15], "uv_size": [-5, -5]},
								"up": {"uv": [45, 15], "uv_size": [5, -5]},
								"down": {"uv": [45, 15], "uv_size": [5, -5]}
							}
						},
						{
							"origin": [8.03453, 12.12627, -11.81258],
							"size": [0.72884, 1.16615, 0.72884],
							"pivot": [8.50983, 12.59846, -11.44815],
							"rotation": [0, 0, 50],
							"uv": {
								"north": {"uv": [50, 10], "uv_size": [-5, 5]},
								"east": {"uv": [50, 10], "uv_size": [-5, 5]},
								"south": {"uv": [50, 10], "uv_size": [-5, 5]},
								"west": {"uv": [50, 15], "uv_size": [-5, -5]},
								"up": {"uv": [45, 15], "uv_size": [5, -5]},
								"down": {"uv": [45, 15], "uv_size": [5, -5]}
							}
						},
						{
							"origin": [8.61971, 12.77352, -11.79071],
							"size": [0.68511, 1.47418, 0.68511],
							"pivot": [9.19915, 13.32161, -11.44815],
							"rotation": [0, 0, 27.5],
							"uv": {
								"north": {"uv": [50, 10], "uv_size": [-5, 5]},
								"east": {"uv": [50, 10], "uv_size": [-5, 5]},
								"south": {"uv": [50, 10], "uv_size": [-5, 5]},
								"west": {"uv": [50, 15], "uv_size": [-5, -5]},
								"up": {"uv": [45, 15], "uv_size": [5, -5]},
								"down": {"uv": [45, 15], "uv_size": [5, -5]}
							}
						},
						{
							"origin": [9.03042, 13.85885, -11.74275],
							"size": [0.5892, 1.2678, 0.5892],
							"pivot": [9.54174, 14.49275, -11.44815],
							"rotation": [0, 0, 7.5],
							"uv": {
								"north": {"uv": [50, 10], "uv_size": [-5, 5]},
								"east": {"uv": [50, 10], "uv_size": [-5, 5]},
								"south": {"uv": [50, 10], "uv_size": [-5, 5]},
								"west": {"uv": [50, 15], "uv_size": [-5, -5]},
								"up": {"uv": [45, 15], "uv_size": [5, -5]},
								"down": {"uv": [45, 15], "uv_size": [5, -5]}
							}
						},
						{
							"origin": [1.22599, 4.94719, -12.10985],
							"size": [1.89, 2.835, 2.0475],
							"pivot": [2.42299, 6.23869, -11.0861],
							"rotation": [16.93839, -4.46375, -10.66499],
							"uv": {
								"north": {"uv": [50, 10], "uv_size": [-5, 5]},
								"east": {"uv": [50, 10], "uv_size": [-5, 5]},
								"south": {"uv": [50, 10], "uv_size": [-5, 5]},
								"west": {"uv": [50, 15], "uv_size": [-5, -5]},
								"up": {"uv": [45, 15], "uv_size": [5, -5]},
								"down": {"uv": [45, 15], "uv_size": [5, -5]}
							}
						}
					]
				},
				{
					"name": "Beard",
					"parent": "headDragon",
					"pivot": [-4.75, 1, -7.25],
					"rotation": [10, 0, 0],
					"cubes": [
						{
							"origin": [-6, -1, -7],
							"size": [5, 10, 0],
							"uv": {
								"north": {"uv": [58, 15.5], "uv_size": [8, 14]},
								"east": {"uv": [70, 9.5], "uv_size": [0, 10]},
								"south": {"uv": [75, 9.5], "uv_size": [5, 10]},
								"west": {"uv": [75, 9.5], "uv_size": [0, 10]},
								"up": {"uv": [70, 9.5], "uv_size": [5, 0]},
								"down": {"uv": [75, 9.5], "uv_size": [5, 0]}
							}
						},
						{
							"origin": [1, -1, -7],
							"size": [5, 10, 0],
							"uv": {
								"north": {"uv": [66, 15.5], "uv_size": [-8, 14]},
								"east": {"uv": [75, 9.5], "uv_size": [0, 10]},
								"south": {"uv": [80, 9.5], "uv_size": [-5, 10]},
								"west": {"uv": [70, 9.5], "uv_size": [0, 10]},
								"up": {"uv": [75, 9.5], "uv_size": [-5, 0]},
								"down": {"uv": [80, 9.5], "uv_size": [-5, 0]}
							}
						},
						{
							"origin": [-8.7, -1, -7],
							"size": [10, 15.5, 0],
							"pivot": [-2, 4, -7],
							"rotation": [-17.5, 0, 0],
							"uv": {
								"north": {"uv": [58, 15.5], "uv_size": [8, 14]},
								"east": {"uv": [70, 9.5], "uv_size": [0, 10]},
								"south": {"uv": [75, 9.5], "uv_size": [5, 10]},
								"west": {"uv": [75, 9.5], "uv_size": [0, 10]},
								"up": {"uv": [70, 9.5], "uv_size": [5, 0]},
								"down": {"uv": [75, 9.5], "uv_size": [5, 0]}
							}
						},
						{
							"origin": [-1.3, -1, -7],
							"size": [10, 15.5, 0],
							"pivot": [2, 4, -7],
							"rotation": [-17.5, 0, 0],
							"uv": {
								"north": {"uv": [66, 15.5], "uv_size": [-8, 14]},
								"east": {"uv": [75, 9.5], "uv_size": [0, 10]},
								"south": {"uv": [80, 9.5], "uv_size": [-5, 10]},
								"west": {"uv": [70, 9.5], "uv_size": [0, 10]},
								"up": {"uv": [75, 9.5], "uv_size": [-5, 0]},
								"down": {"uv": [80, 9.5], "uv_size": [-5, 0]}
							}
						},
						{
							"origin": [-5, -2.25442, -6.34699],
							"size": [5, 10, 0],
							"pivot": [-2.5, 2.74558, -6.34699],
							"rotation": [-17.5, 0, 0],
							"uv": {
								"north": {"uv": [58, 15.5], "uv_size": [8, 14]},
								"east": {"uv": [70, 9.5], "uv_size": [0, 10]},
								"south": {"uv": [75, 9.5], "uv_size": [5, 10]},
								"west": {"uv": [75, 9.5], "uv_size": [0, 10]},
								"up": {"uv": [70, 9.5], "uv_size": [5, 0]},
								"down": {"uv": [75, 9.5], "uv_size": [5, 0]}
							}
						},
						{
							"origin": [0, -2.25442, -6.34699],
							"size": [5, 10, 0],
							"pivot": [2.5, 2.74558, -6.34699],
							"rotation": [-17.5, 0, 0],
							"uv": {
								"north": {"uv": [66, 15.5], "uv_size": [-8, 14]},
								"east": {"uv": [75, 9.5], "uv_size": [0, 10]},
								"south": {"uv": [80, 9.5], "uv_size": [-5, 10]},
								"west": {"uv": [70, 9.5], "uv_size": [0, 10]},
								"up": {"uv": [75, 9.5], "uv_size": [-5, 0]},
								"down": {"uv": [80, 9.5], "uv_size": [-5, 0]}
							}
						},
						{
							"origin": [-7.66206, -3.62663, -6.38895],
							"size": [6.7, 13.4, 0],
							"pivot": [-4.31206, 3.07337, -6.38895],
							"rotation": [-24.03208, 42.406, -16.73634],
							"uv": {
								"north": {"uv": [58, 15.5], "uv_size": [8, 14]},
								"east": {"uv": [70, 9.5], "uv_size": [0, 10]},
								"south": {"uv": [75, 9.5], "uv_size": [5, 10]},
								"west": {"uv": [75, 9.5], "uv_size": [0, 10]},
								"up": {"uv": [70, 9.5], "uv_size": [5, 0]},
								"down": {"uv": [75, 9.5], "uv_size": [5, 0]}
							}
						},
						{
							"origin": [0.96206, -3.62663, -6.38895],
							"size": [6.7, 13.4, 0],
							"pivot": [4.31206, 3.07337, -6.38895],
							"rotation": [-24.03208, -42.406, 16.73634],
							"uv": {
								"north": {"uv": [66, 15.5], "uv_size": [-8, 14]},
								"east": {"uv": [75, 9.5], "uv_size": [0, 10]},
								"south": {"uv": [80, 9.5], "uv_size": [-5, 10]},
								"west": {"uv": [70, 9.5], "uv_size": [0, 10]},
								"up": {"uv": [75, 9.5], "uv_size": [-5, 0]},
								"down": {"uv": [80, 9.5], "uv_size": [-5, 0]}
							}
						},
						{
							"origin": [-11.15981, -8.04336, -4.01848],
							"size": [12.08, 22.16, 0],
							"pivot": [-5.11981, 3.03664, -4.01848],
							"rotation": [-33.84022, 36.20192, -29.06275],
							"uv": {
								"north": {"uv": [58, 15.5], "uv_size": [8, 14]},
								"east": {"uv": [70, 9.5], "uv_size": [0, 10]},
								"south": {"uv": [75, 9.5], "uv_size": [5, 10]},
								"west": {"uv": [75, 9.5], "uv_size": [0, 10]},
								"up": {"uv": [70, 9.5], "uv_size": [5, 0]},
								"down": {"uv": [75, 9.5], "uv_size": [5, 0]}
							}
						},
						{
							"origin": [-0.92019, -8.04336, -4.01848],
							"size": [12.08, 22.16, 0],
							"pivot": [5.11981, 3.03664, -4.01848],
							"rotation": [-33.84022, -36.20192, 29.06275],
							"uv": {
								"north": {"uv": [66, 15.5], "uv_size": [-8, 14]},
								"east": {"uv": [75, 9.5], "uv_size": [0, 10]},
								"south": {"uv": [80, 9.5], "uv_size": [-5, 10]},
								"west": {"uv": [70, 9.5], "uv_size": [0, 10]},
								"up": {"uv": [75, 9.5], "uv_size": [-5, 0]},
								"down": {"uv": [80, 9.5], "uv_size": [-5, 0]}
							}
						}
					]
				},
				{
					"name": "jaw",
					"parent": "headDragon",
					"pivot": [0, 3, -14.5],
					"cubes": [
						{
							"origin": [-3, 2, -20.5],
							"size": [6, 2.5, 6],
							"uv": {
								"north": {"uv": [20, 30], "uv_size": [5, 5]},
								"east": {"uv": [20, 30], "uv_size": [5, 5]},
								"south": {"uv": [20, 30], "uv_size": [5, 5]},
								"west": {"uv": [20, 30], "uv_size": [5, 5]},
								"up": {"uv": [25, 35], "uv_size": [-5, -5]},
								"down": {"uv": [67.5, 15], "uv_size": [-7.5, -10]}
							}
						},
						{
							"origin": [-1, 2.39158, -20.22567],
							"size": [2.1, 2.5, 6.2],
							"pivot": [0.05, 3.64158, -17.12567],
							"rotation": [7.5, 0, 0],
							"uv": {
								"north": {"uv": [20, 30], "uv_size": [5, 5]},
								"east": {"uv": [20, 30], "uv_size": [5, 5]},
								"south": {"uv": [20, 30], "uv_size": [5, 5]},
								"west": {"uv": [20, 30], "uv_size": [5, 5]},
								"up": {"uv": [25, 35], "uv_size": [-5, -5]},
								"down": {"uv": [25, 35], "uv_size": [-5, -5]}
							}
						},
						{
							"origin": [-2.54653, 3.11242, -20.4],
							"size": [2, 2, 1],
							"pivot": [-1.54653, 4.11242, -19.9],
							"rotation": [0, 0, -72.5],
							"uv": {
								"north": {"uv": [20, 30], "uv_size": [5, 5]},
								"east": {"uv": [20, 30], "uv_size": [5, 5]},
								"south": {"uv": [20, 30], "uv_size": [5, 5]},
								"west": {"uv": [20, 30], "uv_size": [5, 5]},
								"up": {"uv": [25, 35], "uv_size": [-5, -5]},
								"down": {"uv": [25, 35], "uv_size": [-5, -5]}
							}
						},
						{
							"origin": [0.54653, 3.11242, -20.4],
							"size": [2, 2, 1],
							"pivot": [1.54653, 4.11242, -19.9],
							"rotation": [0, 0, 72.5],
							"uv": {
								"north": {"uv": [25, 30], "uv_size": [-5, 5]},
								"east": {"uv": [25, 30], "uv_size": [-5, 5]},
								"south": {"uv": [25, 30], "uv_size": [-5, 5]},
								"west": {"uv": [25, 30], "uv_size": [-5, 5]},
								"up": {"uv": [20, 35], "uv_size": [5, -5]},
								"down": {"uv": [20, 35], "uv_size": [5, -5]}
							}
						},
						{
							"origin": [-2.49, 1, -20],
							"size": [0, 1.25, 5.5],
							"uv": {
								"north": {"uv": [80, 80], "uv_size": [0, 0]},
								"east": {"uv": [67.5, 0], "uv_size": [-12.5, 3]},
								"south": {"uv": [80, 80], "uv_size": [0, 0]},
								"west": {"uv": [80, 80], "uv_size": [0, 0]},
								"up": {"uv": [80, 80], "uv_size": [0, 0]},
								"down": {"uv": [80, 80], "uv_size": [0, 0]}
							}
						},
						{
							"origin": [-2.49, 1, -14.5],
							"size": [0, 1.25, 2],
							"uv": {
								"north": {"uv": [80, 80], "uv_size": [0, 0]},
								"east": {"uv": [67.5, 0], "uv_size": [-5.5, 3]},
								"south": {"uv": [80, 80], "uv_size": [0, 0]},
								"west": {"uv": [80, 80], "uv_size": [0, 0]},
								"up": {"uv": [80, 80], "uv_size": [0, 0]},
								"down": {"uv": [80, 80], "uv_size": [0, 0]}
							}
						},
						{
							"origin": [2.49, 1, -20],
							"size": [0, 1.25, 5.5],
							"uv": {
								"north": {"uv": [80, 80], "uv_size": [0, 0]},
								"east": {"uv": [80, 80], "uv_size": [0, 0]},
								"south": {"uv": [80, 80], "uv_size": [0, 0]},
								"west": {"uv": [55, 0], "uv_size": [12.5, 3]},
								"up": {"uv": [80, 80], "uv_size": [0, 0]},
								"down": {"uv": [80, 80], "uv_size": [0, 0]}
							}
						},
						{
							"origin": [2.49, 1, -14.5],
							"size": [0, 1.25, 2],
							"uv": {
								"north": {"uv": [80, 80], "uv_size": [0, 0]},
								"east": {"uv": [80, 80], "uv_size": [0, 0]},
								"south": {"uv": [80, 80], "uv_size": [0, 0]},
								"west": {"uv": [62, 0], "uv_size": [5.5, 3]},
								"up": {"uv": [80, 80], "uv_size": [0, 0]},
								"down": {"uv": [80, 80], "uv_size": [0, 0]}
							}
						},
						{
							"origin": [-0.01, 0.75, -19.99],
							"size": [2.5, 1.25, 0],
							"uv": {
								"north": {"uv": [55, 0], "uv_size": [6.5, 3.5]},
								"east": {"uv": [80, 80], "uv_size": [0, 0]},
								"south": {"uv": [80, 80], "uv_size": [0, 0]},
								"west": {"uv": [80, 80], "uv_size": [0, 0]},
								"up": {"uv": [80, 80], "uv_size": [0, 0]},
								"down": {"uv": [80, 80], "uv_size": [0, 0]}
							}
						},
						{
							"origin": [-2.49, 0.75, -19.99],
							"size": [2.5, 1.25, 0],
							"uv": {
								"north": {"uv": [61.5, 0], "uv_size": [-6.5, 3.5]},
								"east": {"uv": [80, 80], "uv_size": [0, 0]},
								"south": {"uv": [80, 80], "uv_size": [0, 0]},
								"west": {"uv": [80, 80], "uv_size": [0, 0]},
								"up": {"uv": [80, 80], "uv_size": [0, 0]},
								"down": {"uv": [80, 80], "uv_size": [0, 0]}
							}
						}
					]
				},
				{
					"name": "rightMoustache",
					"parent": "jaw",
					"pivot": [-3, 3, -20.5],
					"rotation": [-125, 17.5, 0],
					"cubes": [
						{
							"origin": [-5, 2.5, -21],
							"size": [2, 0.5, 0.5],
							"uv": {
								"north": {"uv": [55, 5], "uv_size": [5, 5]},
								"east": {"uv": [55, 5], "uv_size": [5, 5]},
								"south": {"uv": [55, 5], "uv_size": [5, 5]},
								"west": {"uv": [55, 5], "uv_size": [5, 5]},
								"up": {"uv": [60, 10], "uv_size": [-5, -5]},
								"down": {"uv": [60, 10], "uv_size": [-5, -5]}
							}
						},
						{
							"origin": [-3.44448, 2.96453, -20.96086],
							"size": [1.5, 0.5, 0.5],
							"pivot": [-2.69448, 3.21453, -20.71086],
							"rotation": [0.75045, -3.27438, -47.82965],
							"uv": {
								"north": {"uv": [55, 5], "uv_size": [5, 5]},
								"east": {"uv": [55, 5], "uv_size": [5, 5]},
								"south": {"uv": [55, 5], "uv_size": [5, 5]},
								"west": {"uv": [55, 5], "uv_size": [5, 5]},
								"up": {"uv": [60, 10], "uv_size": [-5, -5]},
								"down": {"uv": [60, 10], "uv_size": [-5, -5]}
							}
						},
						{
							"origin": [-6.94139, 2.66985, -21],
							"size": [2, 0.5, 0.5],
							"pivot": [-5.94139, 2.91985, -20.75],
							"rotation": [0, 0, 10],
							"uv": {
								"north": {"uv": [55, 5], "uv_size": [5, 5]},
								"east": {"uv": [55, 5], "uv_size": [5, 5]},
								"south": {"uv": [55, 5], "uv_size": [5, 5]},
								"west": {"uv": [55, 5], "uv_size": [5, 5]},
								"up": {"uv": [60, 10], "uv_size": [-5, -5]},
								"down": {"uv": [60, 10], "uv_size": [-5, -5]}
							}
						},
						{
							"origin": [-8.82381, 3.17424, -21],
							"size": [2, 0.5, 0.5],
							"pivot": [-7.82381, 3.42424, -20.75],
							"rotation": [0, 0, 20],
							"uv": {
								"north": {"uv": [55, 5], "uv_size": [5, 5]},
								"east": {"uv": [55, 5], "uv_size": [5, 5]},
								"south": {"uv": [55, 5], "uv_size": [5, 5]},
								"west": {"uv": [55, 5], "uv_size": [5, 5]},
								"up": {"uv": [60, 10], "uv_size": [-5, -5]},
								"down": {"uv": [60, 10], "uv_size": [-5, -5]}
							}
						},
						{
							"origin": [-10.59003, 3.99784, -21],
							"size": [2, 0.5, 0.5],
							"pivot": [-9.59003, 4.24784, -20.75],
							"rotation": [0, 0, 30],
							"uv": {
								"north": {"uv": [55, 5], "uv_size": [5, 5]},
								"east": {"uv": [55, 5], "uv_size": [5, 5]},
								"south": {"uv": [55, 5], "uv_size": [5, 5]},
								"west": {"uv": [55, 5], "uv_size": [5, 5]},
								"up": {"uv": [60, 10], "uv_size": [-5, -5]},
								"down": {"uv": [60, 10], "uv_size": [-5, -5]}
							}
						},
						{
							"origin": [-12.27726, 4.78462, -21],
							"size": [2, 0.5, 0.5],
							"pivot": [-11.27726, 5.03462, -20.75],
							"rotation": [0, 0, 20],
							"uv": {
								"north": {"uv": [55, 5], "uv_size": [5, 5]},
								"east": {"uv": [55, 5], "uv_size": [5, 5]},
								"south": {"uv": [55, 5], "uv_size": [5, 5]},
								"west": {"uv": [55, 5], "uv_size": [5, 5]},
								"up": {"uv": [60, 10], "uv_size": [-5, -5]},
								"down": {"uv": [60, 10], "uv_size": [-5, -5]}
							}
						},
						{
							"origin": [-14.07548, 5.26645, -21],
							"size": [2, 0.5, 0.5],
							"pivot": [-13.07548, 5.51645, -20.75],
							"rotation": [0, 0, 10],
							"uv": {
								"north": {"uv": [55, 5], "uv_size": [5, 5]},
								"east": {"uv": [55, 5], "uv_size": [5, 5]},
								"south": {"uv": [55, 5], "uv_size": [5, 5]},
								"west": {"uv": [55, 5], "uv_size": [5, 5]},
								"up": {"uv": [60, 10], "uv_size": [-5, -5]},
								"down": {"uv": [60, 10], "uv_size": [-5, -5]}
							}
						}
					]
				},
				{
					"name": "leftMoustache",
					"parent": "jaw",
					"pivot": [3, 3, -20.5],
					"rotation": [-125, -17.5, 0],
					"cubes": [
						{
							"origin": [3, 2.5, -21],
							"size": [2, 0.5, 0.5],
							"uv": {
								"north": {"uv": [60, 5], "uv_size": [-5, 5]},
								"east": {"uv": [60, 5], "uv_size": [-5, 5]},
								"south": {"uv": [60, 5], "uv_size": [-5, 5]},
								"west": {"uv": [60, 5], "uv_size": [-5, 5]},
								"up": {"uv": [55, 10], "uv_size": [5, -5]},
								"down": {"uv": [55, 10], "uv_size": [5, -5]}
							}
						},
						{
							"origin": [1.94448, 2.96453, -20.96086],
							"size": [1.5, 0.5, 0.5],
							"pivot": [2.69448, 3.21453, -20.71086],
							"rotation": [0.75045, 3.27438, 47.82965],
							"uv": {
								"north": {"uv": [60, 5], "uv_size": [-5, 5]},
								"east": {"uv": [60, 5], "uv_size": [-5, 5]},
								"south": {"uv": [60, 5], "uv_size": [-5, 5]},
								"west": {"uv": [60, 5], "uv_size": [-5, 5]},
								"up": {"uv": [55, 10], "uv_size": [5, -5]},
								"down": {"uv": [55, 10], "uv_size": [5, -5]}
							}
						},
						{
							"origin": [4.94139, 2.66985, -21],
							"size": [2, 0.5, 0.5],
							"pivot": [5.94139, 2.91985, -20.75],
							"rotation": [0, 0, -10],
							"uv": {
								"north": {"uv": [60, 5], "uv_size": [-5, 5]},
								"east": {"uv": [60, 5], "uv_size": [-5, 5]},
								"south": {"uv": [60, 5], "uv_size": [-5, 5]},
								"west": {"uv": [60, 5], "uv_size": [-5, 5]},
								"up": {"uv": [55, 10], "uv_size": [5, -5]},
								"down": {"uv": [55, 10], "uv_size": [5, -5]}
							}
						},
						{
							"origin": [6.82381, 3.17424, -21],
							"size": [2, 0.5, 0.5],
							"pivot": [7.82381, 3.42424, -20.75],
							"rotation": [0, 0, -20],
							"uv": {
								"north": {"uv": [60, 5], "uv_size": [-5, 5]},
								"east": {"uv": [60, 5], "uv_size": [-5, 5]},
								"south": {"uv": [60, 5], "uv_size": [-5, 5]},
								"west": {"uv": [60, 5], "uv_size": [-5, 5]},
								"up": {"uv": [55, 10], "uv_size": [5, -5]},
								"down": {"uv": [55, 10], "uv_size": [5, -5]}
							}
						},
						{
							"origin": [8.59003, 3.99784, -21],
							"size": [2, 0.5, 0.5],
							"pivot": [9.59003, 4.24784, -20.75],
							"rotation": [0, 0, -30],
							"uv": {
								"north": {"uv": [60, 5], "uv_size": [-5, 5]},
								"east": {"uv": [60, 5], "uv_size": [-5, 5]},
								"south": {"uv": [60, 5], "uv_size": [-5, 5]},
								"west": {"uv": [60, 5], "uv_size": [-5, 5]},
								"up": {"uv": [55, 10], "uv_size": [5, -5]},
								"down": {"uv": [55, 10], "uv_size": [5, -5]}
							}
						},
						{
							"origin": [10.27726, 4.78462, -21],
							"size": [2, 0.5, 0.5],
							"pivot": [11.27726, 5.03462, -20.75],
							"rotation": [0, 0, -20],
							"uv": {
								"north": {"uv": [60, 5], "uv_size": [-5, 5]},
								"east": {"uv": [60, 5], "uv_size": [-5, 5]},
								"south": {"uv": [60, 5], "uv_size": [-5, 5]},
								"west": {"uv": [60, 5], "uv_size": [-5, 5]},
								"up": {"uv": [55, 10], "uv_size": [5, -5]},
								"down": {"uv": [55, 10], "uv_size": [5, -5]}
							}
						},
						{
							"origin": [12.07548, 5.26645, -21],
							"size": [2, 0.5, 0.5],
							"pivot": [13.07548, 5.51645, -20.75],
							"rotation": [0, 0, -10],
							"uv": {
								"north": {"uv": [60, 5], "uv_size": [-5, 5]},
								"east": {"uv": [60, 5], "uv_size": [-5, 5]},
								"south": {"uv": [60, 5], "uv_size": [-5, 5]},
								"west": {"uv": [60, 5], "uv_size": [-5, 5]},
								"up": {"uv": [55, 10], "uv_size": [5, -5]},
								"down": {"uv": [55, 10], "uv_size": [5, -5]}
							}
						}
					]
				},
				{
					"name": "jaw2",
					"parent": "headDragon",
					"pivot": [0, 3, -12.5],
					"cubes": [
						{
							"origin": [-2.5, 0.5, -20],
							"size": [5, 1.5, 7.5],
							"uv": {
								"north": {"uv": [15, 30], "uv_size": [5, 5]},
								"east": {"uv": [15, 30], "uv_size": [5, 5]},
								"south": {"uv": [15, 30], "uv_size": [5, 5]},
								"west": {"uv": [15, 30], "uv_size": [5, 5]},
								"up": {"uv": [67, 5], "uv_size": [-6.5, 9.5]},
								"down": {"uv": [20, 35], "uv_size": [-5, -5]}
							}
						},
						{
							"origin": [-2.49, 1.75, -20],
							"size": [0, 1.25, 5.5],
							"uv": {
								"north": {"uv": [80, 80], "uv_size": [0, 0]},
								"east": {"uv": [67.5, 3], "uv_size": [-12.5, -3]},
								"south": {"uv": [80, 80], "uv_size": [0, 0]},
								"west": {"uv": [80, 80], "uv_size": [0, 0]},
								"up": {"uv": [80, 80], "uv_size": [0, 0]},
								"down": {"uv": [80, 80], "uv_size": [0, 0]}
							}
						},
						{
							"origin": [-2.49, 1.75, -19.99],
							"size": [2.5, 1.25, 0],
							"uv": {
								"north": {"uv": [61.5, 3.5], "uv_size": [-6.5, -3.5]},
								"east": {"uv": [80, 80], "uv_size": [0, 0]},
								"south": {"uv": [80, 80], "uv_size": [0, 0]},
								"west": {"uv": [80, 80], "uv_size": [0, 0]},
								"up": {"uv": [80, 80], "uv_size": [0, 0]},
								"down": {"uv": [80, 80], "uv_size": [0, 0]}
							}
						},
						{
							"origin": [-0.01, 1.75, -19.99],
							"size": [2.5, 1.25, 0],
							"uv": {
								"north": {"uv": [55, 3.5], "uv_size": [6.5, -3.5]},
								"east": {"uv": [80, 80], "uv_size": [0, 0]},
								"south": {"uv": [80, 80], "uv_size": [0, 0]},
								"west": {"uv": [80, 80], "uv_size": [0, 0]},
								"up": {"uv": [80, 80], "uv_size": [0, 0]},
								"down": {"uv": [80, 80], "uv_size": [0, 0]}
							}
						},
						{
							"origin": [2.49, 1.75, -20],
							"size": [0, 1.25, 5.5],
							"uv": {
								"north": {"uv": [80, 80], "uv_size": [0, 0]},
								"east": {"uv": [80, 80], "uv_size": [0, 0]},
								"south": {"uv": [80, 80], "uv_size": [0, 0]},
								"west": {"uv": [55, 3], "uv_size": [12.5, -3]},
								"up": {"uv": [80, 80], "uv_size": [0, 0]},
								"down": {"uv": [80, 80], "uv_size": [0, 0]}
							}
						}
					]
				},
				{
					"name": "bodyDragon1",
					"parent": "bodyDragon",
					"pivot": [0, 3, -8],
					"cubes": [
						{
							"origin": [-3, 0, -8],
							"size": [6, 6, 16],
							"uv": {
								"north": {"uv": [45, 0], "uv_size": [5, 10]},
								"east": {"uv": [15, 15], "uv_size": [30, 15]},
								"south": {"uv": [45, 0], "uv_size": [5, 10]},
								"west": {"uv": [45, 15], "uv_size": [-30, 15]},
								"up": {"uv": [15, 0], "uv_size": [-15, 30]},
								"down": {"uv": [0, 30], "uv_size": [15, 30]}
							}
						},
						{
							"origin": [0, 6, -8],
							"size": [0, 2, 16],
							"uv": {
								"north": {"uv": [42, 25], "uv_size": [0, 2]},
								"east": {"uv": [67.5, 0], "uv_size": [12.5, 2.5]},
								"south": {"uv": [58, 25], "uv_size": [0, 2]},
								"west": {"uv": [80, 0], "uv_size": [-12, 2.5]},
								"up": {"uv": [42, 9], "uv_size": [0, 16]},
								"down": {"uv": [42, 25], "uv_size": [0, -16]}
							}
						}
					]
				},
				{
					"name": "bodyDragon2",
					"parent": "bodyDragon1",
					"pivot": [0, 3, 8],
					"cubes": [
						{
							"origin": [0, 6, 8],
							"size": [0, 2, 16],
							"uv": {
								"north": {"uv": [42, 25], "uv_size": [0, 2]},
								"east": {"uv": [67.5, 0], "uv_size": [12.5, 2.5]},
								"south": {"uv": [58, 25], "uv_size": [0, 2]},
								"west": {"uv": [80, 0], "uv_size": [-12, 2.5]},
								"up": {"uv": [42, 9], "uv_size": [0, 16]},
								"down": {"uv": [42, 25], "uv_size": [0, -16]}
							}
						},
						{
							"origin": [-3, 0, 8],
							"size": [6, 6, 16],
							"uv": {
								"north": {"uv": [45, 0], "uv_size": [5, 10]},
								"east": {"uv": [15, 15], "uv_size": [30, 15]},
								"south": {"uv": [45, 0], "uv_size": [5, 10]},
								"west": {"uv": [45, 15], "uv_size": [-30, 15]},
								"up": {"uv": [15, 0], "uv_size": [-15, 30]},
								"down": {"uv": [0, 30], "uv_size": [15, 30]}
							}
						}
					]
				},
				{
					"name": "leftADragon",
					"parent": "bodyDragon2",
					"pivot": [3, 3, 15.5]
				},
				{
					"name": "leftArmFlames",
					"parent": "leftADragon",
					"pivot": [3.25, 0.4, 11.5],
					"cubes": [
						{
							"origin": [-1.6, -4.7, 11],
							"size": [10, 14.5, 0],
							"pivot": [3.4, 2.55, 11],
							"rotation": [90, 0, -90],
							"uv": {
								"north": {"uv": [55, 15], "uv_size": [-10, 14.5]},
								"east": {"uv": [80, 80], "uv_size": [0, 0]},
								"south": {"uv": [80, 80], "uv_size": [0, 0]},
								"west": {"uv": [80, 80], "uv_size": [0, 0]},
								"up": {"uv": [80, 80], "uv_size": [0, 0]},
								"down": {"uv": [80, 80], "uv_size": [0, 0]}
							}
						},
						{
							"origin": [-2.85, -4.7, 11],
							"size": [12, 15.5, 0],
							"pivot": [3.15, 3.05, 11],
							"rotation": [90, 0, -90],
							"uv": {
								"north": {"uv": [55, 15], "uv_size": [-10, 14.5]},
								"east": {"uv": [80, 80], "uv_size": [0, 0]},
								"south": {"uv": [80, 80], "uv_size": [0, 0]},
								"west": {"uv": [80, 80], "uv_size": [0, 0]},
								"up": {"uv": [80, 80], "uv_size": [0, 0]},
								"down": {"uv": [80, 80], "uv_size": [0, 0]}
							}
						}
					]
				},
				{
					"name": "leftArmDragon",
					"parent": "leftADragon",
					"pivot": [4, 2.5, 15.5],
					"cubes": [
						{
							"origin": [2.8, 0.7, 13.7],
							"size": [7.2, 3.6, 3.6],
							"uv": {
								"north": {"uv": [30, 0], "uv_size": [-15, 7.5]},
								"east": {"uv": [50, 0], "uv_size": [5, 5]},
								"south": {"uv": [15, 7.5], "uv_size": [15, -7.5]},
								"west": {"uv": [45, 0], "uv_size": [5, 5]},
								"up": {"uv": [30, 7.5], "uv_size": [-15, -7.5]},
								"down": {"uv": [30, 7.5], "uv_size": [-15, -7.5]}
							}
						}
					]
				},
				{
					"name": "leftForeArmDragon",
					"parent": "leftArmDragon",
					"pivot": [9.8, 2.5, 15.6],
					"cubes": [
						{
							"origin": [10, 1.3, 14.2],
							"size": [7.2, 2.4, 2.6],
							"uv": {
								"north": {"uv": [30, 0], "uv_size": [-15, 7.5]},
								"east": {"uv": [50, 0], "uv_size": [5, 5]},
								"south": {"uv": [15, 7.5], "uv_size": [15, -7.5]},
								"west": {"uv": [45, 0], "uv_size": [5, 5]},
								"up": {"uv": [30, 7.5], "uv_size": [-15, -7.5]},
								"down": {"uv": [30, 7.5], "uv_size": [-15, -7.5]}
							}
						}
					]
				},
				{
					"name": "leftHandDragon",
					"parent": "leftForeArmDragon",
					"pivot": [18.132, 1.51404, 14.91103],
					"cubes": [
						{
							"origin": [16.61534, 1.74118, 16.19671],
							"size": [2.6, 1.2, 1.2],
							"pivot": [17.41534, 2.34118, 16.79671],
							"rotation": [0, -12.5, 12.5],
							"uv": {
								"north": {"uv": [45, 0], "uv_size": [5, 5]},
								"east": {"uv": [45, 0], "uv_size": [5, 5]},
								"south": {"uv": [45, 0], "uv_size": [5, 5]},
								"west": {"uv": [45, 0], "uv_size": [5, 5]},
								"up": {"uv": [50, 5], "uv_size": [-5, -5]},
								"down": {"uv": [50, 5], "uv_size": [-5, -5]}
							}
						},
						{
							"origin": [18.47298, 0.71393, 16.79274],
							"size": [2.4, 1.2, 1.2],
							"pivot": [19.67298, 1.31393, 17.39274],
							"rotation": [-5, -12.5, 45],
							"uv": {
								"north": {"uv": [45, 0], "uv_size": [5, 5]},
								"east": {"uv": [45, 0], "uv_size": [5, 5]},
								"south": {"uv": [45, 0], "uv_size": [5, 5]},
								"west": {"uv": [45, 0], "uv_size": [5, 5]},
								"up": {"uv": [50, 5], "uv_size": [-5, -5]},
								"down": {"uv": [50, 5], "uv_size": [-5, -5]}
							}
						},
						{
							"origin": [16.89905, 1.82363, 14.9],
							"size": [2.6, 1.2, 1.2],
							"pivot": [17.69905, 2.42363, 15.5],
							"rotation": [0, 0, 12.5],
							"uv": {
								"north": {"uv": [45, 0], "uv_size": [5, 5]},
								"east": {"uv": [45, 0], "uv_size": [5, 5]},
								"south": {"uv": [45, 0], "uv_size": [5, 5]},
								"west": {"uv": [45, 0], "uv_size": [5, 5]},
								"up": {"uv": [50, 5], "uv_size": [-5, -5]},
								"down": {"uv": [50, 5], "uv_size": [-5, -5]}
							}
						},
						{
							"origin": [18.81051, 0.74703, 14.9],
							"size": [2.4, 1.2, 1.2],
							"pivot": [20.01051, 1.34703, 15.5],
							"rotation": [0, 0, 45],
							"uv": {
								"north": {"uv": [45, 0], "uv_size": [5, 5]},
								"east": {"uv": [45, 0], "uv_size": [5, 5]},
								"south": {"uv": [45, 0], "uv_size": [5, 5]},
								"west": {"uv": [45, 0], "uv_size": [5, 5]},
								"up": {"uv": [50, 5], "uv_size": [-5, -5]},
								"down": {"uv": [50, 5], "uv_size": [-5, -5]}
							}
						},
						{
							"origin": [16.61534, 1.74118, 13.60329],
							"size": [2.6, 1.2, 1.2],
							"pivot": [17.41534, 2.34118, 14.20329],
							"rotation": [0, 12.5, 12.5],
							"uv": {
								"north": {"uv": [45, 0], "uv_size": [5, 5]},
								"east": {"uv": [45, 0], "uv_size": [5, 5]},
								"south": {"uv": [45, 0], "uv_size": [5, 5]},
								"west": {"uv": [45, 0], "uv_size": [5, 5]},
								"up": {"uv": [50, 5], "uv_size": [-5, -5]},
								"down": {"uv": [50, 5], "uv_size": [-5, -5]}
							}
						},
						{
							"origin": [18.52474, 0.69577, 13.04679],
							"size": [2.4, 1.2, 1.2],
							"pivot": [19.72474, 1.29577, 13.64679],
							"rotation": [10, 12.5, 45],
							"uv": {
								"north": {"uv": [45, 0], "uv_size": [5, 5]},
								"east": {"uv": [45, 0], "uv_size": [5, 5]},
								"south": {"uv": [45, 0], "uv_size": [5, 5]},
								"west": {"uv": [45, 0], "uv_size": [5, 5]},
								"up": {"uv": [50, 5], "uv_size": [-5, -5]},
								"down": {"uv": [50, 5], "uv_size": [-5, -5]}
							}
						},
						{
							"origin": [15.23835, 0.29733, 12.97683],
							"size": [1.2, 2.4, 1.2],
							"pivot": [15.83835, 1.49733, 13.57683],
							"rotation": [-37.5, 0, 0],
							"uv": {
								"north": {"uv": [45, 0], "uv_size": [5, 5]},
								"east": {"uv": [45, 0], "uv_size": [5, 5]},
								"south": {"uv": [45, 0], "uv_size": [5, 5]},
								"west": {"uv": [45, 0], "uv_size": [5, 5]},
								"up": {"uv": [50, 5], "uv_size": [-5, -5]},
								"down": {"uv": [50, 5], "uv_size": [-5, -5]}
							}
						},
						{
							"origin": [15.23835, -1.02821, 12.0719],
							"size": [1.2, 1.8, 1.2],
							"pivot": [15.83835, -0.12821, 12.6719],
							"rotation": [-17.5, 0, 0],
							"uv": {
								"north": {"uv": [45, 0], "uv_size": [5, 5]},
								"east": {"uv": [45, 0], "uv_size": [5, 5]},
								"south": {"uv": [45, 0], "uv_size": [5, 5]},
								"west": {"uv": [45, 0], "uv_size": [5, 5]},
								"up": {"uv": [50, 5], "uv_size": [-5, -5]},
								"down": {"uv": [50, 5], "uv_size": [-5, -5]}
							}
						}
					]
				},
				{
					"name": "leftItem",
					"parent": "leftHandDragon",
					"pivot": [16.4, 1, 15.6]
				},
				{
					"name": "katana2",
					"parent": "leftHandDragon",
					"pivot": [16.4, 1, 15.6]
				},
				{
					"name": "rightADragon",
					"parent": "bodyDragon2",
					"pivot": [-3, 3, 15.5]
				},
				{
					"name": "rightArmFlames",
					"parent": "rightADragon",
					"pivot": [-3.25, 0.4, 11.5],
					"cubes": [
						{
							"origin": [-8.4, -4.7, 11],
							"size": [10, 14.5, 0],
							"pivot": [-3.4, 2.55, 11],
							"rotation": [90, 0, 90],
							"uv": {
								"north": {"uv": [45, 15], "uv_size": [10, 14.5]},
								"east": {"uv": [80, 80], "uv_size": [0, 0]},
								"south": {"uv": [80, 80], "uv_size": [0, 0]},
								"west": {"uv": [80, 80], "uv_size": [0, 0]},
								"up": {"uv": [80, 80], "uv_size": [0, 0]},
								"down": {"uv": [80, 80], "uv_size": [0, 0]}
							}
						},
						{
							"origin": [-9.15, -4.7, 11],
							"size": [12, 15.5, 0],
							"pivot": [-3.15, 3.05, 11],
							"rotation": [90, 0, 90],
							"uv": {
								"north": {"uv": [45, 15], "uv_size": [10, 14.5]},
								"east": {"uv": [80, 80], "uv_size": [0, 0]},
								"south": {"uv": [80, 80], "uv_size": [0, 0]},
								"west": {"uv": [80, 80], "uv_size": [0, 0]},
								"up": {"uv": [80, 80], "uv_size": [0, 0]},
								"down": {"uv": [80, 80], "uv_size": [0, 0]}
							}
						}
					]
				},
				{
					"name": "rightArmDragon",
					"parent": "rightADragon",
					"pivot": [-4, 2.5, 15.5],
					"cubes": [
						{
							"origin": [-10, 0.7, 13.7],
							"size": [7.2, 3.6, 3.6],
							"uv": {
								"north": {"uv": [15, 0], "uv_size": [15, 7.5]},
								"east": {"uv": [50, 0], "uv_size": [-5, 5]},
								"south": {"uv": [30, 7.5], "uv_size": [-15, -7.5]},
								"west": {"uv": [55, 0], "uv_size": [-5, 5]},
								"up": {"uv": [15, 7.5], "uv_size": [15, -7.5]},
								"down": {"uv": [15, 7.5], "uv_size": [15, -7.5]}
							}
						}
					]
				},
				{
					"name": "rightForeArmDragon",
					"parent": "rightArmDragon",
					"pivot": [-9.8, 2.5, 15.6],
					"cubes": [
						{
							"origin": [-17.2, 1.3, 14.2],
							"size": [7.2, 2.4, 2.6],
							"uv": {
								"north": {"uv": [15, 0], "uv_size": [15, 7.5]},
								"east": {"uv": [50, 0], "uv_size": [-5, 5]},
								"south": {"uv": [30, 7.5], "uv_size": [-15, -7.5]},
								"west": {"uv": [55, 0], "uv_size": [-5, 5]},
								"up": {"uv": [15, 7.5], "uv_size": [15, -7.5]},
								"down": {"uv": [15, 7.5], "uv_size": [15, -7.5]}
							}
						}
					]
				},
				{
					"name": "rightHandDragon",
					"parent": "rightForeArmDragon",
					"pivot": [-18.132, 1.51404, 14.91103],
					"cubes": [
						{
							"origin": [-19.21534, 1.74118, 16.19671],
							"size": [2.6, 1.2, 1.2],
							"pivot": [-17.41534, 2.34118, 16.79671],
							"rotation": [0, 12.5, -12.5],
							"uv": {
								"north": {"uv": [50, 0], "uv_size": [-5, 5]},
								"east": {"uv": [50, 0], "uv_size": [-5, 5]},
								"south": {"uv": [50, 0], "uv_size": [-5, 5]},
								"west": {"uv": [50, 0], "uv_size": [-5, 5]},
								"up": {"uv": [45, 5], "uv_size": [5, -5]},
								"down": {"uv": [45, 5], "uv_size": [5, -5]}
							}
						},
						{
							"origin": [-20.87298, 0.71393, 16.79274],
							"size": [2.4, 1.2, 1.2],
							"pivot": [-19.67298, 1.31393, 17.39274],
							"rotation": [-5, 12.5, -45],
							"uv": {
								"north": {"uv": [50, 0], "uv_size": [-5, 5]},
								"east": {"uv": [50, 0], "uv_size": [-5, 5]},
								"south": {"uv": [50, 0], "uv_size": [-5, 5]},
								"west": {"uv": [50, 0], "uv_size": [-5, 5]},
								"up": {"uv": [45, 5], "uv_size": [5, -5]},
								"down": {"uv": [45, 5], "uv_size": [5, -5]}
							}
						},
						{
							"origin": [-19.49905, 1.82363, 14.9],
							"size": [2.6, 1.2, 1.2],
							"pivot": [-17.69905, 2.42363, 15.5],
							"rotation": [0, 0, -12.5],
							"uv": {
								"north": {"uv": [50, 0], "uv_size": [-5, 5]},
								"east": {"uv": [50, 0], "uv_size": [-5, 5]},
								"south": {"uv": [50, 0], "uv_size": [-5, 5]},
								"west": {"uv": [50, 0], "uv_size": [-5, 5]},
								"up": {"uv": [45, 5], "uv_size": [5, -5]},
								"down": {"uv": [45, 5], "uv_size": [5, -5]}
							}
						},
						{
							"origin": [-21.21051, 0.74703, 14.9],
							"size": [2.4, 1.2, 1.2],
							"pivot": [-20.01051, 1.34703, 15.5],
							"rotation": [0, 0, -45],
							"uv": {
								"north": {"uv": [50, 0], "uv_size": [-5, 5]},
								"east": {"uv": [50, 0], "uv_size": [-5, 5]},
								"south": {"uv": [50, 0], "uv_size": [-5, 5]},
								"west": {"uv": [50, 0], "uv_size": [-5, 5]},
								"up": {"uv": [45, 5], "uv_size": [5, -5]},
								"down": {"uv": [45, 5], "uv_size": [5, -5]}
							}
						},
						{
							"origin": [-19.21534, 1.74118, 13.60329],
							"size": [2.6, 1.2, 1.2],
							"pivot": [-17.41534, 2.34118, 14.20329],
							"rotation": [0, -12.5, -12.5],
							"uv": {
								"north": {"uv": [50, 0], "uv_size": [-5, 5]},
								"east": {"uv": [50, 0], "uv_size": [-5, 5]},
								"south": {"uv": [50, 0], "uv_size": [-5, 5]},
								"west": {"uv": [50, 0], "uv_size": [-5, 5]},
								"up": {"uv": [45, 5], "uv_size": [5, -5]},
								"down": {"uv": [45, 5], "uv_size": [5, -5]}
							}
						},
						{
							"origin": [-20.92474, 0.69577, 13.04679],
							"size": [2.4, 1.2, 1.2],
							"pivot": [-19.72474, 1.29577, 13.64679],
							"rotation": [10, -12.5, -45],
							"uv": {
								"north": {"uv": [50, 0], "uv_size": [-5, 5]},
								"east": {"uv": [50, 0], "uv_size": [-5, 5]},
								"south": {"uv": [50, 0], "uv_size": [-5, 5]},
								"west": {"uv": [50, 0], "uv_size": [-5, 5]},
								"up": {"uv": [45, 5], "uv_size": [5, -5]},
								"down": {"uv": [45, 5], "uv_size": [5, -5]}
							}
						},
						{
							"origin": [-16.43835, 0.29733, 12.97683],
							"size": [1.2, 2.4, 1.2],
							"pivot": [-15.83835, 1.49733, 13.57683],
							"rotation": [-37.5, 0, 0],
							"uv": {
								"north": {"uv": [50, 0], "uv_size": [-5, 5]},
								"east": {"uv": [50, 0], "uv_size": [-5, 5]},
								"south": {"uv": [50, 0], "uv_size": [-5, 5]},
								"west": {"uv": [50, 0], "uv_size": [-5, 5]},
								"up": {"uv": [45, 5], "uv_size": [5, -5]},
								"down": {"uv": [45, 5], "uv_size": [5, -5]}
							}
						},
						{
							"origin": [-16.43835, -1.02821, 12.0719],
							"size": [1.2, 1.8, 1.2],
							"pivot": [-15.83835, -0.12821, 12.6719],
							"rotation": [-17.5, 0, 0],
							"uv": {
								"north": {"uv": [50, 0], "uv_size": [-5, 5]},
								"east": {"uv": [50, 0], "uv_size": [-5, 5]},
								"south": {"uv": [50, 0], "uv_size": [-5, 5]},
								"west": {"uv": [50, 0], "uv_size": [-5, 5]},
								"up": {"uv": [45, 5], "uv_size": [5, -5]},
								"down": {"uv": [45, 5], "uv_size": [5, -5]}
							}
						}
					]
				},
				{
					"name": "rightItem",
					"parent": "rightHandDragon",
					"pivot": [-16.4, 1, 15.6]
				},
				{
					"name": "katana3",
					"parent": "rightHandDragon",
					"pivot": [-16.4, 1, 15.6]
				},
				{
					"name": "bodyDragon3",
					"parent": "bodyDragon2",
					"pivot": [0, 3, 24],
					"cubes": [
						{
							"origin": [0, 6, 24],
							"size": [0, 2, 16],
							"uv": {
								"north": {"uv": [42, 25], "uv_size": [0, 2]},
								"east": {"uv": [67.5, 0], "uv_size": [12.5, 2.5]},
								"south": {"uv": [58, 25], "uv_size": [0, 2]},
								"west": {"uv": [80, 0], "uv_size": [-12, 2.5]},
								"up": {"uv": [42, 9], "uv_size": [0, 16]},
								"down": {"uv": [42, 25], "uv_size": [0, -16]}
							}
						},
						{
							"origin": [-3, 0, 24],
							"size": [6, 6, 16],
							"uv": {
								"north": {"uv": [45, 0], "uv_size": [5, 10]},
								"east": {"uv": [15, 15], "uv_size": [30, 15]},
								"south": {"uv": [45, 0], "uv_size": [5, 10]},
								"west": {"uv": [45, 15], "uv_size": [-30, 15]},
								"up": {"uv": [15, 0], "uv_size": [-15, 30]},
								"down": {"uv": [0, 30], "uv_size": [15, 30]}
							}
						}
					]
				},
				{
					"name": "bodyDragon4",
					"parent": "bodyDragon3",
					"pivot": [0, 3, 40],
					"cubes": [
						{
							"origin": [0, 6, 40],
							"size": [0, 2, 16],
							"uv": {
								"north": {"uv": [42, 25], "uv_size": [0, 2]},
								"east": {"uv": [67.5, 0], "uv_size": [12.5, 2.5]},
								"south": {"uv": [58, 25], "uv_size": [0, 2]},
								"west": {"uv": [80, 0], "uv_size": [-12, 2.5]},
								"up": {"uv": [42, 9], "uv_size": [0, 16]},
								"down": {"uv": [42, 25], "uv_size": [0, -16]}
							}
						},
						{
							"origin": [-3, 0, 40],
							"size": [6, 6, 16],
							"uv": {
								"north": {"uv": [45, 0], "uv_size": [5, 10]},
								"east": {"uv": [15, 15], "uv_size": [30, 15]},
								"south": {"uv": [45, 0], "uv_size": [5, 10]},
								"west": {"uv": [45, 15], "uv_size": [-30, 15]},
								"up": {"uv": [15, 0], "uv_size": [-15, 30]},
								"down": {"uv": [0, 30], "uv_size": [15, 30]}
							}
						}
					]
				},
				{
					"name": "bodyDragon5",
					"parent": "bodyDragon4",
					"pivot": [0, 3, 56],
					"cubes": [
						{
							"origin": [0, 6, 56],
							"size": [0, 2, 16],
							"uv": {
								"north": {"uv": [42, 25], "uv_size": [0, 2]},
								"east": {"uv": [67.5, 0], "uv_size": [12.5, 2.5]},
								"south": {"uv": [58, 25], "uv_size": [0, 2]},
								"west": {"uv": [80, 0], "uv_size": [-12, 2.5]},
								"up": {"uv": [42, 9], "uv_size": [0, 16]},
								"down": {"uv": [42, 25], "uv_size": [0, -16]}
							}
						},
						{
							"origin": [-3, 0, 56],
							"size": [6, 6, 16],
							"uv": {
								"north": {"uv": [45, 0], "uv_size": [5, 10]},
								"east": {"uv": [15, 15], "uv_size": [30, 15]},
								"south": {"uv": [45, 0], "uv_size": [5, 10]},
								"west": {"uv": [45, 15], "uv_size": [-30, 15]},
								"up": {"uv": [15, 0], "uv_size": [-15, 30]},
								"down": {"uv": [0, 30], "uv_size": [15, 30]}
							}
						}
					]
				},
				{
					"name": "bodyDragon6",
					"parent": "bodyDragon5",
					"pivot": [0, 3, 72],
					"cubes": [
						{
							"origin": [0, 6, 72],
							"size": [0, 2, 16],
							"uv": {
								"north": {"uv": [42, 25], "uv_size": [0, 2]},
								"east": {"uv": [67.5, 0], "uv_size": [12.5, 2.5]},
								"south": {"uv": [58, 25], "uv_size": [0, 2]},
								"west": {"uv": [80, 0], "uv_size": [-12, 2.5]},
								"up": {"uv": [42, 9], "uv_size": [0, 16]},
								"down": {"uv": [42, 25], "uv_size": [0, -16]}
							}
						},
						{
							"origin": [-3, 0, 72],
							"size": [6, 6, 16],
							"uv": {
								"north": {"uv": [45, 0], "uv_size": [5, 10]},
								"east": {"uv": [15, 15], "uv_size": [30, 15]},
								"south": {"uv": [45, 0], "uv_size": [5, 10]},
								"west": {"uv": [45, 15], "uv_size": [-30, 15]},
								"up": {"uv": [15, 0], "uv_size": [-15, 30]},
								"down": {"uv": [0, 30], "uv_size": [15, 30]}
							}
						}
					]
				},
				{
					"name": "bodyDragon7",
					"parent": "bodyDragon6",
					"pivot": [0, 3, 88],
					"cubes": [
						{
							"origin": [0, 6, 88],
							"size": [0, 2, 16],
							"uv": {
								"north": {"uv": [42, 25], "uv_size": [0, 2]},
								"east": {"uv": [67.5, 0], "uv_size": [12.5, 2.5]},
								"south": {"uv": [58, 25], "uv_size": [0, 2]},
								"west": {"uv": [80, 0], "uv_size": [-12, 2.5]},
								"up": {"uv": [42, 9], "uv_size": [0, 16]},
								"down": {"uv": [42, 25], "uv_size": [0, -16]}
							}
						},
						{
							"origin": [-3, 0, 88],
							"size": [6, 6, 16],
							"uv": {
								"north": {"uv": [45, 0], "uv_size": [5, 10]},
								"east": {"uv": [15, 15], "uv_size": [30, 15]},
								"south": {"uv": [45, 0], "uv_size": [5, 10]},
								"west": {"uv": [45, 15], "uv_size": [-30, 15]},
								"up": {"uv": [15, 0], "uv_size": [-15, 30]},
								"down": {"uv": [0, 30], "uv_size": [15, 30]}
							}
						}
					]
				},
				{
					"name": "bodyDragon8",
					"parent": "bodyDragon7",
					"pivot": [0, 3, 104],
					"cubes": [
						{
							"origin": [0, 6, 104],
							"size": [0, 2, 16],
							"uv": {
								"north": {"uv": [42, 25], "uv_size": [0, 2]},
								"east": {"uv": [67.5, 0], "uv_size": [12.5, 2.5]},
								"south": {"uv": [58, 25], "uv_size": [0, 2]},
								"west": {"uv": [80, 0], "uv_size": [-12, 2.5]},
								"up": {"uv": [42, 9], "uv_size": [0, 16]},
								"down": {"uv": [42, 25], "uv_size": [0, -16]}
							}
						},
						{
							"origin": [-3, 0, 104],
							"size": [6, 6, 16],
							"uv": {
								"north": {"uv": [45, 0], "uv_size": [5, 10]},
								"east": {"uv": [15, 15], "uv_size": [30, 15]},
								"south": {"uv": [45, 0], "uv_size": [5, 10]},
								"west": {"uv": [45, 15], "uv_size": [-30, 15]},
								"up": {"uv": [15, 0], "uv_size": [-15, 30]},
								"down": {"uv": [0, 30], "uv_size": [15, 30]}
							}
						}
					]
				},
				{
					"name": "bodyDragon9",
					"parent": "bodyDragon8",
					"pivot": [0, 3, 120],
					"cubes": [
						{
							"origin": [0, 6, 120],
							"size": [0, 2, 16],
							"uv": {
								"north": {"uv": [42, 25], "uv_size": [0, 2]},
								"east": {"uv": [67.5, 0], "uv_size": [12.5, 2.5]},
								"south": {"uv": [58, 25], "uv_size": [0, 2]},
								"west": {"uv": [80, 0], "uv_size": [-12, 2.5]},
								"up": {"uv": [42, 9], "uv_size": [0, 16]},
								"down": {"uv": [42, 25], "uv_size": [0, -16]}
							}
						},
						{
							"origin": [-3, 0, 120],
							"size": [6, 6, 16],
							"uv": {
								"north": {"uv": [45, 0], "uv_size": [5, 10]},
								"east": {"uv": [15, 15], "uv_size": [30, 15]},
								"south": {"uv": [45, 0], "uv_size": [5, 10]},
								"west": {"uv": [45, 15], "uv_size": [-30, 15]},
								"up": {"uv": [15, 0], "uv_size": [-15, 30]},
								"down": {"uv": [0, 30], "uv_size": [15, 30]}
							}
						}
					]
				},
				{
					"name": "bodyDragon10",
					"parent": "bodyDragon9",
					"pivot": [0, 3, 136],
					"cubes": [
						{
							"origin": [0, 6, 136],
							"size": [0, 2, 16],
							"uv": {
								"north": {"uv": [42, 25], "uv_size": [0, 2]},
								"east": {"uv": [67.5, 0], "uv_size": [12.5, 2.5]},
								"south": {"uv": [58, 25], "uv_size": [0, 2]},
								"west": {"uv": [80, 0], "uv_size": [-12, 2.5]},
								"up": {"uv": [42, 9], "uv_size": [0, 16]},
								"down": {"uv": [42, 25], "uv_size": [0, -16]}
							}
						},
						{
							"origin": [-3, 0, 136],
							"size": [6, 6, 16],
							"uv": {
								"north": {"uv": [45, 0], "uv_size": [5, 10]},
								"east": {"uv": [15, 15], "uv_size": [30, 15]},
								"south": {"uv": [45, 0], "uv_size": [5, 10]},
								"west": {"uv": [45, 15], "uv_size": [-30, 15]},
								"up": {"uv": [15, 0], "uv_size": [-15, 30]},
								"down": {"uv": [0, 30], "uv_size": [15, 30]}
							}
						}
					]
				},
				{
					"name": "bodyDragon11",
					"parent": "bodyDragon10",
					"pivot": [0, 3, 152],
					"cubes": [
						{
							"origin": [0, 6, 152],
							"size": [0, 2, 16],
							"uv": {
								"north": {"uv": [42, 25], "uv_size": [0, 2]},
								"east": {"uv": [67.5, 0], "uv_size": [12.5, 2.5]},
								"south": {"uv": [58, 25], "uv_size": [0, 2]},
								"west": {"uv": [80, 0], "uv_size": [-12, 2.5]},
								"up": {"uv": [42, 9], "uv_size": [0, 16]},
								"down": {"uv": [42, 25], "uv_size": [0, -16]}
							}
						},
						{
							"origin": [-3, 0, 152],
							"size": [6, 6, 16],
							"uv": {
								"north": {"uv": [45, 0], "uv_size": [5, 10]},
								"east": {"uv": [15, 15], "uv_size": [30, 15]},
								"south": {"uv": [45, 0], "uv_size": [5, 10]},
								"west": {"uv": [45, 15], "uv_size": [-30, 15]},
								"up": {"uv": [15, 0], "uv_size": [-15, 30]},
								"down": {"uv": [0, 30], "uv_size": [15, 30]}
							}
						}
					]
				},
				{
					"name": "bodyDragon12",
					"parent": "bodyDragon11",
					"pivot": [0, 3, 168],
					"cubes": [
						{
							"origin": [0, 6, 168],
							"size": [0, 2, 16],
							"uv": {
								"north": {"uv": [42, 25], "uv_size": [0, 2]},
								"east": {"uv": [67.5, 0], "uv_size": [12.5, 2.5]},
								"south": {"uv": [58, 25], "uv_size": [0, 2]},
								"west": {"uv": [80, 0], "uv_size": [-12, 2.5]},
								"up": {"uv": [42, 9], "uv_size": [0, 16]},
								"down": {"uv": [42, 25], "uv_size": [0, -16]}
							}
						},
						{
							"origin": [-3, 0, 168],
							"size": [6, 6, 16],
							"uv": {
								"north": {"uv": [45, 0], "uv_size": [5, 10]},
								"east": {"uv": [15, 15], "uv_size": [30, 15]},
								"south": {"uv": [45, 0], "uv_size": [5, 10]},
								"west": {"uv": [45, 15], "uv_size": [-30, 15]},
								"up": {"uv": [15, 0], "uv_size": [-15, 30]},
								"down": {"uv": [0, 30], "uv_size": [15, 30]}
							}
						}
					]
				},
				{
					"name": "rightLegDragon",
					"parent": "bodyDragon12",
					"pivot": [-4, 2.5, 176.5],
					"cubes": [
						{
							"origin": [-10, 0.7, 174.7],
							"size": [7.2, 3.6, 3.6],
							"uv": {
								"north": {"uv": [15, 0], "uv_size": [15, 7.5]},
								"east": {"uv": [45, 0], "uv_size": [5, 5]},
								"south": {"uv": [30, 0], "uv_size": [-15, 7.5]},
								"west": {"uv": [45, 0], "uv_size": [5, 5]},
								"up": {"uv": [15, 0], "uv_size": [15, 7.5]},
								"down": {"uv": [15, 7.5], "uv_size": [15, -7.5]}
							}
						}
					]
				},
				{
					"name": "rightLegDragon2",
					"parent": "rightLegDragon",
					"pivot": [-9.8, 2.5, 176.6],
					"cubes": [
						{
							"origin": [-17.2, 1.3, 175.2],
							"size": [7.2, 2.4, 2.6],
							"uv": {
								"north": {"uv": [15, 0], "uv_size": [15, 7.5]},
								"east": {"uv": [45, 0], "uv_size": [5, 5]},
								"south": {"uv": [30, 0], "uv_size": [-15, 7.5]},
								"west": {"uv": [45, 0], "uv_size": [5, 5]},
								"up": {"uv": [15, 0], "uv_size": [15, 7.5]},
								"down": {"uv": [15, 7.5], "uv_size": [15, -7.5]}
							}
						}
					]
				},
				{
					"name": "hand3",
					"parent": "rightLegDragon2",
					"pivot": [-18.132, 1.51404, 175.91103],
					"cubes": [
						{
							"origin": [-19.21534, 1.74118, 177.19671],
							"size": [2.6, 1.2, 1.2],
							"pivot": [-17.41534, 2.34118, 177.79671],
							"rotation": [0, 12.5, -12.5],
							"uv": {
								"north": {"uv": [45, 0], "uv_size": [5, 5]},
								"east": {"uv": [45, 0], "uv_size": [5, 5]},
								"south": {"uv": [45, 0], "uv_size": [5, 5]},
								"west": {"uv": [45, 0], "uv_size": [5, 5]},
								"up": {"uv": [50, 5], "uv_size": [-5, -5]},
								"down": {"uv": [50, 5], "uv_size": [-5, -5]}
							}
						},
						{
							"origin": [-20.87298, 0.71393, 177.79274],
							"size": [2.4, 1.2, 1.2],
							"pivot": [-19.67298, 1.31393, 178.39274],
							"rotation": [-5, 12.5, -45],
							"uv": {
								"north": {"uv": [45, 0], "uv_size": [5, 5]},
								"east": {"uv": [45, 0], "uv_size": [5, 5]},
								"south": {"uv": [45, 0], "uv_size": [5, 5]},
								"west": {"uv": [45, 0], "uv_size": [5, 5]},
								"up": {"uv": [50, 5], "uv_size": [-5, -5]},
								"down": {"uv": [50, 5], "uv_size": [-5, -5]}
							}
						},
						{
							"origin": [-19.49905, 1.82363, 175.9],
							"size": [2.6, 1.2, 1.2],
							"pivot": [-17.69905, 2.42363, 176.5],
							"rotation": [0, 0, -12.5],
							"uv": {
								"north": {"uv": [45, 0], "uv_size": [5, 5]},
								"east": {"uv": [45, 0], "uv_size": [5, 5]},
								"south": {"uv": [45, 0], "uv_size": [5, 5]},
								"west": {"uv": [45, 0], "uv_size": [5, 5]},
								"up": {"uv": [50, 5], "uv_size": [-5, -5]},
								"down": {"uv": [50, 5], "uv_size": [-5, -5]}
							}
						},
						{
							"origin": [-21.21051, 0.74703, 175.9],
							"size": [2.4, 1.2, 1.2],
							"pivot": [-20.01051, 1.34703, 176.5],
							"rotation": [0, 0, -45],
							"uv": {
								"north": {"uv": [45, 0], "uv_size": [5, 5]},
								"east": {"uv": [45, 0], "uv_size": [5, 5]},
								"south": {"uv": [45, 0], "uv_size": [5, 5]},
								"west": {"uv": [45, 0], "uv_size": [5, 5]},
								"up": {"uv": [50, 5], "uv_size": [-5, -5]},
								"down": {"uv": [50, 5], "uv_size": [-5, -5]}
							}
						},
						{
							"origin": [-19.21534, 1.74118, 174.60329],
							"size": [2.6, 1.2, 1.2],
							"pivot": [-17.41534, 2.34118, 175.20329],
							"rotation": [0, -12.5, -12.5],
							"uv": {
								"north": {"uv": [45, 0], "uv_size": [5, 5]},
								"east": {"uv": [45, 0], "uv_size": [5, 5]},
								"south": {"uv": [45, 0], "uv_size": [5, 5]},
								"west": {"uv": [45, 0], "uv_size": [5, 5]},
								"up": {"uv": [50, 5], "uv_size": [-5, -5]},
								"down": {"uv": [50, 5], "uv_size": [-5, -5]}
							}
						},
						{
							"origin": [-20.92474, 0.69577, 174.04679],
							"size": [2.4, 1.2, 1.2],
							"pivot": [-19.72474, 1.29577, 174.64679],
							"rotation": [10, -12.5, -45],
							"uv": {
								"north": {"uv": [45, 0], "uv_size": [5, 5]},
								"east": {"uv": [45, 0], "uv_size": [5, 5]},
								"south": {"uv": [45, 0], "uv_size": [5, 5]},
								"west": {"uv": [45, 0], "uv_size": [5, 5]},
								"up": {"uv": [50, 5], "uv_size": [-5, -5]},
								"down": {"uv": [50, 5], "uv_size": [-5, -5]}
							}
						},
						{
							"origin": [-16.43835, 0.29733, 173.97683],
							"size": [1.2, 2.4, 1.2],
							"pivot": [-15.83835, 1.49733, 174.57683],
							"rotation": [-37.5, 0, 0],
							"uv": {
								"north": {"uv": [45, 0], "uv_size": [5, 5]},
								"east": {"uv": [45, 0], "uv_size": [5, 5]},
								"south": {"uv": [45, 0], "uv_size": [5, 5]},
								"west": {"uv": [45, 0], "uv_size": [5, 5]},
								"up": {"uv": [50, 5], "uv_size": [-5, -5]},
								"down": {"uv": [50, 5], "uv_size": [-5, -5]}
							}
						},
						{
							"origin": [-16.43835, -1.02821, 173.0719],
							"size": [1.2, 1.8, 1.2],
							"pivot": [-15.83835, -0.12821, 173.6719],
							"rotation": [-17.5, 0, 0],
							"uv": {
								"north": {"uv": [45, 0], "uv_size": [5, 5]},
								"east": {"uv": [45, 0], "uv_size": [5, 5]},
								"south": {"uv": [45, 0], "uv_size": [5, 5]},
								"west": {"uv": [45, 0], "uv_size": [5, 5]},
								"up": {"uv": [50, 5], "uv_size": [-5, -5]},
								"down": {"uv": [50, 5], "uv_size": [-5, -5]}
							}
						}
					]
				},
				{
					"name": "leftLegDragon",
					"parent": "bodyDragon12",
					"pivot": [4, 2.5, 176.5],
					"cubes": [
						{
							"origin": [2.8, 0.7, 174.7],
							"size": [7.2, 3.6, 3.6],
							"uv": {
								"north": {"uv": [30, 0], "uv_size": [-15, 7.5]},
								"east": {"uv": [50, 0], "uv_size": [-5, 5]},
								"south": {"uv": [15, 0], "uv_size": [15, 7.5]},
								"west": {"uv": [50, 0], "uv_size": [-5, 5]},
								"up": {"uv": [30, 0], "uv_size": [-15, 7.5]},
								"down": {"uv": [30, 7.5], "uv_size": [-15, -7.5]}
							}
						}
					]
				},
				{
					"name": "bodyDragon13",
					"parent": "bodyDragon12",
					"pivot": [0, 3, 184],
					"cubes": [
						{
							"origin": [0, 6, 184],
							"size": [0, 2, 16],
							"uv": {
								"north": {"uv": [42, 25], "uv_size": [0, 2]},
								"east": {"uv": [67.5, 0], "uv_size": [12.5, 2.5]},
								"south": {"uv": [58, 25], "uv_size": [0, 2]},
								"west": {"uv": [80, 0], "uv_size": [-12, 2.5]},
								"up": {"uv": [42, 9], "uv_size": [0, 16]},
								"down": {"uv": [42, 25], "uv_size": [0, -16]}
							}
						},
						{
							"origin": [-3, 0, 184],
							"size": [6, 6, 16],
							"uv": {
								"north": {"uv": [45, 0], "uv_size": [5, 10]},
								"east": {"uv": [15, 15], "uv_size": [30, 15]},
								"south": {"uv": [45, 0], "uv_size": [5, 10]},
								"west": {"uv": [45, 15], "uv_size": [-30, 15]},
								"up": {"uv": [15, 0], "uv_size": [-15, 30]},
								"down": {"uv": [0, 30], "uv_size": [15, 30]}
							}
						}
					]
				},
				{
					"name": "bodyDragon14",
					"parent": "bodyDragon13",
					"pivot": [0, 3, 200],
					"cubes": [
						{
							"origin": [0, 6, 200],
							"size": [0, 2, 16],
							"uv": {
								"north": {"uv": [42, 25], "uv_size": [0, 2]},
								"east": {"uv": [67.5, 0], "uv_size": [12.5, 2.5]},
								"south": {"uv": [58, 25], "uv_size": [0, 2]},
								"west": {"uv": [80, 0], "uv_size": [-12, 2.5]},
								"up": {"uv": [42, 9], "uv_size": [0, 16]},
								"down": {"uv": [42, 25], "uv_size": [0, -16]}
							}
						},
						{
							"origin": [-3, 0, 200],
							"size": [6, 6, 16],
							"uv": {
								"north": {"uv": [45, 0], "uv_size": [5, 10]},
								"east": {"uv": [15, 15], "uv_size": [30, 15]},
								"south": {"uv": [45, 0], "uv_size": [5, 10]},
								"west": {"uv": [45, 15], "uv_size": [-30, 15]},
								"up": {"uv": [15, 0], "uv_size": [-15, 30]},
								"down": {"uv": [0, 30], "uv_size": [15, 30]}
							}
						}
					]
				},
				{
					"name": "bodyDragon15",
					"parent": "bodyDragon14",
					"pivot": [0, 3, 216],
					"cubes": [
						{
							"origin": [0, 6, 216],
							"size": [0, 2, 16],
							"uv": {
								"north": {"uv": [42, 25], "uv_size": [0, 2]},
								"east": {"uv": [67.5, 0], "uv_size": [12.5, 2.5]},
								"south": {"uv": [58, 25], "uv_size": [0, 2]},
								"west": {"uv": [80, 0], "uv_size": [-12, 2.5]},
								"up": {"uv": [42, 9], "uv_size": [0, 16]},
								"down": {"uv": [42, 25], "uv_size": [0, -16]}
							}
						},
						{
							"origin": [-3, 0, 216],
							"size": [6, 6, 16],
							"uv": {
								"north": {"uv": [45, 0], "uv_size": [5, 10]},
								"east": {"uv": [15, 15], "uv_size": [30, 15]},
								"south": {"uv": [45, 0], "uv_size": [5, 10]},
								"west": {"uv": [45, 15], "uv_size": [-30, 15]},
								"up": {"uv": [15, 0], "uv_size": [-15, 30]},
								"down": {"uv": [0, 30], "uv_size": [15, 30]}
							}
						}
					]
				},
				{
					"name": "bodyDragon16",
					"parent": "bodyDragon15",
					"pivot": [0, 3, 232],
					"cubes": [
						{
							"origin": [0, 6, 232],
							"size": [0, 2, 16],
							"uv": {
								"north": {"uv": [42, 25], "uv_size": [0, 2]},
								"east": {"uv": [67.5, 0], "uv_size": [12.5, 2.5]},
								"south": {"uv": [58, 25], "uv_size": [0, 2]},
								"west": {"uv": [80, 0], "uv_size": [-12, 2.5]},
								"up": {"uv": [42, 9], "uv_size": [0, 16]},
								"down": {"uv": [42, 25], "uv_size": [0, -16]}
							}
						},
						{
							"origin": [-3, 0, 232],
							"size": [6, 6, 16],
							"uv": {
								"north": {"uv": [45, 0], "uv_size": [5, 10]},
								"east": {"uv": [15, 15], "uv_size": [30, 15]},
								"south": {"uv": [45, 0], "uv_size": [5, 10]},
								"west": {"uv": [45, 15], "uv_size": [-30, 15]},
								"up": {"uv": [15, 0], "uv_size": [-15, 30]},
								"down": {"uv": [0, 30], "uv_size": [15, 30]}
							}
						}
					]
				},
				{
					"name": "bodyDragon17",
					"parent": "bodyDragon16",
					"pivot": [0, 3, 248.5],
					"cubes": [
						{
							"origin": [0, 6, 248],
							"size": [0, 2, 16],
							"uv": {
								"north": {"uv": [42, 25], "uv_size": [0, 2]},
								"east": {"uv": [67.5, 0], "uv_size": [12.5, 2.5]},
								"south": {"uv": [58, 25], "uv_size": [0, 2]},
								"west": {"uv": [80, 0], "uv_size": [-12, 2.5]},
								"up": {"uv": [42, 9], "uv_size": [0, 16]},
								"down": {"uv": [42, 25], "uv_size": [0, -16]}
							}
						},
						{
							"origin": [-3, 0, 248],
							"size": [6, 6, 16],
							"uv": {
								"north": {"uv": [45, 0], "uv_size": [5, 10]},
								"east": {"uv": [15, 15], "uv_size": [30, 15]},
								"south": {"uv": [45, 0], "uv_size": [5, 10]},
								"west": {"uv": [45, 15], "uv_size": [-30, 15]},
								"up": {"uv": [15, 0], "uv_size": [-15, 30]},
								"down": {"uv": [0, 30], "uv_size": [15, 30]}
							}
						}
					]
				},
				{
					"name": "bodyDragon18",
					"parent": "bodyDragon17",
					"pivot": [0, 3, 264],
					"cubes": [
						{
							"origin": [-3, 0, 264],
							"size": [6, 6, 16],
							"uv": {
								"north": {"uv": [45, 0], "uv_size": [5, 10]},
								"east": {"uv": [15, 15], "uv_size": [30, 15]},
								"south": {"uv": [45, 0], "uv_size": [5, 10]},
								"west": {"uv": [45, 15], "uv_size": [-30, 15]},
								"up": {"uv": [15, 0], "uv_size": [-15, 30]},
								"down": {"uv": [0, 30], "uv_size": [15, 30]}
							}
						},
						{
							"origin": [0, 6, 264],
							"size": [0, 2, 16],
							"uv": {
								"north": {"uv": [42, 25], "uv_size": [0, 2]},
								"east": {"uv": [67.5, 0], "uv_size": [12.5, 2.5]},
								"south": {"uv": [58, 25], "uv_size": [0, 2]},
								"west": {"uv": [80, 0], "uv_size": [-12, 2.5]},
								"up": {"uv": [42, 9], "uv_size": [0, 16]},
								"down": {"uv": [42, 25], "uv_size": [0, -16]}
							}
						}
					]
				},
				{
					"name": "bodyDragon20",
					"parent": "bodyDragon18",
					"pivot": [0, 3, 280],
					"cubes": [
						{
							"origin": [0, 5, 280],
							"size": [0, 2, 16],
							"uv": {
								"north": {"uv": [42, 25], "uv_size": [0, 2]},
								"east": {"uv": [67.5, 0], "uv_size": [12.5, 2.5]},
								"south": {"uv": [58, 25], "uv_size": [0, 2]},
								"west": {"uv": [80, 0], "uv_size": [-12, 2.5]},
								"up": {"uv": [42, 9], "uv_size": [0, 16]},
								"down": {"uv": [42, 25], "uv_size": [0, -16]}
							}
						},
						{
							"origin": [-2.5, 0.5, 280],
							"size": [5, 5, 16],
							"uv": {
								"north": {"uv": [45, 0], "uv_size": [5, 10]},
								"east": {"uv": [15, 15], "uv_size": [30, 15]},
								"south": {"uv": [45, 0], "uv_size": [5, 10]},
								"west": {"uv": [45, 15], "uv_size": [-30, 15]},
								"up": {"uv": [15, 0], "uv_size": [-15, 30]},
								"down": {"uv": [0, 30], "uv_size": [15, 30]}
							}
						}
					]
				},
				{
					"name": "bodyDragon21",
					"parent": "bodyDragon20",
					"pivot": [0, 3, 295],
					"cubes": [
						{
							"origin": [-2, 1, 296],
							"size": [4, 4, 16],
							"uv": {
								"north": {"uv": [45, 0], "uv_size": [5, 10]},
								"east": {"uv": [15, 0], "uv_size": [30, 15]},
								"south": {"uv": [45, 0], "uv_size": [5, 5]},
								"west": {"uv": [45, 0], "uv_size": [-30, 15]},
								"up": {"uv": [15, 0], "uv_size": [-15, 30]},
								"down": {"uv": [0, 30], "uv_size": [15, -30]}
							}
						}
					]
				},
				{
					"name": "bodyDragon22",
					"parent": "bodyDragon21",
					"pivot": [0, 3, 311],
					"cubes": [
						{
							"origin": [-1.5, 1.5, 312],
							"size": [3, 3, 16],
							"uv": {
								"north": {"uv": [45, 0], "uv_size": [5, 5]},
								"east": {"uv": [15, 0], "uv_size": [30, 15]},
								"south": {"uv": [50, 0], "uv_size": [5, 5]},
								"west": {"uv": [45, 0], "uv_size": [-30, 15]},
								"up": {"uv": [15, 0], "uv_size": [-15, 30]},
								"down": {"uv": [0, 30], "uv_size": [15, -30]}
							}
						}
					]
				}
			]
		}
	]
}