{
	"format_version": "1.12.0",
	"minecraft:geometry": [
		{
			"description": {
				"identifier": "geometry.player_mogu_mole",
				"texture_width": 32,
				"texture_height": 32,
				"visible_bounds_width": 3,
				"visible_bounds_height": 3.5,
				"visible_bounds_offset": [0, 1.25, 0]
			},
			"bones": [
				{
					"name": "root",
					"pivot": [0, 0, 0]
				},
				{
					"name": "tudo",
					"parent": "root",
					"pivot": [0, 8, 0]
				},
				{
					"name": "waist",
					"parent": "tudo",
					"pivot": [0, 8, 0]
				},
				{
					"name": "body",
					"parent": "waist",
					"pivot": [0, 24, 0],
					"cubes": [
						{
							"origin": [-4.5, 8, -2.5],
							"size": [9, 16, 5],
							"uv": {
								"north": {"uv": [0, 0], "uv_size": [10, 10]},
								"east": {"uv": [0, 0], "uv_size": [10, 10]},
								"south": {"uv": [0, 0], "uv_size": [10, 10]},
								"west": {"uv": [0, 0], "uv_size": [10, 10]},
								"up": {"uv": [10, 10], "uv_size": [-10, -10]},
								"down": {"uv": [10, 10], "uv_size": [-10, -10]}
							}
						},
						{
							"origin": [-4, 8.5, -3],
							"size": [8, 15, 0.5],
							"uv": {
								"north": {"uv": [0, 0], "uv_size": [10, 10]},
								"east": {"uv": [0, 0], "uv_size": [10, 10]},
								"south": {"uv": [0, 0], "uv_size": [10, 10]},
								"west": {"uv": [0, 0], "uv_size": [10, 10]},
								"up": {"uv": [10, 10], "uv_size": [-10, -10]},
								"down": {"uv": [10, 10], "uv_size": [-10, -10]}
							}
						},
						{
							"origin": [-4, 8.5, 2.5],
							"size": [8, 15, 0.5],
							"uv": {
								"north": {"uv": [0, 0], "uv_size": [10, 10]},
								"east": {"uv": [0, 0], "uv_size": [10, 10]},
								"south": {"uv": [0, 0], "uv_size": [10, 10]},
								"west": {"uv": [0, 0], "uv_size": [10, 10]},
								"up": {"uv": [10, 10], "uv_size": [-10, -10]},
								"down": {"uv": [10, 10], "uv_size": [-10, -10]}
							}
						},
						{
							"origin": [-5, 8.5, -1.5],
							"size": [0.5, 15, 3],
							"uv": {
								"north": {"uv": [0, 0], "uv_size": [10, 10]},
								"east": {"uv": [0, 0], "uv_size": [10, 10]},
								"south": {"uv": [0, 0], "uv_size": [10, 10]},
								"west": {"uv": [0, 0], "uv_size": [10, 10]},
								"up": {"uv": [10, 10], "uv_size": [-10, -10]},
								"down": {"uv": [10, 10], "uv_size": [-10, -10]}
							}
						},
						{
							"origin": [4.5, 8.5, -1.5],
							"size": [0.5, 15, 3],
							"uv": {
								"north": {"uv": [10, 0], "uv_size": [-10, 10]},
								"east": {"uv": [10, 0], "uv_size": [-10, 10]},
								"south": {"uv": [10, 0], "uv_size": [-10, 10]},
								"west": {"uv": [10, 0], "uv_size": [-10, 10]},
								"up": {"uv": [0, 10], "uv_size": [10, -10]},
								"down": {"uv": [0, 10], "uv_size": [10, -10]}
							}
						}
					]
				},
				{
					"name": "head",
					"parent": "body",
					"pivot": [0, 24, 0],
					"cubes": [
						{
							"origin": [-3, 24, -3],
							"size": [6, 6, 6],
							"uv": {
								"north": {"uv": [10, 0], "uv_size": [10, 10]},
								"east": {"uv": [0, 0], "uv_size": [10, 10]},
								"south": {"uv": [0, 0], "uv_size": [10, 10]},
								"west": {"uv": [0, 0], "uv_size": [10, 10]},
								"up": {"uv": [10, 10], "uv_size": [-10, -10]},
								"down": {"uv": [10, 10], "uv_size": [-10, -10]}
							}
						},
						{
							"origin": [-0.375, 26, -3.75],
							"size": [0.75, 0.75, 0.75],
							"uv": {
								"north": {"uv": [20, 0], "uv_size": [4, 4]},
								"east": {"uv": [20, 0], "uv_size": [4, 4]},
								"south": {"uv": [20, 0], "uv_size": [4, 4]},
								"west": {"uv": [20, 0], "uv_size": [4, 4]},
								"up": {"uv": [24, 4], "uv_size": [-4, -4]},
								"down": {"uv": [24, 4], "uv_size": [-4, -4]}
							}
						}
					]
				},
				{
					"name": "rightA",
					"parent": "body",
					"pivot": [-6.5, 24, 0]
				},
				{
					"name": "rightArm",
					"parent": "rightA",
					"pivot": [-5.5, 22, 0],
					"cubes": [
						{
							"origin": [-8.5, 16, -2],
							"size": [4, 8, 4],
							"uv": {
								"north": {"uv": [0, 0], "uv_size": [10, 10]},
								"east": {"uv": [0, 0], "uv_size": [10, 10]},
								"south": {"uv": [0, 0], "uv_size": [10, 10]},
								"west": {"uv": [0, 0], "uv_size": [10, 10]},
								"up": {"uv": [10, 10], "uv_size": [-10, -10]},
								"down": {"uv": [10, 10], "uv_size": [-10, -10]}
							}
						}
					]
				},
				{
					"name": "rightArm2",
					"parent": "rightArm",
					"pivot": [-5.5, 16, 2],
					"cubes": [
						{
							"origin": [-8.5, 8, -2],
							"size": [4, 8, 4],
							"uv": {
								"north": {"uv": [0, 0], "uv_size": [10, 10]},
								"east": {"uv": [0, 0], "uv_size": [10, 10]},
								"south": {"uv": [0, 0], "uv_size": [10, 10]},
								"west": {"uv": [0, 0], "uv_size": [10, 10]},
								"up": {"uv": [10, 10], "uv_size": [-10, -10]},
								"down": {"uv": [10, 10], "uv_size": [-10, -10]}
							}
						},
						{
							"origin": [-8.75, 6.375, -2.125],
							"size": [0.75, 2.125, 0.875],
							"uv": {
								"north": {"uv": [20, 0], "uv_size": [4, 4]},
								"east": {"uv": [20, 0], "uv_size": [4, 4]},
								"south": {"uv": [20, 0], "uv_size": [4, 4]},
								"west": {"uv": [20, 0], "uv_size": [4, 4]},
								"up": {"uv": [24, 4], "uv_size": [-4, -4]},
								"down": {"uv": [24, 4], "uv_size": [-4, -4]}
							}
						},
						{
							"origin": [-8.75, 6.375, 1.25],
							"size": [0.75, 2.125, 0.875],
							"uv": {
								"north": {"uv": [24, 0], "uv_size": [-4, 4]},
								"east": {"uv": [24, 0], "uv_size": [-4, 4]},
								"south": {"uv": [24, 0], "uv_size": [-4, 4]},
								"west": {"uv": [24, 0], "uv_size": [-4, 4]},
								"up": {"uv": [24, 0], "uv_size": [-4, 4]},
								"down": {"uv": [24, 0], "uv_size": [-4, 4]}
							}
						},
						{
							"origin": [-8.75, 6.375, -1],
							"size": [0.75, 2.125, 0.875],
							"uv": {
								"north": {"uv": [20, 0], "uv_size": [4, 4]},
								"east": {"uv": [20, 0], "uv_size": [4, 4]},
								"south": {"uv": [20, 0], "uv_size": [4, 4]},
								"west": {"uv": [20, 0], "uv_size": [4, 4]},
								"up": {"uv": [24, 4], "uv_size": [-4, -4]},
								"down": {"uv": [24, 4], "uv_size": [-4, -4]}
							}
						},
						{
							"origin": [-8.75, 6.375, 0.125],
							"size": [0.75, 2.125, 0.875],
							"uv": {
								"north": {"uv": [24, 0], "uv_size": [-4, 4]},
								"east": {"uv": [24, 0], "uv_size": [-4, 4]},
								"south": {"uv": [24, 0], "uv_size": [-4, 4]},
								"west": {"uv": [24, 0], "uv_size": [-4, 4]},
								"up": {"uv": [24, 0], "uv_size": [-4, 4]},
								"down": {"uv": [24, 0], "uv_size": [-4, 4]}
							}
						},
						{
							"origin": [-5.625, 6.75, -2.125],
							"size": [0.875, 1.75, 0.75],
							"uv": {
								"north": {"uv": [20, 0], "uv_size": [4, 4]},
								"east": {"uv": [20, 0], "uv_size": [4, 4]},
								"south": {"uv": [20, 0], "uv_size": [4, 4]},
								"west": {"uv": [20, 0], "uv_size": [4, 4]},
								"up": {"uv": [24, 4], "uv_size": [-4, -4]},
								"down": {"uv": [24, 4], "uv_size": [-4, -4]}
							}
						},
						{
							"origin": [-8.59558, 4.92609, -2],
							"size": [0.625, 1.5, 0.625],
							"pivot": [-8.28308, 5.67609, -1.6875],
							"rotation": [0, 0, -7.5],
							"uv": {
								"north": {"uv": [20, 0], "uv_size": [4, 4]},
								"east": {"uv": [20, 0], "uv_size": [4, 4]},
								"south": {"uv": [20, 0], "uv_size": [4, 4]},
								"west": {"uv": [20, 0], "uv_size": [4, 4]},
								"up": {"uv": [24, 4], "uv_size": [-4, -4]},
								"down": {"uv": [24, 4], "uv_size": [-4, -4]}
							}
						},
						{
							"origin": [-8.59558, 4.92609, 1.375],
							"size": [0.625, 1.5, 0.625],
							"pivot": [-8.28308, 5.67609, 1.6875],
							"rotation": [0, 0, -7.5],
							"uv": {
								"north": {"uv": [24, 0], "uv_size": [-4, 4]},
								"east": {"uv": [24, 0], "uv_size": [-4, 4]},
								"south": {"uv": [24, 0], "uv_size": [-4, 4]},
								"west": {"uv": [24, 0], "uv_size": [-4, 4]},
								"up": {"uv": [24, 0], "uv_size": [-4, 4]},
								"down": {"uv": [24, 0], "uv_size": [-4, 4]}
							}
						},
						{
							"origin": [-8.59558, 4.92609, -0.875],
							"size": [0.625, 1.5, 0.625],
							"pivot": [-8.28308, 5.67609, -0.5625],
							"rotation": [0, 0, -7.5],
							"uv": {
								"north": {"uv": [20, 0], "uv_size": [4, 4]},
								"east": {"uv": [20, 0], "uv_size": [4, 4]},
								"south": {"uv": [20, 0], "uv_size": [4, 4]},
								"west": {"uv": [20, 0], "uv_size": [4, 4]},
								"up": {"uv": [24, 4], "uv_size": [-4, -4]},
								"down": {"uv": [24, 4], "uv_size": [-4, -4]}
							}
						},
						{
							"origin": [-8.59558, 4.92609, 0.25],
							"size": [0.625, 1.5, 0.625],
							"pivot": [-8.28308, 5.67609, 0.5625],
							"rotation": [0, 0, -7.5],
							"uv": {
								"north": {"uv": [24, 0], "uv_size": [-4, 4]},
								"east": {"uv": [24, 0], "uv_size": [-4, 4]},
								"south": {"uv": [24, 0], "uv_size": [-4, 4]},
								"west": {"uv": [24, 0], "uv_size": [-4, 4]},
								"up": {"uv": [24, 0], "uv_size": [-4, 4]},
								"down": {"uv": [24, 0], "uv_size": [-4, 4]}
							}
						},
						{
							"origin": [-5.5, 5.63641, -1.95098],
							"size": [0.625, 1.25, 0.625],
							"pivot": [-5.1875, 6.26141, -1.63848],
							"rotation": [7.5, 0, 0],
							"uv": {
								"north": {"uv": [20, 0], "uv_size": [4, 4]},
								"east": {"uv": [20, 0], "uv_size": [4, 4]},
								"south": {"uv": [20, 0], "uv_size": [4, 4]},
								"west": {"uv": [20, 0], "uv_size": [4, 4]},
								"up": {"uv": [24, 4], "uv_size": [-4, -4]},
								"down": {"uv": [24, 4], "uv_size": [-4, -4]}
							}
						}
					]
				},
				{
					"name": "leftA",
					"parent": "body",
					"pivot": [6.5, 24, 0]
				},
				{
					"name": "leftArm",
					"parent": "leftA",
					"pivot": [5.5, 22, 0],
					"cubes": [
						{
							"origin": [4.5, 16, -2],
							"size": [4, 8, 4],
							"uv": {
								"north": {"uv": [10, 0], "uv_size": [-10, 10]},
								"east": {"uv": [10, 0], "uv_size": [-10, 10]},
								"south": {"uv": [10, 0], "uv_size": [-10, 10]},
								"west": {"uv": [10, 0], "uv_size": [-10, 10]},
								"up": {"uv": [0, 10], "uv_size": [10, -10]},
								"down": {"uv": [0, 10], "uv_size": [10, -10]}
							}
						}
					]
				},
				{
					"name": "leftArm2",
					"parent": "leftArm",
					"pivot": [5.5, 16, 2],
					"cubes": [
						{
							"origin": [4.5, 8, -2],
							"size": [4, 8, 4],
							"uv": {
								"north": {"uv": [10, 0], "uv_size": [-10, 10]},
								"east": {"uv": [10, 0], "uv_size": [-10, 10]},
								"south": {"uv": [10, 0], "uv_size": [-10, 10]},
								"west": {"uv": [10, 0], "uv_size": [-10, 10]},
								"up": {"uv": [0, 10], "uv_size": [10, -10]},
								"down": {"uv": [0, 10], "uv_size": [10, -10]}
							}
						},
						{
							"origin": [8, 6.375, -2.125],
							"size": [0.75, 2.125, 0.875],
							"uv": {
								"north": {"uv": [24, 0], "uv_size": [-4, 4]},
								"east": {"uv": [24, 0], "uv_size": [-4, 4]},
								"south": {"uv": [24, 0], "uv_size": [-4, 4]},
								"west": {"uv": [24, 0], "uv_size": [-4, 4]},
								"up": {"uv": [20, 4], "uv_size": [4, -4]},
								"down": {"uv": [20, 4], "uv_size": [4, -4]}
							}
						},
						{
							"origin": [8, 6.375, 1.25],
							"size": [0.75, 2.125, 0.875],
							"uv": {
								"north": {"uv": [20, 0], "uv_size": [4, 4]},
								"east": {"uv": [20, 0], "uv_size": [4, 4]},
								"south": {"uv": [20, 0], "uv_size": [4, 4]},
								"west": {"uv": [20, 0], "uv_size": [4, 4]},
								"up": {"uv": [20, 0], "uv_size": [4, 4]},
								"down": {"uv": [20, 0], "uv_size": [4, 4]}
							}
						},
						{
							"origin": [8, 6.375, -1],
							"size": [0.75, 2.125, 0.875],
							"uv": {
								"north": {"uv": [24, 0], "uv_size": [-4, 4]},
								"east": {"uv": [24, 0], "uv_size": [-4, 4]},
								"south": {"uv": [24, 0], "uv_size": [-4, 4]},
								"west": {"uv": [24, 0], "uv_size": [-4, 4]},
								"up": {"uv": [20, 4], "uv_size": [4, -4]},
								"down": {"uv": [20, 4], "uv_size": [4, -4]}
							}
						},
						{
							"origin": [8, 6.375, 0.125],
							"size": [0.75, 2.125, 0.875],
							"uv": {
								"north": {"uv": [20, 0], "uv_size": [4, 4]},
								"east": {"uv": [20, 0], "uv_size": [4, 4]},
								"south": {"uv": [20, 0], "uv_size": [4, 4]},
								"west": {"uv": [20, 0], "uv_size": [4, 4]},
								"up": {"uv": [20, 0], "uv_size": [4, 4]},
								"down": {"uv": [20, 0], "uv_size": [4, 4]}
							}
						},
						{
							"origin": [4.75, 6.75, -2.125],
							"size": [0.875, 1.75, 0.75],
							"uv": {
								"north": {"uv": [24, 0], "uv_size": [-4, 4]},
								"east": {"uv": [24, 0], "uv_size": [-4, 4]},
								"south": {"uv": [24, 0], "uv_size": [-4, 4]},
								"west": {"uv": [24, 0], "uv_size": [-4, 4]},
								"up": {"uv": [20, 4], "uv_size": [4, -4]},
								"down": {"uv": [20, 4], "uv_size": [4, -4]}
							}
						},
						{
							"origin": [7.97058, 4.92609, -2],
							"size": [0.625, 1.5, 0.625],
							"pivot": [8.28308, 5.67609, -1.6875],
							"rotation": [0, 0, 7.5],
							"uv": {
								"north": {"uv": [24, 0], "uv_size": [-4, 4]},
								"east": {"uv": [24, 0], "uv_size": [-4, 4]},
								"south": {"uv": [24, 0], "uv_size": [-4, 4]},
								"west": {"uv": [24, 0], "uv_size": [-4, 4]},
								"up": {"uv": [20, 4], "uv_size": [4, -4]},
								"down": {"uv": [20, 4], "uv_size": [4, -4]}
							}
						},
						{
							"origin": [7.97058, 4.92609, 1.375],
							"size": [0.625, 1.5, 0.625],
							"pivot": [8.28308, 5.67609, 1.6875],
							"rotation": [0, 0, 7.5],
							"uv": {
								"north": {"uv": [20, 0], "uv_size": [4, 4]},
								"east": {"uv": [20, 0], "uv_size": [4, 4]},
								"south": {"uv": [20, 0], "uv_size": [4, 4]},
								"west": {"uv": [20, 0], "uv_size": [4, 4]},
								"up": {"uv": [20, 0], "uv_size": [4, 4]},
								"down": {"uv": [20, 0], "uv_size": [4, 4]}
							}
						},
						{
							"origin": [7.97058, 4.92609, -0.875],
							"size": [0.625, 1.5, 0.625],
							"pivot": [8.28308, 5.67609, -0.5625],
							"rotation": [0, 0, 7.5],
							"uv": {
								"north": {"uv": [24, 0], "uv_size": [-4, 4]},
								"east": {"uv": [24, 0], "uv_size": [-4, 4]},
								"south": {"uv": [24, 0], "uv_size": [-4, 4]},
								"west": {"uv": [24, 0], "uv_size": [-4, 4]},
								"up": {"uv": [20, 4], "uv_size": [4, -4]},
								"down": {"uv": [20, 4], "uv_size": [4, -4]}
							}
						},
						{
							"origin": [7.97058, 4.92609, 0.25],
							"size": [0.625, 1.5, 0.625],
							"pivot": [8.28308, 5.67609, 0.5625],
							"rotation": [0, 0, 7.5],
							"uv": {
								"north": {"uv": [20, 0], "uv_size": [4, 4]},
								"east": {"uv": [20, 0], "uv_size": [4, 4]},
								"south": {"uv": [20, 0], "uv_size": [4, 4]},
								"west": {"uv": [20, 0], "uv_size": [4, 4]},
								"up": {"uv": [20, 0], "uv_size": [4, 4]},
								"down": {"uv": [20, 0], "uv_size": [4, 4]}
							}
						},
						{
							"origin": [4.875, 5.63641, -1.95098],
							"size": [0.625, 1.25, 0.625],
							"pivot": [5.1875, 6.26141, -1.63848],
							"rotation": [7.5, 0, 0],
							"uv": {
								"north": {"uv": [24, 0], "uv_size": [-4, 4]},
								"east": {"uv": [24, 0], "uv_size": [-4, 4]},
								"south": {"uv": [24, 0], "uv_size": [-4, 4]},
								"west": {"uv": [24, 0], "uv_size": [-4, 4]},
								"up": {"uv": [20, 4], "uv_size": [4, -4]},
								"down": {"uv": [20, 4], "uv_size": [4, -4]}
							}
						}
					]
				},
				{
					"name": "rightLeg",
					"parent": "root",
					"pivot": [-2.15, 8, 0],
					"cubes": [
						{
							"origin": [-4.25, 4, -2],
							"size": [4, 4, 4],
							"uv": {
								"north": {"uv": [0, 0], "uv_size": [10, 10]},
								"east": {"uv": [0, 0], "uv_size": [10, 10]},
								"south": {"uv": [0, 0], "uv_size": [10, 10]},
								"west": {"uv": [0, 0], "uv_size": [10, 10]},
								"up": {"uv": [10, 10], "uv_size": [-10, -10]},
								"down": {"uv": [10, 10], "uv_size": [-10, -10]}
							}
						}
					]
				},
				{
					"name": "rightLeg2",
					"parent": "rightLeg",
					"pivot": [-2.15, 4, -2],
					"cubes": [
						{
							"origin": [-4.25, 0, -2],
							"size": [4, 4, 4],
							"uv": {
								"north": {"uv": [0, 0], "uv_size": [10, 10]},
								"east": {"uv": [0, 0], "uv_size": [10, 10]},
								"south": {"uv": [0, 0], "uv_size": [10, 10]},
								"west": {"uv": [0, 0], "uv_size": [10, 10]},
								"up": {"uv": [10, 10], "uv_size": [-10, -10]},
								"down": {"uv": [10, 10], "uv_size": [-10, -10]}
							}
						}
					]
				},
				{
					"name": "leftLeg",
					"parent": "root",
					"pivot": [2.15, 8, 0],
					"cubes": [
						{
							"origin": [0.25, 4, -2],
							"size": [4, 4, 4],
							"uv": {
								"north": {"uv": [10, 0], "uv_size": [-10, 10]},
								"east": {"uv": [10, 0], "uv_size": [-10, 10]},
								"south": {"uv": [10, 0], "uv_size": [-10, 10]},
								"west": {"uv": [10, 0], "uv_size": [-10, 10]},
								"up": {"uv": [0, 10], "uv_size": [10, -10]},
								"down": {"uv": [0, 10], "uv_size": [10, -10]}
							}
						}
					]
				},
				{
					"name": "leftLeg2",
					"parent": "leftLeg",
					"pivot": [2.15, 4, -2],
					"cubes": [
						{
							"origin": [0.25, 0, -2],
							"size": [4, 4, 4],
							"uv": {
								"north": {"uv": [10, 0], "uv_size": [-10, 10]},
								"east": {"uv": [10, 0], "uv_size": [-10, 10]},
								"south": {"uv": [10, 0], "uv_size": [-10, 10]},
								"west": {"uv": [10, 0], "uv_size": [-10, 10]},
								"up": {"uv": [0, 10], "uv_size": [10, -10]},
								"down": {"uv": [0, 10], "uv_size": [10, -10]}
							}
						}
					]
				}
			]
		}
	]
}