{
	"format_version": "1.12.0",
	"minecraft:geometry": [
		{
			"description": {
				"identifier": "geometry.player_tori_phoenix2",
				"texture_width": 64,
				"texture_height": 64,
				"visible_bounds_width": 8,
				"visible_bounds_height": 3.5,
				"visible_bounds_offset": [0, 1.25, 0]
			},
			"bones": [
				{
					"name": "root",
					"pivot": [0, 0, 0]
				},
				{
					"name": "tudo",
					"parent": "root",
					"pivot": [0, 12, 0]
				},
				{
					"name": "waist",
					"parent": "tudo",
					"pivot": [0, 12, 0]
				},
				{
					"name": "body",
					"parent": "waist",
					"pivot": [0, 24, 0]
				},
				{
					"name": "rightArm",
					"parent": "body",
					"pivot": [-5, 22, 0]
				},
				{
					"name": "rightItem",
					"parent": "rightArm",
					"pivot": [-36, 26, 0]
				},
				{
					"name": "wing_right",
					"parent": "body",
					"pivot": [-4, 22, 0],
					"cubes": [
						{
							"origin": [-29, 10, 0],
							"size": [25, 18, 0],
							"inflate": 0.01,
							"uv": {
								"north": {"uv": [28, 8], "uv_size": [-28, 21]},
								"east": {"uv": [0, 0], "uv_size": [0, 0]},
								"south": {"uv": [0, 8], "uv_size": [28, 21]},
								"west": {"uv": [0, 0], "uv_size": [0, 0]},
								"up": {"uv": [0, 0], "uv_size": [0, 0]},
								"down": {"uv": [0, 0], "uv_size": [0, 0]}
							}
						}
					]
				},
				{
					"name": "wing_right2",
					"parent": "wing_right",
					"pivot": [-29, 22, 0],
					"cubes": [
						{
							"origin": [-55, 10, 0],
							"size": [26, 18, 0],
							"inflate": 0.01,
							"uv": {
								"north": {"uv": [57, 8], "uv_size": [-29, 21]},
								"east": {"uv": [0, 0], "uv_size": [0, 0]},
								"south": {"uv": [28, 8], "uv_size": [29, 21]},
								"west": {"uv": [0, 0], "uv_size": [0, 0]},
								"up": {"uv": [0, 0], "uv_size": [0, 0]},
								"down": {"uv": [0, 0], "uv_size": [0, 0]}
							}
						}
					]
				},
				{
					"name": "wing_left",
					"parent": "body",
					"pivot": [4, 22, 0],
					"cubes": [
						{
							"origin": [4, 10, 0],
							"size": [25, 18, 0],
							"inflate": 0.01,
							"uv": {
								"north": {"uv": [0, 8], "uv_size": [28, 21]},
								"east": {"uv": [0, 0], "uv_size": [0, 0]},
								"south": {"uv": [28, 8], "uv_size": [-28, 21]},
								"west": {"uv": [0, 0], "uv_size": [0, 0]},
								"up": {"uv": [0, 0], "uv_size": [0, 0]},
								"down": {"uv": [0, 0], "uv_size": [0, 0]}
							}
						}
					]
				},
				{
					"name": "wing_left2",
					"parent": "wing_left",
					"pivot": [29, 22, 0],
					"cubes": [
						{
							"origin": [29, 10, 0],
							"size": [26, 18, 0],
							"inflate": 0.01,
							"uv": {
								"north": {"uv": [28, 8], "uv_size": [29, 21]},
								"east": {"uv": [0, 0], "uv_size": [0, 0]},
								"south": {"uv": [57, 8], "uv_size": [-29, 21]},
								"west": {"uv": [0, 0], "uv_size": [0, 0]},
								"up": {"uv": [0, 0], "uv_size": [0, 0]},
								"down": {"uv": [0, 0], "uv_size": [0, 0]}
							}
						}
					]
				},
				{
					"name": "rightLeg",
					"parent": "tudo",
					"pivot": [-1.9, 12, 0],
					"cubes": [
						{
							"origin": [-4, 6, -2],
							"size": [4, 4.5, 4],
							"inflate": 0.05,
							"uv": {
								"north": {"uv": [0, 52], "uv_size": [10, 12]},
								"east": {"uv": [0, 52], "uv_size": [10, 12]},
								"south": {"uv": [0, 52], "uv_size": [10, 12]},
								"west": {"uv": [0, 52], "uv_size": [10, 12]},
								"up": {"uv": [3, 35], "uv_size": [-3, -1]},
								"down": {"uv": [4, 44], "uv_size": [-3, 0]}
							}
						}
					]
				},
				{
					"name": "rightLeg2",
					"parent": "rightLeg",
					"pivot": [-1.9, 6, -1.5],
					"cubes": [
						{
							"origin": [-3.625, 3.5, -1.625],
							"size": [3.25, 2.5, 3.25],
							"inflate": 0.05,
							"uv": {
								"north": {"uv": [18, 52], "uv_size": [10, 12]},
								"east": {"uv": [18, 52], "uv_size": [10, 12]},
								"south": {"uv": [18, 52], "uv_size": [10, 12]},
								"west": {"uv": [18, 52], "uv_size": [10, 12]},
								"up": {"uv": [3, 35], "uv_size": [-3, -1]},
								"down": {"uv": [4, 44], "uv_size": [-3, 0]}
							}
						},
						{
							"origin": [-3.25, 0, -1.25],
							"size": [2.5, 3.5, 2.5],
							"uv": {
								"north": {"uv": [0, 46], "uv_size": [5, 5]},
								"east": {"uv": [0, 46], "uv_size": [5, 5]},
								"south": {"uv": [0, 46], "uv_size": [5, 5]},
								"west": {"uv": [0, 46], "uv_size": [5, 5]},
								"up": {"uv": [5, 51], "uv_size": [-5, -5]},
								"down": {"uv": [5, 51], "uv_size": [-5, -5]}
							}
						}
					]
				},
				{
					"name": "garras",
					"parent": "rightLeg2",
					"pivot": [-2.15, 1.5, 0]
				},
				{
					"name": "dedo",
					"parent": "garras",
					"pivot": [-2.8, 0.72514, -3.04207],
					"cubes": [
						{
							"origin": [-2.5625, 0, -2.7375],
							"size": [1.125, 1.25, 1.4875],
							"uv": {
								"north": {"uv": [0, 46], "uv_size": [5, 5]},
								"east": {"uv": [0, 46], "uv_size": [5, 5]},
								"south": {"uv": [0, 46], "uv_size": [5, 5]},
								"west": {"uv": [0, 46], "uv_size": [5, 5]},
								"up": {"uv": [5, 51], "uv_size": [-5, -5]},
								"down": {"uv": [5, 51], "uv_size": [-5, -5]}
							}
						},
						{
							"origin": [-2.4375, 0.04499, -4.05552],
							"size": [0.875, 1.0625, 1.4875],
							"pivot": [-2, 0.57624, -3.26802],
							"rotation": [10, 0, 0],
							"uv": {
								"north": {"uv": [0, 46], "uv_size": [5, 5]},
								"east": {"uv": [0, 46], "uv_size": [5, 5]},
								"south": {"uv": [0, 46], "uv_size": [5, 5]},
								"west": {"uv": [0, 46], "uv_size": [5, 5]},
								"up": {"uv": [5, 51], "uv_size": [-5, -5]},
								"down": {"uv": [5, 51], "uv_size": [-5, -5]}
							}
						},
						{
							"origin": [-2.3125, -0.05362, -4.95818],
							"size": [0.625, 0.8125, 1.225],
							"pivot": [-2, 0.35263, -4.34568],
							"rotation": [25, 0, 0],
							"uv": {
								"north": {"uv": [0, 46], "uv_size": [5, 5]},
								"east": {"uv": [0, 46], "uv_size": [5, 5]},
								"south": {"uv": [0, 46], "uv_size": [5, 5]},
								"west": {"uv": [0, 46], "uv_size": [5, 5]},
								"up": {"uv": [5, 51], "uv_size": [-5, -5]},
								"down": {"uv": [5, 51], "uv_size": [-5, -5]}
							}
						}
					]
				},
				{
					"name": "dedo2",
					"parent": "garras",
					"pivot": [-1.1375, 0.72514, -2.69207],
					"rotation": [0, -12.5, 0],
					"cubes": [
						{
							"origin": [-1.32603, 0, -2.47293],
							"size": [1, 1.25, 1.4875],
							"uv": {
								"north": {"uv": [0, 46], "uv_size": [5, 5]},
								"east": {"uv": [0, 46], "uv_size": [5, 5]},
								"south": {"uv": [0, 46], "uv_size": [5, 5]},
								"west": {"uv": [0, 46], "uv_size": [5, 5]},
								"up": {"uv": [5, 51], "uv_size": [-5, -5]},
								"down": {"uv": [5, 51], "uv_size": [-5, -5]}
							}
						},
						{
							"origin": [-1.20103, 0.05559, -3.61464],
							"size": [0.75, 1.0625, 1.4],
							"pivot": [-0.8125, 0.57624, -2.74302],
							"rotation": [10, 0, 0],
							"uv": {
								"north": {"uv": [0, 46], "uv_size": [5, 5]},
								"east": {"uv": [0, 46], "uv_size": [5, 5]},
								"south": {"uv": [0, 46], "uv_size": [5, 5]},
								"west": {"uv": [0, 46], "uv_size": [5, 5]},
								"up": {"uv": [5, 51], "uv_size": [-5, -5]},
								"down": {"uv": [5, 51], "uv_size": [-5, -5]}
							}
						},
						{
							"origin": [-1.10308, 0.02374, -4.57794],
							"size": [0.5, 0.8125, 1.225],
							"pivot": [-0.8125, 0.35263, -3.73318],
							"rotation": [25, 0, 0],
							"uv": {
								"north": {"uv": [0, 46], "uv_size": [5, 5]},
								"east": {"uv": [0, 46], "uv_size": [5, 5]},
								"south": {"uv": [0, 46], "uv_size": [5, 5]},
								"west": {"uv": [0, 46], "uv_size": [5, 5]},
								"up": {"uv": [5, 51], "uv_size": [-5, -5]},
								"down": {"uv": [5, 51], "uv_size": [-5, -5]}
							}
						}
					]
				},
				{
					"name": "dedo3",
					"parent": "garras",
					"pivot": [-2.8625, 0.72514, -2.69207],
					"rotation": [0, 12.5, 0],
					"cubes": [
						{
							"origin": [-3.67397, 0, -2.47293],
							"size": [1, 1.25, 1.4875],
							"uv": {
								"north": {"uv": [5, 46], "uv_size": [-5, 5]},
								"east": {"uv": [5, 46], "uv_size": [-5, 5]},
								"south": {"uv": [5, 46], "uv_size": [-5, 5]},
								"west": {"uv": [5, 46], "uv_size": [-5, 5]},
								"up": {"uv": [0, 51], "uv_size": [5, -5]},
								"down": {"uv": [0, 51], "uv_size": [5, -5]}
							}
						},
						{
							"origin": [-3.54897, 0.05559, -3.61464],
							"size": [0.75, 1.0625, 1.4],
							"pivot": [-3.1875, 0.57624, -2.74302],
							"rotation": [10, 0, 0],
							"uv": {
								"north": {"uv": [5, 46], "uv_size": [-5, 5]},
								"east": {"uv": [5, 46], "uv_size": [-5, 5]},
								"south": {"uv": [5, 46], "uv_size": [-5, 5]},
								"west": {"uv": [5, 46], "uv_size": [-5, 5]},
								"up": {"uv": [0, 51], "uv_size": [5, -5]},
								"down": {"uv": [0, 51], "uv_size": [5, -5]}
							}
						},
						{
							"origin": [-3.39692, 0.02374, -4.57794],
							"size": [0.5, 0.8125, 1.225],
							"pivot": [-3.1875, 0.35263, -3.73318],
							"rotation": [25, 0, 0],
							"uv": {
								"north": {"uv": [5, 46], "uv_size": [-5, 5]},
								"east": {"uv": [5, 46], "uv_size": [-5, 5]},
								"south": {"uv": [5, 46], "uv_size": [-5, 5]},
								"west": {"uv": [5, 46], "uv_size": [-5, 5]},
								"up": {"uv": [0, 51], "uv_size": [5, -5]},
								"down": {"uv": [0, 51], "uv_size": [5, -5]}
							}
						}
					]
				},
				{
					"name": "dedo4",
					"parent": "garras",
					"pivot": [-2.8, 0.72514, 3.04207],
					"cubes": [
						{
							"origin": [-2.625, 0, 1.25],
							"size": [1.25, 1.25, 1.4],
							"uv": {
								"north": {"uv": [0, 46], "uv_size": [5, 5]},
								"east": {"uv": [0, 46], "uv_size": [5, 5]},
								"south": {"uv": [0, 46], "uv_size": [5, 5]},
								"west": {"uv": [0, 46], "uv_size": [5, 5]},
								"up": {"uv": [5, 51], "uv_size": [-5, -5]},
								"down": {"uv": [5, 51], "uv_size": [-5, -5]}
							}
						},
						{
							"origin": [-2.5, 0.04499, 2.48052],
							"size": [1, 1.0625, 1.4],
							"pivot": [-2, 0.57624, 3.18052],
							"rotation": [-10, 0, 0],
							"uv": {
								"north": {"uv": [0, 46], "uv_size": [5, 5]},
								"east": {"uv": [0, 46], "uv_size": [5, 5]},
								"south": {"uv": [0, 46], "uv_size": [5, 5]},
								"west": {"uv": [0, 46], "uv_size": [5, 5]},
								"up": {"uv": [5, 51], "uv_size": [-5, -5]},
								"down": {"uv": [5, 51], "uv_size": [-5, -5]}
							}
						},
						{
							"origin": [-2.375, -0.05362, 3.64568],
							"size": [0.75, 0.8125, 1.225],
							"pivot": [-2, 0.35263, 4.25818],
							"rotation": [-25, 0, 0],
							"uv": {
								"north": {"uv": [0, 46], "uv_size": [5, 5]},
								"east": {"uv": [0, 46], "uv_size": [5, 5]},
								"south": {"uv": [0, 46], "uv_size": [5, 5]},
								"west": {"uv": [0, 46], "uv_size": [5, 5]},
								"up": {"uv": [5, 51], "uv_size": [-5, -5]},
								"down": {"uv": [5, 51], "uv_size": [-5, -5]}
							}
						}
					]
				},
				{
					"name": "leftLeg",
					"parent": "tudo",
					"pivot": [1.9, 12, 0],
					"cubes": [
						{
							"origin": [0, 6, -2],
							"size": [4, 4.5, 4],
							"inflate": 0.05,
							"uv": {
								"north": {"uv": [10, 52], "uv_size": [-10, 12]},
								"east": {"uv": [10, 52], "uv_size": [-10, 12]},
								"south": {"uv": [10, 52], "uv_size": [-10, 12]},
								"west": {"uv": [10, 52], "uv_size": [-10, 12]},
								"up": {"uv": [0, 35], "uv_size": [3, -1]},
								"down": {"uv": [1, 44], "uv_size": [3, 0]}
							}
						}
					]
				},
				{
					"name": "leftLeg2",
					"parent": "leftLeg",
					"pivot": [1.9, 6, -1.5],
					"cubes": [
						{
							"origin": [0.375, 3.5, -1.625],
							"size": [3.25, 2.5, 3.25],
							"inflate": 0.05,
							"uv": {
								"north": {"uv": [28, 52], "uv_size": [-10, 12]},
								"east": {"uv": [28, 52], "uv_size": [-10, 12]},
								"south": {"uv": [28, 52], "uv_size": [-10, 12]},
								"west": {"uv": [28, 52], "uv_size": [-10, 12]},
								"up": {"uv": [0, 35], "uv_size": [3, -1]},
								"down": {"uv": [1, 44], "uv_size": [3, 0]}
							}
						},
						{
							"origin": [0.75, 0, -1.25],
							"size": [2.5, 3.5, 2.5],
							"uv": {
								"north": {"uv": [5, 46], "uv_size": [-5, 5]},
								"east": {"uv": [5, 46], "uv_size": [-5, 5]},
								"south": {"uv": [5, 46], "uv_size": [-5, 5]},
								"west": {"uv": [5, 46], "uv_size": [-5, 5]},
								"up": {"uv": [0, 51], "uv_size": [5, -5]},
								"down": {"uv": [0, 51], "uv_size": [5, -5]}
							}
						}
					]
				},
				{
					"name": "garras2",
					"parent": "leftLeg2",
					"pivot": [2.15, 1.5, 0]
				},
				{
					"name": "dedo5",
					"parent": "garras2",
					"pivot": [2.8, 0.72514, -3.04207],
					"cubes": [
						{
							"origin": [1.4375, 0, -2.7375],
							"size": [1.125, 1.25, 1.4875],
							"uv": {
								"north": {"uv": [5, 46], "uv_size": [-5, 5]},
								"east": {"uv": [5, 46], "uv_size": [-5, 5]},
								"south": {"uv": [5, 46], "uv_size": [-5, 5]},
								"west": {"uv": [5, 46], "uv_size": [-5, 5]},
								"up": {"uv": [0, 51], "uv_size": [5, -5]},
								"down": {"uv": [0, 51], "uv_size": [5, -5]}
							}
						},
						{
							"origin": [1.5625, 0.04499, -4.05552],
							"size": [0.875, 1.0625, 1.4875],
							"pivot": [2, 0.57624, -3.26802],
							"rotation": [10, 0, 0],
							"uv": {
								"north": {"uv": [5, 46], "uv_size": [-5, 5]},
								"east": {"uv": [5, 46], "uv_size": [-5, 5]},
								"south": {"uv": [5, 46], "uv_size": [-5, 5]},
								"west": {"uv": [5, 46], "uv_size": [-5, 5]},
								"up": {"uv": [0, 51], "uv_size": [5, -5]},
								"down": {"uv": [0, 51], "uv_size": [5, -5]}
							}
						},
						{
							"origin": [1.6875, -0.05362, -4.95818],
							"size": [0.625, 0.8125, 1.225],
							"pivot": [2, 0.35263, -4.34568],
							"rotation": [25, 0, 0],
							"uv": {
								"north": {"uv": [5, 46], "uv_size": [-5, 5]},
								"east": {"uv": [5, 46], "uv_size": [-5, 5]},
								"south": {"uv": [5, 46], "uv_size": [-5, 5]},
								"west": {"uv": [5, 46], "uv_size": [-5, 5]},
								"up": {"uv": [0, 51], "uv_size": [5, -5]},
								"down": {"uv": [0, 51], "uv_size": [5, -5]}
							}
						}
					]
				},
				{
					"name": "dedo6",
					"parent": "garras2",
					"pivot": [1.1375, 0.72514, -2.69207],
					"rotation": [0, 12.5, 0],
					"cubes": [
						{
							"origin": [0.32603, 0, -2.47293],
							"size": [1, 1.25, 1.4875],
							"uv": {
								"north": {"uv": [5, 46], "uv_size": [-5, 5]},
								"east": {"uv": [5, 46], "uv_size": [-5, 5]},
								"south": {"uv": [5, 46], "uv_size": [-5, 5]},
								"west": {"uv": [5, 46], "uv_size": [-5, 5]},
								"up": {"uv": [0, 51], "uv_size": [5, -5]},
								"down": {"uv": [0, 51], "uv_size": [5, -5]}
							}
						},
						{
							"origin": [0.45103, 0.05559, -3.61464],
							"size": [0.75, 1.0625, 1.4],
							"pivot": [0.8125, 0.57624, -2.74302],
							"rotation": [10, 0, 0],
							"uv": {
								"north": {"uv": [5, 46], "uv_size": [-5, 5]},
								"east": {"uv": [5, 46], "uv_size": [-5, 5]},
								"south": {"uv": [5, 46], "uv_size": [-5, 5]},
								"west": {"uv": [5, 46], "uv_size": [-5, 5]},
								"up": {"uv": [0, 51], "uv_size": [5, -5]},
								"down": {"uv": [0, 51], "uv_size": [5, -5]}
							}
						},
						{
							"origin": [0.60308, 0.02374, -4.57794],
							"size": [0.5, 0.8125, 1.225],
							"pivot": [0.8125, 0.35263, -3.73318],
							"rotation": [25, 0, 0],
							"uv": {
								"north": {"uv": [5, 46], "uv_size": [-5, 5]},
								"east": {"uv": [5, 46], "uv_size": [-5, 5]},
								"south": {"uv": [5, 46], "uv_size": [-5, 5]},
								"west": {"uv": [5, 46], "uv_size": [-5, 5]},
								"up": {"uv": [0, 51], "uv_size": [5, -5]},
								"down": {"uv": [0, 51], "uv_size": [5, -5]}
							}
						}
					]
				},
				{
					"name": "dedo7",
					"parent": "garras2",
					"pivot": [2.8625, 0.72514, -2.69207],
					"rotation": [0, -12.5, 0],
					"cubes": [
						{
							"origin": [2.67397, 0, -2.47293],
							"size": [1, 1.25, 1.4875],
							"uv": {
								"north": {"uv": [0, 46], "uv_size": [5, 5]},
								"east": {"uv": [0, 46], "uv_size": [5, 5]},
								"south": {"uv": [0, 46], "uv_size": [5, 5]},
								"west": {"uv": [0, 46], "uv_size": [5, 5]},
								"up": {"uv": [5, 51], "uv_size": [-5, -5]},
								"down": {"uv": [5, 51], "uv_size": [-5, -5]}
							}
						},
						{
							"origin": [2.79897, 0.05559, -3.61464],
							"size": [0.75, 1.0625, 1.4],
							"pivot": [3.1875, 0.57624, -2.74302],
							"rotation": [10, 0, 0],
							"uv": {
								"north": {"uv": [0, 46], "uv_size": [5, 5]},
								"east": {"uv": [0, 46], "uv_size": [5, 5]},
								"south": {"uv": [0, 46], "uv_size": [5, 5]},
								"west": {"uv": [0, 46], "uv_size": [5, 5]},
								"up": {"uv": [5, 51], "uv_size": [-5, -5]},
								"down": {"uv": [5, 51], "uv_size": [-5, -5]}
							}
						},
						{
							"origin": [2.89692, 0.02374, -4.57794],
							"size": [0.5, 0.8125, 1.225],
							"pivot": [3.1875, 0.35263, -3.73318],
							"rotation": [25, 0, 0],
							"uv": {
								"north": {"uv": [0, 46], "uv_size": [5, 5]},
								"east": {"uv": [0, 46], "uv_size": [5, 5]},
								"south": {"uv": [0, 46], "uv_size": [5, 5]},
								"west": {"uv": [0, 46], "uv_size": [5, 5]},
								"up": {"uv": [5, 51], "uv_size": [-5, -5]},
								"down": {"uv": [5, 51], "uv_size": [-5, -5]}
							}
						}
					]
				},
				{
					"name": "dedo8",
					"parent": "garras2",
					"pivot": [2.8, 0.72514, 3.04207],
					"cubes": [
						{
							"origin": [1.375, 0, 1.25],
							"size": [1.25, 1.25, 1.4],
							"uv": {
								"north": {"uv": [5, 46], "uv_size": [-5, 5]},
								"east": {"uv": [5, 46], "uv_size": [-5, 5]},
								"south": {"uv": [5, 46], "uv_size": [-5, 5]},
								"west": {"uv": [5, 46], "uv_size": [-5, 5]},
								"up": {"uv": [0, 51], "uv_size": [5, -5]},
								"down": {"uv": [0, 51], "uv_size": [5, -5]}
							}
						},
						{
							"origin": [1.5, 0.04499, 2.48052],
							"size": [1, 1.0625, 1.4],
							"pivot": [2, 0.57624, 3.18052],
							"rotation": [-10, 0, 0],
							"uv": {
								"north": {"uv": [5, 46], "uv_size": [-5, 5]},
								"east": {"uv": [5, 46], "uv_size": [-5, 5]},
								"south": {"uv": [5, 46], "uv_size": [-5, 5]},
								"west": {"uv": [5, 46], "uv_size": [-5, 5]},
								"up": {"uv": [0, 51], "uv_size": [5, -5]},
								"down": {"uv": [0, 51], "uv_size": [5, -5]}
							}
						},
						{
							"origin": [1.625, -0.05362, 3.64568],
							"size": [0.75, 0.8125, 1.225],
							"pivot": [2, 0.35263, 4.25818],
							"rotation": [-25, 0, 0],
							"uv": {
								"north": {"uv": [5, 46], "uv_size": [-5, 5]},
								"east": {"uv": [5, 46], "uv_size": [-5, 5]},
								"south": {"uv": [5, 46], "uv_size": [-5, 5]},
								"west": {"uv": [5, 46], "uv_size": [-5, 5]},
								"up": {"uv": [0, 51], "uv_size": [5, -5]},
								"down": {"uv": [0, 51], "uv_size": [5, -5]}
							}
						}
					]
				}
			]
		}
	]
}