{
	"format_version": "1.12.0",
	"minecraft:geometry": [
		{
			"description": {
				"identifier": "geometry.player_gura",
				"texture_width": 64,
				"texture_height": 64,
				"visible_bounds_width": 3,
				"visible_bounds_height": 4.5,
				"visible_bounds_offset": [0, 0.75, 0]
			},
			"bones": [
				{
					"name": "root",
					"pivot": [0, 0, 0]
				},
				{
					"name": "tudo",
					"parent": "root",
					"pivot": [0, 12, 0]
				},
				{
					"name": "waist",
					"parent": "tudo",
					"pivot": [0, 12, 0]
				},
				{
					"name": "body",
					"parent": "waist",
					"pivot": [-6, 24, 0]
				},
				{
					"name": "rightA",
					"parent": "body",
					"pivot": [-6, 24, 0]
				},
				{
					"name": "rightArm",
					"parent": "rightA",
					"pivot": [-5, 22, 0]
				},
				{
					"name": "rightArm2",
					"parent": "rightArm",
					"pivot": [-5, 18, 2]
				},
				{
					"name": "gura1",
					"parent": "rightArm2",
					"pivot": [-6, 12.5, 0],
					"cubes": [
						{
							"origin": [-8, 12.5, -2],
							"size": [4, 0, 4],
							"uv": {
								"north": {"uv": [0, 0], "uv_size": [0, 0]},
								"east": {"uv": [0, 0], "uv_size": [4, 0]},
								"south": {"uv": [0, 0], "uv_size": [4, 0]},
								"west": {"uv": [0, 0], "uv_size": [4, 0]},
								"up": {"uv": [64, 0], "uv_size": [-64, 64]},
								"down": {"uv": [64, 64], "uv_size": [-64, -64]}
							}
						}
					]
				},
				{
					"name": "leftA",
					"parent": "body",
					"pivot": [6, 24, 0]
				},
				{
					"name": "leftArm",
					"parent": "leftA",
					"pivot": [5, 22, 0]
				},
				{
					"name": "leftArm2",
					"parent": "leftArm",
					"pivot": [5, 18, 2]
				},
				{
					"name": "gura2",
					"parent": "leftArm2",
					"pivot": [6, 12.5, 0],
					"cubes": [
						{
							"origin": [4, 12.5, -2],
							"size": [4, 0, 4],
							"uv": {
								"north": {"uv": [0, 0], "uv_size": [0, 0]},
								"east": {"uv": [4, 0], "uv_size": [-4, 0]},
								"south": {"uv": [4, 0], "uv_size": [-4, 0]},
								"west": {"uv": [4, 0], "uv_size": [-4, 0]},
								"up": {"uv": [0, 0], "uv_size": [64, 64]},
								"down": {"uv": [0, 64], "uv_size": [64, -64]}
							}
						}
					]
				}
			]
		}
	]
}