{
	"format_version": "1.12.0",
	"minecraft:geometry": [
		{
			"description": {
				"identifier": "geometry.player_gura2",
				"texture_width": 64,
				"texture_height": 64,
				"visible_bounds_width": 3,
				"visible_bounds_height": 4.5,
				"visible_bounds_offset": [0, 0.75, 0]
			},
			"bones": [
				{
					"name": "root",
					"pivot": [0, 0, 0]
				},
				{
					"name": "tudo",
					"parent": "root",
					"pivot": [0, 12, 0]
				},
				{
					"name": "waist",
					"parent": "tudo",
					"pivot": [0, 12, 0]
				},
				{
					"name": "body",
					"parent": "waist",
					"pivot": [0, 24, 0]
				},
				{
					"name": "rightA",
					"parent": "body",
					"pivot": [-6, 24, 0]
				},
				{
					"name": "rightArm",
					"parent": "rightA",
					"pivot": [-5, 22, 0]
				},
				{
					"name": "rightArm2",
					"parent": "rightArm",
					"pivot": [-5, 18, 2]
				},
				{
					"name": "gura1",
					"parent": "rightArm2",
					"pivot": [-6, 13.75, 0],
					"cubes": [
						{
							"origin": [-7.225, 12.775, -0.85],
							"size": [2.45, 1.95, 1.7],
							"inflate": 0.05,
							"uv": {
								"north": {"uv": [44, 26], "uv_size": [4, 6]},
								"east": {"uv": [40, 26], "uv_size": [4, 6]},
								"south": {"uv": [52, 26], "uv_size": [4, 6]},
								"west": {"uv": [48, 26], "uv_size": [4, 6]},
								"up": {"uv": [48, 16], "uv_size": [4, 4]},
								"down": {"uv": [48, 20], "uv_size": [4, -4]}
							}
						},
						{
							"origin": [-7.35, 13.025, -0.6],
							"size": [2.7, 1.45, 1.2],
							"inflate": 0.05,
							"uv": {
								"north": {"uv": [44, 26], "uv_size": [4, 6]},
								"east": {"uv": [40, 26], "uv_size": [4, 6]},
								"south": {"uv": [52, 26], "uv_size": [4, 6]},
								"west": {"uv": [48, 26], "uv_size": [4, 6]},
								"up": {"uv": [48, 16], "uv_size": [4, 4]},
								"down": {"uv": [48, 20], "uv_size": [4, -4]}
							}
						},
						{
							"origin": [-7.35, 13.15, -0.725],
							"size": [2.7, 1.2, 1.45],
							"inflate": 0.05,
							"uv": {
								"north": {"uv": [44, 26], "uv_size": [4, 6]},
								"east": {"uv": [40, 26], "uv_size": [4, 6]},
								"south": {"uv": [52, 26], "uv_size": [4, 6]},
								"west": {"uv": [48, 26], "uv_size": [4, 6]},
								"up": {"uv": [48, 16], "uv_size": [4, 4]},
								"down": {"uv": [48, 20], "uv_size": [4, -4]}
							}
						},
						{
							"origin": [-7.475, 13.275, -0.475],
							"size": [2.95, 0.95, 0.95],
							"inflate": 0.05,
							"uv": {
								"north": {"uv": [44, 26], "uv_size": [4, 6]},
								"east": {"uv": [40, 26], "uv_size": [4, 6]},
								"south": {"uv": [52, 26], "uv_size": [4, 6]},
								"west": {"uv": [48, 26], "uv_size": [4, 6]},
								"up": {"uv": [48, 16], "uv_size": [4, 4]},
								"down": {"uv": [48, 20], "uv_size": [4, -4]}
							}
						},
						{
							"origin": [-6.85, 12.775, -1.225],
							"size": [1.7, 1.95, 2.45],
							"inflate": 0.05,
							"uv": {
								"north": {"uv": [44, 26], "uv_size": [4, 6]},
								"east": {"uv": [40, 26], "uv_size": [4, 6]},
								"south": {"uv": [52, 26], "uv_size": [4, 6]},
								"west": {"uv": [48, 26], "uv_size": [4, 6]},
								"up": {"uv": [48, 16], "uv_size": [4, 4]},
								"down": {"uv": [48, 20], "uv_size": [4, -4]}
							}
						},
						{
							"origin": [-6.725, 13.15, -1.35],
							"size": [1.45, 1.2, 2.7],
							"inflate": 0.05,
							"uv": {
								"north": {"uv": [44, 26], "uv_size": [4, 6]},
								"east": {"uv": [40, 26], "uv_size": [4, 6]},
								"south": {"uv": [52, 26], "uv_size": [4, 6]},
								"west": {"uv": [48, 26], "uv_size": [4, 6]},
								"up": {"uv": [48, 16], "uv_size": [4, 4]},
								"down": {"uv": [48, 20], "uv_size": [4, -4]}
							}
						},
						{
							"origin": [-6.475, 13.275, -1.475],
							"size": [0.95, 0.95, 2.95],
							"inflate": 0.05,
							"uv": {
								"north": {"uv": [44, 26], "uv_size": [4, 6]},
								"east": {"uv": [40, 26], "uv_size": [4, 6]},
								"south": {"uv": [52, 26], "uv_size": [4, 6]},
								"west": {"uv": [48, 26], "uv_size": [4, 6]},
								"up": {"uv": [48, 16], "uv_size": [4, 4]},
								"down": {"uv": [48, 20], "uv_size": [4, -4]}
							}
						},
						{
							"origin": [-6.6, 13.025, -1.35],
							"size": [1.2, 1.45, 2.7],
							"inflate": 0.05,
							"uv": {
								"north": {"uv": [44, 26], "uv_size": [4, 6]},
								"east": {"uv": [40, 26], "uv_size": [4, 6]},
								"south": {"uv": [52, 26], "uv_size": [4, 6]},
								"west": {"uv": [48, 26], "uv_size": [4, 6]},
								"up": {"uv": [48, 16], "uv_size": [4, 4]},
								"down": {"uv": [48, 20], "uv_size": [4, -4]}
							}
						},
						{
							"origin": [-6.85, 12.65, -1.1],
							"size": [1.7, 2.2, 2.2],
							"inflate": 0.05,
							"uv": {
								"north": {"uv": [44, 26], "uv_size": [4, 6]},
								"east": {"uv": [40, 26], "uv_size": [4, 6]},
								"south": {"uv": [52, 26], "uv_size": [4, 6]},
								"west": {"uv": [48, 26], "uv_size": [4, 6]},
								"up": {"uv": [48, 16], "uv_size": [4, 4]},
								"down": {"uv": [48, 20], "uv_size": [4, -4]}
							}
						},
						{
							"origin": [-7.1, 12.775, -1.1],
							"size": [2.2, 1.95, 2.2],
							"inflate": 0.05,
							"uv": {
								"north": {"uv": [44, 26], "uv_size": [4, 6]},
								"east": {"uv": [40, 26], "uv_size": [4, 6]},
								"south": {"uv": [52, 26], "uv_size": [4, 6]},
								"west": {"uv": [48, 26], "uv_size": [4, 6]},
								"up": {"uv": [48, 16], "uv_size": [4, 4]},
								"down": {"uv": [48, 20], "uv_size": [4, -4]}
							}
						},
						{
							"origin": [-6.975, 12.65, -0.975],
							"size": [1.95, 2.2, 1.95],
							"inflate": 0.05,
							"uv": {
								"north": {"uv": [44, 26], "uv_size": [4, 6]},
								"east": {"uv": [40, 26], "uv_size": [4, 6]},
								"south": {"uv": [52, 26], "uv_size": [4, 6]},
								"west": {"uv": [48, 26], "uv_size": [4, 6]},
								"up": {"uv": [48, 16], "uv_size": [4, 4]},
								"down": {"uv": [48, 20], "uv_size": [4, -4]}
							}
						},
						{
							"origin": [-6.475, 12.4, -0.475],
							"size": [0.95, 2.7, 0.95],
							"inflate": 0.05,
							"uv": {
								"north": {"uv": [44, 26], "uv_size": [4, 6]},
								"east": {"uv": [40, 26], "uv_size": [4, 6]},
								"south": {"uv": [52, 26], "uv_size": [4, 6]},
								"west": {"uv": [48, 26], "uv_size": [4, 6]},
								"up": {"uv": [48, 16], "uv_size": [4, 4]},
								"down": {"uv": [48, 20], "uv_size": [4, -4]}
							}
						},
						{
							"origin": [-6.725, 12.525, -0.6],
							"size": [1.45, 2.45, 1.2],
							"inflate": 0.05,
							"uv": {
								"north": {"uv": [44, 26], "uv_size": [4, 6]},
								"east": {"uv": [40, 26], "uv_size": [4, 6]},
								"south": {"uv": [52, 26], "uv_size": [4, 6]},
								"west": {"uv": [48, 26], "uv_size": [4, 6]},
								"up": {"uv": [48, 16], "uv_size": [4, 4]},
								"down": {"uv": [48, 20], "uv_size": [4, -4]}
							}
						},
						{
							"origin": [-6.6, 12.525, -0.725],
							"size": [1.2, 2.45, 1.45],
							"inflate": 0.05,
							"uv": {
								"north": {"uv": [44, 26], "uv_size": [4, 6]},
								"east": {"uv": [40, 26], "uv_size": [4, 6]},
								"south": {"uv": [52, 26], "uv_size": [4, 6]},
								"west": {"uv": [48, 26], "uv_size": [4, 6]},
								"up": {"uv": [48, 16], "uv_size": [4, 4]},
								"down": {"uv": [48, 20], "uv_size": [4, -4]}
							}
						},
						{
							"origin": [-7.1, 12.65, -0.85],
							"size": [2.2, 2.2, 1.7],
							"inflate": 0.05,
							"uv": {
								"north": {"uv": [44, 26], "uv_size": [4, 6]},
								"east": {"uv": [40, 26], "uv_size": [4, 6]},
								"south": {"uv": [52, 26], "uv_size": [4, 6]},
								"west": {"uv": [48, 26], "uv_size": [4, 6]},
								"up": {"uv": [48, 16], "uv_size": [4, 4]},
								"down": {"uv": [48, 20], "uv_size": [4, -4]}
							}
						}
					]
				},
				{
					"name": "rightLeg",
					"parent": "tudo",
					"pivot": [-1.9, 12, 0]
				},
				{
					"name": "rightLeg2",
					"parent": "rightLeg",
					"pivot": [-1.9, 6, -2]
				},
				{
					"name": "gura2",
					"parent": "rightLeg2",
					"pivot": [-2.5, 2, 0],
					"cubes": [
						{
							"origin": [-3.725, 1.025, -0.85],
							"size": [2.45, 1.95, 1.7],
							"inflate": 0.05,
							"uv": {
								"north": {"uv": [44, 26], "uv_size": [4, 6]},
								"east": {"uv": [40, 26], "uv_size": [4, 6]},
								"south": {"uv": [52, 26], "uv_size": [4, 6]},
								"west": {"uv": [48, 26], "uv_size": [4, 6]},
								"up": {"uv": [48, 16], "uv_size": [4, 4]},
								"down": {"uv": [48, 20], "uv_size": [4, -4]}
							}
						},
						{
							"origin": [-3.85, 1.275, -0.6],
							"size": [2.7, 1.45, 1.2],
							"inflate": 0.05,
							"uv": {
								"north": {"uv": [44, 26], "uv_size": [4, 6]},
								"east": {"uv": [40, 26], "uv_size": [4, 6]},
								"south": {"uv": [52, 26], "uv_size": [4, 6]},
								"west": {"uv": [48, 26], "uv_size": [4, 6]},
								"up": {"uv": [48, 16], "uv_size": [4, 4]},
								"down": {"uv": [48, 20], "uv_size": [4, -4]}
							}
						},
						{
							"origin": [-3.85, 1.4, -0.725],
							"size": [2.7, 1.2, 1.45],
							"inflate": 0.05,
							"uv": {
								"north": {"uv": [44, 26], "uv_size": [4, 6]},
								"east": {"uv": [40, 26], "uv_size": [4, 6]},
								"south": {"uv": [52, 26], "uv_size": [4, 6]},
								"west": {"uv": [48, 26], "uv_size": [4, 6]},
								"up": {"uv": [48, 16], "uv_size": [4, 4]},
								"down": {"uv": [48, 20], "uv_size": [4, -4]}
							}
						},
						{
							"origin": [-3.975, 1.525, -0.475],
							"size": [2.95, 0.95, 0.95],
							"inflate": 0.05,
							"uv": {
								"north": {"uv": [44, 26], "uv_size": [4, 6]},
								"east": {"uv": [40, 26], "uv_size": [4, 6]},
								"south": {"uv": [52, 26], "uv_size": [4, 6]},
								"west": {"uv": [48, 26], "uv_size": [4, 6]},
								"up": {"uv": [48, 16], "uv_size": [4, 4]},
								"down": {"uv": [48, 20], "uv_size": [4, -4]}
							}
						},
						{
							"origin": [-3.35, 1.025, -1.225],
							"size": [1.7, 1.95, 2.45],
							"inflate": 0.05,
							"uv": {
								"north": {"uv": [44, 26], "uv_size": [4, 6]},
								"east": {"uv": [40, 26], "uv_size": [4, 6]},
								"south": {"uv": [52, 26], "uv_size": [4, 6]},
								"west": {"uv": [48, 26], "uv_size": [4, 6]},
								"up": {"uv": [48, 16], "uv_size": [4, 4]},
								"down": {"uv": [48, 20], "uv_size": [4, -4]}
							}
						},
						{
							"origin": [-3.225, 1.4, -1.35],
							"size": [1.45, 1.2, 2.7],
							"inflate": 0.05,
							"uv": {
								"north": {"uv": [44, 26], "uv_size": [4, 6]},
								"east": {"uv": [40, 26], "uv_size": [4, 6]},
								"south": {"uv": [52, 26], "uv_size": [4, 6]},
								"west": {"uv": [48, 26], "uv_size": [4, 6]},
								"up": {"uv": [48, 16], "uv_size": [4, 4]},
								"down": {"uv": [48, 20], "uv_size": [4, -4]}
							}
						},
						{
							"origin": [-2.975, 1.525, -1.475],
							"size": [0.95, 0.95, 2.95],
							"inflate": 0.05,
							"uv": {
								"north": {"uv": [44, 26], "uv_size": [4, 6]},
								"east": {"uv": [40, 26], "uv_size": [4, 6]},
								"south": {"uv": [52, 26], "uv_size": [4, 6]},
								"west": {"uv": [48, 26], "uv_size": [4, 6]},
								"up": {"uv": [48, 16], "uv_size": [4, 4]},
								"down": {"uv": [48, 20], "uv_size": [4, -4]}
							}
						},
						{
							"origin": [-3.1, 1.275, -1.35],
							"size": [1.2, 1.45, 2.7],
							"inflate": 0.05,
							"uv": {
								"north": {"uv": [44, 26], "uv_size": [4, 6]},
								"east": {"uv": [40, 26], "uv_size": [4, 6]},
								"south": {"uv": [52, 26], "uv_size": [4, 6]},
								"west": {"uv": [48, 26], "uv_size": [4, 6]},
								"up": {"uv": [48, 16], "uv_size": [4, 4]},
								"down": {"uv": [48, 20], "uv_size": [4, -4]}
							}
						},
						{
							"origin": [-3.35, 0.9, -1.1],
							"size": [1.7, 2.2, 2.2],
							"inflate": 0.05,
							"uv": {
								"north": {"uv": [44, 26], "uv_size": [4, 6]},
								"east": {"uv": [40, 26], "uv_size": [4, 6]},
								"south": {"uv": [52, 26], "uv_size": [4, 6]},
								"west": {"uv": [48, 26], "uv_size": [4, 6]},
								"up": {"uv": [48, 16], "uv_size": [4, 4]},
								"down": {"uv": [48, 20], "uv_size": [4, -4]}
							}
						},
						{
							"origin": [-3.6, 1.025, -1.1],
							"size": [2.2, 1.95, 2.2],
							"inflate": 0.05,
							"uv": {
								"north": {"uv": [44, 26], "uv_size": [4, 6]},
								"east": {"uv": [40, 26], "uv_size": [4, 6]},
								"south": {"uv": [52, 26], "uv_size": [4, 6]},
								"west": {"uv": [48, 26], "uv_size": [4, 6]},
								"up": {"uv": [48, 16], "uv_size": [4, 4]},
								"down": {"uv": [48, 20], "uv_size": [4, -4]}
							}
						},
						{
							"origin": [-3.475, 0.9, -0.975],
							"size": [1.95, 2.2, 1.95],
							"inflate": 0.05,
							"uv": {
								"north": {"uv": [44, 26], "uv_size": [4, 6]},
								"east": {"uv": [40, 26], "uv_size": [4, 6]},
								"south": {"uv": [52, 26], "uv_size": [4, 6]},
								"west": {"uv": [48, 26], "uv_size": [4, 6]},
								"up": {"uv": [48, 16], "uv_size": [4, 4]},
								"down": {"uv": [48, 20], "uv_size": [4, -4]}
							}
						},
						{
							"origin": [-2.975, 0.65, -0.475],
							"size": [0.95, 2.7, 0.95],
							"inflate": 0.05,
							"uv": {
								"north": {"uv": [44, 26], "uv_size": [4, 6]},
								"east": {"uv": [40, 26], "uv_size": [4, 6]},
								"south": {"uv": [52, 26], "uv_size": [4, 6]},
								"west": {"uv": [48, 26], "uv_size": [4, 6]},
								"up": {"uv": [48, 16], "uv_size": [4, 4]},
								"down": {"uv": [48, 20], "uv_size": [4, -4]}
							}
						},
						{
							"origin": [-3.225, 0.775, -0.6],
							"size": [1.45, 2.45, 1.2],
							"inflate": 0.05,
							"uv": {
								"north": {"uv": [44, 26], "uv_size": [4, 6]},
								"east": {"uv": [40, 26], "uv_size": [4, 6]},
								"south": {"uv": [52, 26], "uv_size": [4, 6]},
								"west": {"uv": [48, 26], "uv_size": [4, 6]},
								"up": {"uv": [48, 16], "uv_size": [4, 4]},
								"down": {"uv": [48, 20], "uv_size": [4, -4]}
							}
						},
						{
							"origin": [-3.1, 0.775, -0.725],
							"size": [1.2, 2.45, 1.45],
							"inflate": 0.05,
							"uv": {
								"north": {"uv": [44, 26], "uv_size": [4, 6]},
								"east": {"uv": [40, 26], "uv_size": [4, 6]},
								"south": {"uv": [52, 26], "uv_size": [4, 6]},
								"west": {"uv": [48, 26], "uv_size": [4, 6]},
								"up": {"uv": [48, 16], "uv_size": [4, 4]},
								"down": {"uv": [48, 20], "uv_size": [4, -4]}
							}
						},
						{
							"origin": [-3.6, 0.9, -0.85],
							"size": [2.2, 2.2, 1.7],
							"inflate": 0.05,
							"uv": {
								"north": {"uv": [44, 26], "uv_size": [4, 6]},
								"east": {"uv": [40, 26], "uv_size": [4, 6]},
								"south": {"uv": [52, 26], "uv_size": [4, 6]},
								"west": {"uv": [48, 26], "uv_size": [4, 6]},
								"up": {"uv": [48, 16], "uv_size": [4, 4]},
								"down": {"uv": [48, 20], "uv_size": [4, -4]}
							}
						}
					]
				}
			]
		}
	]
}