{
	"format_version": "1.12.0",
	"minecraft:geometry": [
		{
			"description": {
				"identifier": "geometry.player_dai_enkai_entei",
				"texture_width": 64,
				"texture_height": 64,
				"visible_bounds_width": 3,
				"visible_bounds_height": 4.5,
				"visible_bounds_offset": [0, 0.75, 0]
			},
			"bones": [
				{
					"name": "root",
					"pivot": [0, 0, 0],
					"locators": {
						"1": [0, 0, 0]
					}
				},
				{
					"name": "tudo",
					"parent": "root",
					"pivot": [0, 12, 0]
				},
				{
					"name": "waist",
					"parent": "tudo",
					"pivot": [0, 12, 0]
				},
				{
					"name": "body",
					"parent": "waist",
					"pivot": [0, 24, 0]
				},
				{
					"name": "mera7",
					"parent": "body",
					"pivot": [0, 22.5, 0],
					"cubes": [
						{
							"origin": [-1, 21.5, -1.25],
							"size": [2, 2, 2.5],
							"uv": {
								"north": {"uv": [0, 0], "uv_size": [64, 64]},
								"east": {"uv": [0, 0], "uv_size": [64, 64]},
								"south": {"uv": [0, 0], "uv_size": [64, 64]},
								"west": {"uv": [0, 0], "uv_size": [64, 64]},
								"up": {"uv": [64, 64], "uv_size": [-64, -64]},
								"down": {"uv": [64, 64], "uv_size": [-64, -64]}
							}
						},
						{
							"origin": [-1.125, 21.375, -1.125],
							"size": [2.25, 2.25, 2.25],
							"uv": {
								"north": {"uv": [0, 0], "uv_size": [64, 64]},
								"east": {"uv": [0, 0], "uv_size": [64, 64]},
								"south": {"uv": [0, 0], "uv_size": [64, 64]},
								"west": {"uv": [0, 0], "uv_size": [64, 64]},
								"up": {"uv": [64, 64], "uv_size": [-64, -64]},
								"down": {"uv": [64, 64], "uv_size": [-64, -64]}
							}
						},
						{
							"origin": [-1, 21.25, -1],
							"size": [2, 2.5, 2],
							"uv": {
								"north": {"uv": [0, 0], "uv_size": [64, 64]},
								"east": {"uv": [0, 0], "uv_size": [64, 64]},
								"south": {"uv": [0, 0], "uv_size": [64, 64]},
								"west": {"uv": [0, 0], "uv_size": [64, 64]},
								"up": {"uv": [64, 64], "uv_size": [-64, -64]},
								"down": {"uv": [64, 64], "uv_size": [-64, -64]}
							}
						},
						{
							"origin": [-0.75, 21.125, -0.75],
							"size": [1.5, 2.75, 1.5],
							"uv": {
								"north": {"uv": [0, 0], "uv_size": [64, 64]},
								"east": {"uv": [0, 0], "uv_size": [64, 64]},
								"south": {"uv": [0, 0], "uv_size": [64, 64]},
								"west": {"uv": [0, 0], "uv_size": [64, 64]},
								"up": {"uv": [64, 64], "uv_size": [-64, -64]},
								"down": {"uv": [64, 64], "uv_size": [-64, -64]}
							}
						},
						{
							"origin": [-1.25, 21.5, -1],
							"size": [2.5, 2, 2],
							"uv": {
								"north": {"uv": [0, 0], "uv_size": [64, 64]},
								"east": {"uv": [0, 0], "uv_size": [64, 64]},
								"south": {"uv": [0, 0], "uv_size": [64, 64]},
								"west": {"uv": [0, 0], "uv_size": [64, 64]},
								"up": {"uv": [64, 64], "uv_size": [-64, -64]},
								"down": {"uv": [64, 64], "uv_size": [-64, -64]}
							}
						},
						{
							"origin": [-1.375, 21.75, -0.75],
							"size": [2.75, 1.5, 1.5],
							"uv": {
								"north": {"uv": [0, 0], "uv_size": [64, 64]},
								"east": {"uv": [0, 0], "uv_size": [64, 64]},
								"south": {"uv": [0, 0], "uv_size": [64, 64]},
								"west": {"uv": [0, 0], "uv_size": [64, 64]},
								"up": {"uv": [64, 64], "uv_size": [-64, -64]},
								"down": {"uv": [64, 64], "uv_size": [-64, -64]}
							}
						},
						{
							"origin": [-1.375, 21.75, -0.75],
							"size": [2.75, 1.5, 1.5],
							"pivot": [0, 22.5, 0],
							"rotation": [0, -90, 0],
							"uv": {
								"north": {"uv": [0, 0], "uv_size": [64, 64]},
								"east": {"uv": [0, 0], "uv_size": [64, 64]},
								"south": {"uv": [0, 0], "uv_size": [64, 64]},
								"west": {"uv": [0, 0], "uv_size": [64, 64]},
								"up": {"uv": [64, 64], "uv_size": [-64, -64]},
								"down": {"uv": [64, 64], "uv_size": [-64, -64]}
							}
						}
					]
				}
			]
		}
	]
}