{
	"format_version": "1.12.0",
	"minecraft:geometry": [
		{
			"description": {
				"identifier": "geometry.player_uo_dragon2",
				"texture_width": 64,
				"texture_height": 64,
				"visible_bounds_width": 4,
				"visible_bounds_height": 5.5,
				"visible_bounds_offset": [0, 1.25, 0]
			},
			"bones": [
				{
					"name": "root",
					"pivot": [0, 0, 0]
				},
				{
					"name": "tudo",
					"parent": "root",
					"pivot": [0, 12, 0]
				},
				{
					"name": "waist",
					"parent": "tudo",
					"pivot": [0, 12, 0]
				},
				{
					"name": "body",
					"parent": "waist",
					"pivot": [0, 24, 0],
					"cubes": [
						{
							"origin": [-4, 12, -2],
							"size": [1, 12, 4],
							"inflate": 0.09,
							"uv": {
								"north": {"uv": [0, 0], "uv_size": [1.5, 12]},
								"east": {"uv": [0, 0], "uv_size": [6, 12]},
								"south": {"uv": [1.5, 0], "uv_size": [-1.5, 12]},
								"west": {"uv": [1, 0], "uv_size": [4, 12]},
								"up": {"uv": [36, 0], "uv_size": [4, 4]},
								"down": {"uv": [36, 4], "uv_size": [4, -4]}
							}
						},
						{
							"origin": [3, 12, -2],
							"size": [1, 12, 4],
							"inflate": 0.09,
							"uv": {
								"north": {"uv": [1.5, 0], "uv_size": [-1.5, 12]},
								"east": {"uv": [5, 0], "uv_size": [-4, 12]},
								"south": {"uv": [0, 0], "uv_size": [1.5, 12]},
								"west": {"uv": [6, 0], "uv_size": [-6, 12]},
								"up": {"uv": [40, 0], "uv_size": [-4, 4]},
								"down": {"uv": [40, 4], "uv_size": [-4, -4]}
							}
						},
						{
							"origin": [-4, 22.5, -2],
							"size": [8, 1.5, 4],
							"inflate": 0.1,
							"uv": {
								"north": {"uv": [0, 0], "uv_size": [12, 3.5]},
								"east": {"uv": [0, 0], "uv_size": [6, 3.5]},
								"south": {"uv": [0, 0], "uv_size": [12, 3.5]},
								"west": {"uv": [6, 0], "uv_size": [6, 3.5]},
								"up": {"uv": [36, 0], "uv_size": [4, 4]},
								"down": {"uv": [36, 4], "uv_size": [4, -4]}
							}
						},
						{
							"origin": [-4, 12, 0],
							"size": [8, 12, 2],
							"inflate": 0.15,
							"uv": {
								"north": {"uv": [0, 0], "uv_size": [12, 20]},
								"east": {"uv": [0, 0], "uv_size": [6, 20]},
								"south": {"uv": [0, 20], "uv_size": [12, -20]},
								"west": {"uv": [6, 0], "uv_size": [6, 20]},
								"up": {"uv": [36, 0], "uv_size": [4, 4]},
								"down": {"uv": [36, 4], "uv_size": [4, -4]}
							}
						},
						{
							"origin": [-2, 10.01844, -0.01854],
							"size": [4, 2.5, 6],
							"pivot": [0, 11.26844, 2.98146],
							"rotation": [-57.5, 0, 0],
							"uv": {
								"north": {"uv": [36, 0], "uv_size": [4, 4]},
								"east": {"uv": [12, 2], "uv_size": [10, 8]},
								"south": {"uv": [36, 0], "uv_size": [4, 4.5]},
								"west": {"uv": [22, 2], "uv_size": [-10, 8]},
								"up": {"uv": [1, 0], "uv_size": [10, 10]},
								"down": {"uv": [0, 36], "uv_size": [12, -12]}
							}
						},
						{
							"origin": [-1.75, 6.85888, 4.13888],
							"size": [3.5, 2, 3.25],
							"pivot": [0, 7.85888, 5.51388],
							"rotation": [-42.5, 0, 0],
							"uv": {
								"north": {"uv": [36, 0], "uv_size": [4, 4]},
								"east": {"uv": [14, 2], "uv_size": [8, 8]},
								"south": {"uv": [36, 0], "uv_size": [4, 4.5]},
								"west": {"uv": [22, 2], "uv_size": [-8, 8]},
								"up": {"uv": [1, 0], "uv_size": [10, 8]},
								"down": {"uv": [0, 36], "uv_size": [12, -12]}
							}
						},
						{
							"origin": [-1.5, 5.25101, 6.66639],
							"size": [3, 1.75, 2.75],
							"pivot": [0, 6.00101, 7.54139],
							"rotation": [-42.5, 0, 0],
							"uv": {
								"north": {"uv": [36, 0], "uv_size": [4, 4]},
								"east": {"uv": [26, 2], "uv_size": [10, 8]},
								"south": {"uv": [36, 0], "uv_size": [4, 4.5]},
								"west": {"uv": [36, 2], "uv_size": [-10, 8]},
								"up": {"uv": [1, 0], "uv_size": [10, 8]},
								"down": {"uv": [0, 36], "uv_size": [12, -12]}
							}
						},
						{
							"origin": [-1.25, 3.61103, 8.7516],
							"size": [2.5, 1.5, 3.5],
							"pivot": [0, 4.36103, 10.2516],
							"rotation": [-25, 0, 0],
							"uv": {
								"north": {"uv": [36, 0], "uv_size": [4, 4]},
								"east": {"uv": [12, 2], "uv_size": [10, 8]},
								"south": {"uv": [36, 0], "uv_size": [4, 4.5]},
								"west": {"uv": [22, 2], "uv_size": [-10, 8]},
								"up": {"uv": [1, 0], "uv_size": [10, 10]},
								"down": {"uv": [0, 36], "uv_size": [12, -12]}
							}
						},
						{
							"origin": [-1, 2.64819, 11.98151],
							"size": [2, 1.25, 2.5],
							"pivot": [0, 3.27319, 13.23151],
							"rotation": [-15, 0, 0],
							"uv": {
								"north": {"uv": [36, 0], "uv_size": [4, 4]},
								"east": {"uv": [12, 2], "uv_size": [10, 8]},
								"south": {"uv": [36, 0], "uv_size": [4, 4]},
								"west": {"uv": [22, 2], "uv_size": [-10, 8]},
								"up": {"uv": [1, 0], "uv_size": [10, 10]},
								"down": {"uv": [0, 36], "uv_size": [12, -12]}
							}
						},
						{
							"origin": [-0.75, 2.51382, 14.27175],
							"size": [1.5, 0.875, 2.25],
							"pivot": [0, 2.95132, 15.39675],
							"rotation": [-2.5, 0, 0],
							"uv": {
								"north": {"uv": [36, 0], "uv_size": [4, 4]},
								"east": {"uv": [12, 2], "uv_size": [10, 8]},
								"south": {"uv": [36, 0], "uv_size": [4, 4]},
								"west": {"uv": [22, 2], "uv_size": [-10, 8]},
								"up": {"uv": [1, 0], "uv_size": [10, 10]},
								"down": {"uv": [36, 4], "uv_size": [4, -4]}
							}
						}
					]
				},
				{
					"name": "head",
					"parent": "body",
					"pivot": [0, 24, 0],
					"cubes": [
						{
							"origin": [-4, 24, -4],
							"size": [8, 8, 8],
							"uv": {
								"north": {"uv": [24, 24], "uv_size": [16, 16]},
								"east": {"uv": [12, 1], "uv_size": [10, 10]},
								"south": {"uv": [1, 0], "uv_size": [10, 10]},
								"west": {"uv": [22, 1], "uv_size": [-10, 10]},
								"up": {"uv": [1, 0], "uv_size": [10, 10]},
								"down": {"uv": [40, 40], "uv_size": [-16, -16]}
							}
						}
					]
				},
				{
					"name": "Hornright",
					"parent": "head",
					"pivot": [-1.83771, 31.96728, -0.33251],
					"rotation": [-25.93254, -22.33319, -46.44844],
					"cubes": [
						{
							"origin": [-1.96251, 33.726, -1.58158],
							"size": [1.368, 4.704, 1.368],
							"pivot": [-0.99515, 33.18561, -1.13758],
							"rotation": [0, 0, 37.5],
							"uv": {
								"north": {"uv": [36, 8], "uv_size": [4, 4]},
								"east": {"uv": [36, 8], "uv_size": [4, 4]},
								"south": {"uv": [36, 8], "uv_size": [4, 4]},
								"west": {"uv": [36, 8], "uv_size": [4, 4]},
								"up": {"uv": [40, 12], "uv_size": [-4, -4]},
								"down": {"uv": [40, 12], "uv_size": [-4, -4]}
							}
						},
						{
							"origin": [2.46533, 36.94797, -1.50166],
							"size": [1.12176, 4.74288, 1.12176],
							"pivot": [2.60485, 38.46561, -1.13758],
							"rotation": [0, 0, 47.5],
							"uv": {
								"north": {"uv": [36, 8], "uv_size": [4, 4]},
								"east": {"uv": [36, 8], "uv_size": [4, 4]},
								"south": {"uv": [36, 8], "uv_size": [4, 4]},
								"west": {"uv": [36, 8], "uv_size": [4, 4]},
								"up": {"uv": [40, 12], "uv_size": [-4, -4]},
								"down": {"uv": [40, 12], "uv_size": [-4, -4]}
							}
						},
						{
							"origin": [1.16326, 37.8139, -2.02587],
							"size": [0.94228, 3.58082, 0.94228],
							"pivot": [2.08685, 38.68552, -0.73604],
							"rotation": [37.5, 0, 2.5],
							"uv": {
								"north": {"uv": [36, 8], "uv_size": [4, 4]},
								"east": {"uv": [36, 8], "uv_size": [4, 4]},
								"south": {"uv": [36, 8], "uv_size": [4, 4]},
								"west": {"uv": [36, 8], "uv_size": [4, 4]},
								"up": {"uv": [40, 12], "uv_size": [-4, -4]},
								"down": {"uv": [40, 12], "uv_size": [-4, -4]}
							}
						},
						{
							"origin": [2.08153, 39.70733, -4.14231],
							"size": [0.71312, 2.70996, 0.71312],
							"pivot": [2.43808, 41.30231, -3.78576],
							"rotation": [34.81608, -14.90835, 22.80179],
							"uv": {
								"north": {"uv": [36, 8], "uv_size": [4, 4]},
								"east": {"uv": [36, 8], "uv_size": [4, 4]},
								"south": {"uv": [36, 8], "uv_size": [4, 4]},
								"west": {"uv": [36, 8], "uv_size": [4, 4]},
								"up": {"uv": [40, 12], "uv_size": [-4, -4]},
								"down": {"uv": [40, 12], "uv_size": [-4, -4]}
							}
						},
						{
							"origin": [3.95907, 40.26518, -1.35538],
							"size": [0.8292, 3.50594, 0.8292],
							"pivot": [4.39252, 39.69139, -0.94078],
							"rotation": [0, 0, 62.5],
							"uv": {
								"north": {"uv": [36, 8], "uv_size": [4, 4]},
								"east": {"uv": [36, 8], "uv_size": [4, 4]},
								"south": {"uv": [36, 8], "uv_size": [4, 4]},
								"west": {"uv": [36, 8], "uv_size": [4, 4]},
								"up": {"uv": [40, 12], "uv_size": [-4, -4]},
								"down": {"uv": [40, 12], "uv_size": [-4, -4]}
							}
						},
						{
							"origin": [-2.31947, 31.4408, -1.52586],
							"size": [2.052, 3.078, 1.71],
							"pivot": [-1.29347, 32.9798, -0.67086],
							"rotation": [17.5, 0, 30],
							"uv": {
								"north": {"uv": [36, 8], "uv_size": [4, 4]},
								"east": {"uv": [36, 8], "uv_size": [4, 4]},
								"south": {"uv": [36, 8], "uv_size": [4, 4]},
								"west": {"uv": [36, 8], "uv_size": [4, 4]},
								"up": {"uv": [40, 12], "uv_size": [-4, -4]},
								"down": {"uv": [40, 12], "uv_size": [-4, -4]}
							}
						}
					]
				},
				{
					"name": "Hornleft",
					"parent": "head",
					"pivot": [1.83771, 31.96728, -0.33251],
					"rotation": [-25.93254, 22.33319, 46.44844],
					"cubes": [
						{
							"origin": [0.59451, 33.726, -1.58158],
							"size": [1.368, 4.704, 1.368],
							"pivot": [0.99515, 33.18561, -1.13758],
							"rotation": [0, 0, -37.5],
							"uv": {
								"north": {"uv": [40, 8], "uv_size": [-4, 4]},
								"east": {"uv": [40, 8], "uv_size": [-4, 4]},
								"south": {"uv": [40, 8], "uv_size": [-4, 4]},
								"west": {"uv": [40, 8], "uv_size": [-4, 4]},
								"up": {"uv": [36, 12], "uv_size": [4, -4]},
								"down": {"uv": [36, 12], "uv_size": [4, -4]}
							}
						},
						{
							"origin": [-3.58709, 36.94797, -1.50166],
							"size": [1.12176, 4.74288, 1.12176],
							"pivot": [-2.60485, 38.46561, -1.13758],
							"rotation": [0, 0, -47.5],
							"uv": {
								"north": {"uv": [40, 8], "uv_size": [-4, 4]},
								"east": {"uv": [40, 8], "uv_size": [-4, 4]},
								"south": {"uv": [40, 8], "uv_size": [-4, 4]},
								"west": {"uv": [40, 8], "uv_size": [-4, 4]},
								"up": {"uv": [36, 12], "uv_size": [4, -4]},
								"down": {"uv": [36, 12], "uv_size": [4, -4]}
							}
						},
						{
							"origin": [-2.10554, 37.8139, -2.02587],
							"size": [0.94228, 3.58082, 0.94228],
							"pivot": [-2.08685, 38.68552, -0.73604],
							"rotation": [37.5, 0, -2.5],
							"uv": {
								"north": {"uv": [40, 8], "uv_size": [-4, 4]},
								"east": {"uv": [40, 8], "uv_size": [-4, 4]},
								"south": {"uv": [40, 8], "uv_size": [-4, 4]},
								"west": {"uv": [40, 8], "uv_size": [-4, 4]},
								"up": {"uv": [36, 12], "uv_size": [4, -4]},
								"down": {"uv": [36, 12], "uv_size": [4, -4]}
							}
						},
						{
							"origin": [-2.79465, 39.70733, -4.14231],
							"size": [0.71312, 2.70996, 0.71312],
							"pivot": [-2.43808, 41.30231, -3.78576],
							"rotation": [34.81608, 14.90835, -22.80179],
							"uv": {
								"north": {"uv": [40, 8], "uv_size": [-4, 4]},
								"east": {"uv": [40, 8], "uv_size": [-4, 4]},
								"south": {"uv": [40, 8], "uv_size": [-4, 4]},
								"west": {"uv": [40, 8], "uv_size": [-4, 4]},
								"up": {"uv": [36, 12], "uv_size": [4, -4]},
								"down": {"uv": [36, 12], "uv_size": [4, -4]}
							}
						},
						{
							"origin": [-4.78827, 40.26518, -1.35538],
							"size": [0.8292, 3.50594, 0.8292],
							"pivot": [-4.39252, 39.69139, -0.94078],
							"rotation": [0, 0, -62.5],
							"uv": {
								"north": {"uv": [40, 8], "uv_size": [-4, 4]},
								"east": {"uv": [40, 8], "uv_size": [-4, 4]},
								"south": {"uv": [40, 8], "uv_size": [-4, 4]},
								"west": {"uv": [40, 8], "uv_size": [-4, 4]},
								"up": {"uv": [36, 12], "uv_size": [4, -4]},
								"down": {"uv": [36, 12], "uv_size": [4, -4]}
							}
						},
						{
							"origin": [0.26747, 31.4408, -1.52586],
							"size": [2.052, 3.078, 1.71],
							"pivot": [1.29347, 32.9798, -0.67086],
							"rotation": [17.5, 0, -30],
							"uv": {
								"north": {"uv": [40, 8], "uv_size": [-4, 4]},
								"east": {"uv": [40, 8], "uv_size": [-4, 4]},
								"south": {"uv": [40, 8], "uv_size": [-4, 4]},
								"west": {"uv": [40, 8], "uv_size": [-4, 4]},
								"up": {"uv": [36, 12], "uv_size": [4, -4]},
								"down": {"uv": [36, 12], "uv_size": [4, -4]}
							}
						}
					]
				},
				{
					"name": "Hornright2",
					"parent": "head",
					"pivot": [-4.1, 30.65, -0.4],
					"rotation": [22.61927, 9.39715, 72.01257],
					"cubes": [
						{
							"origin": [-4.04072, 26.91442, -1.73565],
							"size": [1.575, 2.52, 1.575],
							"pivot": [-3.25322, 28.17442, -0.94815],
							"rotation": [0, 0, 20],
							"uv": {
								"north": {"uv": [36, 12], "uv_size": [4, -4]},
								"east": {"uv": [36, 8], "uv_size": [4, 4]},
								"south": {"uv": [36, 12], "uv_size": [4, -4]},
								"west": {"uv": [36, 12], "uv_size": [4, -4]},
								"up": {"uv": [40, 8], "uv_size": [-4, 4]},
								"down": {"uv": [40, 8], "uv_size": [-4, 4]}
							}
						},
						{
							"origin": [-4.55785, 25.56921, -1.60965],
							"size": [1.323, 2.1168, 1.323],
							"pivot": [-3.77035, 26.75361, -0.94815],
							"rotation": [0, 0, 37.5],
							"uv": {
								"north": {"uv": [36, 12], "uv_size": [4, -4]},
								"east": {"uv": [36, 8], "uv_size": [4, 4]},
								"south": {"uv": [36, 12], "uv_size": [4, -4]},
								"west": {"uv": [36, 12], "uv_size": [4, -4]},
								"up": {"uv": [40, 8], "uv_size": [-4, 4]},
								"down": {"uv": [40, 8], "uv_size": [-4, 4]}
							}
						},
						{
							"origin": [-5.27933, 24.29046, -1.51704],
							"size": [1.13778, 1.82045, 1.13778],
							"pivot": [-4.63736, 25.83069, -0.94815],
							"rotation": [0, 0, 52.5],
							"uv": {
								"north": {"uv": [36, 12], "uv_size": [4, -4]},
								"east": {"uv": [36, 8], "uv_size": [4, 4]},
								"south": {"uv": [36, 12], "uv_size": [4, -4]},
								"west": {"uv": [36, 12], "uv_size": [4, -4]},
								"up": {"uv": [40, 8], "uv_size": [-4, 4]},
								"down": {"uv": [40, 8], "uv_size": [-4, 4]}
							}
						},
						{
							"origin": [-7.51436, 23.90135, -1.44878],
							"size": [1.00125, 1.60199, 1.00125],
							"pivot": [-6.6811, 24.35459, -0.94815],
							"rotation": [0, 0, 72.5],
							"uv": {
								"north": {"uv": [36, 12], "uv_size": [4, -4]},
								"east": {"uv": [36, 8], "uv_size": [4, 4]},
								"south": {"uv": [36, 12], "uv_size": [4, -4]},
								"west": {"uv": [36, 12], "uv_size": [4, -4]},
								"up": {"uv": [40, 8], "uv_size": [-4, 4]},
								"down": {"uv": [40, 8], "uv_size": [-4, 4]}
							}
						},
						{
							"origin": [-8.56891, 23.72775, -1.3887],
							"size": [0.8811, 1.40975, 0.8811],
							"pivot": [-7.89148, 24.32174, -0.94815],
							"rotation": [0, 0, 85],
							"uv": {
								"north": {"uv": [36, 12], "uv_size": [4, -4]},
								"east": {"uv": [36, 8], "uv_size": [4, 4]},
								"south": {"uv": [36, 12], "uv_size": [4, -4]},
								"west": {"uv": [36, 12], "uv_size": [4, -4]},
								"up": {"uv": [40, 8], "uv_size": [-4, 4]},
								"down": {"uv": [40, 8], "uv_size": [-4, 4]}
							}
						},
						{
							"origin": [-8.33422, 22.95728, -1.36227],
							"size": [0.82823, 1.32517, 0.82823],
							"pivot": [-7.80166, 24.56738, -0.94815],
							"rotation": [0, 0, 65],
							"uv": {
								"north": {"uv": [36, 12], "uv_size": [4, -4]},
								"east": {"uv": [36, 8], "uv_size": [4, 4]},
								"south": {"uv": [36, 12], "uv_size": [4, -4]},
								"west": {"uv": [36, 12], "uv_size": [4, -4]},
								"up": {"uv": [40, 8], "uv_size": [-4, 4]},
								"down": {"uv": [40, 8], "uv_size": [-4, 4]}
							}
						},
						{
							"origin": [-9.76337, 23.20758, -1.31258],
							"size": [0.72884, 1.16615, 0.72884],
							"pivot": [-9.50983, 23.90154, -0.94815],
							"rotation": [0, 0, 50],
							"uv": {
								"north": {"uv": [36, 12], "uv_size": [4, -4]},
								"east": {"uv": [36, 8], "uv_size": [4, 4]},
								"south": {"uv": [36, 12], "uv_size": [4, -4]},
								"west": {"uv": [36, 12], "uv_size": [4, -4]},
								"up": {"uv": [40, 8], "uv_size": [-4, 4]},
								"down": {"uv": [40, 8], "uv_size": [-4, 4]}
							}
						},
						{
							"origin": [-10.30482, 22.2523, -1.29071],
							"size": [0.68511, 1.47418, 0.68511],
							"pivot": [-10.19915, 23.17839, -0.94815],
							"rotation": [0, 0, 27.5],
							"uv": {
								"north": {"uv": [36, 12], "uv_size": [4, -4]},
								"east": {"uv": [36, 8], "uv_size": [4, 4]},
								"south": {"uv": [36, 12], "uv_size": [4, -4]},
								"west": {"uv": [36, 12], "uv_size": [4, -4]},
								"up": {"uv": [40, 8], "uv_size": [-4, 4]},
								"down": {"uv": [40, 8], "uv_size": [-4, 4]}
							}
						},
						{
							"origin": [-10.61962, 21.37335, -1.24275],
							"size": [0.5892, 1.2678, 0.5892],
							"pivot": [-10.54174, 22.00725, -0.94815],
							"rotation": [0, 0, 7.5],
							"uv": {
								"north": {"uv": [36, 12], "uv_size": [4, -4]},
								"east": {"uv": [36, 8], "uv_size": [4, 4]},
								"south": {"uv": [36, 12], "uv_size": [4, -4]},
								"west": {"uv": [36, 12], "uv_size": [4, -4]},
								"up": {"uv": [40, 8], "uv_size": [-4, 4]},
								"down": {"uv": [40, 8], "uv_size": [-4, 4]}
							}
						},
						{
							"origin": [-4.11599, 28.71781, -1.60985],
							"size": [1.89, 2.835, 2.0475],
							"pivot": [-3.42299, 30.26131, -0.5861],
							"rotation": [-16.93839, 4.46375, -10.66499],
							"uv": {
								"north": {"uv": [36, 12], "uv_size": [4, -4]},
								"east": {"uv": [36, 8], "uv_size": [4, 4]},
								"south": {"uv": [36, 12], "uv_size": [4, -4]},
								"west": {"uv": [36, 12], "uv_size": [4, -4]},
								"up": {"uv": [40, 8], "uv_size": [-4, 4]},
								"down": {"uv": [40, 8], "uv_size": [-4, 4]}
							}
						}
					]
				},
				{
					"name": "Hornleft2",
					"parent": "head",
					"pivot": [4.1, 30.65, -0.4],
					"rotation": [22.61927, -9.39715, -72.01257],
					"cubes": [
						{
							"origin": [2.46572, 26.91442, -1.73565],
							"size": [1.575, 2.52, 1.575],
							"pivot": [3.25322, 28.17442, -0.94815],
							"rotation": [0, 0, -20],
							"uv": {
								"north": {"uv": [40, 12], "uv_size": [-4, -4]},
								"east": {"uv": [40, 12], "uv_size": [-4, -4]},
								"south": {"uv": [40, 12], "uv_size": [-4, -4]},
								"west": {"uv": [40, 8], "uv_size": [-4, 4]},
								"up": {"uv": [36, 8], "uv_size": [4, 4]},
								"down": {"uv": [36, 8], "uv_size": [4, 4]}
							}
						},
						{
							"origin": [3.23485, 25.56921, -1.60965],
							"size": [1.323, 2.1168, 1.323],
							"pivot": [3.77035, 26.75361, -0.94815],
							"rotation": [0, 0, -37.5],
							"uv": {
								"north": {"uv": [40, 12], "uv_size": [-4, -4]},
								"east": {"uv": [40, 12], "uv_size": [-4, -4]},
								"south": {"uv": [40, 12], "uv_size": [-4, -4]},
								"west": {"uv": [40, 8], "uv_size": [-4, 4]},
								"up": {"uv": [36, 8], "uv_size": [4, 4]},
								"down": {"uv": [36, 8], "uv_size": [4, 4]}
							}
						},
						{
							"origin": [4.14155, 24.29046, -1.51704],
							"size": [1.13778, 1.82045, 1.13778],
							"pivot": [4.63736, 25.83069, -0.94815],
							"rotation": [0, 0, -52.5],
							"uv": {
								"north": {"uv": [40, 12], "uv_size": [-4, -4]},
								"east": {"uv": [40, 12], "uv_size": [-4, -4]},
								"south": {"uv": [40, 12], "uv_size": [-4, -4]},
								"west": {"uv": [40, 8], "uv_size": [-4, 4]},
								"up": {"uv": [36, 8], "uv_size": [4, 4]},
								"down": {"uv": [36, 8], "uv_size": [4, 4]}
							}
						},
						{
							"origin": [6.51311, 23.90135, -1.44878],
							"size": [1.00125, 1.60199, 1.00125],
							"pivot": [6.6811, 24.35459, -0.94815],
							"rotation": [0, 0, -72.5],
							"uv": {
								"north": {"uv": [40, 12], "uv_size": [-4, -4]},
								"east": {"uv": [40, 12], "uv_size": [-4, -4]},
								"south": {"uv": [40, 12], "uv_size": [-4, -4]},
								"west": {"uv": [40, 8], "uv_size": [-4, 4]},
								"up": {"uv": [36, 8], "uv_size": [4, 4]},
								"down": {"uv": [36, 8], "uv_size": [4, 4]}
							}
						},
						{
							"origin": [7.68781, 23.72775, -1.3887],
							"size": [0.8811, 1.40975, 0.8811],
							"pivot": [7.89148, 24.32174, -0.94815],
							"rotation": [0, 0, -85],
							"uv": {
								"north": {"uv": [40, 12], "uv_size": [-4, -4]},
								"east": {"uv": [40, 12], "uv_size": [-4, -4]},
								"south": {"uv": [40, 12], "uv_size": [-4, -4]},
								"west": {"uv": [40, 8], "uv_size": [-4, 4]},
								"up": {"uv": [36, 8], "uv_size": [4, 4]},
								"down": {"uv": [36, 8], "uv_size": [4, 4]}
							}
						},
						{
							"origin": [7.50599, 22.95728, -1.36227],
							"size": [0.82823, 1.32517, 0.82823],
							"pivot": [7.80166, 24.56738, -0.94815],
							"rotation": [0, 0, -65],
							"uv": {
								"north": {"uv": [40, 12], "uv_size": [-4, -4]},
								"east": {"uv": [40, 12], "uv_size": [-4, -4]},
								"south": {"uv": [40, 12], "uv_size": [-4, -4]},
								"west": {"uv": [40, 8], "uv_size": [-4, 4]},
								"up": {"uv": [36, 8], "uv_size": [4, 4]},
								"down": {"uv": [36, 8], "uv_size": [4, 4]}
							}
						},
						{
							"origin": [9.03453, 23.20758, -1.31258],
							"size": [0.72884, 1.16615, 0.72884],
							"pivot": [9.50983, 23.90154, -0.94815],
							"rotation": [0, 0, -50],
							"uv": {
								"north": {"uv": [40, 12], "uv_size": [-4, -4]},
								"east": {"uv": [40, 12], "uv_size": [-4, -4]},
								"south": {"uv": [40, 12], "uv_size": [-4, -4]},
								"west": {"uv": [40, 8], "uv_size": [-4, 4]},
								"up": {"uv": [36, 8], "uv_size": [4, 4]},
								"down": {"uv": [36, 8], "uv_size": [4, 4]}
							}
						},
						{
							"origin": [9.61971, 22.2523, -1.29071],
							"size": [0.68511, 1.47418, 0.68511],
							"pivot": [10.19915, 23.17839, -0.94815],
							"rotation": [0, 0, -27.5],
							"uv": {
								"north": {"uv": [40, 12], "uv_size": [-4, -4]},
								"east": {"uv": [40, 12], "uv_size": [-4, -4]},
								"south": {"uv": [40, 12], "uv_size": [-4, -4]},
								"west": {"uv": [40, 8], "uv_size": [-4, 4]},
								"up": {"uv": [36, 8], "uv_size": [4, 4]},
								"down": {"uv": [36, 8], "uv_size": [4, 4]}
							}
						},
						{
							"origin": [10.03042, 21.37335, -1.24275],
							"size": [0.5892, 1.2678, 0.5892],
							"pivot": [10.54174, 22.00725, -0.94815],
							"rotation": [0, 0, -7.5],
							"uv": {
								"north": {"uv": [40, 12], "uv_size": [-4, -4]},
								"east": {"uv": [40, 12], "uv_size": [-4, -4]},
								"south": {"uv": [40, 12], "uv_size": [-4, -4]},
								"west": {"uv": [40, 8], "uv_size": [-4, 4]},
								"up": {"uv": [36, 8], "uv_size": [4, 4]},
								"down": {"uv": [36, 8], "uv_size": [4, 4]}
							}
						},
						{
							"origin": [2.22599, 28.71781, -1.60985],
							"size": [1.89, 2.835, 2.0475],
							"pivot": [3.42299, 30.26131, -0.5861],
							"rotation": [-16.93839, -4.46375, 10.66499],
							"uv": {
								"north": {"uv": [40, 12], "uv_size": [-4, -4]},
								"east": {"uv": [40, 12], "uv_size": [-4, -4]},
								"south": {"uv": [40, 12], "uv_size": [-4, -4]},
								"west": {"uv": [40, 8], "uv_size": [-4, 4]},
								"up": {"uv": [36, 8], "uv_size": [4, 4]},
								"down": {"uv": [36, 8], "uv_size": [4, 4]}
							}
						}
					]
				},
				{
					"name": "rightA",
					"parent": "body",
					"pivot": [-6, 24, 0]
				},
				{
					"name": "rightArm",
					"parent": "rightA",
					"pivot": [-5, 22, 0],
					"cubes": [
						{
							"origin": [-8, 18, -2],
							"size": [4, 6, 4],
							"uv": {
								"north": {"uv": [1, 0], "uv_size": [10, 12]},
								"east": {"uv": [1, 0], "uv_size": [10, 12]},
								"south": {"uv": [1, 0], "uv_size": [10, 12]},
								"west": {"uv": [1, 0], "uv_size": [10, 12]},
								"up": {"uv": [24, 1], "uv_size": [12, 10]},
								"down": {"uv": [36, 4], "uv_size": [4, -4]}
							}
						}
					]
				},
				{
					"name": "rightArm2",
					"parent": "rightArm",
					"pivot": [-5, 18, 2],
					"cubes": [
						{
							"origin": [-8, 12, -2],
							"size": [4, 6, 4],
							"uv": {
								"north": {"uv": [1, 0], "uv_size": [10, 12]},
								"east": {"uv": [1, 0], "uv_size": [10, 12]},
								"south": {"uv": [1, 0], "uv_size": [10, 12]},
								"west": {"uv": [1, 0], "uv_size": [10, 12]},
								"up": {"uv": [24, 0], "uv_size": [12, 10]},
								"down": {"uv": [36, 11], "uv_size": [-12, -10]}
							}
						}
					]
				},
				{
					"name": "leftA",
					"parent": "body",
					"pivot": [6, 24, 0]
				},
				{
					"name": "leftArm",
					"parent": "leftA",
					"pivot": [5, 22, 0],
					"cubes": [
						{
							"origin": [4, 18, -2],
							"size": [4, 6, 4],
							"uv": {
								"north": {"uv": [11, 0], "uv_size": [-10, 12]},
								"east": {"uv": [11, 0], "uv_size": [-10, 12]},
								"south": {"uv": [11, 0], "uv_size": [-10, 12]},
								"west": {"uv": [11, 0], "uv_size": [-10, 12]},
								"up": {"uv": [36, 1], "uv_size": [-12, 10]},
								"down": {"uv": [40, 4], "uv_size": [-4, -4]}
							}
						}
					]
				},
				{
					"name": "leftArm2",
					"parent": "leftArm",
					"pivot": [5, 18, 2],
					"cubes": [
						{
							"origin": [4, 12, -2],
							"size": [4, 6, 4],
							"uv": {
								"north": {"uv": [11, 0], "uv_size": [-10, 12]},
								"east": {"uv": [11, 0], "uv_size": [-10, 12]},
								"south": {"uv": [11, 0], "uv_size": [-10, 12]},
								"west": {"uv": [11, 0], "uv_size": [-10, 12]},
								"up": {"uv": [36, 0], "uv_size": [-12, 10]},
								"down": {"uv": [24, 11], "uv_size": [12, -10]}
							}
						}
					]
				},
				{
					"name": "rightleg",
					"parent": "tudo",
					"pivot": [-1.9, 12, 0],
					"cubes": [
						{
							"origin": [-4, 6.01142, -2.26147],
							"size": [4, 6, 4],
							"pivot": [-2, 9.01142, -0.26147],
							"rotation": [-5, 0, 0],
							"uv": {
								"north": {"uv": [0, 12], "uv_size": [10, -12]},
								"east": {"uv": [0, 12], "uv_size": [10, -12]},
								"south": {"uv": [0, 12], "uv_size": [10, -12]},
								"west": {"uv": [0, 12], "uv_size": [10, -12]},
								"up": {"uv": [4, 4], "uv_size": [-4, -4]},
								"down": {"uv": [40, 4], "uv_size": [-4, -4]}
							}
						}
					]
				},
				{
					"name": "rightLeg2",
					"parent": "rightleg",
					"pivot": [-1.9, 6, -2],
					"cubes": [
						{
							"origin": [-3.5, 0, -2.25],
							"size": [3, 1, 4],
							"uv": {
								"north": {"uv": [36, 0], "uv_size": [4, 4]},
								"east": {"uv": [36, 0], "uv_size": [4, 4]},
								"south": {"uv": [36, 0], "uv_size": [4, 4]},
								"west": {"uv": [36, 0], "uv_size": [4, 4]},
								"up": {"uv": [36, 0], "uv_size": [4, 4]},
								"down": {"uv": [36, 4], "uv_size": [4, -4]}
							}
						},
						{
							"origin": [-2.5, 0, -3.75],
							"size": [1, 1, 1.5],
							"uv": {
								"north": {"uv": [36, 0], "uv_size": [4, 4]},
								"east": {"uv": [36, 0], "uv_size": [4, 4]},
								"south": {"uv": [36, 0], "uv_size": [4, 4]},
								"west": {"uv": [36, 0], "uv_size": [4, 4]},
								"up": {"uv": [36, 0], "uv_size": [4, 4]},
								"down": {"uv": [36, 4], "uv_size": [4, -4]}
							}
						},
						{
							"origin": [-3.90433, 0, -3.51903],
							"size": [1, 1, 1.5],
							"pivot": [-3.40433, 0.5, -2.76903],
							"rotation": [0, 22.5, 0],
							"uv": {
								"north": {"uv": [40, 0], "uv_size": [-4, 4]},
								"east": {"uv": [40, 0], "uv_size": [-4, 4]},
								"south": {"uv": [40, 0], "uv_size": [-4, 4]},
								"west": {"uv": [40, 0], "uv_size": [-4, 4]},
								"up": {"uv": [40, 0], "uv_size": [-4, 4]},
								"down": {"uv": [40, 4], "uv_size": [-4, -4]}
							}
						},
						{
							"origin": [-1.09567, 0, -3.51903],
							"size": [1, 1, 1.5],
							"pivot": [-0.59567, 0.5, -2.76903],
							"rotation": [0, -22.5, 0],
							"uv": {
								"north": {"uv": [36, 0], "uv_size": [4, 4]},
								"east": {"uv": [36, 0], "uv_size": [4, 4]},
								"south": {"uv": [36, 0], "uv_size": [4, 4]},
								"west": {"uv": [36, 0], "uv_size": [4, 4]},
								"up": {"uv": [36, 0], "uv_size": [4, 4]},
								"down": {"uv": [36, 4], "uv_size": [4, -4]}
							}
						},
						{
							"origin": [-0.39665, 0, -4.90485],
							"size": [0.75, 0.875, 1.5],
							"pivot": [-0.02165, 0.4375, -4.15485],
							"rotation": [0, -22.5, 0],
							"uv": {
								"north": {"uv": [36, 0], "uv_size": [4, 4]},
								"east": {"uv": [36, 0], "uv_size": [4, 4]},
								"south": {"uv": [36, 0], "uv_size": [4, 4]},
								"west": {"uv": [36, 0], "uv_size": [4, 4]},
								"up": {"uv": [36, 0], "uv_size": [4, 4]},
								"down": {"uv": [36, 4], "uv_size": [4, -4]}
							}
						},
						{
							"origin": [-4.35335, 0, -4.90485],
							"size": [0.75, 0.875, 1.5],
							"pivot": [-3.97835, 0.4375, -4.15485],
							"rotation": [0, 22.5, 0],
							"uv": {
								"north": {"uv": [40, 0], "uv_size": [-4, 4]},
								"east": {"uv": [40, 0], "uv_size": [-4, 4]},
								"south": {"uv": [40, 0], "uv_size": [-4, 4]},
								"west": {"uv": [40, 0], "uv_size": [-4, 4]},
								"up": {"uv": [40, 0], "uv_size": [-4, 4]},
								"down": {"uv": [40, 4], "uv_size": [-4, -4]}
							}
						},
						{
							"origin": [-2.375, 0, -5.25],
							"size": [0.75, 0.875, 1.5],
							"uv": {
								"north": {"uv": [36, 0], "uv_size": [4, 4]},
								"east": {"uv": [36, 0], "uv_size": [4, 4]},
								"south": {"uv": [36, 0], "uv_size": [4, 4]},
								"west": {"uv": [36, 0], "uv_size": [4, 4]},
								"up": {"uv": [36, 0], "uv_size": [4, 4]},
								"down": {"uv": [36, 4], "uv_size": [4, -4]}
							}
						},
						{
							"origin": [-3.5, 0.5311, -1.61579],
							"size": [3, 6, 3],
							"pivot": [-2, 3.5311, -0.11579],
							"rotation": [7.5, 0, 0],
							"uv": {
								"north": {"uv": [1, 12], "uv_size": [10, -12]},
								"east": {"uv": [1, 12], "uv_size": [10, -12]},
								"south": {"uv": [1, 12], "uv_size": [10, -12]},
								"west": {"uv": [1, 12], "uv_size": [10, -12]},
								"up": {"uv": [36, 0], "uv_size": [4, 4]},
								"down": {"uv": [36, 4], "uv_size": [4, -4]}
							}
						}
					]
				},
				{
					"name": "leftLeg",
					"parent": "tudo",
					"pivot": [2.4, 12, 0],
					"cubes": [
						{
							"origin": [0, 6.01142, -2.26147],
							"size": [4, 6, 4],
							"pivot": [2, 9.01142, -0.26147],
							"rotation": [-5, 0, 0],
							"uv": {
								"north": {"uv": [10, 12], "uv_size": [-10, -12]},
								"east": {"uv": [10, 12], "uv_size": [-10, -12]},
								"south": {"uv": [10, 12], "uv_size": [-10, -12]},
								"west": {"uv": [10, 12], "uv_size": [-10, -12]},
								"up": {"uv": [0, 4], "uv_size": [4, -4]},
								"down": {"uv": [36, 4], "uv_size": [4, -4]}
							}
						}
					]
				},
				{
					"name": "leftLeg2",
					"parent": "leftLeg",
					"pivot": [1.9, 6, -2],
					"cubes": [
						{
							"origin": [0.5, 0, -2.25],
							"size": [3, 1, 4],
							"uv": {
								"north": {"uv": [40, 0], "uv_size": [-4, 4]},
								"east": {"uv": [40, 0], "uv_size": [-4, 4]},
								"south": {"uv": [40, 0], "uv_size": [-4, 4]},
								"west": {"uv": [40, 0], "uv_size": [-4, 4]},
								"up": {"uv": [40, 0], "uv_size": [-4, 4]},
								"down": {"uv": [40, 4], "uv_size": [-4, -4]}
							}
						},
						{
							"origin": [1.5, 0, -3.75],
							"size": [1, 1, 1.5],
							"uv": {
								"north": {"uv": [40, 0], "uv_size": [-4, 4]},
								"east": {"uv": [40, 0], "uv_size": [-4, 4]},
								"south": {"uv": [40, 0], "uv_size": [-4, 4]},
								"west": {"uv": [40, 0], "uv_size": [-4, 4]},
								"up": {"uv": [40, 0], "uv_size": [-4, 4]},
								"down": {"uv": [40, 4], "uv_size": [-4, -4]}
							}
						},
						{
							"origin": [2.90433, 0, -3.51903],
							"size": [1, 1, 1.5],
							"pivot": [3.40433, 0.5, -2.76903],
							"rotation": [0, -22.5, 0],
							"uv": {
								"north": {"uv": [36, 0], "uv_size": [4, 4]},
								"east": {"uv": [36, 0], "uv_size": [4, 4]},
								"south": {"uv": [36, 0], "uv_size": [4, 4]},
								"west": {"uv": [36, 0], "uv_size": [4, 4]},
								"up": {"uv": [36, 0], "uv_size": [4, 4]},
								"down": {"uv": [36, 4], "uv_size": [4, -4]}
							}
						},
						{
							"origin": [0.09567, 0, -3.51903],
							"size": [1, 1, 1.5],
							"pivot": [0.59567, 0.5, -2.76903],
							"rotation": [0, 22.5, 0],
							"uv": {
								"north": {"uv": [40, 0], "uv_size": [-4, 4]},
								"east": {"uv": [40, 0], "uv_size": [-4, 4]},
								"south": {"uv": [40, 0], "uv_size": [-4, 4]},
								"west": {"uv": [40, 0], "uv_size": [-4, 4]},
								"up": {"uv": [40, 0], "uv_size": [-4, 4]},
								"down": {"uv": [40, 4], "uv_size": [-4, -4]}
							}
						},
						{
							"origin": [-0.35335, 0, -4.90485],
							"size": [0.75, 0.875, 1.5],
							"pivot": [0.02165, 0.4375, -4.15485],
							"rotation": [0, 22.5, 0],
							"uv": {
								"north": {"uv": [40, 0], "uv_size": [-4, 4]},
								"east": {"uv": [40, 0], "uv_size": [-4, 4]},
								"south": {"uv": [40, 0], "uv_size": [-4, 4]},
								"west": {"uv": [40, 0], "uv_size": [-4, 4]},
								"up": {"uv": [40, 0], "uv_size": [-4, 4]},
								"down": {"uv": [40, 4], "uv_size": [-4, -4]}
							}
						},
						{
							"origin": [3.60335, 0, -4.90485],
							"size": [0.75, 0.875, 1.5],
							"pivot": [3.97835, 0.4375, -4.15485],
							"rotation": [0, -22.5, 0],
							"uv": {
								"north": {"uv": [36, 0], "uv_size": [4, 4]},
								"east": {"uv": [36, 0], "uv_size": [4, 4]},
								"south": {"uv": [36, 0], "uv_size": [4, 4]},
								"west": {"uv": [36, 0], "uv_size": [4, 4]},
								"up": {"uv": [36, 0], "uv_size": [4, 4]},
								"down": {"uv": [36, 4], "uv_size": [4, -4]}
							}
						},
						{
							"origin": [1.625, 0, -5.25],
							"size": [0.75, 0.875, 1.5],
							"uv": {
								"north": {"uv": [40, 0], "uv_size": [-4, 4]},
								"east": {"uv": [40, 0], "uv_size": [-4, 4]},
								"south": {"uv": [40, 0], "uv_size": [-4, 4]},
								"west": {"uv": [40, 0], "uv_size": [-4, 4]},
								"up": {"uv": [40, 0], "uv_size": [-4, 4]},
								"down": {"uv": [40, 4], "uv_size": [-4, -4]}
							}
						},
						{
							"origin": [0.5, 0.5311, -1.61579],
							"size": [3, 6, 3],
							"pivot": [2, 3.5311, -0.11579],
							"rotation": [7.5, 0, 0],
							"uv": {
								"north": {"uv": [11, 12], "uv_size": [-10, -12]},
								"east": {"uv": [11, 12], "uv_size": [-10, -12]},
								"south": {"uv": [11, 12], "uv_size": [-10, -12]},
								"west": {"uv": [11, 12], "uv_size": [-10, -12]},
								"up": {"uv": [40, 0], "uv_size": [-4, 4]},
								"down": {"uv": [40, 4], "uv_size": [-4, -4]}
							}
						}
					]
				}
			]
		}
	]
}