{
	"format_version": "1.12.0",
	"minecraft:geometry": [
		{
			"description": {
				"identifier": "geometry.player_mogu_mole2",
				"texture_width": 32,
				"texture_height": 32,
				"visible_bounds_width": 3,
				"visible_bounds_height": 3.5,
				"visible_bounds_offset": [0, 1.25, 0]
			},
			"bones": [
				{
					"name": "root",
					"pivot": [0, 0, 0]
				},
				{
					"name": "tudo",
					"parent": "root",
					"pivot": [0, 12, 0]
				},
				{
					"name": "waist",
					"parent": "tudo",
					"pivot": [0, 12, 0]
				},
				{
					"name": "body",
					"parent": "waist",
					"pivot": [0, 24, 0]
				},
				{
					"name": "rightA",
					"parent": "body",
					"pivot": [-6, 24, 0]
				},
				{
					"name": "rightArm",
					"parent": "rightA",
					"pivot": [-5, 22, 0],
					"cubes": [
						{
							"origin": [-8, 16, -2],
							"size": [4, 8, 4],
							"uv": {
								"north": {"uv": [0, 0], "uv_size": [10, 10]},
								"east": {"uv": [0, 0], "uv_size": [10, 10]},
								"south": {"uv": [0, 0], "uv_size": [10, 10]},
								"west": {"uv": [0, 0], "uv_size": [10, 10]},
								"up": {"uv": [10, 10], "uv_size": [-10, -10]},
								"down": {"uv": [10, 10], "uv_size": [-10, -10]}
							}
						}
					]
				},
				{
					"name": "rightArm2",
					"parent": "rightArm",
					"pivot": [-5, 16, 2],
					"cubes": [
						{
							"origin": [-8, 8, -2],
							"size": [4, 8, 4],
							"uv": {
								"north": {"uv": [0, 0], "uv_size": [10, 10]},
								"east": {"uv": [0, 0], "uv_size": [10, 10]},
								"south": {"uv": [0, 0], "uv_size": [10, 10]},
								"west": {"uv": [0, 0], "uv_size": [10, 10]},
								"up": {"uv": [10, 10], "uv_size": [-10, -10]},
								"down": {"uv": [10, 10], "uv_size": [-10, -10]}
							}
						},
						{
							"origin": [-8.25, 6.375, -2.125],
							"size": [0.75, 2.125, 0.875],
							"uv": {
								"north": {"uv": [20, 0], "uv_size": [4, 4]},
								"east": {"uv": [20, 0], "uv_size": [4, 4]},
								"south": {"uv": [20, 0], "uv_size": [4, 4]},
								"west": {"uv": [20, 0], "uv_size": [4, 4]},
								"up": {"uv": [24, 4], "uv_size": [-4, -4]},
								"down": {"uv": [24, 4], "uv_size": [-4, -4]}
							}
						},
						{
							"origin": [-8.25, 6.375, 1.25],
							"size": [0.75, 2.125, 0.875],
							"uv": {
								"north": {"uv": [24, 0], "uv_size": [-4, 4]},
								"east": {"uv": [24, 0], "uv_size": [-4, 4]},
								"south": {"uv": [24, 0], "uv_size": [-4, 4]},
								"west": {"uv": [24, 0], "uv_size": [-4, 4]},
								"up": {"uv": [24, 0], "uv_size": [-4, 4]},
								"down": {"uv": [24, 0], "uv_size": [-4, 4]}
							}
						},
						{
							"origin": [-8.25, 6.375, -1],
							"size": [0.75, 2.125, 0.875],
							"uv": {
								"north": {"uv": [20, 0], "uv_size": [4, 4]},
								"east": {"uv": [20, 0], "uv_size": [4, 4]},
								"south": {"uv": [20, 0], "uv_size": [4, 4]},
								"west": {"uv": [20, 0], "uv_size": [4, 4]},
								"up": {"uv": [24, 4], "uv_size": [-4, -4]},
								"down": {"uv": [24, 4], "uv_size": [-4, -4]}
							}
						},
						{
							"origin": [-8.25, 6.375, 0.125],
							"size": [0.75, 2.125, 0.875],
							"uv": {
								"north": {"uv": [24, 0], "uv_size": [-4, 4]},
								"east": {"uv": [24, 0], "uv_size": [-4, 4]},
								"south": {"uv": [24, 0], "uv_size": [-4, 4]},
								"west": {"uv": [24, 0], "uv_size": [-4, 4]},
								"up": {"uv": [24, 0], "uv_size": [-4, 4]},
								"down": {"uv": [24, 0], "uv_size": [-4, 4]}
							}
						},
						{
							"origin": [-5.125, 6.75, -2.125],
							"size": [0.875, 1.75, 0.75],
							"uv": {
								"north": {"uv": [20, 0], "uv_size": [4, 4]},
								"east": {"uv": [20, 0], "uv_size": [4, 4]},
								"south": {"uv": [20, 0], "uv_size": [4, 4]},
								"west": {"uv": [20, 0], "uv_size": [4, 4]},
								"up": {"uv": [24, 4], "uv_size": [-4, -4]},
								"down": {"uv": [24, 4], "uv_size": [-4, -4]}
							}
						},
						{
							"origin": [-8.09558, 4.92609, -2],
							"size": [0.625, 1.5, 0.625],
							"pivot": [-7.78308, 5.67609, -1.6875],
							"rotation": [0, 0, -7.5],
							"uv": {
								"north": {"uv": [20, 0], "uv_size": [4, 4]},
								"east": {"uv": [20, 0], "uv_size": [4, 4]},
								"south": {"uv": [20, 0], "uv_size": [4, 4]},
								"west": {"uv": [20, 0], "uv_size": [4, 4]},
								"up": {"uv": [24, 4], "uv_size": [-4, -4]},
								"down": {"uv": [24, 4], "uv_size": [-4, -4]}
							}
						},
						{
							"origin": [-8.09558, 4.92609, 1.375],
							"size": [0.625, 1.5, 0.625],
							"pivot": [-7.78308, 5.67609, 1.6875],
							"rotation": [0, 0, -7.5],
							"uv": {
								"north": {"uv": [24, 0], "uv_size": [-4, 4]},
								"east": {"uv": [24, 0], "uv_size": [-4, 4]},
								"south": {"uv": [24, 0], "uv_size": [-4, 4]},
								"west": {"uv": [24, 0], "uv_size": [-4, 4]},
								"up": {"uv": [24, 0], "uv_size": [-4, 4]},
								"down": {"uv": [24, 0], "uv_size": [-4, 4]}
							}
						},
						{
							"origin": [-8.09558, 4.92609, -0.875],
							"size": [0.625, 1.5, 0.625],
							"pivot": [-7.78308, 5.67609, -0.5625],
							"rotation": [0, 0, -7.5],
							"uv": {
								"north": {"uv": [20, 0], "uv_size": [4, 4]},
								"east": {"uv": [20, 0], "uv_size": [4, 4]},
								"south": {"uv": [20, 0], "uv_size": [4, 4]},
								"west": {"uv": [20, 0], "uv_size": [4, 4]},
								"up": {"uv": [24, 4], "uv_size": [-4, -4]},
								"down": {"uv": [24, 4], "uv_size": [-4, -4]}
							}
						},
						{
							"origin": [-8.09558, 4.92609, 0.25],
							"size": [0.625, 1.5, 0.625],
							"pivot": [-7.78308, 5.67609, 0.5625],
							"rotation": [0, 0, -7.5],
							"uv": {
								"north": {"uv": [24, 0], "uv_size": [-4, 4]},
								"east": {"uv": [24, 0], "uv_size": [-4, 4]},
								"south": {"uv": [24, 0], "uv_size": [-4, 4]},
								"west": {"uv": [24, 0], "uv_size": [-4, 4]},
								"up": {"uv": [24, 0], "uv_size": [-4, 4]},
								"down": {"uv": [24, 0], "uv_size": [-4, 4]}
							}
						},
						{
							"origin": [-5, 5.63641, -1.95098],
							"size": [0.625, 1.25, 0.625],
							"pivot": [-4.6875, 6.26141, -1.63848],
							"rotation": [7.5, 0, 0],
							"uv": {
								"north": {"uv": [20, 0], "uv_size": [4, 4]},
								"east": {"uv": [20, 0], "uv_size": [4, 4]},
								"south": {"uv": [20, 0], "uv_size": [4, 4]},
								"west": {"uv": [20, 0], "uv_size": [4, 4]},
								"up": {"uv": [24, 4], "uv_size": [-4, -4]},
								"down": {"uv": [24, 4], "uv_size": [-4, -4]}
							}
						}
					]
				},
				{
					"name": "leftA",
					"parent": "body",
					"pivot": [6, 24, 0]
				},
				{
					"name": "leftArm",
					"parent": "leftA",
					"pivot": [5, 22, 0],
					"cubes": [
						{
							"origin": [4, 16, -2],
							"size": [4, 8, 4],
							"uv": {
								"north": {"uv": [10, 0], "uv_size": [-10, 10]},
								"east": {"uv": [10, 0], "uv_size": [-10, 10]},
								"south": {"uv": [10, 0], "uv_size": [-10, 10]},
								"west": {"uv": [10, 0], "uv_size": [-10, 10]},
								"up": {"uv": [0, 10], "uv_size": [10, -10]},
								"down": {"uv": [0, 10], "uv_size": [10, -10]}
							}
						}
					]
				},
				{
					"name": "leftArm2",
					"parent": "leftArm",
					"pivot": [5, 16, 2],
					"cubes": [
						{
							"origin": [4, 8, -2],
							"size": [4, 8, 4],
							"uv": {
								"north": {"uv": [10, 0], "uv_size": [-10, 10]},
								"east": {"uv": [10, 0], "uv_size": [-10, 10]},
								"south": {"uv": [10, 0], "uv_size": [-10, 10]},
								"west": {"uv": [10, 0], "uv_size": [-10, 10]},
								"up": {"uv": [0, 10], "uv_size": [10, -10]},
								"down": {"uv": [0, 10], "uv_size": [10, -10]}
							}
						},
						{
							"origin": [7.5, 6.375, -2.125],
							"size": [0.75, 2.125, 0.875],
							"uv": {
								"north": {"uv": [24, 0], "uv_size": [-4, 4]},
								"east": {"uv": [24, 0], "uv_size": [-4, 4]},
								"south": {"uv": [24, 0], "uv_size": [-4, 4]},
								"west": {"uv": [24, 0], "uv_size": [-4, 4]},
								"up": {"uv": [20, 4], "uv_size": [4, -4]},
								"down": {"uv": [20, 4], "uv_size": [4, -4]}
							}
						},
						{
							"origin": [7.5, 6.375, 1.25],
							"size": [0.75, 2.125, 0.875],
							"uv": {
								"north": {"uv": [20, 0], "uv_size": [4, 4]},
								"east": {"uv": [20, 0], "uv_size": [4, 4]},
								"south": {"uv": [20, 0], "uv_size": [4, 4]},
								"west": {"uv": [20, 0], "uv_size": [4, 4]},
								"up": {"uv": [20, 0], "uv_size": [4, 4]},
								"down": {"uv": [20, 0], "uv_size": [4, 4]}
							}
						},
						{
							"origin": [7.5, 6.375, -1],
							"size": [0.75, 2.125, 0.875],
							"uv": {
								"north": {"uv": [24, 0], "uv_size": [-4, 4]},
								"east": {"uv": [24, 0], "uv_size": [-4, 4]},
								"south": {"uv": [24, 0], "uv_size": [-4, 4]},
								"west": {"uv": [24, 0], "uv_size": [-4, 4]},
								"up": {"uv": [20, 4], "uv_size": [4, -4]},
								"down": {"uv": [20, 4], "uv_size": [4, -4]}
							}
						},
						{
							"origin": [7.5, 6.375, 0.125],
							"size": [0.75, 2.125, 0.875],
							"uv": {
								"north": {"uv": [20, 0], "uv_size": [4, 4]},
								"east": {"uv": [20, 0], "uv_size": [4, 4]},
								"south": {"uv": [20, 0], "uv_size": [4, 4]},
								"west": {"uv": [20, 0], "uv_size": [4, 4]},
								"up": {"uv": [20, 0], "uv_size": [4, 4]},
								"down": {"uv": [20, 0], "uv_size": [4, 4]}
							}
						},
						{
							"origin": [4.25, 6.75, -2.125],
							"size": [0.875, 1.75, 0.75],
							"uv": {
								"north": {"uv": [24, 0], "uv_size": [-4, 4]},
								"east": {"uv": [24, 0], "uv_size": [-4, 4]},
								"south": {"uv": [24, 0], "uv_size": [-4, 4]},
								"west": {"uv": [24, 0], "uv_size": [-4, 4]},
								"up": {"uv": [20, 4], "uv_size": [4, -4]},
								"down": {"uv": [20, 4], "uv_size": [4, -4]}
							}
						},
						{
							"origin": [7.47058, 4.92609, -2],
							"size": [0.625, 1.5, 0.625],
							"pivot": [7.78308, 5.67609, -1.6875],
							"rotation": [0, 0, 7.5],
							"uv": {
								"north": {"uv": [24, 0], "uv_size": [-4, 4]},
								"east": {"uv": [24, 0], "uv_size": [-4, 4]},
								"south": {"uv": [24, 0], "uv_size": [-4, 4]},
								"west": {"uv": [24, 0], "uv_size": [-4, 4]},
								"up": {"uv": [20, 4], "uv_size": [4, -4]},
								"down": {"uv": [20, 4], "uv_size": [4, -4]}
							}
						},
						{
							"origin": [7.47058, 4.92609, 1.375],
							"size": [0.625, 1.5, 0.625],
							"pivot": [7.78308, 5.67609, 1.6875],
							"rotation": [0, 0, 7.5],
							"uv": {
								"north": {"uv": [20, 0], "uv_size": [4, 4]},
								"east": {"uv": [20, 0], "uv_size": [4, 4]},
								"south": {"uv": [20, 0], "uv_size": [4, 4]},
								"west": {"uv": [20, 0], "uv_size": [4, 4]},
								"up": {"uv": [20, 0], "uv_size": [4, 4]},
								"down": {"uv": [20, 0], "uv_size": [4, 4]}
							}
						},
						{
							"origin": [7.47058, 4.92609, -0.875],
							"size": [0.625, 1.5, 0.625],
							"pivot": [7.78308, 5.67609, -0.5625],
							"rotation": [0, 0, 7.5],
							"uv": {
								"north": {"uv": [24, 0], "uv_size": [-4, 4]},
								"east": {"uv": [24, 0], "uv_size": [-4, 4]},
								"south": {"uv": [24, 0], "uv_size": [-4, 4]},
								"west": {"uv": [24, 0], "uv_size": [-4, 4]},
								"up": {"uv": [20, 4], "uv_size": [4, -4]},
								"down": {"uv": [20, 4], "uv_size": [4, -4]}
							}
						},
						{
							"origin": [7.47058, 4.92609, 0.25],
							"size": [0.625, 1.5, 0.625],
							"pivot": [7.78308, 5.67609, 0.5625],
							"rotation": [0, 0, 7.5],
							"uv": {
								"north": {"uv": [20, 0], "uv_size": [4, 4]},
								"east": {"uv": [20, 0], "uv_size": [4, 4]},
								"south": {"uv": [20, 0], "uv_size": [4, 4]},
								"west": {"uv": [20, 0], "uv_size": [4, 4]},
								"up": {"uv": [20, 0], "uv_size": [4, 4]},
								"down": {"uv": [20, 0], "uv_size": [4, 4]}
							}
						},
						{
							"origin": [4.375, 5.63641, -1.95098],
							"size": [0.625, 1.25, 0.625],
							"pivot": [4.6875, 6.26141, -1.63848],
							"rotation": [7.5, 0, 0],
							"uv": {
								"north": {"uv": [24, 0], "uv_size": [-4, 4]},
								"east": {"uv": [24, 0], "uv_size": [-4, 4]},
								"south": {"uv": [24, 0], "uv_size": [-4, 4]},
								"west": {"uv": [24, 0], "uv_size": [-4, 4]},
								"up": {"uv": [20, 4], "uv_size": [4, -4]},
								"down": {"uv": [20, 4], "uv_size": [4, -4]}
							}
						}
					]
				}
			]
		}
	]
}