{
	"format_version": "1.12.0",
	"minecraft:geometry": [
		{
			"description": {
				"identifier": "geometry.suna_sable",
				"texture_width": 16,
				"texture_height": 16,
				"visible_bounds_width": 5,
				"visible_bounds_height": 4.5,
				"visible_bounds_offset": [0, 1.75, 0]
			},
			"bones": [
				{
					"name": "tat",
					"pivot": [0, 0, 5]
				},
				{
					"name": "p1",
					"parent": "tat",
					"pivot": [0, 2, 0],
					"cubes": [
						{
							"origin": [-4.0136, 0.3256, -3.0136],
							"size": [7.0272, 3.2688, 7.0272],
							"uv": {
								"north": {"uv": [0, 0], "uv_size": [16, 16]},
								"east": {"uv": [0, 0], "uv_size": [16, 16]},
								"south": {"uv": [0, 0], "uv_size": [16, 16]},
								"west": {"uv": [0, 0], "uv_size": [16, 16]},
								"up": {"uv": [2.2, 0.5], "uv_size": [-0.9, -0.2]},
								"down": {"uv": [2.1, 1], "uv_size": [-0.8, -0.5]}
							}
						}
					]
				},
				{
					"name": "p2",
					"parent": "tat",
					"pivot": [0, 5.5, 2],
					"cubes": [
						{
							"origin": [-4.64605, 3.53141, -3.64605],
							"size": [8.2921, 3.85718, 8.2921],
							"pivot": [-0.5, 4.96, 0.5],
							"rotation": [0, -27.5, 0],
							"uv": {
								"north": {"uv": [0, 0], "uv_size": [16, 16]},
								"east": {"uv": [0, 0], "uv_size": [16, 16]},
								"south": {"uv": [0, 0], "uv_size": [16, 16]},
								"west": {"uv": [0, 0], "uv_size": [16, 16]},
								"up": {"uv": [2.2, 0.5], "uv_size": [-0.9, -0.2]},
								"down": {"uv": [2.1, 1], "uv_size": [-0.8, -0.5]}
							}
						}
					]
				},
				{
					"name": "p3",
					"parent": "tat",
					"pivot": [0, 8, 0.50001],
					"cubes": [
						{
							"origin": [-5.06065, 7.23855, -4.06065],
							"size": [9.12131, 4.2429, 9.12131],
							"pivot": [-0.5, 9.36, 0.5],
							"rotation": [0, -65, 0],
							"uv": {
								"north": {"uv": [0, 0], "uv_size": [16, 16]},
								"east": {"uv": [0, 0], "uv_size": [16, 16]},
								"south": {"uv": [0, 0], "uv_size": [16, 16]},
								"west": {"uv": [0, 0], "uv_size": [16, 16]},
								"up": {"uv": [2.2, 0.5], "uv_size": [-0.9, -0.2]},
								"down": {"uv": [2.1, 1], "uv_size": [-0.8, -0.5]}
							}
						},
						{
							"origin": [-5.06065, 11.48145, -8.06065],
							"size": [9.12131, 0, 17.12131],
							"pivot": [-0.5, 9.36, 0.5],
							"rotation": [0, -65, 0],
							"uv": {
								"north": {"uv": [0, 0], "uv_size": [16, 16]},
								"east": {"uv": [0, 0], "uv_size": [16, 16]},
								"south": {"uv": [0, 0], "uv_size": [16, 16]},
								"west": {"uv": [0, 0], "uv_size": [16, 16]},
								"up": {"uv": [2.2, 0.5], "uv_size": [-0.9, -0.2]},
								"down": {"uv": [2.1, 1], "uv_size": [-0.8, -0.5]}
							}
						}
					]
				},
				{
					"name": "p4",
					"parent": "tat",
					"pivot": [0, 14, 0],
					"cubes": [
						{
							"origin": [-6.52006, 11.25968, -5.52006],
							"size": [12.04012, 5.60063, 12.04012],
							"pivot": [-0.5, 13.56, 0.5],
							"rotation": [-180, -75, 180],
							"uv": {
								"north": {"uv": [0, 0], "uv_size": [16, 16]},
								"east": {"uv": [0, 0], "uv_size": [16, 16]},
								"south": {"uv": [0, 0], "uv_size": [16, 16]},
								"west": {"uv": [0, 0], "uv_size": [16, 16]},
								"up": {"uv": [2.2, 0.5], "uv_size": [-0.9, -0.2]},
								"down": {"uv": [2.1, 1], "uv_size": [-0.8, -0.5]}
							}
						},
						{
							"origin": [-6.52006, 16.25968, -12.52006],
							"size": [12.04012, 0, 25.04012],
							"pivot": [-0.5, 13.56, 0.5],
							"rotation": [-180, -75, 180],
							"uv": {
								"north": {"uv": [0, 0], "uv_size": [16, 16]},
								"east": {"uv": [0, 0], "uv_size": [16, 16]},
								"south": {"uv": [0, 0], "uv_size": [16, 16]},
								"west": {"uv": [0, 0], "uv_size": [16, 16]},
								"up": {"uv": [2.2, 0.5], "uv_size": [-0.9, -0.2]},
								"down": {"uv": [2.1, 1], "uv_size": [-0.8, -0.5]}
							}
						}
					]
				},
				{
					"name": "p5",
					"parent": "tat",
					"pivot": [0, 20, -2],
					"cubes": [
						{
							"origin": [-8.55492, 16.37763, -9.34827],
							"size": [17.29443, 8.04475, 17.29443],
							"pivot": [0.0923, 19.26, -0.70106],
							"rotation": [-180, -37.5, 180],
							"uv": {
								"north": {"uv": [0, 0], "uv_size": [16, 16]},
								"east": {"uv": [0, 0], "uv_size": [16, 16]},
								"south": {"uv": [0, 0], "uv_size": [16, 16]},
								"west": {"uv": [0, 0], "uv_size": [16, 16]},
								"up": {"uv": [2.2, 0.5], "uv_size": [-0.9, -0.2]},
								"down": {"uv": [2.1, 1], "uv_size": [-0.8, -0.5]}
							}
						}
					]
				},
				{
					"name": "p6",
					"parent": "tat",
					"pivot": [0, 30, 2],
					"cubes": [
						{
							"origin": [-13.54004, 23.58923, -13.30618],
							"size": [26.16302, 12.17009, 26.16302],
							"pivot": [-0.45853, 27.50827, -0.22467],
							"rotation": [-180, 7.5, 180],
							"uv": {
								"north": {"uv": [0, 0], "uv_size": [16, 16]},
								"east": {"uv": [0, 0], "uv_size": [16, 16]},
								"south": {"uv": [0, 0], "uv_size": [16, 16]},
								"west": {"uv": [0, 0], "uv_size": [16, 16]},
								"up": {"uv": [2.2, 0.5], "uv_size": [-0.9, -0.2]},
								"down": {"uv": [2.1, 1], "uv_size": [-0.8, -0.5]}
							}
						},
						{
							"origin": [-13.54004, 29.75932, -20.30618],
							"size": [26.16302, 0, 40.16302],
							"pivot": [-0.45853, 27.50827, -0.22467],
							"rotation": [-180, 7.5, 180],
							"uv": {
								"north": {"uv": [0, 0], "uv_size": [16, 16]},
								"east": {"uv": [0, 0], "uv_size": [16, 16]},
								"south": {"uv": [0, 0], "uv_size": [16, 16]},
								"west": {"uv": [0, 0], "uv_size": [16, 16]},
								"up": {"uv": [2.2, 0.5], "uv_size": [-0.9, -0.2]},
								"down": {"uv": [2.1, 1], "uv_size": [-0.8, -0.5]}
							}
						},
						{
							"origin": [-20.54004, 23.75932, -13.30618],
							"size": [39.16302, 0, 25.16302],
							"pivot": [-0.45853, 27.50827, -0.22467],
							"rotation": [-180, 7.5, 180],
							"uv": {
								"north": {"uv": [0, 0], "uv_size": [16, 16]},
								"east": {"uv": [0, 0], "uv_size": [16, 16]},
								"south": {"uv": [0, 0], "uv_size": [16, 16]},
								"west": {"uv": [0, 0], "uv_size": [16, 16]},
								"up": {"uv": [2.2, 0.5], "uv_size": [-0.9, -0.2]},
								"down": {"uv": [2.1, 1], "uv_size": [-0.8, -0.5]}
							}
						}
					]
				},
				{
					"name": "p7",
					"parent": "tat",
					"pivot": [0, 42, 0],
					"rotation": [0, -47.5, 0],
					"cubes": [
						{
							"origin": [-15.4589, 35.91494, -14.4589],
							"size": [29.91779, 13.91668, 29.91779],
							"pivot": [-0.5, 37.16, 0.5],
							"rotation": [-180, 7.5, 180],
							"uv": {
								"north": {"uv": [0, 0], "uv_size": [16, 16]},
								"east": {"uv": [0, 0], "uv_size": [16, 16]},
								"south": {"uv": [0, 0], "uv_size": [16, 16]},
								"west": {"uv": [0, 0], "uv_size": [16, 16]},
								"up": {"uv": [2.2, 0.5], "uv_size": [-0.9, -0.2]},
								"down": {"uv": [2.1, 1], "uv_size": [-0.8, -0.5]}
							}
						},
						{
							"origin": [-15.4589, 41.91494, -26.4589],
							"size": [29.91779, 0, 53.91779],
							"pivot": [-0.5, 37.16, 0.5],
							"rotation": [-180, 7.5, 180],
							"uv": {
								"north": {"uv": [0, 0], "uv_size": [16, 16]},
								"east": {"uv": [0, 0], "uv_size": [16, 16]},
								"south": {"uv": [0, 0], "uv_size": [16, 16]},
								"west": {"uv": [0, 0], "uv_size": [16, 16]},
								"up": {"uv": [2.2, 0.5], "uv_size": [-0.9, -0.2]},
								"down": {"uv": [2.1, 1], "uv_size": [-0.8, -0.5]}
							}
						},
						{
							"origin": [-25.4589, 36.91494, -14.4589],
							"size": [47.91779, 0, 29.91779],
							"pivot": [-0.5, 37.16, 0.5],
							"rotation": [-180, 7.5, 180],
							"uv": {
								"north": {"uv": [0, 0], "uv_size": [16, 16]},
								"east": {"uv": [0, 0], "uv_size": [16, 16]},
								"south": {"uv": [0, 0], "uv_size": [16, 16]},
								"west": {"uv": [0, 0], "uv_size": [16, 16]},
								"up": {"uv": [2.2, 0.5], "uv_size": [-0.9, -0.2]},
								"down": {"uv": [2.1, 1], "uv_size": [-0.8, -0.5]}
							}
						}
					]
				}
			]
		}
	]
}