{
	"format_version": "1.12.0",
	"minecraft:geometry": [
		{
			"description": {
				"identifier": "geometry.tori_phoenix_blue_bird",
				"texture_width": 16,
				"texture_height": 16,
				"visible_bounds_width": 2,
				"visible_bounds_height": 1.5,
				"visible_bounds_offset": [0, 0.25, 0]
			},
			"bones": [
				{
					"name": "root",
					"pivot": [0, 0, 0],
					"cubes": [
						{
							"origin": [-3.25, -3.25, -3.25],
							"size": [6.5, 6.5, 6.5],
							"uv": {
								"north": {"uv": [0, 11.5], "uv_size": [1.25, 1.25]},
								"east": {"uv": [0, 11.5], "uv_size": [1.25, 1.25]},
								"south": {"uv": [0, 11.5], "uv_size": [1.25, 1.25]},
								"west": {"uv": [0, 11.5], "uv_size": [1.25, 1.25]},
								"up": {"uv": [1.25, 12.75], "uv_size": [-1.25, -1.25]},
								"down": {"uv": [1.25, 12.75], "uv_size": [-1.25, -1.25]}
							}
						}
					]
				},
				{
					"name": "body",
					"parent": "root",
					"pivot": [0, 0, 0],
					"cubes": [
						{
							"origin": [-3, -4, -3],
							"size": [6, 8, 6],
							"uv": {
								"north": {"uv": [14.5, 0.25], "uv_size": [1.25, 1.25]},
								"east": {"uv": [14.5, 0.25], "uv_size": [1.25, 1.25]},
								"south": {"uv": [14.5, 0.25], "uv_size": [1.25, 1.25]},
								"west": {"uv": [14.5, 0.25], "uv_size": [1.25, 1.25]},
								"up": {"uv": [15.75, 1.5], "uv_size": [-1.25, -1.25]},
								"down": {"uv": [15.75, 1.5], "uv_size": [-1.25, -1.25]}
							}
						},
						{
							"origin": [-4, -3, -3],
							"size": [8, 6, 6],
							"uv": {
								"north": {"uv": [14.5, 0.25], "uv_size": [1.25, 1.25]},
								"east": {"uv": [14.5, 0.25], "uv_size": [1.25, 1.25]},
								"south": {"uv": [14.5, 0.25], "uv_size": [1.25, 1.25]},
								"west": {"uv": [14.5, 0.25], "uv_size": [1.25, 1.25]},
								"up": {"uv": [15.75, 1.5], "uv_size": [-1.25, -1.25]},
								"down": {"uv": [15.75, 1.5], "uv_size": [-1.25, -1.25]}
							}
						},
						{
							"origin": [-3, -3, -4],
							"size": [6, 6, 8],
							"uv": {
								"north": {"uv": [14.5, 0.25], "uv_size": [1.25, 1.25]},
								"east": {"uv": [14.5, 0.25], "uv_size": [1.25, 1.25]},
								"south": {"uv": [14.5, 0.25], "uv_size": [1.25, 1.25]},
								"west": {"uv": [14.5, 0.25], "uv_size": [1.25, 1.25]},
								"up": {"uv": [15.75, 1.5], "uv_size": [-1.25, -1.25]},
								"down": {"uv": [15.75, 1.5], "uv_size": [-1.25, -1.25]}
							}
						}
					]
				}
			]
		}
	]
}