{
  "id": "1666214649998",
  "name": "katana",
  "pools": [
    {
      "rolls": 1,
      "entries": [
        {
          "type": "item",
          "weight": 1,
          "name": "mn:katana_craft",
          "functions": [
            {
              "function": "set_count",
              "count": {
                "min": 1,
                "max": 1
              }
            },
            {
              "function": "set_data",
              "data": 0
            }
          ]
        },
        {
          "type": "item",
          "weight": 1,
          "name": "mn:sngue",
          "functions": [
            {
              "function": "set_count",
              "count": {
                "min": 1,
                "max": 5
              }
            },
            {
              "function": "set_data",
              "data": 0
            }
          ]
        }
      ]
    }
  ]
}