{
  "format_version": "1.10.0",
  "minecraft:client_entity": {
    "description": {
      "identifier": "ag1:seek",
      "textures": {
        "default": "textures/entity/Seek_ag1"
      },
      "materials": {
        "default": "ravager"
      },
      "geometry": {
        "default": "geometry.Seek_ag1"
      },
      "render_controllers": [
        "controller.render.default"
      ],
      "spawn_egg": {
        "base_color": "#000000",
        "overlay_color": "#000000"
      },
      "animations": {
        "walk": "animation.Seek_ag1.mov",
        "idle_mouth": "animation.Seek_ag1.gen",
        "stunned": "animation.seek.stunned",
        "roaring": "animation.seek.roaring",
        "move": "controller.animation.ravager.move",
        "head": "controller.animation.ravager.head_movement",
        "biting": "animation.Seek_ag1.att"
      },
      "scripts": {
        "pre_animation": [
          "variable.roar_length \u003d 1.0;",
          "variable.bite_anim_duration \u003d 0.75f;",
          "variable.bite_neck_length \u003d 10;"
        ],
        "animate": [
          "move",
          "head"
        ]
      },
      "particle_effects": {
        "stun_particles": "minecraft:stunned_emitter"
      }
    }
  }
}