{
  "format_version":"1.16.100",
  "animation_controllers":{
    "controller.animation.guragura_p":{
      "states":{
        "default":{
          "transitions":[
            {"1":"variable.time = (variable.time ?? 0);variable.time = variable.time < 1 ? variable.time + 1:0;return variable.time == 0;"}
          ]
        },
        "1":{
          "transitions":[
            {"2":"variable.time = (variable.time ?? 0);variable.time = variable.time < 2 ? variable.time + 1:0;return variable.time == 0;"}
          ],
          "on_entry":[
            "/particle onepiece_addon:guragura_particle1",
            "/summon onepiece_addon:guragura_attack3"
          ]
        },
        "2":{
          "transitions":[
            {"3":"variable.time = (variable.time ?? 0);variable.time = variable.time < 2 ? variable.time + 1:0;return variable.time == 0;"}
          ],
          "on_entry":[
            "/particle onepiece_addon:guragura_particle2",
            "/summon onepiece_addon:guragura_attack1"
          ]
        },
        "3":{
          "transitions":[
            {"4":"variable.time = (variable.time ?? 0);variable.time = variable.time < 2 ? variable.time + 1:0;return variable.time == 0;"}
          ],
          "on_entry":[
            "/particle onepiece_addon:guragura_particle3",
            "/summon onepiece_addon:guragura_attack2"
          ]
        },
        "4":{
          "transitions":[
            {"5":"variable.time = (variable.time ?? 0);variable.time = variable.time < 2 ? variable.time + 1:0;return variable.time == 0;"}
          ],
          "on_entry":[
            "/particle onepiece_addon:guragura_particle4",
            "/summon onepiece_addon:guragura_attack2"
          ]
        },
        "5":{
          "transitions":[
            {"6":"variable.time = (variable.time ?? 0);variable.time = variable.time < 2 ? variable.time + 1:0;return variable.time == 0;"}
          ],
          "on_entry":[
            "/particle onepiece_addon:guragura_particle5",
            "/summon onepiece_addon:guragura_attack2"
          ]
        },
        "6":{
          "transitions":[
            {"7":"(1.0)"}
          ],
          "on_entry":[
            "/particle onepiece_addon:guragura_particle6",
            "/summon onepiece_addon:guragura_attack2"
          ]
        },
        "7":{
          "transitions":[
            {"8":"(1.0)"}
          ],
          "on_entry":[
            "/summon onepiece_addon:guragura_attack2"
          ]
        },
        "8":{
          "transitions":[
            {"7":"(1.0)"}
          ],
          "on_entry":[
            "/summon onepiece_addon:guragura_attack2"
          ]
        }
      }
    }
  }
}