{
  "format_version":"1.16.100",
  "animation_controllers":{
    "controller.animation.guragura_attack4":{
      "states":{
        "default":{
          "transitions":[
            {"1":"(1.0)"}
          ]
        },
        "1":{
          "transitions":[
            {"2":"variable.time = (variable.time ?? 0);variable.time = variable.time < 1 ? variable.time + 1:0;return variable.time == 0;"}
          ],
          "on_entry":[
            "/summon onepiece_addon:guragura_ex_m ~2~~",
            "/summon onepiece_addon:guragura_ex_m ~-2~~"
          ]
        },
        "2":{
          "transitions":[
            {"3":"variable.time = (variable.time ?? 0);variable.time = variable.time < 1 ? variable.time + 1:0;return variable.time == 0;"}
          ],
          "on_entry":[
            "/summon onepiece_addon:guragura_ex_m ~~2~",
            "/summon onepiece_addon:guragura_ex_m ~~-2~"
          ]
        },
        "3":{
          "on_entry":[
            "/summon onepiece_addon:guragura_ex_m ~~~2",
            "/summon onepiece_addon:guragura_ex_m ~~~-2"
          ]
        }
      }
    }
  }
}