{
  "format_version": "1.16.100",
  "minecraft:block": {
    "description": {
      "identifier": "wesl3y:baratie_block2"
    },
    "components": {
      "minecraft:loot": "loot_tables/empty.json",
      "minecraft:material_instances": {
        "*": {
          "texture": "baratie_block",
          "render_method": "alpha_test"
        }
      },
      "minecraft:entity_collision": {
        "origin": [-8,0,-8],
        "size": [16,16,16]
      },
      "minecraft:pick_collision": {
        "origin": [-8,0,-8],
        "size": [16,16,16]
      },
      "minecraft:destroy_time": 0.25,
      "minecraft:friction": 0.6,
      "minecraft:map_color": "#000000",
      "minecraft:block_light_absorption": 0.0,
      "minecraft:explosion_resistance": 3,
      "minecraft:flammable": {
        "flame_odds":0,
        "burn_odds":0
      },
      "minecraft:ticking": {
        "looping": true,
        "range": [
          0.5,
          0.5
        ],
        "on_tick": {
          "event": "wesl3y:test",
          "target": "self"
        }
      }
    },
    "events": {
      "wesl3y:test": {
        "sequence": [
          {
            "randomize": [
              {
                "weight": 60,
                "run_command": {
                  "command": [
                    "setblock ~~~ air",
                    "structure load baratie ~-19 ~ ~-19 0_degrees",
                    "execute @p[tag=browser,r=60] ~~~ tellraw @s{\"rawtext\":[{\"text\":\"Baratie Spawned\"}]}"
                  ]
                }
              },
              {
                "weight": 50,
                "run_command": {
                  "command": [
                    "setblock ~~~ air",
                    "structure load baratie ~-19 ~ ~-19 180_degrees",
                    "execute @p[tag=browser,r=60] ~~~ tellraw @s{\"rawtext\":[{\"text\":\"Baratie Spawned\"}]}"
                  ]
                }
              },
              {
                "weight": 50,
                "run_command": {
                  "command": [
                    "setblock ~~~ air",
                    "structure load baratie ~-19 ~ ~-19 270_degrees",
                    "execute @p[tag=browser,r=60] ~~~ tellraw @s{\"rawtext\":[{\"text\":\"Baratie Spawned\"}]}"
                  ]
                }
              },
              {
                "weight": 50,
                "run_command": {
                  "command": [
                    "setblock ~~~ air",
                    "structure load baratie ~-19 ~ ~-19 90_degrees",
                    "execute @p[tag=browser,r=60] ~~~ tellraw @s{\"rawtext\":[{\"text\":\"Baratie Spawned\"}]}"
                  ]
                }
              }
            ]
          }
        ]
      }
    }
  }
}