{
  "format_version": "1.16.100",
  "minecraft:block": {
    "description": {
      "identifier": "wesl3y:bau_pirate",
      "properties": {
        "wesl3y:face": [ 0, 1, 2, 3 ]
      }
    },
    "components": {
      "minecraft:loot": "loot_tables/empty.json",
      "minecraft:material_instances": {
        "*": {
          "texture": "bau_pirate",
          "render_method": "alpha_test"
        }
      },
      "minecraft:entity_collision": {
        "origin": [-8,0,-8],
        "size": [16,16,16]
      },
      "minecraft:pick_collision": {
        "origin": [-8,0,-8],
        "size": [16,16,16]
      },
      "minecraft:destroy_time": 0.25,
      "minecraft:friction": 0.6,
      "minecraft:map_color": "#000000",
      "minecraft:block_light_absorption": 0.0,
      "minecraft:explosion_resistance": 3,
      "minecraft:flammable":{
        "flame_odds":0,
        "burn_odds":0
      },
	  "minecraft:on_player_placing": {
        "event": "wesl3y:place"
      },
      "minecraft:on_step_on":{
        "event":"wesl3y:pirate"
      },
      "minecraft:on_player_destroyed":{
        "event":"wesl3y:pirate"
      }
    },
    "events": {
      "wesl3y:place": {
        "set_block_property": {
		  "wesl3y:face": "query.cardinal_facing_2d-2"
		}
      },
      "wesl3y:pirate": {
        "run_command": {
          "command": [
            "setblock ~~~ planks 1",
            "summon wesl3y:spawn_mobs ~~1~ minecraft:pirate"
          ]
        }
      }
    },
    "permutations": [
      {
        "condition": "query.block_property('wesl3y:face') == 0",
        "components": {
          "minecraft:rotation": [ 0, 180, 0 ]
        }
      },
      {
        "condition": "query.block_property('wesl3y:face') == 1",
        "components": {
          "minecraft:rotation": [ 0, 0, 0 ]
        }
      },
      {
        "condition": "query.block_property('wesl3y:face') == 2",
        "components": {
          "minecraft:rotation": [ 0, 270, 0 ]
        }
      },
      {
        "condition": "query.block_property('wesl3y:face') == 3",
        "components": {
          "minecraft:rotation": [ 0, 90, 0 ]
        }
      }
    ]
  }
}