{
  "format_version":"1.16.100",
  "animation_controllers":{
    "controller.animation.akainu":{
      "states":{
        "default":{
          "transitions":[
            {"k":"query.variant == 27000"},
            {"kurouzu":"query.variant == 270"},
            {"akainu1":"query.has_target && !query.is_in_water"}
          ]
        },
        "akainu1":{
          "transitions":[
            {"default":"(1.0)"}
          ],
          "on_entry":[
            "/setblock ~~~ flowing_lava"
          ]
        },
        "kurouzu":{
          "transitions":[
            {"default":"query.variant == 0"}
          ]
        },
        "k":{}
      }
    }
  }
}