{
  "format_version": "1.12.0",
  "minecraft:geometry": [
    {
      "description": {
        "identifier": "geometry.yg_a",
        "texture_width": 64,
        "texture_height": 64,
        "visible_bounds_width": 2,
        "visible_bounds_height": 2.5,
        "visible_bounds_offset": [
          0,
          0.75,
          0
        ]
      },
      "bones": [
        {
          "name": "Root",
          "pivot": [
            0.04857,
            0.18855,
            -0.75714
          ],
          "cubes": [
            {
              "origin": [
                -3.0,
                8.0,
                -2.0
              ],
              "size": [
                6.0,
                3.0,
                3.0
              ],
              "uv": [
                0,
                14
              ],
              "inflate": 0
            },
            {
              "origin": [
                -3.0,
                3.0,
                -2.0
              ],
              "size": [
                6.0,
                2.0,
                3.0
              ],
              "uv": [
                17,
                11
              ],
              "inflate": 0
            },
            {
              "origin": [
                -2.52,
                3.76,
                -1.62
              ],
              "size": [
                5.72,
                4.48,
                2.24
              ],
              "uv": [
                16,
                18
              ],
              "inflate": 0
            },
            {
              "origin": [
                -3.97026,
                -0.09009,
                -2.0
              ],
              "size": [
                2.0,
                11.0,
                3.0
              ],
              "pivot": [
                -2.97026,
                5.40991,
                -0.5
              ],
              "rotation": [
                0.0,
                0.0,
                10.0
              ],
              "uv": [
                10,
                0
              ],
              "inflate": 0
            },
            {
              "origin": [
                1.97026,
                -0.09009,
                -2.0
              ],
              "size": [
                2.0,
                11.0,
                3.0
              ],
              "pivot": [
                2.97026,
                5.40991,
                -0.5
              ],
              "rotation": [
                0.0,
                0.0,
                -10.0
              ],
              "uv": [
                0,
                0
              ],
              "inflate": 0
            },
            {
              "origin": [
                -5.0,
                5.5,
                -2.4
              ],
              "size": [
                3.0,
                2.0,
                2.0
              ],
              "uv": [
                20,
                0
              ],
              "inflate": 0
            },
            {
              "origin": [
                2.0,
                5.5,
                -2.4
              ],
              "size": [
                3.0,
                2.0,
                2.0
              ],
              "uv": [
                0,
                20
              ],
              "inflate": 0
            }
          ]
        }
      ]
    }
  ]
}