{
  "format_version": "1.12.0",
  "minecraft:geometry": [
    {
      "description": {
        "identifier": "geometry.yg_b",
        "texture_width": 32,
        "texture_height": 32,
        "visible_bounds_width": 2,
        "visible_bounds_height": 2.5,
        "visible_bounds_offset": [
          0,
          0.75,
          0
        ]
      },
      "bones": [
        {
          "name": "Root",
          "pivot": [
            -4,
            8,
            0
          ],
          "rotation": [
            0,
            0,
            -12.5
          ]
        },
        {
          "name": "Wing",
          "pivot": [
            -2.33333,
            8,
            -0.5
          ],
          "cubes": [
            {
              "origin": [
                -5.0,
                8.0,
                -1.0
              ],
              "size": [
                6.0,
                8.0,
                1.0
              ],
              "uv": [
                0,
                9
              ],
              "inflate": 0
            },
            {
              "origin": [
                1.0,
                8.5,
                -1.0
              ],
              "size": [
                1.0,
                7.0,
                1.0
              ],
              "uv": [
                17,
                17
              ],
              "inflate": 0
            },
            {
              "origin": [
                2.0,
                9.5,
                -1.0
              ],
              "size": [
                1.0,
                5.0,
                1.0
              ],
              "uv": [
                18,
                10
              ],
              "inflate": 0
            },
            {
              "origin": [
                -6.0,
                8.0,
                -2.5
              ],
              "size": [
                3.0,
                3.0,
                2.0
              ],
              "uv": [
                14,
                5
              ],
              "inflate": 0
            }
          ],
          "parent": "Root"
        },
        {
          "name": "Wing2",
          "pivot": [
            -2.33333,
            8,
            -0.5
          ],
          "cubes": [
            {
              "origin": [
                -5.0,
                0.0,
                -1.0
              ],
              "size": [
                6.0,
                8.0,
                1.0
              ],
              "uv": [
                0,
                0
              ],
              "inflate": 0
            },
            {
              "origin": [
                1.0,
                0.5,
                -1.0
              ],
              "size": [
                1.0,
                7.0,
                1.0
              ],
              "uv": [
                14,
                10
              ],
              "inflate": 0
            },
            {
              "origin": [
                2.0,
                1.5,
                -1.0
              ],
              "size": [
                1.0,
                5.0,
                1.0
              ],
              "uv": [
                8,
                18
              ],
              "inflate": 0
            },
            {
              "origin": [
                -6.0,
                5.0,
                -2.5
              ],
              "size": [
                3.0,
                3.0,
                2.0
              ],
              "uv": [
                14,
                0
              ],
              "inflate": 0
            }
          ],
          "parent": "Root"
        },
        {
          "name": "bone",
          "pivot": [
            -5.15661,
            8,
            -0.5373
          ],
          "cubes": [
            {
              "origin": [
                -6.15661,
                7.5,
                -1.5373
              ],
              "size": [
                2.0,
                1.0,
                2.0
              ],
              "pivot": [
                -5.15661,
                8.0,
                -0.5373
              ],
              "rotation": [
                0.0,
                32.5,
                0.0
              ],
              "uv": [
                0,
                18
              ],
              "inflate": 0
            }
          ],
          "parent": "Root"
        }
      ]
    }
  ]
}