{
  "format_version": "1.12.0",
  "minecraft:geometry": [
    {
      "description": {
        "identifier": "geometry.yg_c",
        "texture_width": 64,
        "texture_height": 64,
        "visible_bounds_width": 3,
        "visible_bounds_height": 2.5,
        "visible_bounds_offset": [
          0,
          0.75,
          0
        ]
      },
      "bones": [
        {
          "name": "Root",
          "cubes": [
            {
              "origin": [
                -4.26272,
                0.32441,
                -1.0
              ],
              "size": [
                8.0,
                3.0,
                3.0
              ],
              "uv": [
                0,
                14
              ],
              "inflate": 0
            },
            {
              "origin": [
                -4.52419,
                10.77806,
                -1.0
              ],
              "size": [
                8.0,
                3.0,
                3.0
              ],
              "uv": [
                0,
                8
              ],
              "inflate": 0
            },
            {
              "origin": [
                3.13379,
                0.74698,
                -1.0
              ],
              "size": [
                3.0,
                3.0,
                3.0
              ],
              "pivot": [
                4.63379,
                2.24698,
                0.5
              ],
              "rotation": [
                0.0,
                0.0,
                -20.0
              ],
              "uv": [
                0,
                27
              ],
              "inflate": 0
            },
            {
              "origin": [
                2.87232,
                10.3555,
                -1.0
              ],
              "size": [
                3.0,
                3.0,
                3.0
              ],
              "pivot": [
                4.37232,
                11.8555,
                0.5
              ],
              "rotation": [
                0.0,
                0.0,
                20.0
              ],
              "uv": [
                19,
                11
              ],
              "inflate": 0
            },
            {
              "origin": [
                -6.22389,
                0.78151,
                -1.0
              ],
              "size": [
                3.0,
                4.0,
                3.0
              ],
              "pivot": [
                -4.72389,
                2.78151,
                0.5
              ],
              "rotation": [
                0.0,
                0.0,
                -47.5
              ],
              "uv": [
                0,
                20
              ],
              "inflate": 0
            },
            {
              "origin": [
                -6.48536,
                9.32097,
                -1.0
              ],
              "size": [
                3.0,
                4.0,
                3.0
              ],
              "pivot": [
                -4.98536,
                11.32097,
                0.5
              ],
              "rotation": [
                0.0,
                0.0,
                47.5
              ],
              "uv": [
                19,
                17
              ],
              "inflate": 0
            },
            {
              "origin": [
                -8.25269,
                3.59781,
                -1.0
              ],
              "size": [
                3.0,
                3.0,
                3.0
              ],
              "pivot": [
                -6.75269,
                5.09781,
                0.5
              ],
              "rotation": [
                0.0,
                0.0,
                -32.5
              ],
              "uv": [
                21,
                24
              ],
              "inflate": 0
            },
            {
              "origin": [
                -8.51416,
                7.50467,
                -1.0
              ],
              "size": [
                3.0,
                3.0,
                3.0
              ],
              "pivot": [
                -7.01416,
                9.00467,
                0.5
              ],
              "rotation": [
                0.0,
                0.0,
                32.5
              ],
              "uv": [
                23,
                5
              ],
              "inflate": 0
            },
            {
              "origin": [
                -8.96017,
                5.68197,
                -1.0
              ],
              "size": [
                3.0,
                3.0,
                3.0
              ],
              "pivot": [
                -7.46017,
                7.18197,
                0.5
              ],
              "rotation": [
                0.0,
                0.0,
                -5.0
              ],
              "uv": [
                9,
                24
              ],
              "inflate": 0
            },
            {
              "origin": [
                -6.0,
                3.0,
                -0.5
              ],
              "size": [
                11.0,
                2.0,
                2.0
              ],
              "uv": [
                0,
                4
              ],
              "inflate": 0
            },
            {
              "origin": [
                -6.0,
                9.0,
                -0.5
              ],
              "size": [
                11.0,
                2.0,
                2.0
              ],
              "uv": [
                0,
                0
              ],
              "inflate": 0
            },
            {
              "origin": [
                -7.43474,
                5.00428,
                -1.3
              ],
              "size": [
                3.0,
                3.0,
                2.0
              ],
              "pivot": [
                -5.93474,
                6.50428,
                -0.3
              ],
              "rotation": [
                0.0,
                0.0,
                -7.5
              ],
              "uv": [
                29,
                15
              ],
              "inflate": 0
            },
            {
              "origin": [
                -10.56526,
                5.00428,
                -1.3
              ],
              "size": [
                3.0,
                3.0,
                2.0
              ],
              "pivot": [
                -9.06526,
                6.50428,
                -0.3
              ],
              "rotation": [
                0.0,
                0.0,
                7.5
              ],
              "uv": [
                26,
                0
              ],
              "inflate": 0
            }
          ]
        }
      ]
    }
  ]
}