{
  "format_version": "1.12.0",
  "minecraft:geometry": [
    {
      "description": {
        "identifier": "geometry.yg_d",
        "texture_width": 32,
        "texture_height": 32,
        "visible_bounds_width": 3,
        "visible_bounds_height": 2.5,
        "visible_bounds_offset": [
          0,
          0.75,
          0
        ]
      },
      "bones": [
        {
          "name": "Root",
          "cubes": [
            {
              "origin": [
                -5.0,
                0.0,
                -1.0
              ],
              "size": [
                9.0,
                14.0,
                3.0
              ],
              "uv": [
                0,
                0
              ],
              "inflate": 0
            },
            {
              "origin": [
                4.0,
                1.0,
                -1.0
              ],
              "size": [
                1.0,
                12.0,
                3.0
              ],
              "uv": [
                0,
                17
              ],
              "inflate": 0
            },
            {
              "origin": [
                5.0,
                2.0,
                -1.0
              ],
              "size": [
                1.0,
                10.0,
                3.0
              ],
              "uv": [
                8,
                17
              ],
              "inflate": 0
            },
            {
              "origin": [
                -6.26272,
                4.67559,
                -1.0
              ],
              "size": [
                2.0,
                2.0,
                2.0
              ],
              "pivot": [
                -5.26272,
                5.67559,
                0.0
              ],
              "rotation": [
                0.0,
                0.0,
                32.5
              ],
              "uv": [
                24,
                0
              ],
              "inflate": 0
            },
            {
              "origin": [
                -7.0,
                6.0,
                -2.0
              ],
              "size": [
                4.0,
                3.0,
                2.0
              ],
              "uv": [
                16,
                22
              ],
              "inflate": 0
            },
            {
              "origin": [
                -3.0,
                5.0,
                -2.0
              ],
              "size": [
                4.0,
                3.0,
                2.0
              ],
              "uv": [
                16,
                17
              ],
              "inflate": 0
            }
          ]
        }
      ]
    }
  ]
}