{
  "format_version": "1.12.0",
  "minecraft:geometry": [
    {
      "description": {
        "identifier": "geometry.yg_e",
        "texture_width": 64,
        "texture_height": 64,
        "visible_bounds_width": 2,
        "visible_bounds_height": 2.5,
        "visible_bounds_offset": [
          0,
          0.75,
          0
        ]
      },
      "bones": [
        {
          "name": "Root",
          "cubes": [
            {
              "origin": [
                -3.0,
                0.0,
                -1.0
              ],
              "size": [
                8.0,
                3.0,
                3.0
              ],
              "uv": [
                12,
                6
              ],
              "inflate": 0
            },
            {
              "origin": [
                -3.0,
                13.0,
                -1.0
              ],
              "size": [
                8.0,
                3.0,
                3.0
              ],
              "uv": [
                12,
                0
              ],
              "inflate": 0
            },
            {
              "origin": [
                -3.0,
                7.0,
                -1.0
              ],
              "size": [
                6.0,
                3.0,
                3.0
              ],
              "uv": [
                9,
                16
              ],
              "inflate": 0
            },
            {
              "origin": [
                -6.0,
                0.0,
                -1.0
              ],
              "size": [
                3.0,
                16.0,
                3.0
              ],
              "uv": [
                0,
                0
              ],
              "inflate": 0
            },
            {
              "origin": [
                -3.5,
                2.4,
                -0.5
              ],
              "size": [
                8.0,
                2.0,
                2.0
              ],
              "uv": [
                12,
                12
              ],
              "inflate": 0
            },
            {
              "origin": [
                -3.5,
                5.4,
                -0.5
              ],
              "size": [
                6.0,
                2.0,
                2.0
              ],
              "uv": [
                0,
                22
              ],
              "inflate": 0
            },
            {
              "origin": [
                -2.0,
                7.0,
                -2.0
              ],
              "size": [
                3.0,
                2.0,
                2.0
              ],
              "uv": [
                24,
                24
              ],
              "inflate": 0
            },
            {
              "origin": [
                1.0,
                7.3,
                -2.0
              ],
              "size": [
                3.0,
                2.0,
                2.0
              ],
              "uv": [
                16,
                22
              ],
              "inflate": 0
            }
          ]
        }
      ]
    }
  ]
}