{
  "format_version": "1.12.0",
  "minecraft:geometry": [
    {
      "description": {
        "identifier": "geometry.yg_f",
        "texture_width": 64,
        "texture_height": 64,
        "visible_bounds_width": 2,
        "visible_bounds_height": 2.5,
        "visible_bounds_offset": [
          0,
          0.75,
          0
        ]
      },
      "bones": [
        {
          "name": "Root",
          "pivot": [
            -3.5,
            0,
            0
          ],
          "cubes": [
            {
              "origin": [
                -5.0,
                0.0,
                -1.0
              ],
              "size": [
                3.0,
                19.0,
                3.0
              ],
              "uv": [
                0,
                0
              ],
              "inflate": 0
            },
            {
              "origin": [
                -2.0,
                16.0,
                -1.0
              ],
              "size": [
                8.0,
                3.0,
                3.0
              ],
              "uv": [
                12,
                0
              ],
              "inflate": 0
            },
            {
              "origin": [
                -2.0,
                15.0,
                -1.0
              ],
              "size": [
                8.0,
                1.0,
                3.0
              ],
              "uv": [
                12,
                11
              ],
              "inflate": 0
            },
            {
              "origin": [
                -3.0,
                18.0,
                -1.5
              ],
              "size": [
                3.0,
                2.0,
                2.0
              ],
              "pivot": [
                -1.5,
                19.0,
                -0.5
              ],
              "rotation": [
                0.0,
                0.0,
                10.0
              ],
              "uv": [
                20,
                21
              ],
              "inflate": 0
            },
            {
              "origin": [
                0.0,
                18.0,
                -1.5
              ],
              "size": [
                3.0,
                2.0,
                2.0
              ],
              "pivot": [
                1.5,
                19.0,
                -0.5
              ],
              "rotation": [
                0.0,
                0.0,
                -10.0
              ],
              "uv": [
                12,
                19
              ],
              "inflate": 0
            }
          ]
        },
        {
          "name": "Jaw",
          "pivot": [
            -2,
            11.5,
            0.5
          ],
          "cubes": [
            {
              "origin": [
                -2.0,
                13.0,
                -1.0
              ],
              "size": [
                8.0,
                1.0,
                3.0
              ],
              "uv": [
                12,
                15
              ],
              "inflate": 0
            },
            {
              "origin": [
                -2.0,
                11.0,
                -1.0
              ],
              "size": [
                8.0,
                2.0,
                3.0
              ],
              "uv": [
                12,
                6
              ],
              "inflate": 0
            }
          ],
          "parent": "Root"
        }
      ]
    }
  ]
}