{
  "format_version": "1.12.0",
  "minecraft:geometry": [
    {
      "description": {
        "identifier": "geometry.yg_g",
        "texture_width": 32,
        "texture_height": 32,
        "visible_bounds_width": 2,
        "visible_bounds_height": 2.5,
        "visible_bounds_offset": [
          0,
          0.75,
          0
        ]
      },
      "bones": [
        {
          "name": "Root",
          "cubes": [
            {
              "origin": [
                -4.20634,
                -0.55378,
                -1.0
              ],
              "size": [
                3.0,
                8.0,
                3.0
              ],
              "pivot": [
                -2.70634,
                3.44622,
                0.5
              ],
              "rotation": [
                0.0,
                0.0,
                -60.0
              ],
              "uv": [
                9,
                11
              ],
              "inflate": 0
            },
            {
              "origin": [
                -6.95045,
                4.08719,
                -1.03
              ],
              "size": [
                3.06,
                6.12,
                3.06
              ],
              "uv": [
                12,
                0
              ],
              "inflate": 0
            },
            {
              "origin": [
                -4.45795,
                7.74363,
                -1.0
              ],
              "size": [
                3.0,
                11.0,
                3.0
              ],
              "pivot": [
                -2.95795,
                11.74363,
                0.5
              ],
              "rotation": [
                0.0,
                0.0,
                47.5
              ],
              "uv": [
                0,
                0
              ],
              "inflate": 0
            },
            {
              "origin": [
                1.36318,
                -0.6753,
                -1.0
              ],
              "size": [
                3.0,
                6.0,
                3.0
              ],
              "pivot": [
                2.86318,
                3.3247,
                0.5
              ],
              "rotation": [
                0.0,
                0.0,
                62.5
              ],
              "uv": [
                18,
                19
              ],
              "inflate": 0
            },
            {
              "origin": [
                2.58481,
                3.00423,
                -1.0
              ],
              "size": [
                3.0,
                6.0,
                3.0
              ],
              "pivot": [
                4.08481,
                7.00423,
                0.5
              ],
              "rotation": [
                0.0,
                0.0,
                -37.5
              ],
              "uv": [
                0,
                19
              ],
              "inflate": 0
            },
            {
              "origin": [
                -8.0,
                8.0,
                -2.0
              ],
              "size": [
                3.0,
                2.0,
                2.0
              ],
              "uv": [
                21,
                13
              ],
              "inflate": 0
            },
            {
              "origin": [
                -5.0,
                7.5,
                -2.0
              ],
              "size": [
                3.0,
                2.0,
                2.0
              ],
              "uv": [
                18,
                9
              ],
              "inflate": 0
            }
          ]
        }
      ]
    }
  ]
}