{
  "format_version": "1.12.0",
  "minecraft:geometry": [
    {
      "description": {
        "identifier": "geometry.yg_h",
        "texture_width": 32,
        "texture_height": 32,
        "visible_bounds_width": 2,
        "visible_bounds_height": 2.5,
        "visible_bounds_offset": [
          0,
          0.75,
          0
        ]
      },
      "bones": [
        {
          "name": "Root",
          "pivot": [
            0,
            3,
            0
          ],
          "cubes": [
            {
              "origin": [
                -5.5,
                2.0,
                -1.0
              ],
              "size": [
                3.0,
                15.0,
                3.0
              ],
              "uv": [
                12,
                0
              ],
              "inflate": 0
            },
            {
              "origin": [
                -2.5,
                8.0,
                -1.0
              ],
              "size": [
                5.0,
                4.0,
                3.0
              ],
              "uv": [
                0,
                18
              ],
              "inflate": 0
            },
            {
              "origin": [
                2.5,
                2.0,
                -1.0
              ],
              "size": [
                3.0,
                15.0,
                3.0
              ],
              "uv": [
                0,
                0
              ],
              "inflate": 0
            },
            {
              "origin": [
                -6.5,
                9.0,
                -2.0
              ],
              "size": [
                4.0,
                3.0,
                2.0
              ],
              "uv": [
                14,
                23
              ],
              "inflate": 0
            },
            {
              "origin": [
                2.5,
                9.0,
                -2.0
              ],
              "size": [
                4.0,
                3.0,
                2.0
              ],
              "uv": [
                16,
                18
              ],
              "inflate": 0
            }
          ]
        }
      ]
    }
  ]
}