{
  "format_version": "1.12.0",
  "minecraft:geometry": [
    {
      "description": {
        "identifier": "geometry.yg_i",
        "texture_width": 32,
        "texture_height": 32,
        "visible_bounds_width": 2,
        "visible_bounds_height": 2.5,
        "visible_bounds_offset": [
          0,
          0.75,
          0
        ]
      },
      "bones": [
        {
          "name": "Root",
          "cubes": [
            {
              "origin": [
                -2.5,
                1.0,
                -2.0
              ],
              "size": [
                5.0,
                9.0,
                5.0
              ],
              "uv": [
                0,
                16
              ],
              "inflate": 0
            },
            {
              "origin": [
                -3.5,
                0.0,
                -2.5
              ],
              "size": [
                7.0,
                2.0,
                6.0
              ],
              "uv": [
                0,
                8
              ],
              "inflate": 0
            },
            {
              "origin": [
                -3.5,
                9.0,
                -2.5
              ],
              "size": [
                7.0,
                2.0,
                6.0
              ],
              "uv": [
                0,
                0
              ],
              "inflate": 0
            },
            {
              "origin": [
                -4.0,
                5.0,
                -2.3
              ],
              "size": [
                3.0,
                3.0,
                2.0
              ],
              "uv": [
                20,
                0
              ],
              "inflate": 0
            },
            {
              "origin": [
                1.0,
                5.0,
                -2.3
              ],
              "size": [
                3.0,
                3.0,
                2.0
              ],
              "uv": [
                15,
                16
              ],
              "inflate": 0
            }
          ]
        }
      ]
    }
  ]
}