{
  "format_version": "1.12.0",
  "minecraft:geometry": [
    {
      "description": {
        "identifier": "geometry.yg_j",
        "texture_width": 32,
        "texture_height": 32,
        "visible_bounds_width": 2,
        "visible_bounds_height": 2.5,
        "visible_bounds_offset": [
          0,
          0.75,
          0
        ]
      },
      "bones": [
        {
          "name": "Root",
          "cubes": [
            {
              "origin": [
                3.0,
                5.0,
                -1.0
              ],
              "size": [
                3.0,
                7.0,
                3.0
              ],
              "uv": [
                0,
                0
              ],
              "inflate": 0
            },
            {
              "origin": [
                2.5,
                12.0,
                -1.5
              ],
              "size": [
                4.0,
                1.0,
                4.0
              ],
              "uv": [
                8,
                6
              ],
              "inflate": 0
            },
            {
              "origin": [
                2.2953,
                1.82131,
                -1.0
              ],
              "size": [
                3.0,
                4.0,
                3.0
              ],
              "pivot": [
                3.7953,
                3.82131,
                0.5
              ],
              "rotation": [
                0.0,
                0.0,
                25.0
              ],
              "uv": [
                20,
                0
              ],
              "inflate": 0
            },
            {
              "origin": [
                1.58188,
                -1.12879,
                -1.0
              ],
              "size": [
                3.0,
                4.0,
                3.0
              ],
              "pivot": [
                3.08188,
                2.37121,
                0.5
              ],
              "rotation": [
                0.0,
                0.0,
                57.5
              ],
              "uv": [
                9,
                18
              ],
              "inflate": 0
            },
            {
              "origin": [
                -2.35114,
                -1.02621,
                -1.0
              ],
              "size": [
                3.0,
                4.0,
                3.0
              ],
              "pivot": [
                -0.85114,
                0.97379,
                0.5
              ],
              "rotation": [
                0.0,
                0.0,
                97.5
              ],
              "uv": [
                12,
                11
              ],
              "inflate": 0
            },
            {
              "origin": [
                -4.73503,
                0.15592,
                -1.0
              ],
              "size": [
                3.0,
                5.0,
                3.0
              ],
              "pivot": [
                -3.23503,
                2.65592,
                0.5
              ],
              "rotation": [
                0.0,
                0.0,
                145.0
              ],
              "uv": [
                0,
                11
              ],
              "inflate": 0
            },
            {
              "origin": [
                2.2,
                7.5,
                -1.3
              ],
              "size": [
                2.0,
                3.0,
                2.0
              ],
              "uv": [
                0,
                19
              ],
              "inflate": 0
            },
            {
              "origin": [
                4.2,
                8.0,
                -1.3
              ],
              "size": [
                2.0,
                3.0,
                2.0
              ],
              "uv": [
                12,
                0
              ],
              "inflate": 0
            }
          ]
        }
      ]
    }
  ]
}