{
  "format_version": "1.12.0",
  "minecraft:geometry": [
    {
      "description": {
        "identifier": "geometry.yg_k",
        "texture_width": 32,
        "texture_height": 32,
        "visible_bounds_width": 2,
        "visible_bounds_height": 2.5,
        "visible_bounds_offset": [
          0,
          0.75,
          0
        ]
      },
      "bones": [
        {
          "name": "Root",
          "cubes": [
            {
              "origin": [
                -4.0,
                0.0,
                -1.0
              ],
              "size": [
                3.0,
                16.0,
                3.0
              ],
              "uv": [
                0,
                12
              ],
              "inflate": 0
            },
            {
              "origin": [
                -6.0,
                9.0,
                -1.4
              ],
              "size": [
                3.0,
                3.0,
                2.0
              ],
              "uv": [
                12,
                17
              ],
              "inflate": 0
            },
            {
              "origin": [
                -4.5,
                8.0,
                -1.6
              ],
              "size": [
                3.0,
                3.0,
                2.0
              ],
              "uv": [
                12,
                12
              ],
              "inflate": 0
            },
            {
              "origin": [
                -5.02314,
                8.15035,
                0.0
              ],
              "size": [
                2.0,
                1.0,
                1.0
              ],
              "pivot": [
                -4.02314,
                8.65035,
                0.5
              ],
              "rotation": [
                0.0,
                0.0,
                -17.5
              ],
              "uv": [
                21,
                21
              ],
              "inflate": 0
            },
            {
              "origin": [
                -4.42173,
                6.24292,
                0.0
              ],
              "size": [
                2.0,
                1.0,
                1.0
              ],
              "pivot": [
                -3.42173,
                6.74292,
                0.5
              ],
              "rotation": [
                0.0,
                0.0,
                -17.5
              ],
              "uv": [
                20,
                12
              ],
              "inflate": 0
            },
            {
              "origin": [
                -6.38698,
                7.23907,
                0.0
              ],
              "size": [
                2.0,
                1.0,
                1.0
              ],
              "pivot": [
                -5.38698,
                7.73907,
                0.5
              ],
              "rotation": [
                0.0,
                0.0,
                -50.0
              ],
              "uv": [
                20,
                17
              ],
              "inflate": 0
            }
          ]
        },
        {
          "name": "Wing",
          "pivot": [
            -1.67591,
            10.34811,
            0.5
          ],
          "cubes": [
            {
              "origin": [
                -2.67591,
                10.84811,
                -1.0
              ],
              "size": [
                10.0,
                3.0,
                3.0
              ],
              "pivot": [
                2.32409,
                12.34811,
                0.5
              ],
              "rotation": [
                0.0,
                0.0,
                -30.0
              ],
              "uv": [
                0,
                6
              ],
              "inflate": 0
            }
          ],
          "parent": "Root"
        },
        {
          "name": "Wing2",
          "pivot": [
            -1.38999,
            7.18607,
            0.5
          ],
          "cubes": [
            {
              "origin": [
                -3.38999,
                2.68607,
                -1.0
              ],
              "size": [
                10.0,
                3.0,
                3.0
              ],
              "pivot": [
                1.61001,
                4.18607,
                0.5
              ],
              "rotation": [
                0.0,
                0.0,
                40.0
              ],
              "uv": [
                0,
                0
              ],
              "inflate": 0
            }
          ],
          "parent": "Root"
        }
      ]
    }
  ]
}