{
  "format_version": "1.12.0",
  "minecraft:geometry": [
    {
      "description": {
        "identifier": "geometry.yg_l",
        "texture_width": 32,
        "texture_height": 32,
        "visible_bounds_width": 2,
        "visible_bounds_height": 2.5,
        "visible_bounds_offset": [
          0,
          0.75,
          0
        ]
      },
      "bones": [
        {
          "name": "Root",
          "cubes": [
            {
              "origin": [
                -4.0,
                0.0,
                -1.0
              ],
              "size": [
                3.0,
                12.0,
                3.0
              ],
              "uv": [
                0,
                0
              ],
              "inflate": 0
            },
            {
              "origin": [
                -1.0,
                0.0,
                -1.0
              ],
              "size": [
                7.0,
                3.0,
                3.0
              ],
              "uv": [
                12,
                0
              ],
              "inflate": 0
            },
            {
              "origin": [
                -4.5,
                5.0,
                -2.0
              ],
              "size": [
                2.0,
                2.0,
                1.0
              ],
              "uv": [
                12,
                6
              ],
              "inflate": 0
            },
            {
              "origin": [
                -2.5,
                5.3,
                -2.0
              ],
              "size": [
                2.0,
                2.0,
                1.0
              ],
              "uv": [
                9,
                0
              ],
              "inflate": 0
            }
          ]
        }
      ]
    }
  ]
}