{
  "format_version": "1.12.0",
  "minecraft:geometry": [
    {
      "description": {
        "identifier": "geometry.yg_m",
        "texture_width": 64,
        "texture_height": 64,
        "visible_bounds_width": 2,
        "visible_bounds_height": 2.5,
        "visible_bounds_offset": [
          0,
          0.75,
          0
        ]
      },
      "bones": [
        {
          "name": "Root",
          "cubes": [
            {
              "origin": [
                -6.26272,
                -0.67559,
                -1.0
              ],
              "size": [
                3.0,
                12.0,
                3.0
              ],
              "uv": [
                12,
                0
              ],
              "inflate": 0
            },
            {
              "origin": [
                -1.45858,
                4.32176,
                -1.0
              ],
              "size": [
                3.0,
                2.0,
                3.0
              ],
              "uv": [
                0,
                24
              ],
              "inflate": 0
            },
            {
              "origin": [
                3.26272,
                -0.67559,
                -1.0
              ],
              "size": [
                3.0,
                12.0,
                3.0
              ],
              "uv": [
                0,
                0
              ],
              "inflate": 0
            },
            {
              "origin": [
                0.40207,
                4.82308,
                -1.0
              ],
              "size": [
                4.0,
                6.0,
                3.0
              ],
              "pivot": [
                2.40207,
                7.82308,
                0.5
              ],
              "rotation": [
                0.0,
                0.0,
                47.5
              ],
              "uv": [
                14,
                15
              ],
              "inflate": 0
            },
            {
              "origin": [
                -4.40207,
                4.82308,
                -1.0
              ],
              "size": [
                4.0,
                6.0,
                3.0
              ],
              "pivot": [
                -2.40207,
                7.82308,
                0.5
              ],
              "rotation": [
                0.0,
                0.0,
                -47.5
              ],
              "uv": [
                0,
                15
              ],
              "inflate": 0
            },
            {
              "origin": [
                -3.0,
                6.0,
                -1.1
              ],
              "size": [
                6.0,
                2.0,
                1.0
              ],
              "uv": [
                21,
                0
              ],
              "inflate": 0
            },
            {
              "origin": [
                4.0,
                6.0,
                -1.2
              ],
              "size": [
                3.0,
                2.0,
                2.0
              ],
              "uv": [
                24,
                7
              ],
              "inflate": 0
            },
            {
              "origin": [
                -7.0,
                6.0,
                -1.2
              ],
              "size": [
                3.0,
                2.0,
                2.0
              ],
              "uv": [
                24,
                3
              ],
              "inflate": 0
            }
          ]
        }
      ]
    }
  ]
}