{
  "format_version": "1.12.0",
  "minecraft:geometry": [
    {
      "description": {
        "identifier": "geometry.yg_n",
        "texture_width": 32,
        "texture_height": 32,
        "visible_bounds_width": 2,
        "visible_bounds_height": 2.5,
        "visible_bounds_offset": [
          0,
          0.75,
          0
        ]
      },
      "bones": [
        {
          "name": "Root",
          "cubes": [
            {
              "origin": [
                -5.23396,
                -0.64279,
                -1.0
              ],
              "size": [
                3.0,
                10.0,
                3.0
              ],
              "uv": [
                9,
                10
              ],
              "inflate": 0
            },
            {
              "origin": [
                2.76604,
                -0.64279,
                -1.0
              ],
              "size": [
                3.0,
                10.0,
                3.0
              ],
              "uv": [
                0,
                0
              ],
              "inflate": 0
            },
            {
              "origin": [
                -1.25094,
                0.8156,
                -1.0
              ],
              "size": [
                3.0,
                9.0,
                3.0
              ],
              "pivot": [
                0.24906,
                5.3156,
                0.5
              ],
              "rotation": [
                0.0,
                0.0,
                -50.0
              ],
              "uv": [
                18,
                0
              ],
              "inflate": 0
            },
            {
              "origin": [
                -2.70558,
                2.66769,
                -1.06
              ],
              "size": [
                1.04,
                4.16,
                3.12
              ],
              "pivot": [
                -2.18558,
                4.74769,
                0.5
              ],
              "rotation": [
                0.0,
                0.0,
                -50.0
              ],
              "uv": [
                0,
                13
              ],
              "inflate": 0
            },
            {
              "origin": [
                -6.0,
                6.0,
                -1.3
              ],
              "size": [
                3.0,
                2.0,
                2.0
              ],
              "uv": [
                21,
                12
              ],
              "inflate": 0
            },
            {
              "origin": [
                3.0,
                5.0,
                -1.3
              ],
              "size": [
                3.0,
                2.0,
                2.0
              ],
              "uv": [
                0,
                21
              ],
              "inflate": 0
            }
          ]
        }
      ]
    }
  ]
}