{
  "format_version": "1.12.0",
  "minecraft:geometry": [
    {
      "description": {
        "identifier": "geometry.yg_o",
        "texture_width": 64,
        "texture_height": 64,
        "visible_bounds_width": 3,
        "visible_bounds_height": 2.5,
        "visible_bounds_offset": [
          0,
          0.75,
          0
        ]
      },
      "bones": [
        {
          "name": "Root",
          "pivot": [
            0,
            8,
            0
          ],
          "cubes": [
            {
              "origin": [
                -2.0,
                0.0,
                -1.0
              ],
              "size": [
                4.0,
                3.0,
                3.0
              ],
              "uv": [
                24,
                18
              ],
              "inflate": 0
            },
            {
              "origin": [
                -2.0,
                13.0,
                -1.0
              ],
              "size": [
                4.0,
                3.0,
                3.0
              ],
              "uv": [
                13,
                15
              ],
              "inflate": 0
            },
            {
              "origin": [
                -5.17869,
                0.7047,
                -1.0
              ],
              "size": [
                4.0,
                3.0,
                3.0
              ],
              "pivot": [
                -3.17869,
                2.2047,
                0.5
              ],
              "rotation": [
                0.0,
                0.0,
                25.0
              ],
              "uv": [
                24,
                12
              ],
              "inflate": 0
            },
            {
              "origin": [
                1.17869,
                12.3365,
                -1.0
              ],
              "size": [
                4.0,
                3.0,
                3.0
              ],
              "pivot": [
                3.17869,
                13.8365,
                0.5
              ],
              "rotation": [
                0.0,
                0.0,
                25.0
              ],
              "uv": [
                0,
                18
              ],
              "inflate": 0
            },
            {
              "origin": [
                1.17869,
                0.7047,
                -1.0
              ],
              "size": [
                4.0,
                3.0,
                3.0
              ],
              "pivot": [
                3.17869,
                2.2047,
                0.5
              ],
              "rotation": [
                0.0,
                0.0,
                -25.0
              ],
              "uv": [
                0,
                24
              ],
              "inflate": 0
            },
            {
              "origin": [
                -5.17869,
                12.3365,
                -1.0
              ],
              "size": [
                4.0,
                3.0,
                3.0
              ],
              "pivot": [
                -3.17869,
                13.8365,
                0.5
              ],
              "rotation": [
                0.0,
                0.0,
                -25.0
              ],
              "uv": [
                11,
                21
              ],
              "inflate": 0
            },
            {
              "origin": [
                3.07619,
                3.10554,
                -1.0
              ],
              "size": [
                5.0,
                3.0,
                3.0
              ],
              "pivot": [
                5.57619,
                4.60554,
                0.5
              ],
              "rotation": [
                0.0,
                0.0,
                -60.0
              ],
              "uv": [
                13,
                3
              ],
              "inflate": 0
            },
            {
              "origin": [
                -8.07619,
                9.93566,
                -1.0
              ],
              "size": [
                5.0,
                3.0,
                3.0
              ],
              "pivot": [
                -5.57619,
                11.43566,
                0.5
              ],
              "rotation": [
                0.0,
                0.0,
                -60.0
              ],
              "uv": [
                0,
                6
              ],
              "inflate": 0
            },
            {
              "origin": [
                -8.07619,
                3.10554,
                -1.0
              ],
              "size": [
                5.0,
                3.0,
                3.0
              ],
              "pivot": [
                -5.57619,
                4.60554,
                0.5
              ],
              "rotation": [
                0.0,
                0.0,
                60.0
              ],
              "uv": [
                0,
                12
              ],
              "inflate": 0
            },
            {
              "origin": [
                3.07619,
                9.93566,
                -1.0
              ],
              "size": [
                5.0,
                3.0,
                3.0
              ],
              "pivot": [
                5.57619,
                11.43566,
                0.5
              ],
              "rotation": [
                0.0,
                0.0,
                60.0
              ],
              "uv": [
                0,
                0
              ],
              "inflate": 0
            },
            {
              "origin": [
                5.12523,
                6.0206,
                -1.0
              ],
              "size": [
                3.0,
                4.0,
                3.0
              ],
              "uv": [
                11,
                28
              ],
              "inflate": 0
            },
            {
              "origin": [
                -8.12523,
                6.0206,
                -1.0
              ],
              "size": [
                3.0,
                4.0,
                3.0
              ],
              "uv": [
                22,
                24
              ],
              "inflate": 0
            },
            {
              "origin": [
                -2.0,
                14.0,
                -2.0
              ],
              "size": [
                4.0,
                3.0,
                3.0
              ],
              "uv": [
                13,
                9
              ],
              "inflate": 0
            }
          ]
        }
      ]
    }
  ]
}