{
  "format_version": "1.12.0",
  "minecraft:geometry": [
    {
      "description": {
        "identifier": "geometry.yg_p",
        "texture_width": 32,
        "texture_height": 32,
        "visible_bounds_width": 2,
        "visible_bounds_height": 2.5,
        "visible_bounds_offset": [
          0,
          0.75,
          0
        ]
      },
      "bones": [
        {
          "name": "Root",
          "pivot": [
            -2.5,
            0,
            0
          ],
          "cubes": [
            {
              "origin": [
                -4.0,
                0.0,
                -1.0
              ],
              "size": [
                3.0,
                9.0,
                3.0
              ],
              "uv": [
                0,
                13
              ],
              "inflate": 0
            },
            {
              "origin": [
                -4.0,
                9.0,
                -1.0
              ],
              "size": [
                7.0,
                10.0,
                3.0
              ],
              "uv": [
                0,
                0
              ],
              "inflate": 0
            },
            {
              "origin": [
                3.0,
                10.0,
                -1.0
              ],
              "size": [
                2.0,
                8.0,
                3.0
              ],
              "uv": [
                12,
                13
              ],
              "inflate": 0
            },
            {
              "origin": [
                -4.5,
                18.0,
                -1.3
              ],
              "size": [
                3.0,
                3.0,
                3.0
              ],
              "pivot": [
                -3.0,
                19.5,
                0.2
              ],
              "rotation": [
                0.0,
                5.0,
                0.0
              ],
              "uv": [
                20,
                0
              ],
              "inflate": 0
            },
            {
              "origin": [
                -7.61932,
                19.0,
                -1.03282
              ],
              "size": [
                3.0,
                3.0,
                0.0
              ],
              "pivot": [
                -6.11932,
                20.5,
                -1.03282
              ],
              "rotation": [
                0.0,
                5.0,
                0.0
              ],
              "uv": [
                9,
                13
              ],
              "inflate": 0
            },
            {
              "origin": [
                -1.5,
                18.0,
                -1.3
              ],
              "size": [
                3.0,
                3.0,
                3.0
              ],
              "pivot": [
                0.0,
                19.5,
                0.2
              ],
              "rotation": [
                0.0,
                -5.0,
                0.0
              ],
              "uv": [
                19,
                10
              ],
              "inflate": 0
            },
            {
              "origin": [
                1.61932,
                19.0,
                -1.03282
              ],
              "size": [
                3.0,
                3.0,
                0.0
              ],
              "pivot": [
                3.11932,
                20.5,
                -1.03282
              ],
              "rotation": [
                0.0,
                -5.0,
                0.0
              ],
              "uv": [
                17,
                0
              ],
              "inflate": 0
            }
          ]
        }
      ]
    }
  ]
}