{
  "format_version": "1.12.0",
  "minecraft:geometry": [
    {
      "description": {
        "identifier": "geometry.yg_q",
        "texture_width": 32,
        "texture_height": 32,
        "visible_bounds_width": 2,
        "visible_bounds_height": 2.5,
        "visible_bounds_offset": [
          0,
          0.75,
          0
        ]
      },
      "bones": [
        {
          "name": "Root",
          "cubes": [
            {
              "origin": [
                -4.0,
                0.0,
                -4.0
              ],
              "size": [
                8.0,
                8.0,
                8.0
              ],
              "uv": [
                0,
                0
              ],
              "inflate": 0
            },
            {
              "origin": [
                -3.0,
                4.84965,
                -6.02314
              ],
              "size": [
                2.0,
                2.0,
                3.0
              ],
              "pivot": [
                -2.0,
                5.84965,
                -4.52314
              ],
              "rotation": [
                -17.5,
                0.0,
                0.0
              ],
              "uv": [
                19,
                18
              ],
              "inflate": 0
            },
            {
              "origin": [
                1.0,
                4.84965,
                -6.02314
              ],
              "size": [
                2.0,
                2.0,
                3.0
              ],
              "pivot": [
                2.0,
                5.84965,
                -4.52314
              ],
              "rotation": [
                -17.5,
                0.0,
                0.0
              ],
              "uv": [
                12,
                16
              ],
              "inflate": 0
            },
            {
              "origin": [
                0.86,
                5.29743,
                -7.23591
              ],
              "size": [
                2.28,
                4.56,
                2.28
              ],
              "pivot": [
                2.0,
                7.57743,
                -6.09591
              ],
              "rotation": [
                22.5,
                0.0,
                0.0
              ],
              "uv": [
                0,
                21
              ],
              "inflate": 0
            },
            {
              "origin": [
                -3.14,
                5.29744,
                -7.23591
              ],
              "size": [
                2.28,
                4.56,
                2.28
              ],
              "pivot": [
                -2.0,
                7.57744,
                -6.09591
              ],
              "rotation": [
                22.5,
                0.0,
                0.0
              ],
              "uv": [
                0,
                0
              ],
              "inflate": 0
            }
          ]
        },
        {
          "name": "Tile",
          "pivot": [
            0,
            1.25,
            4
          ],
          "cubes": [
            {
              "origin": [
                -2.0,
                0.0,
                4.0
              ],
              "size": [
                4.0,
                3.0,
                2.0
              ],
              "uv": [
                0,
                16
              ],
              "inflate": 0
            },
            {
              "origin": [
                -1.0,
                0.0,
                6.0
              ],
              "size": [
                2.0,
                2.0,
                2.0
              ],
              "uv": [
                8,
                21
              ],
              "inflate": 0
            }
          ],
          "parent": "Root"
        }
      ]
    }
  ]
}