{
  "format_version": "1.12.0",
  "minecraft:geometry": [
    {
      "description": {
        "identifier": "geometry.yg_r",
        "texture_width": 32,
        "texture_height": 32,
        "visible_bounds_width": 2,
        "visible_bounds_height": 2.5,
        "visible_bounds_offset": [
          0,
          0.75,
          0
        ]
      },
      "bones": [
        {
          "name": "Root",
          "cubes": [
            {
              "origin": [
                -5.0,
                0.0,
                -1.0
              ],
              "size": [
                3.0,
                8.0,
                3.0
              ],
              "uv": [
                12,
                11
              ],
              "inflate": 0
            },
            {
              "origin": [
                -0.28573,
                -0.17449,
                -1.0
              ],
              "size": [
                3.0,
                10.0,
                3.0
              ],
              "pivot": [
                1.21427,
                4.82551,
                0.5
              ],
              "rotation": [
                0.0,
                0.0,
                -25.0
              ],
              "uv": [
                0,
                11
              ],
              "inflate": 0
            },
            {
              "origin": [
                -5.0,
                8.0,
                -1.0
              ],
              "size": [
                7.0,
                8.0,
                3.0
              ],
              "uv": [
                0,
                0
              ],
              "inflate": 0
            },
            {
              "origin": [
                2.0,
                9.0,
                -1.0
              ],
              "size": [
                2.0,
                6.0,
                3.0
              ],
              "uv": [
                20,
                0
              ],
              "inflate": 0
            },
            {
              "origin": [
                -3.0,
                10.0,
                -1.3
              ],
              "size": [
                3.0,
                4.0,
                1.0
              ],
              "uv": [
                21,
                9
              ],
              "inflate": 0
            }
          ]
        }
      ]
    }
  ]
}