{
  "format_version": "1.12.0",
  "minecraft:geometry": [
    {
      "description": {
        "identifier": "geometry.yg_s",
        "texture_width": 32,
        "texture_height": 32,
        "visible_bounds_width": 2,
        "visible_bounds_height": 2.5,
        "visible_bounds_offset": [
          0,
          0.75,
          0
        ]
      },
      "bones": [
        {
          "name": "Root",
          "cubes": [
            {
              "origin": [
                -2.0,
                0.0,
                -1.0
              ],
              "size": [
                4.0,
                2.0,
                2.0
              ],
              "uv": [
                10,
                6
              ],
              "inflate": 0
            },
            {
              "origin": [
                1.22779,
                0.64934,
                -1.0
              ],
              "size": [
                3.0,
                2.0,
                2.0
              ],
              "pivot": [
                2.72779,
                1.64934,
                0.0
              ],
              "rotation": [
                0.0,
                0.0,
                -32.5
              ],
              "uv": [
                20,
                0
              ],
              "inflate": 0
            },
            {
              "origin": [
                1.98676,
                2.78093,
                -1.0
              ],
              "size": [
                4.0,
                2.0,
                2.0
              ],
              "pivot": [
                3.98676,
                3.78093,
                0.0
              ],
              "rotation": [
                0.0,
                0.0,
                -77.5
              ],
              "uv": [
                0,
                4
              ],
              "inflate": 0
            },
            {
              "origin": [
                3.17119,
                5.22419,
                -1.0
              ],
              "size": [
                2.0,
                2.0,
                2.0
              ],
              "pivot": [
                4.17119,
                6.22419,
                0.0
              ],
              "rotation": [
                0.0,
                0.0,
                -105.0
              ],
              "uv": [
                16,
                20
              ],
              "inflate": 0
            },
            {
              "origin": [
                2.46408,
                6.44893,
                -1.0
              ],
              "size": [
                2.0,
                2.0,
                2.0
              ],
              "pivot": [
                3.46408,
                7.44893,
                0.0
              ],
              "rotation": [
                0.0,
                0.0,
                -135.0
              ],
              "uv": [
                20,
                8
              ],
              "inflate": 0
            },
            {
              "origin": [
                0.182,
                7.59077,
                -1.0
              ],
              "size": [
                3.0,
                2.0,
                2.0
              ],
              "pivot": [
                1.682,
                8.59077,
                0.0
              ],
              "rotation": [
                0.0,
                0.0,
                -155.0
              ],
              "uv": [
                0,
                20
              ],
              "inflate": 0
            },
            {
              "origin": [
                -2.2098,
                8.06653,
                -1.0
              ],
              "size": [
                3.0,
                2.0,
                2.0
              ],
              "pivot": [
                -0.7098,
                9.06653,
                0.0
              ],
              "rotation": [
                0.0,
                0.0,
                177.5
              ],
              "uv": [
                18,
                12
              ],
              "inflate": 0
            },
            {
              "origin": [
                -4.60159,
                8.54228,
                -1.0
              ],
              "size": [
                3.0,
                2.0,
                2.0
              ],
              "pivot": [
                -3.10159,
                9.54228,
                0.0
              ],
              "rotation": [
                0.0,
                0.0,
                -155.0
              ],
              "uv": [
                8,
                18
              ],
              "inflate": 0
            },
            {
              "origin": [
                -5.69908,
                9.67202,
                -1.0
              ],
              "size": [
                2.0,
                2.0,
                2.0
              ],
              "pivot": [
                -4.69908,
                10.67202,
                0.0
              ],
              "rotation": [
                0.0,
                0.0,
                -127.5
              ],
              "uv": [
                20,
                4
              ],
              "inflate": 0
            },
            {
              "origin": [
                -6.60119,
                11.35661,
                -1.0
              ],
              "size": [
                3.0,
                2.0,
                2.0
              ],
              "pivot": [
                -5.10119,
                12.35661,
                0.0
              ],
              "rotation": [
                0.0,
                0.0,
                -90.0
              ],
              "uv": [
                16,
                16
              ],
              "inflate": 0
            },
            {
              "origin": [
                -5.8947,
                13.43788,
                -1.0
              ],
              "size": [
                3.0,
                2.0,
                2.0
              ],
              "pivot": [
                -4.3947,
                14.43788,
                0.0
              ],
              "rotation": [
                0.0,
                0.0,
                -52.5
              ],
              "uv": [
                0,
                16
              ],
              "inflate": 0
            },
            {
              "origin": [
                -4.02335,
                14.81001,
                -1.0
              ],
              "size": [
                3.0,
                2.0,
                2.0
              ],
              "pivot": [
                -2.52335,
                15.81001,
                0.0
              ],
              "rotation": [
                0.0,
                0.0,
                -20.0
              ],
              "uv": [
                8,
                14
              ],
              "inflate": 0
            },
            {
              "origin": [
                -1.45583,
                15.26273,
                -1.0
              ],
              "size": [
                3.0,
                2.0,
                2.0
              ],
              "uv": [
                12,
                2
              ],
              "inflate": 0
            },
            {
              "origin": [
                1.12775,
                14.55725,
                -1.0
              ],
              "size": [
                5.0,
                2.0,
                2.0
              ],
              "pivot": [
                3.62775,
                15.55725,
                0.0
              ],
              "rotation": [
                0.0,
                0.0,
                17.5
              ],
              "uv": [
                0,
                0
              ],
              "inflate": 0
            },
            {
              "origin": [
                -5.79597,
                0.3321,
                -1.0
              ],
              "size": [
                4.0,
                2.0,
                2.0
              ],
              "pivot": [
                -3.79597,
                1.3321,
                0.0
              ],
              "rotation": [
                0.0,
                0.0,
                10.0
              ],
              "uv": [
                0,
                8
              ],
              "inflate": 0
            },
            {
              "origin": [
                -1.0,
                16.0,
                -2.0
              ],
              "size": [
                3.0,
                2.0,
                2.0
              ],
              "pivot": [
                0.5,
                17.0,
                -1.0
              ],
              "rotation": [
                0.0,
                0.0,
                5.0
              ],
              "uv": [
                0,
                12
              ],
              "inflate": 0
            },
            {
              "origin": [
                2.0,
                16.0,
                -2.0
              ],
              "size": [
                3.0,
                2.0,
                2.0
              ],
              "pivot": [
                3.5,
                17.0,
                -1.0
              ],
              "rotation": [
                0.0,
                0.0,
                -5.0
              ],
              "uv": [
                10,
                10
              ],
              "inflate": 0
            }
          ]
        }
      ]
    }
  ]
}