{
  "format_version": "1.12.0",
  "minecraft:geometry": [
    {
      "description": {
        "identifier": "geometry.yg_t",
        "texture_width": 32,
        "texture_height": 32,
        "visible_bounds_width": 2,
        "visible_bounds_height": 2.5,
        "visible_bounds_offset": [
          0,
          0.75,
          0
        ]
      },
      "bones": [
        {
          "name": "Root",
          "cubes": [
            {
              "origin": [
                -1.0,
                0.0,
                -1.0
              ],
              "size": [
                3.0,
                13.0,
                3.0
              ],
              "uv": [
                0,
                6
              ],
              "inflate": 0
            },
            {
              "origin": [
                -4.0,
                13.0,
                -1.0
              ],
              "size": [
                9.0,
                3.0,
                3.0
              ],
              "uv": [
                0,
                0
              ],
              "inflate": 0
            },
            {
              "origin": [
                4.94,
                12.38,
                -1.09
              ],
              "size": [
                2.12,
                4.24,
                3.18
              ],
              "uv": [
                12,
                13
              ],
              "inflate": 0
            },
            {
              "origin": [
                -6.06,
                12.38,
                -1.09
              ],
              "size": [
                2.12,
                4.24,
                3.18
              ],
              "uv": [
                12,
                6
              ],
              "inflate": 0
            }
          ]
        }
      ]
    }
  ]
}