{
  "format_version": "1.12.0",
  "minecraft:geometry": [
    {
      "description": {
        "identifier": "geometry.yg_u",
        "texture_width": 64,
        "texture_height": 64,
        "visible_bounds_width": 2,
        "visible_bounds_height": 2.5,
        "visible_bounds_offset": [
          0,
          0.75,
          0
        ]
      },
      "bones": [
        {
          "name": "Root",
          "cubes": [
            {
              "origin": [
                -2.0,
                0.0,
                -1.0
              ],
              "size": [
                3.0,
                3.0,
                3.0
              ],
              "uv": [
                21,
                4
              ],
              "inflate": 0
            },
            {
              "origin": [
                -3.0,
                0.6,
                -1.1
              ],
              "size": [
                5.0,
                2.0,
                1.0
              ],
              "uv": [
                21,
                0
              ],
              "inflate": 0
            },
            {
              "origin": [
                -4.22553,
                0.49339,
                -1.0
              ],
              "size": [
                3.0,
                3.0,
                3.0
              ],
              "pivot": [
                -2.72553,
                1.99339,
                0.5
              ],
              "rotation": [
                0.0,
                0.0,
                25.0
              ],
              "uv": [
                9,
                20
              ],
              "inflate": 0
            },
            {
              "origin": [
                0.22553,
                0.49339,
                -1.0
              ],
              "size": [
                3.0,
                3.0,
                3.0
              ],
              "pivot": [
                1.72553,
                1.99339,
                0.5
              ],
              "rotation": [
                0.0,
                0.0,
                -25.0
              ],
              "uv": [
                18,
                16
              ],
              "inflate": 0
            },
            {
              "origin": [
                1.8119,
                1.7345,
                -1.0
              ],
              "size": [
                3.0,
                4.0,
                3.0
              ],
              "pivot": [
                3.3119,
                3.7345,
                0.5
              ],
              "rotation": [
                0.0,
                0.0,
                27.5
              ],
              "uv": [
                0,
                16
              ],
              "inflate": 0
            },
            {
              "origin": [
                -5.8119,
                1.7345,
                -1.0
              ],
              "size": [
                3.0,
                4.0,
                3.0
              ],
              "pivot": [
                -4.3119,
                3.7345,
                0.5
              ],
              "rotation": [
                0.0,
                0.0,
                -27.5
              ],
              "uv": [
                12,
                0
              ],
              "inflate": 0
            },
            {
              "origin": [
                -6.56592,
                4.8159,
                -1.0
              ],
              "size": [
                3.0,
                8.0,
                3.0
              ],
              "uv": [
                9,
                8
              ],
              "inflate": 0
            },
            {
              "origin": [
                2.56592,
                4.8159,
                -1.0
              ],
              "size": [
                3.0,
                8.0,
                3.0
              ],
              "uv": [
                0,
                0
              ],
              "inflate": 0
            },
            {
              "origin": [
                -6.34,
                9.66,
                -1.47
              ],
              "size": [
                2.68,
                2.68,
                1.34
              ],
              "uv": [
                0,
                11
              ],
              "inflate": 0
            },
            {
              "origin": [
                2.66,
                9.66,
                -1.47
              ],
              "size": [
                2.68,
                2.68,
                1.34
              ],
              "uv": [
                9,
                0
              ],
              "inflate": 0
            }
          ]
        }
      ]
    }
  ]
}