{
  "format_version": "1.12.0",
  "minecraft:geometry": [
    {
      "description": {
        "identifier": "geometry.yg_v",
        "texture_width": 32,
        "texture_height": 32,
        "visible_bounds_width": 2,
        "visible_bounds_height": 2.5,
        "visible_bounds_offset": [
          0,
          0.75,
          0
        ]
      },
      "bones": [
        {
          "name": "Root",
          "cubes": [
            {
              "origin": [
                -2.04,
                -0.03,
                -2.03
              ],
              "size": [
                4.08,
                3.06,
                3.06
              ],
              "uv": [
                0,
                15
              ],
              "inflate": 0
            },
            {
              "origin": [
                -4.67625,
                0.07177,
                -2.0
              ],
              "size": [
                3.0,
                12.0,
                3.0
              ],
              "pivot": [
                -3.17625,
                6.07177,
                -0.5
              ],
              "rotation": [
                0.0,
                0.0,
                -25.0
              ],
              "uv": [
                12,
                0
              ],
              "inflate": 0
            },
            {
              "origin": [
                1.67625,
                0.07177,
                -2.0
              ],
              "size": [
                3.0,
                12.0,
                3.0
              ],
              "pivot": [
                3.17625,
                6.07177,
                -0.5
              ],
              "rotation": [
                0.0,
                0.0,
                25.0
              ],
              "uv": [
                0,
                0
              ],
              "inflate": 0
            },
            {
              "origin": [
                -5.5,
                5.0,
                -2.3
              ],
              "size": [
                3.0,
                2.0,
                2.0
              ],
              "uv": [
                12,
                19
              ],
              "inflate": 0
            },
            {
              "origin": [
                2.5,
                5.0,
                -2.3
              ],
              "size": [
                3.0,
                2.0,
                2.0
              ],
              "uv": [
                14,
                15
              ],
              "inflate": 0
            }
          ]
        }
      ]
    }
  ]
}