{
  "format_version": "1.12.0",
  "minecraft:geometry": [
    {
      "description": {
        "identifier": "geometry.yg_w",
        "texture_width": 64,
        "texture_height": 64,
        "visible_bounds_width": 3,
        "visible_bounds_height": 2.5,
        "visible_bounds_offset": [
          0,
          0.75,
          0
        ]
      },
      "bones": [
        {
          "name": "Root",
          "cubes": [
            {
              "origin": [
                -7.52659,
                -0.03,
                -2.03
              ],
              "size": [
                4.08,
                6.06,
                3.06
              ],
              "uv": [
                24,
                9
              ],
              "inflate": 0
            },
            {
              "origin": [
                -10.16284,
                0.07177,
                -2.0
              ],
              "size": [
                3.0,
                12.0,
                3.0
              ],
              "pivot": [
                -8.66284,
                6.07177,
                -0.5
              ],
              "rotation": [
                0.0,
                0.0,
                -25.0
              ],
              "uv": [
                12,
                15
              ],
              "inflate": 0
            },
            {
              "origin": [
                -3.81034,
                0.07177,
                -2.0
              ],
              "size": [
                3.0,
                12.0,
                3.0
              ],
              "pivot": [
                -2.31034,
                6.07177,
                -0.5
              ],
              "rotation": [
                0.0,
                0.0,
                25.0
              ],
              "uv": [
                0,
                15
              ],
              "inflate": 0
            },
            {
              "origin": [
                -10.98659,
                5.0,
                -2.3
              ],
              "size": [
                3.0,
                2.0,
                2.0
              ],
              "uv": [
                10,
                30
              ],
              "inflate": 0
            },
            {
              "origin": [
                -2.98659,
                5.0,
                -2.3
              ],
              "size": [
                3.0,
                2.0,
                2.0
              ],
              "uv": [
                0,
                30
              ],
              "inflate": 0
            },
            {
              "origin": [
                3.47341,
                -0.03,
                -2.03
              ],
              "size": [
                4.08,
                6.06,
                3.06
              ],
              "uv": [
                24,
                0
              ],
              "inflate": 0
            },
            {
              "origin": [
                0.83716,
                0.07177,
                -2.0
              ],
              "size": [
                3.0,
                12.0,
                3.0
              ],
              "pivot": [
                2.33716,
                6.07177,
                -0.5
              ],
              "rotation": [
                0.0,
                0.0,
                -25.0
              ],
              "uv": [
                12,
                0
              ],
              "inflate": 0
            },
            {
              "origin": [
                -1.13409,
                11.14354,
                -2.0
              ],
              "size": [
                2.0,
                1.0,
                3.0
              ],
              "uv": [
                24,
                18
              ],
              "inflate": 0
            },
            {
              "origin": [
                7.18966,
                0.07177,
                -2.0
              ],
              "size": [
                3.0,
                12.0,
                3.0
              ],
              "pivot": [
                8.68966,
                6.07177,
                -0.5
              ],
              "rotation": [
                0.0,
                0.0,
                25.0
              ],
              "uv": [
                0,
                0
              ],
              "inflate": 0
            },
            {
              "origin": [
                8.01341,
                5.0,
                -2.3
              ],
              "size": [
                3.0,
                2.0,
                2.0
              ],
              "uv": [
                24,
                22
              ],
              "inflate": 0
            },
            {
              "origin": [
                0.01341,
                5.0,
                -2.3
              ],
              "size": [
                3.0,
                2.0,
                2.0
              ],
              "uv": [
                24,
                26
              ],
              "inflate": 0
            }
          ]
        }
      ]
    }
  ]
}