{
  "format_version": "1.12.0",
  "minecraft:geometry": [
    {
      "description": {
        "identifier": "geometry.yg_x",
        "texture_width": 64,
        "texture_height": 64,
        "visible_bounds_width": 2,
        "visible_bounds_height": 2.5,
        "visible_bounds_offset": [
          0,
          0.75,
          0
        ]
      },
      "bones": [
        {
          "name": "Root",
          "pivot": [
            -0.03764,
            0.46037,
            -0.474
          ],
          "cubes": [
            {
              "origin": [
                -2.12398,
                -0.76943,
                -2.0
              ],
              "size": [
                4.0,
                14.0,
                4.0
              ],
              "pivot": [
                -0.12398,
                6.23057,
                0.0
              ],
              "rotation": [
                0.0,
                0.0,
                45.0
              ],
              "uv": [
                0,
                0
              ],
              "inflate": 0
            },
            {
              "origin": [
                2.67769,
                5.92352,
                2.119
              ],
              "size": [
                1.0,
                5.0,
                0.0
              ],
              "pivot": [
                3.17769,
                8.42352,
                2.119
              ],
              "rotation": [
                0.0,
                0.0,
                5.0
              ],
              "uv": [
                16,
                22
              ],
              "inflate": 0
            },
            {
              "origin": [
                -4.20852,
                5.54503,
                2.119
              ],
              "size": [
                1.0,
                5.0,
                0.0
              ],
              "uv": [
                22,
                8
              ],
              "inflate": 0
            },
            {
              "origin": [
                -5.80596,
                7.41255,
                -2.0
              ],
              "size": [
                5.0,
                4.0,
                4.0
              ],
              "pivot": [
                -3.30596,
                9.41255,
                0.0
              ],
              "rotation": [
                0.0,
                0.0,
                45.0
              ],
              "uv": [
                16,
                0
              ],
              "inflate": 0
            },
            {
              "origin": [
                -4.54306,
                7.99966,
                -2.12
              ],
              "size": [
                1.06,
                4.24,
                4.24
              ],
              "pivot": [
                -4.01306,
                10.11966,
                0.0
              ],
              "rotation": [
                0.0,
                0.0,
                45.0
              ],
              "uv": [
                6,
                22
              ],
              "inflate": 0
            },
            {
              "origin": [
                3.35719,
                8.12553,
                -2.12
              ],
              "size": [
                1.06,
                4.24,
                4.24
              ],
              "pivot": [
                3.88719,
                10.24553,
                0.0
              ],
              "rotation": [
                0.0,
                0.0,
                -45.0
              ],
              "uv": [
                0,
                18
              ],
              "inflate": 0
            },
            {
              "origin": [
                -2.22859,
                7.39222,
                -2.3
              ],
              "size": [
                2.0,
                1.0,
                1.0
              ],
              "pivot": [
                -1.22859,
                7.89222,
                -1.8
              ],
              "rotation": [
                0.0,
                0.0,
                22.5
              ],
              "uv": [
                16,
                10
              ],
              "inflate": 0
            },
            {
              "origin": [
                0.22859,
                7.39222,
                -2.3
              ],
              "size": [
                2.0,
                1.0,
                1.0
              ],
              "pivot": [
                1.22859,
                7.89222,
                -1.8
              ],
              "rotation": [
                0.0,
                0.0,
                -22.5
              ],
              "uv": [
                12,
                2
              ],
              "inflate": 0
            },
            {
              "origin": [
                -2.3,
                6.8,
                -2.2
              ],
              "size": [
                2.0,
                1.0,
                1.0
              ],
              "uv": [
                16,
                8
              ],
              "inflate": 0
            },
            {
              "origin": [
                0.3,
                6.8,
                -2.2
              ],
              "size": [
                2.0,
                1.0,
                1.0
              ],
              "uv": [
                12,
                0
              ],
              "inflate": 0
            },
            {
              "origin": [
                -1.11421,
                4.21421,
                -2.2
              ],
              "size": [
                1.0,
                3.0,
                1.0
              ],
              "pivot": [
                -0.61421,
                5.71421,
                -1.7
              ],
              "rotation": [
                0.0,
                0.0,
                45.0
              ],
              "uv": [
                0,
                0
              ],
              "inflate": 0
            },
            {
              "origin": [
                0.65355,
                4.36066,
                -2.2
              ],
              "size": [
                1.0,
                2.0,
                1.0
              ],
              "pivot": [
                1.15355,
                5.36066,
                -1.7
              ],
              "rotation": [
                0.0,
                0.0,
                -45.0
              ],
              "uv": [
                0,
                18
              ],
              "inflate": 0
            },
            {
              "origin": [
                0.55801,
                1.04859,
                -2.0
              ],
              "size": [
                5.0,
                4.0,
                4.0
              ],
              "pivot": [
                3.05801,
                3.04859,
                0.0
              ],
              "rotation": [
                0.0,
                0.0,
                45.0
              ],
              "uv": [
                12,
                14
              ],
              "inflate": 0
            }
          ]
        }
      ]
    }
  ]
}