{
  "format_version": "1.12.0",
  "minecraft:geometry": [
    {
      "description": {
        "identifier": "geometry.yg_y",
        "texture_width": 32,
        "texture_height": 32,
        "visible_bounds_width": 2,
        "visible_bounds_height": 2.5,
        "visible_bounds_offset": [
          0,
          0.75,
          0
        ]
      },
      "bones": [
        {
          "name": "Root",
          "cubes": [
            {
              "origin": [
                -2.0,
                0.0,
                -2.0
              ],
              "size": [
                4.0,
                11.0,
                4.0
              ],
              "uv": [
                0,
                0
              ],
              "inflate": 0
            },
            {
              "origin": [
                -4.34975,
                8.03906,
                -2.0
              ],
              "size": [
                4.0,
                8.0,
                4.0
              ],
              "pivot": [
                -2.34975,
                12.03906,
                0.0
              ],
              "rotation": [
                0.0,
                0.0,
                -50.0
              ],
              "uv": [
                0,
                19
              ],
              "inflate": 0
            },
            {
              "origin": [
                0.34975,
                8.03906,
                -2.0
              ],
              "size": [
                4.0,
                8.0,
                4.0
              ],
              "pivot": [
                2.34975,
                12.03906,
                0.0
              ],
              "rotation": [
                0.0,
                0.0,
                50.0
              ],
              "uv": [
                12,
                11
              ],
              "inflate": 0
            },
            {
              "origin": [
                -3.0,
                10.0,
                -3.0
              ],
              "size": [
                3.0,
                3.0,
                2.0
              ],
              "pivot": [
                -1.5,
                11.5,
                -2.0
              ],
              "rotation": [
                0.0,
                7.5,
                0.0
              ],
              "uv": [
                16,
                5
              ],
              "inflate": 0
            },
            {
              "origin": [
                -6.10486,
                10.0,
                -2.59987
              ],
              "size": [
                3.0,
                3.0,
                0.0
              ],
              "pivot": [
                -4.60486,
                11.5,
                -2.59987
              ],
              "rotation": [
                0.0,
                7.5,
                0.0
              ],
              "uv": [
                16,
                23
              ],
              "inflate": 0
            },
            {
              "origin": [
                0.0,
                10.0,
                -3.0
              ],
              "size": [
                3.0,
                3.0,
                2.0
              ],
              "pivot": [
                1.5,
                11.5,
                -2.0
              ],
              "rotation": [
                0.0,
                -10.0,
                0.0
              ],
              "uv": [
                16,
                0
              ],
              "inflate": 0
            },
            {
              "origin": [
                3.12807,
                10.0,
                -2.46386
              ],
              "size": [
                3.0,
                3.0,
                0.0
              ],
              "pivot": [
                4.62807,
                11.5,
                -2.46386
              ],
              "rotation": [
                0.0,
                -10.0,
                0.0
              ],
              "uv": [
                22,
                23
              ],
              "inflate": 0
            },
            {
              "origin": [
                -1.5,
                7.0,
                -2.1
              ],
              "size": [
                3.0,
                3.0,
                1.0
              ],
              "uv": [
                0,
                15
              ],
              "inflate": 0
            }
          ]
        }
      ]
    }
  ]
}