{
  "format_version": "1.12.0",
  "minecraft:geometry": [
    {
      "description": {
        "identifier": "geometry.yg_z",
        "texture_width": 64,
        "texture_height": 64,
        "visible_bounds_width": 2,
        "visible_bounds_height": 2.5,
        "visible_bounds_offset": [
          0,
          0.75,
          0
        ]
      },
      "bones": [
        {
          "name": "Root",
          "cubes": [
            {
              "origin": [
                -2.0,
                0.0,
                -6.64789
              ],
              "size": [
                4.0,
                4.0,
                13.0
              ],
              "uv": [
                0,
                17
              ],
              "inflate": 0
            },
            {
              "origin": [
                -2.0,
                9.93485,
                -6.35211
              ],
              "size": [
                4.0,
                4.0,
                13.0
              ],
              "uv": [
                0,
                0
              ],
              "inflate": 0
            },
            {
              "origin": [
                -2.0,
                -0.03258,
                -2.0
              ],
              "size": [
                4.0,
                14.0,
                4.0
              ],
              "pivot": [
                0.0,
                6.96742,
                0.0
              ],
              "rotation": [
                -50.0,
                0.0,
                0.0
              ],
              "uv": [
                30,
                30
              ],
              "inflate": 0
            },
            {
              "origin": [
                1.0,
                10.3,
                -5.0
              ],
              "size": [
                2.0,
                3.0,
                4.0
              ],
              "uv": [
                0,
                17
              ],
              "inflate": 0
            },
            {
              "origin": [
                1.0,
                0.3,
                1.0
              ],
              "size": [
                2.0,
                3.0,
                4.0
              ],
              "uv": [
                0,
                0
              ],
              "inflate": 0
            }
          ]
        }
      ]
    }
  ]
}