{
  "br:pipe": {
    "textures": "br_pipe",
    "sound": "metal"
  },
  "br:crater": {
    "textures": {
      "up": "br_crater_up",
      "down": "br_crater_down",
      "north": "br_crater_north",
      "south": "br_crater_south",
      "east": "br_crater_east",
      "west": "br_crater_west"
    },
    "sound": "wood"
  },
  "br:block0": {
    "textures": {
      "up": "br_block0_up",
      "down": "br_block0_down",
      "north": "br_block0_north",
      "south": "br_block0_south",
      "east": "br_block0_east",
      "west": "br_block0_west"
    },
    "sound": "stone"
  },
  "br:level1block": {
    "textures": {
      "up": "br_level1block_up",
      "down": "br_level1block_down",
      "north": "br_level1block_north",
      "south": "br_level1block_south",
      "east": "br_level1block_east",
      "west": "br_level1block_west"
    },
    "sound": "stone"
  },
  "br:floor0": {
    "textures": {
      "up": "br_floor0_up",
      "down": "br_floor0_down",
      "north": "br_floor0_north",
      "south": "br_floor0_south",
      "east": "br_floor0_east",
      "west": "br_floor0_west"
    },
    "sound": "stone"
  },
  "br:level5block": {
    "textures": {
      "up": "br_level5block_up",
      "down": "br_level5block_down",
      "north": "br_level5block_north",
      "south": "br_level5block_south",
      "east": "br_level5block_east",
      "west": "br_level5block_west"
    },
    "sound": "stone"
  },
  "format_version": [
    1,
    1,
    0
  ]
}