{
  "format_version":"1.16.100",
  "animation_controllers":{
    "controller.animation.gigantescomano_a":{
      "states":{
        "default":{
          "transitions":[
            {"1":"(1.0)"}
          ]
        },
        "1":{
          "on_entry":[
            "/particle onepiece_addon:ex_particle ~4~~",
            "/particle onepiece_addon:ex_particle ~-4~~",
            "/particle onepiece_addon:ex_particle ~~~4",
            "/particle onepiece_addon:ex_particle ~~~-4",
            "/particle onepiece_addon:ex_particle ~9~~",
            "/particle onepiece_addon:ex_particle ~-9~~",
            "/particle onepiece_addon:ex_particle ~~~9",
            "/particle onepiece_addon:ex_particle ~~~-9"
          ]
        }
      }
    }
  }
}