{
  "format_version":"1.16.100",
  "animation_controllers":{
    "controller.animation.hououin_entity":{
      "states":{
        "default":{
          "transitions":[
            {"1":"(1.0)"}
          ]
        },
        "1":{
          "transitions":[
            {"2":"(1.0)"}
          ],
          "on_entry":[
            "/tp @a[c=1,r=64,tag=toritori] @s"
          ]
        },
        "2":{
          "on_entry":[
            "/summon onepiece_addon:hououin_attack",
            "/effect @a[r=16,tag=toritori] invisibility 0 1 true"
          ]
        }
      }
    }
  }
}