{
  "format_version":"1.16.100",
  "animation_controllers":{
    "controller.animation.jet_pistol":{
      "states":{
        "default":{
          "transitions":[
            {"jet_pistol_1":"variable.time = (variable.time ?? 0);variable.time = variable.time < 10 ? variable.time + 1:0;return variable.time == 0;"}
          ]
        },
        "jet_pistol_1":{
          "transitions":[
            {"default":"(1.0)"}
          ],
          "on_entry":[
            "/execute @e[type=onepiece_addon:jet_pistol_p] ~~~ particle minecraft:camera_shoot_explosion ~~~"
          ]
        }
      }
    }
  }
}