{
  "format_version":"1.16.100",
  "animation_controllers":{
    "controller.animation.juzika_attack":{
      "states":{
        "default":{
          "transitions":[
            {"1":"(1.0)"}
          ]
        },
        "1":{
          "on_entry":[
            "/particle onepiece_addon:juzika_particle ~~~",
            "/fill ~1~~ ~-1~~ fire 0 replace air",
            "/fill ~~1~ ~~-1~ fire 0 replace air",
            "/fill ~~~1 ~~~-1 fire 0 replace air"
          ]
        }
      }
    }
  }
}