{
  "format_version":"1.16.100",
  "animation_controllers":{
    "controller.animation.mam_attack":{
      "states":{
        "default":{
          "transitions":[
            {"1":"(1.0)"}
          ]
        },
        "1":{
          "on_entry":[
            "/particle minecraft:huge_explosion_emitter ~2~~",
            "/particle minecraft:huge_explosion_emitter ~-2~~",
            "/particle minecraft:huge_explosion_emitter ~~~2",
            "/particle minecraft:huge_explosion_emitter ~~~-2"
          ]
        }
      }
    }
  }
}