{
  "format_version":"1.16.100",
  "animation_controllers":{
    "controller.animation.midoriboshi1_e":{
      "states":{
        "default":{
          "transitions":[
            {"1":"(1.0)"}
          ]
        },
        "1":{
          "transitions":[
            {"2":"variable.time = (variable.time ?? 0);variable.time = variable.time < 40 ? variable.time + 1:0;return variable.time == 0;"}
          ],
          "on_entry":[
            "/execute @e[type=onepiece_addon:midoriboshi1_e,r=1] ~~~ summon onepiece_addon:midoriboshi1_a",
            "/execute @e[type=onepiece_addon:usopp_midoriboshi1_e,r=1] ~~~ summon onepiece_addon:usopp_midoriboshi1_a",
            "/fill ~-2~-3~-2 ~2~5~2 bamboo 0 replace air"
          ]
        },
        "2":{
          "on_entry":[
            "/fill ~-5~-5~-5 ~5~10~5 air 0 replace bamboo"
          ]
        }      
      }
    }
  }
}