{
  "format_version":"1.16.100",
  "animation_controllers":{
    "controller.animation.noronorobeam_p":{
      "states":{
        "default":{
          "transitions":[
            {"1":"variable.time = (variable.time ?? 0);variable.time = variable.time < 1 ? variable.time + 1:0;return variable.time == 0;"}
          ]
        },
        "1":{
          "transitions":[
            {"2":"variable.time = (variable.time ?? 0);variable.time = variable.time < 2 ? variable.time + 1:0;return variable.time == 0;"}
          ],
          "on_entry":[
            "/particle onepiece_addon:noronorobeam_particle1"
          ]
        },
        "2":{
          "transitions":[
            {"3":"variable.time = (variable.time ?? 0);variable.time = variable.time < 2 ? variable.time + 1:0;return variable.time == 0;"}
          ],
          "on_entry":[
            "/particle onepiece_addon:noronorobeam_particle1"
          ]
        },
        "3":{
          "transitions":[
            {"4":"variable.time = (variable.time ?? 0);variable.time = variable.time < 2 ? variable.time + 1:0;return variable.time == 0;"}
          ],
          "on_entry":[
            "/particle onepiece_addon:noronorobeam_particle2"
          ]
        },
        "4":{
          "transitions":[
            {"5":"variable.time = (variable.time ?? 0);variable.time = variable.time < 2 ? variable.time + 1:0;return variable.time == 0;"}
          ],
          "on_entry":[
            "/particle onepiece_addon:noronorobeam_particle3"
          ]
        },
        "5":{
          "transitions":[
            {"6":"variable.time = (variable.time ?? 0);variable.time = variable.time < 2 ? variable.time + 1:0;return variable.time == 0;"}
          ],
          "on_entry":[
            "/particle onepiece_addon:noronorobeam_particle4"
          ]
        },
        "6":{
          "transitions":[
            {"7":"variable.time = (variable.time ?? 0);variable.time = variable.time < 2 ? variable.time + 1:0;return variable.time == 0;"}
          ],
          "on_entry":[
            "/particle onepiece_addon:noronorobeam_particle5"
          ]
        },
        "7":{
          "transitions":[
            {"6":"variable.time = (variable.time ?? 0);variable.time = variable.time < 2 ? variable.time + 1:0;return variable.time == 0;"}
          ],
          "on_entry":[
            "/particle onepiece_addon:noronorobeam_particle5"
          ]
        }
      }
    }
  }
}