{
  "format_version":"1.16.100",
  "animation_controllers":{
    "controller.animation.yomicold":{
      "states":{
        "default":{
          "transitions":[
            {"1":"(1.0)"}
          ]
        },
        "1":{
          "on_entry":[
            "/execute @e[r=2,tag=!yomiyomi] ~~~ particle onepiece_addon:yomicold_particle1 ~~1~",
            "/execute @e[r=2,tag=!yomiyomi] ~~~ particle onepiece_addon:yomicold_particle2 ~~1~",
            "/effect @e[r=2,tag=!yomiyomi] slowness 2 20 true",
            "/effect @e[r=2,tag=!yomiyomi] instant_damage 1 1 true"
          ]
        }
      }
    }
  }
}