{
  "format_version": "1.13.0",
  "minecraft:entity": {
    "description": {
      "identifier": "onepiece_addon:juzika_p",
      "is_spawnable": false,
      "is_summonable": true,
      "is_experimental": false,
      "runtime_identifier": "minecraft:snowball"
    },
    "component_groups": {
    },

    "components": {
      "minecraft:timer": {
        "looping": true,
        "randomInterval": false,
        "time": 0.05,
        "time_down_event": {
         "event": "onepiece_addon:timer_event",
         "target": "self"
        }
      },
      "minecraft:projectile": {
        "reflect_on_hurt":true,
        "on_hit": {
          "spawn_chance": {
            "first_spawn_percent_chance": 100.0,
            "first_spawn_count": 1,
            "spawn_definition": "onepiece_addon:juzika_attack"
          },
          "remove_on_hit": {},
          "impact_damage": {
            "damage": 0,
            "knockback": false,
            "semi_random_diff_damage":false,
            "destroy_on_hit": true,
            "max_critical_damage": 10,
            "min_critical_damage": 9,
            "power_multiplier": 0.97,
            "catch_fire":true
          }
        },
        "power": 2,
        "gravity": 0.00,
        "uncertainty_base": 1,
        "uncertainty_multiplier": 0,
        "anchor": 1,
        "should_bounce": true,
        "offset": [ 0, -0.1, 0 ]
      },
      "minecraft:collision_box": {
        "width":0.0,
        "height":0.0
      },
      "minecraft:physics": {
      },
      "minecraft:transformation": {
        "into": "onepiece_addon:despawn",
        "delay": 1
      },
      "minecraft:pushable": {
        "is_pushable": false,
        "is_pushable_by_piston": false
      },
      "minecraft:conditional_bandwidth_optimization": {
        "default_values": {
          "max_optimized_distance": 80.0,
          "max_dropped_ticks": 10,
          "use_motion_prediction_hints": true
        }
      }
    },

    "events": {
      "onepiece_addon:timer_event":{
        "run_command":{
          "command":"particle onepiece_addon:juzika_particle ~~~"
        }
      }
    }

  }
}