{
  "format_version": "1.13.0",
  "minecraft:entity": {    
    "description": {
      "identifier": "onepiece_addon:kaen_ryuo_e",
      "is_spawnable": false,
      "is_summonable": true,
      "is_experimental": false
    },
    "component_groups": {
      "onepiece_addon:despawn":{
        "minecraft:instant_despawn": {}
      }
    },
    "components": {
      "minecraft:type_family": {
        "family": [ "meramera" ]
      },
      "minecraft:timer": {
        "looping": true,
        "randomInterval": false,
        "time": 0.0,
        "time_down_event": {
         "event": "onepiece_addon:tag",
         "target": "self"
        }
      },
      "minecraft:environment_sensor":{
        "triggers":[
          {
            "filters":{
              "test":"has_tag",
              "subject":"self",
              "operator":"==",
              "value":"despawn"
            },
            "event":"onepiece_addon:be_despawn"
          }
        ]   
      },
      "minecraft:collision_box": {
        "width": 0.0,
        "height": 0.0
      },
      "minecraft:pushable": {
        "is_pushable": false,
        "is_pushable_by_piston": false
      },
      "minecraft:damage_sensor": {
        "triggers": {
            "on_damage": {"filters": {}},
            "deals_damage": false
        }
      }
    },
    "events": {
      "onepiece_addon:tag":{
        "run_command":{
          "command":"function akumanomi/meramera/kaen_ryuo_e"
        }
      },
      "onepiece_addon:be_despawn":{
        "add":{
          "component_groups":[
            "onepiece_addon:despawn"
          ]
        }
      }
    }
  }
}