{
  "format_version": "1.17.100",
  "minecraft:item": {
    "description": {
      "identifier": "wesl3y:bag_belly",
      "category": "items"
    },
    "components": {
      "minecraft:render_offsets": {
	    "main_hand": {
		  "first_person": { 
		    "scale": [0.016,0.016,0.016]
		  },
		  "third_person": { 
			"scale": [0.048,0.048,0.048]
		  }
		}
	  },
      "minecraft:use_duration":1,
      "minecraft:use_animation":"eat",
      "minecraft:max_stack_size": 64,
      "minecraft:icon": {
        "texture": "bag_belly"
      },
      "minecraft:display_name": {
        "value": "§eBag Belly"
      }
    },
    "events": {}
  }
}