{
  "format_version": "1.16.100",
  "minecraft:item": {
    "description": {
      "identifier": "wesl3y:handcuffs_kairoseki",
      "category": "commands"
    },

    "components": {
	  "tag:kairoseki": {},
	  "tag:handcuffs_kairoseki": {},
      "minecraft:icon": {
        "texture": "handcuffs_kairoseki"
      },
      "minecraft:max_stack_size": 1,
      "minecraft:hand_equipped": true,
      "minecraft:allow_off_hand": true,
      "minecraft:display_name": {
        "value": "HandCuffs Kairoseki"
	  }
    }
  }
}