{
  "format_version": "1.16.100",
  "minecraft:item": {
    "description": {
      "identifier": "wesl3y:kairoseki"
    },

    "components": {
	  "tag:kairoseki": {},
      "minecraft:icon": {
        "texture": "handcuffs_kairoseki"
      },
      "minecraft:max_stack_size": 64,
      "minecraft:hand_equipped": true,
      "minecraft:display_name": {
        "value": "Kairoseki\n(Hold to Use)"
      },
      "minecraft:render_offsets": {
	    "main_hand": {
		  "first_person": { 
		    "scale": [0.03,0.03,0.03]
		  },
		  "third_person": { 
			"scale": [0.06,0.06,0.06]
		  }
		}
	  },
      "minecraft:on_use": {
        "on_use": {
          "event": "wg",
          "target": "self"
        }
      }
    },
    "events": {
      "wg": {
        "shoot": {
          "projectile": "wesl3y:kairoseki",
          "launch_power": 2
        },
        "run_command": {
          "command": [
            "clear @s wesl3y:kairoseki 0 1"
          ],
          "target": "self"
        }
      }
    }
  }
}