{
  "format_version": "1.16.100",
  "minecraft:item": {
    "description": {
      "identifier": "wesl3y:key_kairoseki"
    },

    "components": {
      "minecraft:icon": {
        "texture": "key_kairoseki"
      },
      "minecraft:max_stack_size": 64,
      "minecraft:hand_equipped": true,
      "minecraft:display_name": {
        "value": "Key Handcuffs\nKairoseki\n(Hold to Use)"
      },
      "minecraft:render_offsets": {
	    "main_hand": {
		  "first_person": { 
		    "scale": [0.03,0.03,0.03]
		  },
		  "third_person": { 
			"scale": [0.06,0.06,0.06]
		  }
		}
	  },
      "minecraft:on_use": {
        "on_use": {
          "event": "wg",
          "condition": "query.get_equipped_item_name('off_hand') =='handcuffs_kairoseki'",
          "target": "self"
        }
      }
    },
    "events": {
      "wg": {
        "run_command": {
          "command": [
            "replaceitem entity @s slot.weapon.offhand 0 air",
            "clear @s wesl3y:key_kairoseki 0 1"
          ],
          "target": "self"
        }
      }
    }
  }
}