{
  "format_version": "1.17.100",
  "minecraft:item": {
    "description": {
      "identifier": "wesl3y:menu",
      "category": "items"
    },
    "components": {
      "minecraft:max_stack_size": 1,
      "minecraft:hand_equipped": true,
      "minecraft:foil": false,
      "minecraft:icon": {
        "texture": "menu"
      },
	  "minecraft:cooldown": {
		"category": "menu",
		"duration": 0.0
	  },
      "minecraft:display_name": {
        "value": "§eMenu\n§7(Hold to Use)"
      },
      "minecraft:on_use": {
        "on_use": {
          "event": "wg",
          "target": "self"
        }
      },
      "minecraft:render_offsets": {
	    "main_hand": {
		  "first_person": { 
		    "scale": [0.0,0.0,0.0]
		  },
		  "third_person": { 
			"scale": [0.0,0.0,0.0]
		  }
		}
      }
    },
    "events": {
      "wg": {
        "run_command": {
          "command": [
            "tellraw @s[m=1]{\"rawtext\":[{\"text\":\"§lSurvival.\"}]}",
            "execute @s[m=0,tag=custom] ~~~ summon wesl3y:menu ~~~ wg:menu",
            "execute @s[m=0,tag=!custom] ~~~ summon wesl3y:menu ~~~ wg:custom"
          ]
		}
	  }
	}
  }
}