{
  "format_version": "1.17.100",
  "minecraft:item": {
    "description": {
      "identifier": "wesl3y:reset",
      "category": "items"
    },
    "components": {
      "minecraft:max_stack_size": 1,
      "minecraft:hand_equipped": true,
      "minecraft:foil": true,
      "minecraft:icon": {
        "texture": "emerald"
      },
	  "minecraft:cooldown": {
		"category": "reset",
		"duration": 0.1
	  },
      "minecraft:display_name": {
        "value": "§cReset\n§7(Hold to Use)"
      },
      "minecraft:on_use": {
        "on_use": {
          "event": "wg",
          "target": "self"
        }
      }
    },
    "events": {
      "wg": {
        "run_command": {
          "command": [
            "function reset",
            "clear @s wesl3y:reset 0 1"
          ]
		}
	  }
	}
  }
}