{
  "format_version": "1.17.100",
  "minecraft:item": {
    "description": {
      "identifier": "wesl3y:up",
      "category": "items"
    },
    "components": {
      "minecraft:max_stack_size": 1,
      "minecraft:hand_equipped": true,
      "minecraft:foil": true,
      "minecraft:icon": {
        "texture": "diamond"
      },
	  "minecraft:cooldown": {
		"category": "up",
		"duration": 0.1
	  },
      "minecraft:display_name": {
        "value": "§eLevel Up\n§7(Hold to Use)"
      },
      "minecraft:on_use": {
        "on_use": {
          "event": "wg",
          "target": "self"
        }
      }
    },
    "events": {
      "wg": {
        "run_command": {
          "command": [
            "tellraw @s[tag=!custom] {\"rawtext\":[{\"text\":\"Custom!\"}]}",
            "scoreboard players set @s[tag=custom] level 100",
            "scoreboard players set @s[tag=custom] hakiarm_stats 50",
            "scoreboard players set @s[tag=custom] hakiobs_stats 50",
            "scoreboard players set @s[tag=custom] fruit 100",
            "scoreboard players set @s[tag=custom] style 100",
            "scoreboard players set @s[tag=custom] health_stats 100",
            "scoreboard players set @s[tag=custom] strength2 30",
            "scoreboard players set @s[tag=custom] speed 30",
            "scoreboard players set @s[tag=custom] jump 30",
            "clear @s wesl3y:up 0 1"
          ]
		}
	  }
	}
  }
}