{
  "format_version": "1.17.100",
  "minecraft:item": {
    "description": {
      "identifier": "wesl3y:wanted",
      "category": "items"
    },
    "components": {
      "minecraft:max_stack_size": 1,
      "minecraft:hand_equipped": true,
      "minecraft:foil": false,
      "minecraft:icon": {
        "texture": "wanted"
      },
	  "minecraft:cooldown": {
		"category": "wanted",
		"duration": 0.1
	  },
      "minecraft:display_name": {
        "value": "§eList Wanteds\n§7(Hold to Use)"
      },
      "minecraft:on_use": {
        "on_use": {
          "event": "wg",
          "target": "self"
        }
      },
      "minecraft:render_offsets": {
	    "main_hand": {
		  "first_person": { 
		    "scale": [0.0,0.0,0.0]
		  },
		  "third_person": { 
			"scale": [0.0,0.0,0.0]
		  }
		}
      }
    },
    "events": {
      "wg": {
        "run_command": {
          "command": [
            "scoreboard players set @s[scores={wanted=..9}] wanted 0",
            "scoreboard players set @s[scores={wanted=21..,recompensa=..4999}] wanted 1",
            "scoreboard players set @s[scores={wanted=21..,recompensa=5000..9999}] wanted 2",
            "scoreboard players set @s[scores={wanted=21..,recompensa=10000..14999}] wanted 3",
            "scoreboard players set @s[scores={wanted=21..,recompensa=15000..19999}] wanted 4",
            "scoreboard players set @s[scores={wanted=21..,recompensa=20000..29999}] wanted 5",
            "scoreboard players set @s[scores={wanted=21..,recompensa=30000..49999}] wanted 6",
            "scoreboard players set @s[scores={wanted=21..,recompensa=50000..69999}] wanted 7",
            "scoreboard players set @s[scores={wanted=21..,recompensa=70000..100000}] wanted 8",
            "scoreboard players set @s[scores={wanted=21..,recompensa=100000..}] wanted 9",
            "scoreboard players set @s[scores={wanted=20}] wanted 21",
            "scoreboard players set @s[scores={wanted=19}] wanted 20",
            "scoreboard players set @s[scores={wanted=18}] wanted 19",
            "scoreboard players set @s[scores={wanted=17}] wanted 18",
            "scoreboard players set @s[scores={wanted=16}] wanted 17",
            "scoreboard players set @s[scores={wanted=15}] wanted 16",
            "scoreboard players set @s[scores={wanted=14}] wanted 15",
            "scoreboard players set @s[scores={wanted=13}] wanted 14",
            "scoreboard players set @s[scores={wanted=12}] wanted 13",
            "scoreboard players set @s[scores={wanted=11}] wanted 12",
            "scoreboard players set @s[scores={wanted=10}] wanted 11",
            "scoreboard players set @s[scores={wanted=0}] wanted 10"
          ]
		}
	  }
	}
  }
}