{
	"format_version": "1.12.0",
	"minecraft:geometry": [
		{
			"description": {
				"identifier": "geometry.Figure_ag1",
				"texture_width": 128,
				"texture_height": 128,
				"visible_bounds_width": 3,
				"visible_bounds_height": 5.5,
				"visible_bounds_offset": [0, 2.25, 0]
			},
			"bones": [
				{
					"name": "All",
					"pivot": [0, 0, 0]
				},
				{
					"name": "Body",
					"parent": "All",
					"pivot": [0, 36, 0],
					"cubes": [
						{"origin": [-4, 36, -2], "size": [8, 8, 4], "uv": [56, 38]}
					]
				},
				{
					"name": "Torso",
					"parent": "Body",
					"pivot": [0, 44, 0],
					"cubes": [
						{"origin": [-5, 44, -3], "size": [10, 8, 6], "uv": [0, 16]},
						{"origin": [-6, 49.9, -4], "size": [5, 2, 8], "uv": [52, 28]},
						{"origin": [-6, 46.9, -4], "size": [4, 2, 8], "uv": [24, 54]},
						{"origin": [-6, 43.9, -4], "size": [3, 2, 8], "uv": [72, 2]},
						{"origin": [3, 43.9, -4], "size": [3, 2, 8], "uv": [68, 18]},
						{"origin": [2, 46.9, -4], "size": [4, 2, 8], "uv": [0, 54]},
						{"origin": [1, 49.9, -4], "size": [5, 2, 8], "uv": [48, 0]},
						{"origin": [-1, 52, -1], "size": [2, 2, 2], "uv": [0, 0]}
					]
				},
				{
					"name": "Arm",
					"parent": "Torso",
					"pivot": [-7, 50, 0],
					"cubes": [
						{"origin": [-9, 36, -2], "size": [4, 16, 4], "uv": [44, 16]}
					]
				},
				{
					"name": "Arm2",
					"parent": "Arm",
					"pivot": [-7, 36, 0],
					"cubes": [
						{"origin": [-9, 20, -2], "size": [4, 16, 4], "uv": [40, 42]}
					]
				},
				{
					"name": "Arm3",
					"parent": "Arm2",
					"pivot": [-7, 20, 0],
					"cubes": [
						{"origin": [-9, 4, -2], "size": [4, 16, 4], "uv": [16, 42]}
					]
				},
				{
					"name": "Arm4",
					"parent": "Torso",
					"pivot": [7, 50, 0],
					"cubes": [
						{"origin": [5, 36, -2], "size": [4, 16, 4], "uv": [32, 0]}
					]
				},
				{
					"name": "Arm5",
					"parent": "Arm4",
					"pivot": [7, 36, 0],
					"cubes": [
						{"origin": [5, 20, -2], "size": [4, 16, 4], "uv": [0, 30]}
					]
				},
				{
					"name": "Arm6",
					"parent": "Arm5",
					"pivot": [7, 20, 0],
					"cubes": [
						{"origin": [5, 4, -2], "size": [4, 16, 4], "uv": [28, 26]}
					]
				},
				{
					"name": "Head",
					"parent": "Torso",
					"pivot": [0, 54, 0],
					"cubes": [
						{"origin": [-4, 54, -4], "size": [8, 8, 8], "uv": [0, 0]}
					]
				},
				{
					"name": "Leg",
					"parent": "All",
					"pivot": [-2, 36, 0],
					"cubes": [
						{"origin": [-4, 24, -2], "size": [4, 12, 4], "uv": [60, 66]}
					]
				},
				{
					"name": "Leg2",
					"parent": "Leg",
					"pivot": [-2, 24, 0],
					"cubes": [
						{"origin": [-4, 12, -2], "size": [4, 12, 4], "uv": [16, 64]}
					]
				},
				{
					"name": "Leg3",
					"parent": "Leg2",
					"pivot": [-2, 12, 0],
					"cubes": [
						{"origin": [-4, 0, -2], "size": [4, 12, 4], "uv": [0, 64]}
					]
				},
				{
					"name": "Leg4",
					"parent": "All",
					"pivot": [2, 36, 0],
					"cubes": [
						{"origin": [0, 24, -2], "size": [4, 12, 4], "uv": [44, 62]}
					]
				},
				{
					"name": "Leg5",
					"parent": "Leg4",
					"pivot": [2, 24, 0],
					"cubes": [
						{"origin": [0, 12, -2], "size": [4, 12, 4], "uv": [60, 10]}
					]
				},
				{
					"name": "Leg6",
					"parent": "Leg5",
					"pivot": [2, 12, 0],
					"cubes": [
						{"origin": [0, 0, -2], "size": [4, 12, 4], "uv": [56, 50]}
					]
				}
			]
		}
	]
}