{
	"format_version": "1.12.0",
	"minecraft:geometry": [
		{
			"description": {
				"identifier": "geometry.Screech_ag1",
				"texture_width": 64,
				"texture_height": 64,
				"visible_bounds_width": 4,
				"visible_bounds_height": 4.5,
				"visible_bounds_offset": [0, 1.75, 0]
			},
			"bones": [
				{
					"name": "Head",
					"pivot": [0, 28, 0],
					"cubes": [
						{"origin": [-4, 27, -4], "size": [8, 5, 8], "uv": [0, 0]},
						{"origin": [-4, 24, 2], "size": [8, 3, 2], "uv": [0, 22]}
					]
				},
				{
					"name": "Arm",
					"parent": "Head",
					"pivot": [-2, 32, 0],
					"cubes": [
						{"origin": [-3, 32, -1], "size": [2, 6, 2], "uv": [40, 0]}
					]
				},
				{
					"name": "Arm2",
					"parent": "Arm",
					"pivot": [-2, 38, 0],
					"cubes": [
						{"origin": [-3, 38, -1], "size": [2, 6, 2], "uv": [22, 37]}
					]
				},
				{
					"name": "Arm3",
					"parent": "Arm2",
					"pivot": [-2, 44, 0],
					"cubes": [
						{"origin": [-3, 44, -1], "size": [2, 6, 2], "uv": [36, 16]}
					]
				},
				{
					"name": "Arm7",
					"parent": "Head",
					"pivot": [-4, 30, 0],
					"rotation": [0, 0, -90],
					"cubes": [
						{"origin": [-5, 30, -1], "size": [2, 6, 2], "uv": [28, 13]}
					]
				},
				{
					"name": "Arm8",
					"parent": "Arm7",
					"pivot": [-4, 36, 0],
					"cubes": [
						{"origin": [-5, 36, -1], "size": [2, 6, 2], "uv": [8, 27]}
					]
				},
				{
					"name": "Arm9",
					"parent": "Arm8",
					"pivot": [-4, 42, 0],
					"cubes": [
						{"origin": [-5, 42, -1], "size": [2, 6, 2], "uv": [0, 27]}
					]
				},
				{
					"name": "Arm10",
					"parent": "Head",
					"pivot": [4, 30, 0],
					"rotation": [0, 0, 90],
					"cubes": [
						{"origin": [3, 30, -1], "size": [2, 6, 2], "uv": [24, 0]}
					]
				},
				{
					"name": "Arm11",
					"parent": "Arm10",
					"pivot": [4, 36, 0],
					"cubes": [
						{"origin": [3, 36, -1], "size": [2, 6, 2], "uv": [20, 22]}
					]
				},
				{
					"name": "Arm12",
					"parent": "Arm11",
					"pivot": [4, 42, 0],
					"cubes": [
						{"origin": [3, 42, -1], "size": [2, 6, 2], "uv": [0, 0]}
					]
				},
				{
					"name": "Arm4",
					"parent": "Head",
					"pivot": [2, 32, 0],
					"cubes": [
						{"origin": [1, 32, -1], "size": [2, 6, 2], "uv": [36, 8]}
					]
				},
				{
					"name": "Arm5",
					"parent": "Arm4",
					"pivot": [2, 38, 0],
					"cubes": [
						{"origin": [1, 38, -1], "size": [2, 6, 2], "uv": [32, 35]}
					]
				},
				{
					"name": "Arm6",
					"parent": "Arm5",
					"pivot": [2, 44, 0],
					"cubes": [
						{"origin": [1, 44, -1], "size": [2, 6, 2], "uv": [8, 35]}
					]
				},
				{
					"name": "Arm13",
					"parent": "Head",
					"pivot": [2, 24, 0],
					"cubes": [
						{"origin": [1, 18, -1], "size": [2, 6, 2], "uv": [0, 35]}
					]
				},
				{
					"name": "Arm14",
					"parent": "Arm13",
					"pivot": [2, 18, 0],
					"cubes": [
						{"origin": [1, 12, -1], "size": [2, 6, 2], "uv": [34, 27]}
					]
				},
				{
					"name": "Arm15",
					"parent": "Arm14",
					"pivot": [2, 12, 0],
					"cubes": [
						{"origin": [1, 6, -1], "size": [2, 6, 2], "uv": [32, 0]}
					]
				},
				{
					"name": "Arm16",
					"parent": "Head",
					"pivot": [-2, 24, 0],
					"cubes": [
						{"origin": [-3, 18, -1], "size": [2, 6, 2], "uv": [16, 30]}
					]
				},
				{
					"name": "Arm17",
					"parent": "Arm16",
					"pivot": [-2, 18, 0],
					"cubes": [
						{"origin": [-3, 12, -1], "size": [2, 6, 2], "uv": [26, 29]}
					]
				},
				{
					"name": "Arm18",
					"parent": "Arm17",
					"pivot": [-2, 12, 0],
					"cubes": [
						{"origin": [-3, 6, -1], "size": [2, 6, 2], "uv": [28, 21]}
					]
				},
				{
					"name": "Mouth",
					"parent": "Head",
					"pivot": [0, 27, 2],
					"cubes": [
						{"origin": [-4, 24, -4], "size": [8, 3, 6], "uv": [0, 13]}
					]
				}
			]
		}
	]
}