{
	"format_version": "1.12.0",
	"minecraft:geometry": [
		{
			"description": {
				"identifier": "geometry.Seek_ag1",
				"texture_width": 128,
				"texture_height": 128,
				"visible_bounds_width": 2,
				"visible_bounds_height": 4.5,
				"visible_bounds_offset": [0, 1.75, 0]
			},
			"bones": [
				{
					"name": "All",
					"pivot": [0, 0, 0]
				},
				{
					"name": "Body",
					"parent": "All",
					"pivot": [0, 24, 0],
					"cubes": [
						{"origin": [-3, 24, -2], "size": [6, 6, 4], "uv": [46, 28]}
					]
				},
				{
					"name": "Torso",
					"parent": "Body",
					"pivot": [0, 30, 0],
					"cubes": [
						{"origin": [-4, 30, -2], "size": [8, 6, 4], "uv": [0, 16]},
						{"origin": [-1, 36, -1], "size": [2, 2, 2], "uv": [0, 0]}
					]
				},
				{
					"name": "Arm",
					"parent": "Torso",
					"pivot": [-6, 34, 0],
					"cubes": [
						{"origin": [-7, 24, -2], "size": [3, 12, 4], "uv": [48, 0]}
					]
				},
				{
					"name": "Arm2",
					"parent": "Arm",
					"pivot": [-6, 24, 0],
					"cubes": [
						{"origin": [-7, 12, -2], "size": [3, 12, 4], "uv": [44, 46]}
					]
				},
				{
					"name": "Arm3",
					"parent": "Torso",
					"pivot": [6, 34, 0],
					"cubes": [
						{"origin": [4, 24, -2], "size": [3, 12, 4], "uv": [12, 38]}
					]
				},
				{
					"name": "Arm4",
					"parent": "Arm3",
					"pivot": [6, 24, 0],
					"cubes": [
						{"origin": [4, 12, -2], "size": [3, 12, 4], "uv": [36, 16]}
					]
				},
				{
					"name": "Head",
					"parent": "Torso",
					"pivot": [0, 38, 0],
					"cubes": [
						{"origin": [-4, 38, -4], "size": [8, 8, 8], "uv": [0, 0]}
					]
				},
				{
					"name": "Leg",
					"parent": "All",
					"pivot": [-2, 24, 0],
					"cubes": [
						{"origin": [-4, 12, -2], "size": [4, 12, 4], "uv": [32, 34]}
					]
				},
				{
					"name": "Leg2",
					"parent": "Leg",
					"pivot": [-2, 12, 0],
					"cubes": [
						{"origin": [-4, 0, -2], "size": [4, 12, 4], "uv": [32, 0]}
					]
				},
				{
					"name": "Leg3",
					"parent": "All",
					"pivot": [2, 24, 0],
					"cubes": [
						{"origin": [0, 12, -2], "size": [4, 12, 4], "uv": [0, 26]}
					]
				},
				{
					"name": "Leg4",
					"parent": "Leg3",
					"pivot": [2, 12, 0],
					"cubes": [
						{"origin": [0, 0, -2], "size": [4, 12, 4], "uv": [20, 22]}
					]
				}
			]
		}
	]
}