{
  "format_version": "1.8.0",
  "animations": {
    "animation.kg_mll.idle": {
      "loop": true,
      "animation_length": 1
    },
    "animation.kg_mll.move": {
      "loop": true,
      "animation_length": 2,
      "anim_time_update": "query.modified_distance_moved *0.1",
      "bones": {
        "Right_leg": {
          "rotation": {
            "0.0": [
              0,
              0,
              0
            ],
            "0.5": [
              59.78009,
              31.76028,
              55.56458
            ],
            "1.0": [
              6.88247,
              0.62496,
              54.63532
            ],
            "2.0": [
              0,
              0,
              0
            ]
          }
        },
        "Right_leg5": {
          "rotation": [
            0,
            0,
            0
          ]
        },
        "Right_leg9": {
          "rotation": {
            "0.0": [
              0,
              0,
              0
            ],
            "0.5": [
              -29.45525,
              -18.97938,
              -0.50314
            ],
            "1.0": [
              0,
              0,
              0
            ],
            "2.0": [
              0,
              0,
              0
            ]
          }
        },
        "tooF": {
          "rotation": {
            "0.0": [
              0,
              0,
              0
            ],
            "0.5": [
              173.03794,
              15.99061,
              171.39701
            ],
            "1.0": [
              142.88354,
              12.90994,
              147.05994
            ],
            "1.5": [
              47.93691,
              28.25503,
              48.09807
            ],
            "2.0": [
              0,
              0,
              0
            ]
          }
        },
        "Left_leg": {
          "rotation": {
            "0.0": [
              -18.25179,
              -7.71605,
              -47.93584
            ],
            "0.75": [
              -24.73236,
              -6.45313,
              3.58459
            ],
            "1.5": [
              -13.61214,
              -52.80229,
              12.28195
            ],
            "2.0": [
              -18.25179,
              -7.71605,
              -47.93584
            ]
          }
        },
        "Left_leg5": {
          "rotation": {
            "0.0": [
              9.18843,
              -4.0922,
              23.35433
            ],
            "1.0": [
              33.55787,
              16.66,
              50.70458
            ],
            "1.5": [
              33.73828,
              15.72539,
              48.44262
            ],
            "2.0": [
              9.18843,
              -4.0922,
              23.35433
            ]
          }
        },
        "2tooF": {
          "rotation": {
            "0.0": [
              87.97862,
              5.52808,
              -65.88219
            ],
            "0.5": [
              7.55522,
              -9.74049,
              27.75618
            ],
            "1.0": [
              -3.15657,
              39.96279,
              47.78372
            ],
            "2.0": [
              87.97862,
              5.52808,
              -65.88219
            ]
          }
        },
        "Body": {
          "rotation": {
            "0.0": [
              0.17583,
              1.61888,
              12.39638
            ],
            "1.0": [
              0.34344,
              -2.24944,
              -17.35932
            ],
            "2.0": [
              0.17583,
              1.61888,
              12.39638
            ]
          }
        },
        "Body3": {
          "rotation": {
            "0.0": [
              -2.32607,
              -10.17781,
              25.68482
            ],
            "1.0": [
              -1.92361,
              9.30727,
              -23.30696
            ],
            "2.0": [
              -2.32607,
              -10.17781,
              25.68482
            ]
          }
        },
        "Head": {
          "rotation": {
            "0.0": [
              29.62,
              -2.13806,
              2.22539
            ],
            "1.0": [
              29.49716,
              10.24301,
              0.49742
            ],
            "2.0": [
              29.62,
              -2.13806,
              2.22539
            ]
          }
        },
        "Right_arm": {
          "rotation": {
            "0.0": [
              -50.4817,
              -12.17205,
              -22.15705
            ],
            "0.8333": [
              -7.09334,
              -8.65719,
              -24.44112
            ],
            "1.0": [
              2.68384,
              -7.77859,
              -24.71585
            ],
            "1.5": [
              42.41304,
              -33.61949,
              50.16019
            ],
            "2.0": [
              -50.4817,
              -12.17205,
              -22.15705
            ]
          }
        },
        "Right_arm6": {
          "rotation": {
            "0.0": [
              0,
              0,
              30
            ],
            "1.0": [
              26.96047,
              -5.58473,
              27.92375
            ],
            "1.5": [
              50.90444,
              -31.32681,
              -65.99727
            ],
            "2.0": [
              0,
              0,
              30
            ]
          }
        },
        "Right_arm12": {
          "rotation": {
            "0.0": [
              0,
              0,
              10
            ],
            "1.0": [
              9.26131,
              8.42556,
              10.35403
            ],
            "2.0": [
              0,
              0,
              10
            ]
          }
        },
        "dnaH": {
          "rotation": {
            "0.0": [
              50.31125,
              4.87182,
              -22.97785
            ],
            "1.0": [
              -27.12507,
              10.25131,
              -25.36567
            ],
            "1.5": [
              72.44901,
              -60.70968,
              -17.92064
            ],
            "2.0": [
              50.31125,
              4.87182,
              -22.97785
            ]
          }
        },
        "Left_arm": {
          "rotation": {
            "0.0": [
              20.7724,
              1.07136,
              7.90304
            ],
            "0.5": [
              -42.80376,
              29.33474,
              -2.3652
            ],
            "1.0": [
              -24.22582,
              -12.45452,
              14.08181
            ],
            "2.0": [
              20.7724,
              1.07136,
              7.90304
            ]
          }
        },
        "Left_arm9": {
          "rotation": {
            "0.0": [
              6.54464,
              18.58649,
              -24.93079
            ],
            "0.5": [
              -3.1211,
              -51.72232,
              -77.13415
            ],
            "1.0": [
              6.54464,
              18.58649,
              -24.93079
            ],
            "2.0": [
              6.54464,
              18.58649,
              -24.93079
            ]
          }
        },
        "dnaH2": {
          "rotation": {
            "0.0": [
              -50.25056,
              -10.27275,
              16.39115
            ],
            "0.25": [
              -150.15706,
              60.14714,
              -82.82443
            ],
            "0.5": [
              55.79918,
              3.86178,
              6.50669
            ],
            "1.0": [
              49.86503,
              -11.15508,
              19.1276
            ],
            "2.0": [
              -50.25056,
              -10.27275,
              16.39115
            ]
          }
        }
      }
    }
  }
}