{
  "format_version": "1.16.0",
  "minecraft:entity": {
    "description": {
      "identifier": "wesl3y:menu_mob",
      "is_spawnable": false,
      "is_summonable": true,
      "is_experimental": false
    },
    "component_groups": {
      "wesl3y:chef": {
        "minecraft:timer": {
          "looping": false,
          "time": 0.1,
          "time_down_event": {
            "event": "wesl3y:chef2"
          }
        }
      },
      "wesl3y:garp": {
        "minecraft:timer": {
          "looping": false,
          "time": 0.1,
          "time_down_event": {
            "event": "wesl3y:garp2"
          }
        }
      },
      "wesl3y:koushirou": {
        "minecraft:timer": {
          "looping": false,
          "time": 0.1,
          "time_down_event": {
            "event": "wesl3y:koushirou2"
          }
        }
      },
      "wesl3y:shooter": {
        "minecraft:timer": {
          "looping": false,
          "time": 0.1,
          "time_down_event": {
            "event": "wesl3y:shooter2"
          }
        }
      },
      "wesl3y:swordman": {
        "minecraft:timer": {
          "looping": false,
          "time": 0.1,
          "time_down_event": {
            "event": "wesl3y:swordman2"
          }
        }
      },
      "wesl3y:pirate": {
        "minecraft:timer": {
          "looping": false,
          "time": 0.1,
          "time_down_event": {
            "event": "wesl3y:pirate2"
          }
        }
      },
      "wesl3y:rayleigh": {
        "minecraft:timer": {
          "looping": false,
          "time": 0.1,
          "time_down_event": {
            "event": "wesl3y:rayleigh2"
          }
        }
      },
      "wesl3y:sanji": {
        "minecraft:timer": {
          "looping": false,
          "time": 0.1,
          "time_down_event": {
            "event": "wesl3y:sanji2"
          }
        }
      },
      "wesl3y:shakky": {
        "minecraft:timer": {
          "looping": false,
          "time": 0.1,
          "time_down_event": {
            "event": "wesl3y:shakky2"
          }
        }
      },
      "wesl3y:ussop": {
        "minecraft:timer": {
          "looping": false,
          "time": 0.1,
          "time_down_event": {
            "event": "wesl3y:ussop2"
          }
        }
      }
    },
    "components": {
      "minecraft:npc": {},
      "minecraft:scale": {
        "value": 0
      },
      "minecraft:collision_box": {
        "width": 0,
        "height": 0
      },
      "minecraft:movement": {
        "value": 0
      },
      "minecraft:scheduler": {
        "min_delay_secs": 0,
        "max_delay_secs": 0,
        "scheduled_events": [
          {
            "filters": {
              "all_of":[
                { "test": "distance_to_nearest_player", "operator": ">", "value": 3 }
              ]
            },
            "event": "wesl3y:kill"
          }
        ]
      },
      "minecraft:timer": {
        "looping": true,
        "time": 18.0,
        "time_down_event": {
          "event": "wesl3y:kill"
        }
      },
      "minecraft:health": {
        "value": 1
      },
      "minecraft:pushable": {
        "is_pushable": false,
        "is_pushable_by_piston": false
      },
      "minecraft:physics": {}
    },
    "events": {
      "wesl3y:kill": {
        "run_command": {
          "command": [
            "kill @s"
          ]
        }
      },
      "wesl3y:chef": {
        "add": {
          "component_groups": [
            "wesl3y:chef"
          ]
        }
      },
      "wesl3y:chef2": {
        "run_command": {
          "command": [
            "dialogue open @s @p chef"
          ]
        }
      },
      "wesl3y:garp": {
        "add": {
          "component_groups": [
            "wesl3y:garp"
          ]
        }
      },
      "wesl3y:garp2": {
        "run_command": {
          "command": [
            "dialogue open @s @p garp"
          ]
        }
      },
      "wesl3y:koushirou": {
        "add": {
          "component_groups": [
            "wesl3y:koushirou"
          ]
        }
      },
      "wesl3y:koushirou2": {
        "run_command": {
          "command": [
            "dialogue open @s @p koushirou"
          ]
        }
      },
      "wesl3y:shooter": {
        "add": {
          "component_groups": [
            "wesl3y:shooter"
          ]
        }
      },
      "wesl3y:shooter2": {
        "run_command": {
          "command": [
            "dialogue open @s @p shooter"
          ]
        }
      },
      "wesl3y:swordman": {
        "add": {
          "component_groups": [
            "wesl3y:swordman"
          ]
        }
      },
      "wesl3y:swordman2": {
        "run_command": {
          "command": [
            "dialogue open @s @p swordman"
          ]
        }
      },
      "wesl3y:pirate": {
        "add": {
          "component_groups": [
            "wesl3y:pirate"
          ]
        }
      },
      "wesl3y:pirate2": {
        "run_command": {
          "command": [
            "dialogue open @s @p pirate"
          ]
        }
      },
      "wesl3y:rayleigh": {
        "add": {
          "component_groups": [
            "wesl3y:rayleigh"
          ]
        }
      },
      "wesl3y:rayleigh2": {
        "run_command": {
          "command": [
            "dialogue open @s @p rayleigh"
          ]
        }
      },
      "wesl3y:sanji": {
        "add": {
          "component_groups": [
            "wesl3y:sanji"
          ]
        }
      },
      "wesl3y:sanji2": {
        "run_command": {
          "command": [
            "dialogue open @s @p sanji_east"
          ]
        }
      },
      "wesl3y:ussop": {
        "add": {
          "component_groups": [
            "wesl3y:ussop"
          ]
        }
      },
      "wesl3y:ussop2": {
        "run_command": {
          "command": [
            "dialogue open @s @p ussop"
          ]
        }
      }
    }
  }
}