{
  "format_version": "1.16.0",
  "minecraft:entity": {
    "description": {
      "identifier": "wesl3y:menu",
      "is_spawnable": false,
      "is_summonable": true,
      "is_experimental": false
    },
    "component_groups": {
      "wg:archaeologist": {
        "minecraft:timer": {
          "looping": false,
          "time": 0.1,
          "time_down_event": {
            "event": "wg:archaeologist2"
          }
        }
      },
      "wg:custom": {
        "minecraft:timer": {
          "looping": false,
          "time": 0.1,
          "time_down_event": {
            "event": "wg:custom2"
          }
        }
      },
      "wg:menu": {
        "minecraft:timer": {
          "looping": false,
          "time": 0.1,
          "time_down_event": {
            "event": "wg:menu2"
          }
        }
      }
    },
    "components": {
      "minecraft:npc": {},
      "minecraft:scale": {
        "value": 0
      },
      "minecraft:collision_box": {
        "width": 0,
        "height": 0
      },
      "minecraft:movement": {
        "value": 0
      },
      "minecraft:scheduler": {
        "min_delay_secs": 0,
        "max_delay_secs": 0,
        "scheduled_events": [
          {
            "filters": {
              "all_of":[
                { "test": "distance_to_nearest_player", "operator": ">", "value": 3 }
              ]
            },
            "event": "wg:kill"
          }
        ]
      },
      "minecraft:timer": {
        "looping": true,
        "time": 18.0,
        "time_down_event": {
          "event": "wg:kill"
        }
      },
      "minecraft:health": {
        "value": 1
      },
      "minecraft:pushable": {
        "is_pushable": false,
        "is_pushable_by_piston": false
      },
      "minecraft:physics": {}
    },
    "events": {
      "wg:kill": {
        "run_command": {
          "command": [
            "kill @s"
          ]
        }
      },
      "wg:custom": {
        "add": {
          "component_groups": [
            "wg:custom"
          ]
        }
      },
      "wg:custom2": {
        "run_command": {
          "command": [
            "dialogue open @s @p[r=2,c=1] custom1"
          ]
        }
      },
      "wg:menu": {
        "add": {
          "component_groups": [
            "wg:menu"
          ]
        }
      },
      "wg:menu2": {
        "run_command": {
          "command": [
            "dialogue open @s @p[r=2,c=1] menu0"
          ]
        }
      },
      "wg:archaeologist": {
        "add": {
          "component_groups": [
            "wg:archaeologist"
          ]
        }
      },
      "wg:archaeologist2": {
        "run_command": {
          "command": [
            "dialogue open @s @p[tag=archaeologist] archaeologist"
          ]
        }
      }
    }
  }
}