{
  "format_version": "1.16.0",
  "minecraft:entity": {
    "description": {
      "identifier": "wesl3y:ussop_npc",
      "is_spawnable": true,
      "is_summonable": true,
      "is_experimental": false
    },
    "component_groups": {},

    "components": {
      "minecraft:fire_immune": true,
      "minecraft:type_family": {
        "family": [ "npc" ]
      },
      "minecraft:collision_box": {
        "width": 0.6,
        "height": 1.95
      },
      "minecraft:breathable": {
        "totalSupply": 915,
        "suffocateTime": 0,
        "breathesWater": true
      },
      "minecraft:equipment": {
        "table": "loot_tables/hand/ussop.json"
      },
      "minecraft:loot": {
        "table": "loot_tables/empty.json"
      },
      "minecraft:scale": {
        "value": 1.0
      },
      "minecraft:knockback_resistance": {
        "value": 1.0
      },
      "minecraft:damage_sensor": {
        "triggers": [
          {
		    "on_damage": {
			  "filters": {
			    "all_of": [
			      {
			        "test": "has_damage",
			        "value": "attack"
			      },
			      {
			        "test": "is_family",
			        "subject": "other",
			        "value": "player"
			      }
			    ]
			  },
			  "event": "inf"
		    },
            "deals_damage": false
          },
          {
            "cause": "all",
            "deals_damage": false
          }
		]
      },
	  "minecraft:interact": {
	    "interactions": [
	      {
		    "on_interact": {
			  "filters": {
			    "all_of": [
                  {"test": "has_tag", "subject": "other", "operator": "==", "value": "gm1"},
			      {"test": "is_sneaking", "subject": "other"},
                  {"test" :  "is_family", "subject":"other", "value" : "player"}
			    ]
			  },
			  "event": "inf2",
			  "target": "self"
		    },
		    "interact_text": "§lInteract"
		  },
		  {
		    "on_interact": {
			  "filters": {
			    "all_of": [
                  {"test": "has_tag", "subject": "other", "operator": "==", "value": "gm0"},
			      {"test": "is_sneaking", "subject": "other"},
                  {"test" :  "is_family", "subject":"other", "value" : "player"}
			    ]
			  },
			  "event": "wesl3y:npc",
			  "target": "self"
		    },
		    "interact_text": "§lInteract"
		  }
	    ]
	  },
      "minecraft:nameable": {
        "always_show": true,
        "allow_name_tag_renaming": false
      },
      "minecraft:behavior.melee_attack": {
        "priority": 4,
        "target_dist": 1.2,
        "speed_multiplier": 1.25,
        "track_target": true
      },
      "minecraft:behavior.hurt_by_target": {
        "priority": 1
      },
      "minecraft:health": {
        "value": 9999,
        "max": 9999
      },
      "minecraft:movement": {
        "value": 0.0
      },
      "minecraft:navigation.walk": {
       "is_amphibious": true,
        "can_path_over_water": true,
        "can_pass_doors": true,
        "can_open_doors": true,
        "can_fly": false,
        "can_climb": true,
        "can_sneak": true,
        "can_eat": true,
        "avoid_damage_blocks": false,
        "avoid_sun": false,
        "avoid_water": true
      },
      "minecraft:annotation.open_door": {
      },
      "minecraft:annotation.open_gate": {
      },
      "minecraft:movement.basic": {
      },
      "minecraft:jump.static": {
      },
      "minecraft:can_climb": {
      },
      "minecraft:persistent": {
      },
      "minecraft:behavior.random_stroll": {
        "priority": 5,
        "speed_multiplier": 1
      },
      "minecraft:behavior.look_at_player": {
        "priority": 6,
        "look_distance": 8
      },
      "minecraft:physics": {}
    },
    "events": {
	  "inf": {
        "run_command": {
          "command": [
            "execute @p[r=3,c=1] ~~~ function tell/inf_npc1"
		  ]
		}
	  },
	  "inf2": {
        "run_command": {
          "command": [
            "execute @p[r=3,c=1] ~~~ function tell/inf_npc2"
		  ]
		}
	  },
	  "wesl3y:npc": {
        "run_command": {
          "command": [
            "summon wesl3y:menu_mob ~~~ wesl3y:ussop"
		  ]
		}
	  }
    }
  }
}