{"mob.a.ambient":{"category":" neutral","max_distance":80,"sounds":["sounds/a"]},"mob.b.ambient":{"category":" neutral","max_distance":80,"sounds":["sounds/b"]},"mob.c.ambient":{"category":" neutral","max_distance":80,"sounds":["sounds/c"]},"mob.d.ambient":{"category":" neutral","max_distance":80,"sounds":["sounds/d"]},"mob.e.ambient":{"category":" neutral","max_distance":80,"sounds":["sounds/e"]},"mob.f.ambient":{"category":" neutral","max_distance":80,"sounds":["sounds/f"]},"mob.g.ambient":{"category":" neutral","max_distance":80,"sounds":["sounds/g"]},"mob.h.ambient":{"category":" neutral","max_distance":80,"sounds":["sounds/h"]},"mob.i.ambient":{"category":" neutral","max_distance":80,"sounds":["sounds/i"]},"mob.j.ambient":{"category":" neutral","max_distance":80,"sounds":["sounds/j"]},"mob.k.ambient":{"category":" neutral","max_distance":80,"sounds":["sounds/k"]},"mob.l.ambient":{"category":" neutral","max_distance":80,"sounds":["sounds/l"]},"mob.m.ambient":{"category":" neutral","max_distance":80,"sounds":["sounds/m"]},"mob.n.ambient":{"category":" neutral","max_distance":80,"sounds":["sounds/n"]},"mob.o.ambient":{"category":" neutral","max_distance":80,"sounds":["sounds/o"]},"mob.p.ambient":{"category":" neutral","max_distance":80,"sounds":["sounds/p"]},"mob.q.ambient":{"category":" neutral","max_distance":80,"sounds":["sounds/q"]},"mob.r.ambient":{"category":" neutral","max_distance":80,"sounds":["sounds/r"]},"mob.s.ambient":{"category":" neutral","max_distance":80,"sounds":["sounds/s"]},"mob.t.ambient":{"category":" neutral","max_distance":80,"sounds":["sounds/t"]},"mob.u.ambient":{"category":" neutral","max_distance":80,"sounds":["sounds/u"]},"mob.v.ambient":{"category":" neutral","max_distance":80,"sounds":["sounds/v"]},"mob.w.ambient":{"category":" neutral","max_distance":80,"sounds":["sounds/w"]},"mob.x.ambient":{"category":" neutral","max_distance":80,"sounds":["sounds/x"]},"mob.y.ambient":{"category":" neutral","max_distance":80,"sounds":["sounds/y"]},"mob.z.ambient":{"category":" neutral","max_distance":80,"sounds":["sounds/z"]}}