{
  "entity_sounds": {
    "entities": {
      "al:a": {
        "volume": 1.0,
        "pitch": [
          0.8,
          1.2
        ],
        "events": {
          "ambient": "mob.al_a.say",
          "hurt": "hit.cloth",
          "death": "mob.al_a.death",
          "step": {
            "sound": "mob.irongolem.walk",
            "volume": 1.0,
            "pitch": 1.0
          }
        }
      },
      "al:c": {
        "volume": 1.0,
        "pitch": [
          0.8,
          1.2
        ],
        "events": {
          "ambient": "mob.al_c.say",
          "hurt": "hit.cloth",
          "death": "mob.al_c.death",
          "step": {
            "sound": "mob.irongolem.walk",
            "volume": 1.0,
            "pitch": 1.0
          }
        }
      },
      "al:f": {
        "volume": 1.0,
        "pitch": [
          0.8,
          1.2
        ],
        "events": {
          "ambient": "mob.al_f.say",
          "hurt": "hit.cloth",
          "death": "mob.al_f.death",
          "step": {
            "sound": "mob.irongolem.walk",
            "volume": 1.0,
            "pitch": 1.0
          }
        }
      },
      "al:d": {
        "volume": 1.0,
        "pitch": [
          0.8,
          1.2
        ],
        "events": {
          "ambient": "mob.al_d.say",
          "hurt": "hit.cloth",
          "death": "mob.al_d.death",
          "step": {
            "sound": "mob.irongolem.walk",
            "volume": 1.0,
            "pitch": 1.0
          }
        }
      },
      "al:b": {
        "volume": 1.0,
        "pitch": [
          0.8,
          1.2
        ],
        "events": {
          "ambient": "mob.al_b.say",
          "hurt": "hit.cloth",
          "death": "mob.al_b.death",
          "step": {
            "sound": "mob.irongolem.walk",
            "volume": 1.0,
            "pitch": 1.0
          }
        }
      },
      "al:e": {
        "volume": 1.0,
        "pitch": [
          0.8,
          1.2
        ],
        "events": {
          "ambient": "mob.al_e.say",
          "hurt": "hit.cloth",
          "death": "mob.al_e.death",
          "step": {
            "sound": "mob.irongolem.walk",
            "volume": 1.0,
            "pitch": 1.0
          }
        }
      },
      "al:g": {
        "volume": 1.0,
        "pitch": [
          0.8,
          1.2
        ],
        "events": {
          "ambient": "mob.al_g.say",
          "hurt": "hit.cloth",
          "death": "mob.al_g.death",
          "step": {
            "sound": "mob.irongolem.walk",
            "volume": 1.0,
            "pitch": 1.0
          }
        }
      },
      "al:i": {
        "volume": 1.0,
        "pitch": [
          0.8,
          1.2
        ],
        "events": {
          "ambient": "mob.al_i.say",
          "hurt": "hit.cloth",
          "death": "mob.al_i.death",
          "step": {
            "sound": "mob.irongolem.walk",
            "volume": 1.0,
            "pitch": 1.0
          }
        }
      },
      "al:j": {
        "volume": 1.0,
        "pitch": [
          0.8,
          1.2
        ],
        "events": {
          "ambient": "mob.al_j.say",
          "hurt": "hit.cloth",
          "death": "mob.al_j.death",
          "step": {
            "sound": "mob.irongolem.walk",
            "volume": 1.0,
            "pitch": 1.0
          }
        }
      },
      "al:h": {
        "volume": 1.0,
        "pitch": [
          0.8,
          1.2
        ],
        "events": {
          "ambient": "mob.al_h.say",
          "hurt": "hit.cloth",
          "death": "mob.al_h.death",
          "step": {
            "sound": "mob.irongolem.walk",
            "volume": 1.0,
            "pitch": 1.0
          }
        }
      },
      "al:k": {
        "volume": 1.0,
        "pitch": [
          0.8,
          1.2
        ],
        "events": {
          "ambient": "mob.al_k.say",
          "hurt": "hit.cloth",
          "death": "mob.al_k.death",
          "step": {
            "sound": "mob.irongolem.walk",
            "volume": 1.0,
            "pitch": 1.0
          }
        }
      },
      "al:l": {
        "volume": 1.0,
        "pitch": [
          0.8,
          1.2
        ],
        "events": {
          "ambient": "mob.al_l.say",
          "hurt": "hit.cloth",
          "death": "mob.al_l.death",
          "step": {
            "sound": "mob.irongolem.walk",
            "volume": 1.0,
            "pitch": 1.0
          }
        }
      },
      "al:n": {
        "volume": 1.0,
        "pitch": [
          0.8,
          1.2
        ],
        "events": {
          "ambient": "mob.al_n.say",
          "hurt": "hit.cloth",
          "death": "mob.al_n.death",
          "step": {
            "sound": "mob.irongolem.walk",
            "volume": 1.0,
            "pitch": 1.0
          }
        }
      },
      "al:m": {
        "volume": 1.0,
        "pitch": [
          0.8,
          1.2
        ],
        "events": {
          "ambient": "mob.al_m.say",
          "hurt": "hit.cloth",
          "death": "mob.al_m.death",
          "step": {
            "sound": "mob.irongolem.walk",
            "volume": 1.0,
            "pitch": 1.0
          }
        }
      },
      "al:o": {
        "volume": 1.0,
        "pitch": [
          0.8,
          1.2
        ],
        "events": {
          "ambient": "mob.al_o.say",
          "hurt": "hit.cloth",
          "death": "mob.al_o.death",
          "step": {
            "sound": "mob.irongolem.walk",
            "volume": 1.0,
            "pitch": 1.0
          }
        }
      },
      "al:p": {
        "volume": 1.0,
        "pitch": [
          0.8,
          1.2
        ],
        "events": {
          "ambient": "mob.al_p.say",
          "hurt": "hit.cloth",
          "death": "mob.al_p.death",
          "step": {
            "sound": "mob.irongolem.walk",
            "volume": 1.0,
            "pitch": 1.0
          }
        }
      },
      "al:q": {
        "volume": 1.0,
        "pitch": [
          0.8,
          1.2
        ],
        "events": {
          "ambient": "mob.al_q.say",
          "hurt": "hit.cloth",
          "death": "mob.al_q.death",
          "step": {
            "sound": "mob.irongolem.walk",
            "volume": 1.0,
            "pitch": 1.0
          }
        }
      },
      "al:r": {
        "volume": 1.0,
        "pitch": [
          0.8,
          1.2
        ],
        "events": {
          "ambient": "mob.al_r.say",
          "hurt": "hit.cloth",
          "death": "mob.al_r.death",
          "step": {
            "sound": "mob.irongolem.walk",
            "volume": 1.0,
            "pitch": 1.0
          }
        }
      },
      "al:s": {
        "volume": 1.0,
        "pitch": [
          0.8,
          1.2
        ],
        "events": {
          "ambient": "mob.al_s.say",
          "hurt": "hit.cloth",
          "death": "mob.al_s.death",
          "step": {
            "sound": "mob.irongolem.walk",
            "volume": 1.0,
            "pitch": 1.0
          }
        }
      },
      "al:v": {
        "volume": 1.0,
        "pitch": [
          0.8,
          1.2
        ],
        "events": {
          "ambient": "mob.al_v.say",
          "hurt": "hit.cloth",
          "death": "mob.al_v.death",
          "step": {
            "sound": "mob.irongolem.walk",
            "volume": 1.0,
            "pitch": 1.0
          }
        }
      },
      "al:t": {
        "volume": 1.0,
        "pitch": [
          0.8,
          1.2
        ],
        "events": {
          "ambient": "mob.al_t.say",
          "hurt": "hit.cloth",
          "death": "mob.al_t.death",
          "step": {
            "sound": "mob.irongolem.walk",
            "volume": 1.0,
            "pitch": 1.0
          }
        }
      },
      "al:u": {
        "volume": 1.0,
        "pitch": [
          0.8,
          1.2
        ],
        "events": {
          "ambient": "mob.al_u.say",
          "hurt": "hit.cloth",
          "death": "mob.al_u.death",
          "step": {
            "sound": "mob.irongolem.walk",
            "volume": 1.0,
            "pitch": 1.0
          }
        }
      },
      "al:x": {
        "volume": 1.0,
        "pitch": [
          0.8,
          1.2
        ],
        "events": {
          "ambient": "mob.al_x.say",
          "hurt": "hit.cloth",
          "death": "mob.al_x.death",
          "step": {
            "sound": "mob.irongolem.walk",
            "volume": 1.0,
            "pitch": 1.0
          }
        }
      },
      "al:w": {
        "volume": 1.0,
        "pitch": [
          0.8,
          1.2
        ],
        "events": {
          "ambient": "mob.al_w.say",
          "hurt": "hit.cloth",
          "death": "mob.al_w.death",
          "step": {
            "sound": "mob.irongolem.walk",
            "volume": 1.0,
            "pitch": 1.0
          }
        }
      },
      "al:z": {
        "volume": 1.0,
        "pitch": [
          0.8,
          1.2
        ],
        "events": {
          "ambient": "mob.al_z.say",
          "hurt": "hit.cloth",
          "death": "mob.al_z.death",
          "step": {
            "sound": "mob.irongolem.walk",
            "volume": 1.0,
            "pitch": 1.0
          }
        }
      },
      "al:y": {
        "volume": 1.0,
        "pitch": [
          0.8,
          1.2
        ],
        "events": {
          "ambient": "mob.al_y.say",
          "hurt": "hit.cloth",
          "death": "mob.al_y.death",
          "step": {
            "sound": "mob.irongolem.walk",
            "volume": 1.0,
            "pitch": 1.0
          }
        }
      }
    }
  }
}