{"format_version":"1.8.0","animations":{"animation.yg_glitch.looking":{"loop":true,"bones":{"Head":{"rotation":["query.target_x_rotation-this","query.target_y_rotation-this",0]}}},"animation.yg_glitch.general":{"loop":true,"animation_length":2,"bones":{"Root":{"position":{"0.0":{"post":[0,5,0],"lerp_mode":"catmullrom"}}},"Rightarm":{"rotation":{"0.0":{"post":[0,0,12.5],"lerp_mode":"catmullrom"},"1.0":{"post":[0,0,5],"lerp_mode":"catmullrom"},"2.0":{"post":[0,0,12.5],"lerp_mode":"catmullrom"}}},"Leftarm":{"rotation":{"0.0":{"post":[0,0,-12.5],"lerp_mode":"catmullrom"},"1.0":{"post":[0,0,-7.5],"lerp_mode":"catmullrom"},"2.0":{"post":[0,0,-12.5],"lerp_mode":"catmullrom"}}}},"particle_effects":{"0.0":{"effect":"glitch","locator":"glitch"}}},"animation.yg_glitch.move":{"loop":true,"animation_length":1,"anim_time_update":"query.modified_distance_moved * 0.1","bones":{"Root":{"position":{"0.0":{"post":[0,5,0],"lerp_mode":"catmullrom"}}},"Rightarm":{"rotation":{"0.0":{"post":[-9.83728,0.86499,7.34119],"lerp_mode":"catmullrom"},"0.5":{"post":[-7.33728,0.86499,7.34119],"lerp_mode":"catmullrom"},"1.0":{"post":[-9.83728,0.86499,7.34119],"lerp_mode":"catmullrom"}}},"Leftarm":{"rotation":{"0.0":{"post":[-17.48436,-0.75155,-4.88443],"lerp_mode":"catmullrom"},"0.5":{"post":[-12.48436,-0.75155,-4.88443],"lerp_mode":"catmullrom"},"1.0":{"post":[-17.48436,-0.75155,-4.88443],"lerp_mode":"catmullrom"}}},"Body":{"rotation":{"0.0":{"post":[10,0,0],"lerp_mode":"catmullrom"},"0.5":{"post":[7.5,0,0],"lerp_mode":"catmullrom"},"1.0":{"post":[10,0,0],"lerp_mode":"catmullrom"}}},"Head":{"rotation":{"0.0":{"post":[-7.5,0,0],"lerp_mode":"catmullrom"},"0.5":{"post":[0,0,0],"lerp_mode":"catmullrom"},"1.0":{"post":[-7.5,0,0],"lerp_mode":"catmullrom"}}},"bone":{"rotation":{"0.0":{"post":[-32.5,0,0],"lerp_mode":"catmullrom"},"0.5":{"post":[-25,0,0],"lerp_mode":"catmullrom"},"1.0":{"post":[-32.5,0,0],"lerp_mode":"catmullrom"}}},"bone3":{"rotation":{"0.0":{"post":[-22.25483,0.76366,3.0982],"lerp_mode":"catmullrom"},"0.5":{"post":[-17.25483,0.76366,3.0982],"lerp_mode":"catmullrom"},"1.0":{"post":[-22.25483,0.76366,3.0982],"lerp_mode":"catmullrom"}}},"Rightleg":{"rotation":{"0.0":{"post":[5,0,0],"lerp_mode":"catmullrom"},"1.0":{"post":[5,0,0],"lerp_mode":"catmullrom"}}},"bone5":{"rotation":{"0.0":{"post":[10,0,0],"lerp_mode":"catmullrom"},"1.0":{"post":[10,0,0],"lerp_mode":"catmullrom"}}},"Leftleg":{"rotation":{"0.0":{"post":[10,0,0],"lerp_mode":"catmullrom"},"1.0":{"post":[10,0,0],"lerp_mode":"catmullrom"}}},"bone7":{"rotation":{"0.0":{"post":[7.5,0,0],"lerp_mode":"catmullrom"},"1.0":{"post":[7.5,0,0],"lerp_mode":"catmullrom"}}}}},"animation.yg_glitch.attack":{"animation_length":0.5,"bones":{"Body":{"rotation":{"0.0":[0,0,0],"0.1667":[-7.5,0,0],"0.3333":[15,0,0],"0.5":[0,0,0]}},"Head":{"rotation":{"0.0":[0,0,0],"0.1667":[5,0,0],"0.3333":[2.5,0,0],"0.5":[0,0,0]}},"Rightarm":{"rotation":{"0.0":[0,0,0],"0.1667":[22.5,0,25],"0.3333":[-41.69595,3.53875,4.01772],"0.5":[0,0,0]}},"bone":{"rotation":{"0.0":[0,0,0],"0.1667":[-52.5,0,0],"0.3333":[-84.97841,-16.11708,-13.1876],"0.5":[0,0,0]}},"bone2":{"rotation":{"0.0":[0,0,0],"0.1667":[0,0,42.5],"0.3333":[0,0,10],"0.5":[0,0,0]}},"Leftarm":{"rotation":{"0.0":[0,0,0],"0.1667":[19.9299,1.70818,-19.69986],"0.3333":[-42.50817,-6.9037,-20.02973],"0.5":[0,0,0]}},"bone3":{"rotation":{"0.0":[0,0,0],"0.1667":[-52.5,0,0],"0.3333":[-81.01689,24.30789,21.86547],"0.5":[0,0,0]}},"bone4":{"rotation":{"0.0":[0,0,0],"0.1667":[0,0,-32.5],"0.3333":[0,0,-25],"0.5":[0,0,0]}}}}}}