{"format_version":"1.8.0","animations":{"animation.yg_screech.tentacle":{"loop":true,"animation_length":1,"bones":{"Tentacle":{"rotation":{"0.0":[0,0,-47.5],"0.5":[0,0,-22.5],"1.0":[0,0,-47.5]}},"bone2":{"rotation":{"0.0":[0,0,10],"0.5":[0,0,-22.5],"1.0":[0,0,10]}},"bone":{"rotation":{"0.0":[0,0,17.5],"0.5":[0,0,-10],"1.0":[0,0,17.5]}},"Tentacle2":{"rotation":{"0.0":[0,0,12.5],"0.5":[0,0,22.5],"1.0":[0,0,12.5]}},"bone3":{"rotation":{"0.0":[0,0,-20],"0.5":[1.34085,4.44737,14.75207],"1.0":[0,0,-20]}},"bone4":{"rotation":{"0.0":[0,0,-22.5],"0.5":[0,0,15],"1.0":[0,0,-22.5]}},"Tentacle3":{"rotation":{"0.0":[0,0,-32.5],"0.5":[0,0,5],"1.0":[0,0,-32.5]}},"bone5":{"rotation":{"0.0":[0,0,10],"0.5":[0,0,-17.5],"1.0":[0,0,10]}},"bone6":{"rotation":{"0.0":[0,0,17.5],"0.5":[0,0,-17.5],"1.0":[0,0,17.5]}},"Tentacle4":{"rotation":{"0.0":[0,0,-17.5],"0.5":[0,0,0],"1.0":[0,0,-17.5]}},"bone7":{"rotation":{"0.0":[0,0,17.5],"0.5":[0,0,-7.5],"1.0":[0,0,17.5]}},"bone8":{"rotation":{"0.0":[0,0,17.5],"0.5":[0,0,-17.5],"1.0":[0,0,17.5]}},"Tentacle5":{"rotation":{"0.0":[0.1635,-0.76956,4.93666],"0.5":[-0.10958,-0.77907,24.9385],"1.0":[0.1635,-0.76956,4.93666]}},"bone9":{"rotation":{"0.0":[0,0,12.5],"0.5":[0,0,-20],"1.0":[0,0,12.5]}},"bone10":{"rotation":{"0.0":[0,0,17.5],"0.5":[0,0,-17.5],"1.0":[0,0,17.5]}},"Tentacle6":{"rotation":{"0.0":[0,0,-25],"0.5":[0,0,-7.5],"1.0":[0,0,-25]}},"bone11":{"rotation":{"0.0":[0,0,-22.5],"0.5":[1.74571,-6.70789,19.35465],"1.0":[0,0,-22.5]}},"bone12":{"rotation":{"0.0":[0,0,-30],"0.5":[0,0,15],"1.0":[0,0,-30]}},"Root":{"position":[0,3,0]},"bone13":{"rotation":{"0.0":[20,0,0],"0.5":[15,0,0],"1.0":[20,0,0]}}}},"animation.yg_screech.attack":{"animation_length":0.75,"bones":{"Root":{"rotation":{"0.0":[0,0,0],"0.1667":[-20,0,0],"0.3333":[17.5,0,0],"0.75":[0,0,0]},"position":{"0.0":[0,0,0],"0.1667":[0,0,6],"0.3333":[0,0,-3],"0.75":[0,0,0]}},"bone13":{"rotation":{"0.0":[0,0,0],"0.1667":[30,0,0],"0.5":[5,0,0]}}}}}}