{
	"format_version": "1.12.0",
	"minecraft:geometry": [
		{
			"description": {
				"identifier": "geometry.bacteria",
				"texture_width": 64,
				"texture_height": 64,
				"visible_bounds_width": 4,
				"visible_bounds_height": 5.5,
				"visible_bounds_offset": [0, 2.25, 0]
			},
			"bones": [
				{
					"name": "Main",
					"pivot": [0, 5, 0]
				},
				{
					"name": "head",
					"parent": "Main",
					"pivot": [0, 46.16667, 0],
					"cubes": [
						{
							"origin": [-3, 46, -3],
							"size": [6, 2, 6],
							"uv": {
								"north": {"uv": [10, 42], "uv_size": [6, 2]},
								"east": {"uv": [42, 36], "uv_size": [6, 2]},
								"south": {"uv": [42, 38], "uv_size": [6, 2]},
								"west": {"uv": [42, 40], "uv_size": [6, 2]},
								"up": {"uv": [10, 27], "uv_size": [6, 6]},
								"down": {"uv": [28, 6], "uv_size": [6, -6]}
							}
						},
						{
							"origin": [-4, 48, -4],
							"size": [8, 2, 8],
							"uv": {
								"north": {"uv": [41, 8], "uv_size": [8, 2]},
								"east": {"uv": [41, 10], "uv_size": [8, 2]},
								"south": {"uv": [41, 12], "uv_size": [8, 2]},
								"west": {"uv": [41, 14], "uv_size": [8, 2]},
								"up": {"uv": [20, 0], "uv_size": [8, 8]},
								"down": {"uv": [20, 16], "uv_size": [8, -8]}
							}
						},
						{
							"origin": [-5, 50, -5],
							"size": [10, 9, 10],
							"uv": {
								"north": {"uv": [10, 0], "uv_size": [10, 9]},
								"east": {"uv": [10, 9], "uv_size": [10, 9]},
								"south": {"uv": [10, 18], "uv_size": [10, 9]},
								"west": {"uv": [0, 20], "uv_size": [10, 9]},
								"up": {"uv": [0, 0], "uv_size": [10, 10]},
								"down": {"uv": [0, 20], "uv_size": [10, -10]}
							}
						}
					]
				},
				{
					"name": "headThing1",
					"parent": "head",
					"pivot": [-0.9, 52, -6],
					"rotation": [-12.5, 37.5, 0],
					"cubes": [
						{
							"origin": [-16.6286, 51, -0.33159],
							"size": [1.4, 1.25, 1.05],
							"pivot": [-11.23279, 52, 4.16033],
							"rotation": [180, 2.5, -180],
							"uv": {
								"north": {"uv": [49, 56], "uv_size": [1, 1]},
								"east": {"uv": [56, 49], "uv_size": [1, 1]},
								"south": {"uv": [50, 56], "uv_size": [1, 1]},
								"west": {"uv": [56, 50], "uv_size": [1, 1]},
								"up": {"uv": [51, 56], "uv_size": [1, 1]},
								"down": {"uv": [56, 52], "uv_size": [1, -1]}
							}
						},
						{
							"origin": [-17.1286, 51, 2.96841],
							"size": [6.4, 1.25, 1.25],
							"pivot": [-11.23279, 52, 4.16033],
							"rotation": [180, 40, -180],
							"uv": {
								"north": {"uv": [29, 44], "uv_size": [6, 1]},
								"east": {"uv": [52, 56], "uv_size": [1, 1]},
								"south": {"uv": [42, 44], "uv_size": [6, 1]},
								"west": {"uv": [56, 52], "uv_size": [1, 1]},
								"up": {"uv": [0, 45], "uv_size": [6, 1]},
								"down": {"uv": [10, 46], "uv_size": [6, -1]}
							}
						},
						{
							"origin": [-16.95489, 51, -5.11747],
							"size": [6, 1.25, 1.25],
							"pivot": [-11.40066, 52, -3.74829],
							"rotation": [180, 87.5, -180],
							"uv": {
								"north": {"uv": [16, 45], "uv_size": [6, 1]},
								"east": {"uv": [54, 56], "uv_size": [1, 1]},
								"south": {"uv": [29, 45], "uv_size": [6, 1]},
								"west": {"uv": [56, 54], "uv_size": [1, 1]},
								"up": {"uv": [42, 45], "uv_size": [6, 1]},
								"down": {"uv": [0, 47], "uv_size": [6, -1]}
							}
						},
						{
							"origin": [-19.95489, 51, -5.01747],
							"size": [9, 1.25, 1.15],
							"pivot": [-11.40066, 52, -3.74829],
							"rotation": [180, 87.5, -180],
							"uv": {
								"north": {"uv": [42, 42], "uv_size": [9, 1]},
								"east": {"uv": [53, 56], "uv_size": [1, 1]},
								"south": {"uv": [43, 0], "uv_size": [9, 1]},
								"west": {"uv": [56, 53], "uv_size": [1, 1]},
								"up": {"uv": [43, 1], "uv_size": [9, 1]},
								"down": {"uv": [43, 3], "uv_size": [9, -1]}
							}
						},
						{
							"origin": [-14.0654, 51, -8.20743],
							"size": [5.5, 1.25, 1.25],
							"pivot": [-9.32302, 52, -7.43311],
							"rotation": [0, 52.5, 0],
							"uv": {
								"north": {"uv": [10, 48], "uv_size": [5, 1]},
								"east": {"uv": [55, 56], "uv_size": [1, 1]},
								"south": {"uv": [15, 48], "uv_size": [5, 1]},
								"west": {"uv": [56, 55], "uv_size": [1, 1]},
								"up": {"uv": [48, 16], "uv_size": [5, 1]},
								"down": {"uv": [48, 18], "uv_size": [5, -1]}
							}
						},
						{
							"origin": [-9.37183, 51, -8.99696],
							"size": [4.5, 1.25, 1.25],
							"pivot": [-4.89033, 52, -8.27405],
							"rotation": [0, 5, 0],
							"uv": {
								"north": {"uv": [16, 43], "uv_size": [4, 1]},
								"east": {"uv": [56, 56], "uv_size": [1, 1]},
								"south": {"uv": [48, 31], "uv_size": [4, 1]},
								"west": {"uv": [0, 57], "uv_size": [1, 1]},
								"up": {"uv": [16, 49], "uv_size": [4, 1]},
								"down": {"uv": [20, 50], "uv_size": [4, -1]}
							}
						},
						{
							"origin": [-5.9, 51, -5.75],
							"size": [5.5, 1.25, 1.25],
							"pivot": [-0.9, 52, -6],
							"rotation": [0, -40, 0],
							"uv": {
								"north": {"uv": [48, 18], "uv_size": [5, 1]},
								"east": {"uv": [57, 0], "uv_size": [1, 1]},
								"south": {"uv": [48, 19], "uv_size": [5, 1]},
								"west": {"uv": [1, 57], "uv_size": [1, 1]},
								"up": {"uv": [20, 48], "uv_size": [5, 1]},
								"down": {"uv": [48, 21], "uv_size": [5, -1]}
							}
						}
					]
				},
				{
					"name": "headThing2",
					"parent": "head",
					"pivot": [0.9, 52, 6],
					"rotation": [12.5, 37.5, 0],
					"cubes": [
						{
							"origin": [15.2286, 51, -0.71841],
							"size": [1.4, 1.25, 1.05],
							"pivot": [11.23279, 52, -4.16033],
							"rotation": [-180, 2.5, 180],
							"uv": {
								"north": {"uv": [57, 1], "uv_size": [1, 1]},
								"east": {"uv": [2, 57], "uv_size": [1, 1]},
								"south": {"uv": [57, 2], "uv_size": [1, 1]},
								"west": {"uv": [3, 57], "uv_size": [1, 1]},
								"up": {"uv": [57, 3], "uv_size": [1, 1]},
								"down": {"uv": [4, 58], "uv_size": [1, -1]}
							}
						},
						{
							"origin": [10.7286, 51, -4.21841],
							"size": [6.4, 1.25, 1.25],
							"pivot": [11.23279, 52, -4.16033],
							"rotation": [-180, 40, 180],
							"uv": {
								"north": {"uv": [10, 46], "uv_size": [6, 1]},
								"east": {"uv": [57, 4], "uv_size": [1, 1]},
								"south": {"uv": [16, 46], "uv_size": [6, 1]},
								"west": {"uv": [5, 57], "uv_size": [1, 1]},
								"up": {"uv": [29, 46], "uv_size": [6, 1]},
								"down": {"uv": [42, 47], "uv_size": [6, -1]}
							}
						},
						{
							"origin": [10.95489, 51, 3.86747],
							"size": [6, 1.25, 1.25],
							"pivot": [11.40066, 52, 3.74829],
							"rotation": [-180, 87.5, 180],
							"uv": {
								"north": {"uv": [0, 47], "uv_size": [6, 1]},
								"east": {"uv": [57, 5], "uv_size": [1, 1]},
								"south": {"uv": [10, 47], "uv_size": [6, 1]},
								"west": {"uv": [6, 57], "uv_size": [1, 1]},
								"up": {"uv": [16, 47], "uv_size": [6, 1]},
								"down": {"uv": [22, 48], "uv_size": [6, -1]}
							}
						},
						{
							"origin": [10.95489, 51, 3.86747],
							"size": [9, 1.25, 1.15],
							"pivot": [11.40066, 52, 3.74829],
							"rotation": [-180, 87.5, 180],
							"uv": {
								"north": {"uv": [43, 3], "uv_size": [9, 1]},
								"east": {"uv": [57, 6], "uv_size": [1, 1]},
								"south": {"uv": [43, 4], "uv_size": [9, 1]},
								"west": {"uv": [7, 57], "uv_size": [1, 1]},
								"up": {"uv": [43, 5], "uv_size": [9, 1]},
								"down": {"uv": [43, 7], "uv_size": [9, -1]}
							}
						},
						{
							"origin": [8.5654, 51, 6.95743],
							"size": [5.5, 1.25, 1.25],
							"pivot": [9.32302, 52, 7.43311],
							"rotation": [0, 52.5, 0],
							"uv": {
								"north": {"uv": [48, 21], "uv_size": [5, 1]},
								"east": {"uv": [57, 7], "uv_size": [1, 1]},
								"south": {"uv": [48, 22], "uv_size": [5, 1]},
								"west": {"uv": [8, 57], "uv_size": [1, 1]},
								"up": {"uv": [48, 23], "uv_size": [5, 1]},
								"down": {"uv": [48, 25], "uv_size": [5, -1]}
							}
						},
						{
							"origin": [4.87183, 51, 7.74696],
							"size": [4.5, 1.25, 1.25],
							"pivot": [4.89033, 52, 8.27405],
							"rotation": [0, 5, 0],
							"uv": {
								"north": {"uv": [49, 32], "uv_size": [4, 1]},
								"east": {"uv": [57, 8], "uv_size": [1, 1]},
								"south": {"uv": [49, 33], "uv_size": [4, 1]},
								"west": {"uv": [9, 57], "uv_size": [1, 1]},
								"up": {"uv": [49, 34], "uv_size": [4, 1]},
								"down": {"uv": [49, 36], "uv_size": [4, -1]}
							}
						},
						{
							"origin": [0.4, 51, 4.5],
							"size": [5.5, 1.25, 1.25],
							"pivot": [0.9, 52, 6],
							"rotation": [0, -40, 0],
							"uv": {
								"north": {"uv": [48, 25], "uv_size": [5, 1]},
								"east": {"uv": [57, 9], "uv_size": [1, 1]},
								"south": {"uv": [48, 26], "uv_size": [5, 1]},
								"west": {"uv": [10, 57], "uv_size": [1, 1]},
								"up": {"uv": [48, 27], "uv_size": [5, 1]},
								"down": {"uv": [48, 29], "uv_size": [5, -1]}
							}
						}
					]
				},
				{
					"name": "body",
					"parent": "Main",
					"pivot": [-0.03068, 21.35061, -0.29609],
					"cubes": [
						{
							"origin": [-1, 20, -1],
							"size": [2, 26, 2],
							"uv": {
								"north": {"uv": [20, 16], "uv_size": [2, 26]},
								"east": {"uv": [22, 16], "uv_size": [2, 26]},
								"south": {"uv": [24, 16], "uv_size": [2, 26]},
								"west": {"uv": [26, 16], "uv_size": [2, 26]},
								"up": {"uv": [22, 45], "uv_size": [2, 2]},
								"down": {"uv": [4, 50], "uv_size": [2, -2]}
							}
						},
						{
							"origin": [1, 39.5, -0.5],
							"size": [1, 1, 1],
							"uv": {
								"north": {"uv": [53, 2], "uv_size": [1, 1]},
								"east": {"uv": [3, 53], "uv_size": [1, 1]},
								"south": {"uv": [53, 3], "uv_size": [1, 1]},
								"west": {"uv": [4, 53], "uv_size": [1, 1]},
								"up": {"uv": [53, 4], "uv_size": [1, 1]},
								"down": {"uv": [5, 54], "uv_size": [1, -1]}
							}
						},
						{
							"origin": [1.5, 39, -0.6],
							"size": [1, 1, 1],
							"uv": {
								"north": {"uv": [53, 5], "uv_size": [1, 1]},
								"east": {"uv": [6, 53], "uv_size": [1, 1]},
								"south": {"uv": [53, 6], "uv_size": [1, 1]},
								"west": {"uv": [7, 53], "uv_size": [1, 1]},
								"up": {"uv": [53, 7], "uv_size": [1, 1]},
								"down": {"uv": [53, 9], "uv_size": [1, -1]}
							}
						},
						{
							"origin": [1.75, 38.5, -0.6],
							"size": [1, 1, 1],
							"uv": {
								"north": {"uv": [53, 9], "uv_size": [1, 1]},
								"east": {"uv": [10, 53], "uv_size": [1, 1]},
								"south": {"uv": [53, 10], "uv_size": [1, 1]},
								"west": {"uv": [11, 53], "uv_size": [1, 1]},
								"up": {"uv": [53, 11], "uv_size": [1, 1]},
								"down": {"uv": [12, 54], "uv_size": [1, -1]}
							}
						},
						{
							"origin": [2, 38, -0.6],
							"size": [1, 1, 1],
							"uv": {
								"north": {"uv": [53, 12], "uv_size": [1, 1]},
								"east": {"uv": [13, 53], "uv_size": [1, 1]},
								"south": {"uv": [53, 13], "uv_size": [1, 1]},
								"west": {"uv": [14, 53], "uv_size": [1, 1]},
								"up": {"uv": [53, 14], "uv_size": [1, 1]},
								"down": {"uv": [15, 54], "uv_size": [1, -1]}
							}
						},
						{
							"origin": [2.25, 37.5, -0.6],
							"size": [1, 1, 1],
							"uv": {
								"north": {"uv": [53, 15], "uv_size": [1, 1]},
								"east": {"uv": [16, 53], "uv_size": [1, 1]},
								"south": {"uv": [53, 16], "uv_size": [1, 1]},
								"west": {"uv": [17, 53], "uv_size": [1, 1]},
								"up": {"uv": [53, 17], "uv_size": [1, 1]},
								"down": {"uv": [18, 54], "uv_size": [1, -1]}
							}
						},
						{
							"origin": [2.35, 37, -0.6],
							"size": [1, 1, 1],
							"uv": {
								"north": {"uv": [53, 18], "uv_size": [1, 1]},
								"east": {"uv": [19, 53], "uv_size": [1, 1]},
								"south": {"uv": [53, 19], "uv_size": [1, 1]},
								"west": {"uv": [20, 53], "uv_size": [1, 1]},
								"up": {"uv": [53, 20], "uv_size": [1, 1]},
								"down": {"uv": [21, 54], "uv_size": [1, -1]}
							}
						},
						{
							"origin": [2.5, 36.25, -0.6],
							"size": [1, 1, 1],
							"uv": {
								"north": {"uv": [53, 21], "uv_size": [1, 1]},
								"east": {"uv": [22, 53], "uv_size": [1, 1]},
								"south": {"uv": [53, 22], "uv_size": [1, 1]},
								"west": {"uv": [23, 53], "uv_size": [1, 1]},
								"up": {"uv": [53, 23], "uv_size": [1, 1]},
								"down": {"uv": [24, 54], "uv_size": [1, -1]}
							}
						},
						{
							"origin": [2.35, 35.5, -0.7],
							"size": [1, 1, 1],
							"uv": {
								"north": {"uv": [53, 24], "uv_size": [1, 1]},
								"east": {"uv": [25, 53], "uv_size": [1, 1]},
								"south": {"uv": [53, 25], "uv_size": [1, 1]},
								"west": {"uv": [26, 53], "uv_size": [1, 1]},
								"up": {"uv": [53, 26], "uv_size": [1, 1]},
								"down": {"uv": [27, 54], "uv_size": [1, -1]}
							}
						},
						{
							"origin": [2.25, 35, -0.6],
							"size": [1, 1, 1],
							"uv": {
								"north": {"uv": [53, 27], "uv_size": [1, 1]},
								"east": {"uv": [53, 28], "uv_size": [1, 1]},
								"south": {"uv": [29, 53], "uv_size": [1, 1]},
								"west": {"uv": [53, 29], "uv_size": [1, 1]},
								"up": {"uv": [30, 53], "uv_size": [1, 1]},
								"down": {"uv": [53, 31], "uv_size": [1, -1]}
							}
						},
						{
							"origin": [2.25, 34.5, -0.85],
							"size": [1, 1, 1],
							"uv": {
								"north": {"uv": [31, 53], "uv_size": [1, 1]},
								"east": {"uv": [53, 31], "uv_size": [1, 1]},
								"south": {"uv": [32, 53], "uv_size": [1, 1]},
								"west": {"uv": [53, 32], "uv_size": [1, 1]},
								"up": {"uv": [33, 53], "uv_size": [1, 1]},
								"down": {"uv": [53, 34], "uv_size": [1, -1]}
							}
						},
						{
							"origin": [2.25, 34, -1.1],
							"size": [1, 1, 1],
							"uv": {
								"north": {"uv": [34, 53], "uv_size": [1, 1]},
								"east": {"uv": [53, 34], "uv_size": [1, 1]},
								"south": {"uv": [35, 53], "uv_size": [1, 1]},
								"west": {"uv": [53, 35], "uv_size": [1, 1]},
								"up": {"uv": [36, 53], "uv_size": [1, 1]},
								"down": {"uv": [53, 37], "uv_size": [1, -1]}
							}
						},
						{
							"origin": [2.25, 33.5, -1.6],
							"size": [1, 1, 1],
							"uv": {
								"north": {"uv": [37, 53], "uv_size": [1, 1]},
								"east": {"uv": [53, 37], "uv_size": [1, 1]},
								"south": {"uv": [38, 53], "uv_size": [1, 1]},
								"west": {"uv": [53, 38], "uv_size": [1, 1]},
								"up": {"uv": [39, 53], "uv_size": [1, 1]},
								"down": {"uv": [53, 40], "uv_size": [1, -1]}
							}
						},
						{
							"origin": [2, 33, -2.1],
							"size": [1, 1, 1],
							"uv": {
								"north": {"uv": [40, 53], "uv_size": [1, 1]},
								"east": {"uv": [53, 40], "uv_size": [1, 1]},
								"south": {"uv": [41, 53], "uv_size": [1, 1]},
								"west": {"uv": [53, 41], "uv_size": [1, 1]},
								"up": {"uv": [42, 53], "uv_size": [1, 1]},
								"down": {"uv": [53, 43], "uv_size": [1, -1]}
							}
						},
						{
							"origin": [1.5, 32.5, -2.35],
							"size": [1, 1, 1],
							"uv": {
								"north": {"uv": [43, 53], "uv_size": [1, 1]},
								"east": {"uv": [53, 43], "uv_size": [1, 1]},
								"south": {"uv": [44, 53], "uv_size": [1, 1]},
								"west": {"uv": [53, 44], "uv_size": [1, 1]},
								"up": {"uv": [45, 53], "uv_size": [1, 1]},
								"down": {"uv": [53, 46], "uv_size": [1, -1]}
							}
						},
						{
							"origin": [1, 32, -2.6],
							"size": [1, 1, 1],
							"uv": {
								"north": {"uv": [46, 53], "uv_size": [1, 1]},
								"east": {"uv": [53, 46], "uv_size": [1, 1]},
								"south": {"uv": [47, 53], "uv_size": [1, 1]},
								"west": {"uv": [53, 47], "uv_size": [1, 1]},
								"up": {"uv": [48, 53], "uv_size": [1, 1]},
								"down": {"uv": [53, 49], "uv_size": [1, -1]}
							}
						},
						{
							"origin": [0.5, 31.5, -2.6],
							"size": [1, 1, 1],
							"uv": {
								"north": {"uv": [49, 53], "uv_size": [1, 1]},
								"east": {"uv": [53, 49], "uv_size": [1, 1]},
								"south": {"uv": [50, 53], "uv_size": [1, 1]},
								"west": {"uv": [53, 50], "uv_size": [1, 1]},
								"up": {"uv": [51, 53], "uv_size": [1, 1]},
								"down": {"uv": [53, 52], "uv_size": [1, -1]}
							}
						},
						{
							"origin": [0, 31, -2.6],
							"size": [1, 1, 1],
							"uv": {
								"north": {"uv": [52, 53], "uv_size": [1, 1]},
								"east": {"uv": [53, 52], "uv_size": [1, 1]},
								"south": {"uv": [53, 53], "uv_size": [1, 1]},
								"west": {"uv": [0, 54], "uv_size": [1, 1]},
								"up": {"uv": [54, 0], "uv_size": [1, 1]},
								"down": {"uv": [1, 55], "uv_size": [1, -1]}
							}
						},
						{
							"origin": [-0.5, 30.5, -2.6],
							"size": [1, 1, 1],
							"uv": {
								"north": {"uv": [54, 1], "uv_size": [1, 1]},
								"east": {"uv": [2, 54], "uv_size": [1, 1]},
								"south": {"uv": [54, 2], "uv_size": [1, 1]},
								"west": {"uv": [3, 54], "uv_size": [1, 1]},
								"up": {"uv": [54, 3], "uv_size": [1, 1]},
								"down": {"uv": [4, 55], "uv_size": [1, -1]}
							}
						},
						{
							"origin": [-1, 30, -2.6],
							"size": [1, 1, 1],
							"uv": {
								"north": {"uv": [54, 4], "uv_size": [1, 1]},
								"east": {"uv": [5, 54], "uv_size": [1, 1]},
								"south": {"uv": [54, 5], "uv_size": [1, 1]},
								"west": {"uv": [6, 54], "uv_size": [1, 1]},
								"up": {"uv": [54, 6], "uv_size": [1, 1]},
								"down": {"uv": [7, 55], "uv_size": [1, -1]}
							}
						},
						{
							"origin": [-1.5, 29.5, -2.6],
							"size": [1, 1, 1],
							"uv": {
								"north": {"uv": [54, 7], "uv_size": [1, 1]},
								"east": {"uv": [54, 8], "uv_size": [1, 1]},
								"south": {"uv": [54, 9], "uv_size": [1, 1]},
								"west": {"uv": [10, 54], "uv_size": [1, 1]},
								"up": {"uv": [54, 10], "uv_size": [1, 1]},
								"down": {"uv": [11, 55], "uv_size": [1, -1]}
							}
						},
						{
							"origin": [-2, 29, -2.6],
							"size": [1, 1, 1],
							"uv": {
								"north": {"uv": [54, 11], "uv_size": [1, 1]},
								"east": {"uv": [12, 54], "uv_size": [1, 1]},
								"south": {"uv": [54, 12], "uv_size": [1, 1]},
								"west": {"uv": [13, 54], "uv_size": [1, 1]},
								"up": {"uv": [54, 13], "uv_size": [1, 1]},
								"down": {"uv": [14, 55], "uv_size": [1, -1]}
							}
						},
						{
							"origin": [-2.5, 28.5, -2.6],
							"size": [1, 1, 1],
							"uv": {
								"north": {"uv": [54, 14], "uv_size": [1, 1]},
								"east": {"uv": [15, 54], "uv_size": [1, 1]},
								"south": {"uv": [54, 15], "uv_size": [1, 1]},
								"west": {"uv": [16, 54], "uv_size": [1, 1]},
								"up": {"uv": [54, 16], "uv_size": [1, 1]},
								"down": {"uv": [17, 55], "uv_size": [1, -1]}
							}
						},
						{
							"origin": [-3, 28, -2.6],
							"size": [1, 1, 1],
							"uv": {
								"north": {"uv": [54, 17], "uv_size": [1, 1]},
								"east": {"uv": [18, 54], "uv_size": [1, 1]},
								"south": {"uv": [54, 18], "uv_size": [1, 1]},
								"west": {"uv": [19, 54], "uv_size": [1, 1]},
								"up": {"uv": [54, 19], "uv_size": [1, 1]},
								"down": {"uv": [20, 55], "uv_size": [1, -1]}
							}
						},
						{
							"origin": [-3.5, 27.5, -2.6],
							"size": [1, 1, 1],
							"uv": {
								"north": {"uv": [54, 20], "uv_size": [1, 1]},
								"east": {"uv": [21, 54], "uv_size": [1, 1]},
								"south": {"uv": [54, 21], "uv_size": [1, 1]},
								"west": {"uv": [22, 54], "uv_size": [1, 1]},
								"up": {"uv": [54, 22], "uv_size": [1, 1]},
								"down": {"uv": [23, 55], "uv_size": [1, -1]}
							}
						},
						{
							"origin": [-3.75, 27, -2.1],
							"size": [1, 1, 1],
							"uv": {
								"north": {"uv": [54, 23], "uv_size": [1, 1]},
								"east": {"uv": [24, 54], "uv_size": [1, 1]},
								"south": {"uv": [54, 24], "uv_size": [1, 1]},
								"west": {"uv": [25, 54], "uv_size": [1, 1]},
								"up": {"uv": [54, 25], "uv_size": [1, 1]},
								"down": {"uv": [26, 55], "uv_size": [1, -1]}
							}
						},
						{
							"origin": [-3.65, 26.5, -1.6],
							"size": [1, 1, 1],
							"uv": {
								"north": {"uv": [54, 26], "uv_size": [1, 1]},
								"east": {"uv": [27, 54], "uv_size": [1, 1]},
								"south": {"uv": [54, 27], "uv_size": [1, 1]},
								"west": {"uv": [54, 28], "uv_size": [1, 1]},
								"up": {"uv": [29, 54], "uv_size": [1, 1]},
								"down": {"uv": [54, 30], "uv_size": [1, -1]}
							}
						},
						{
							"origin": [-3.55, 26, -1.35],
							"size": [1, 1, 1],
							"uv": {
								"north": {"uv": [30, 54], "uv_size": [1, 1]},
								"east": {"uv": [54, 30], "uv_size": [1, 1]},
								"south": {"uv": [31, 54], "uv_size": [1, 1]},
								"west": {"uv": [54, 31], "uv_size": [1, 1]},
								"up": {"uv": [32, 54], "uv_size": [1, 1]},
								"down": {"uv": [54, 33], "uv_size": [1, -1]}
							}
						},
						{
							"origin": [-3.45, 25.5, -0.85],
							"size": [1, 1, 1],
							"uv": {
								"north": {"uv": [33, 54], "uv_size": [1, 1]},
								"east": {"uv": [54, 33], "uv_size": [1, 1]},
								"south": {"uv": [34, 54], "uv_size": [1, 1]},
								"west": {"uv": [54, 34], "uv_size": [1, 1]},
								"up": {"uv": [35, 54], "uv_size": [1, 1]},
								"down": {"uv": [54, 36], "uv_size": [1, -1]}
							}
						},
						{
							"origin": [-3.35, 25, -0.35],
							"size": [1, 1, 1],
							"uv": {
								"north": {"uv": [36, 54], "uv_size": [1, 1]},
								"east": {"uv": [54, 36], "uv_size": [1, 1]},
								"south": {"uv": [37, 54], "uv_size": [1, 1]},
								"west": {"uv": [54, 37], "uv_size": [1, 1]},
								"up": {"uv": [38, 54], "uv_size": [1, 1]},
								"down": {"uv": [54, 39], "uv_size": [1, -1]}
							}
						},
						{
							"origin": [-3.25, 24.5, 0.15],
							"size": [1, 1, 1],
							"uv": {
								"north": {"uv": [39, 54], "uv_size": [1, 1]},
								"east": {"uv": [54, 39], "uv_size": [1, 1]},
								"south": {"uv": [40, 54], "uv_size": [1, 1]},
								"west": {"uv": [54, 40], "uv_size": [1, 1]},
								"up": {"uv": [41, 54], "uv_size": [1, 1]},
								"down": {"uv": [54, 42], "uv_size": [1, -1]}
							}
						},
						{
							"origin": [-3.15, 24, 0.65],
							"size": [1, 1, 1],
							"uv": {
								"north": {"uv": [42, 54], "uv_size": [1, 1]},
								"east": {"uv": [54, 42], "uv_size": [1, 1]},
								"south": {"uv": [43, 54], "uv_size": [1, 1]},
								"west": {"uv": [54, 43], "uv_size": [1, 1]},
								"up": {"uv": [44, 54], "uv_size": [1, 1]},
								"down": {"uv": [54, 45], "uv_size": [1, -1]}
							}
						},
						{
							"origin": [-3.05, 23.5, 1.15],
							"size": [1, 1, 1],
							"uv": {
								"north": {"uv": [45, 54], "uv_size": [1, 1]},
								"east": {"uv": [54, 45], "uv_size": [1, 1]},
								"south": {"uv": [46, 54], "uv_size": [1, 1]},
								"west": {"uv": [54, 46], "uv_size": [1, 1]},
								"up": {"uv": [47, 54], "uv_size": [1, 1]},
								"down": {"uv": [54, 48], "uv_size": [1, -1]}
							}
						},
						{
							"origin": [-2.8, 23, 1.65],
							"size": [1, 1, 1],
							"uv": {
								"north": {"uv": [48, 54], "uv_size": [1, 1]},
								"east": {"uv": [54, 48], "uv_size": [1, 1]},
								"south": {"uv": [49, 54], "uv_size": [1, 1]},
								"west": {"uv": [54, 49], "uv_size": [1, 1]},
								"up": {"uv": [50, 54], "uv_size": [1, 1]},
								"down": {"uv": [54, 51], "uv_size": [1, -1]}
							}
						},
						{
							"origin": [-2.3, 22.5, 1.65],
							"size": [1, 1, 1],
							"uv": {
								"north": {"uv": [51, 54], "uv_size": [1, 1]},
								"east": {"uv": [54, 51], "uv_size": [1, 1]},
								"south": {"uv": [52, 54], "uv_size": [1, 1]},
								"west": {"uv": [54, 52], "uv_size": [1, 1]},
								"up": {"uv": [53, 54], "uv_size": [1, 1]},
								"down": {"uv": [54, 54], "uv_size": [1, -1]}
							}
						},
						{
							"origin": [-1.8, 22, 1.65],
							"size": [1, 1, 1],
							"uv": {
								"north": {"uv": [54, 54], "uv_size": [1, 1]},
								"east": {"uv": [0, 55], "uv_size": [1, 1]},
								"south": {"uv": [55, 0], "uv_size": [1, 1]},
								"west": {"uv": [1, 55], "uv_size": [1, 1]},
								"up": {"uv": [55, 1], "uv_size": [1, 1]},
								"down": {"uv": [2, 56], "uv_size": [1, -1]}
							}
						},
						{
							"origin": [-1.3, 21.5, 1.65],
							"size": [1, 1, 1],
							"uv": {
								"north": {"uv": [55, 2], "uv_size": [1, 1]},
								"east": {"uv": [3, 55], "uv_size": [1, 1]},
								"south": {"uv": [55, 3], "uv_size": [1, 1]},
								"west": {"uv": [4, 55], "uv_size": [1, 1]},
								"up": {"uv": [55, 4], "uv_size": [1, 1]},
								"down": {"uv": [5, 56], "uv_size": [1, -1]}
							}
						},
						{
							"origin": [-0.8, 21, 1.65],
							"size": [1, 1, 1],
							"uv": {
								"north": {"uv": [55, 5], "uv_size": [1, 1]},
								"east": {"uv": [6, 55], "uv_size": [1, 1]},
								"south": {"uv": [55, 6], "uv_size": [1, 1]},
								"west": {"uv": [7, 55], "uv_size": [1, 1]},
								"up": {"uv": [55, 7], "uv_size": [1, 1]},
								"down": {"uv": [8, 56], "uv_size": [1, -1]}
							}
						},
						{
							"origin": [-0.3, 20.5, 1.4],
							"size": [1, 1, 1],
							"uv": {
								"north": {"uv": [55, 8], "uv_size": [1, 1]},
								"east": {"uv": [9, 55], "uv_size": [1, 1]},
								"south": {"uv": [55, 9], "uv_size": [1, 1]},
								"west": {"uv": [10, 55], "uv_size": [1, 1]},
								"up": {"uv": [55, 10], "uv_size": [1, 1]},
								"down": {"uv": [11, 56], "uv_size": [1, -1]}
							}
						},
						{
							"origin": [-0.05, 20.25, 1.4],
							"size": [1, 1, 1],
							"uv": {
								"north": {"uv": [55, 11], "uv_size": [1, 1]},
								"east": {"uv": [12, 55], "uv_size": [1, 1]},
								"south": {"uv": [55, 12], "uv_size": [1, 1]},
								"west": {"uv": [13, 55], "uv_size": [1, 1]},
								"up": {"uv": [55, 13], "uv_size": [1, 1]},
								"down": {"uv": [14, 56], "uv_size": [1, -1]}
							}
						},
						{
							"origin": [1, 44, -1],
							"size": [7, 2, 2],
							"uv": {
								"north": {"uv": [41, 16], "uv_size": [7, 2]},
								"east": {"uv": [25, 48], "uv_size": [2, 2]},
								"south": {"uv": [41, 18], "uv_size": [7, 2]},
								"west": {"uv": [48, 29], "uv_size": [2, 2]},
								"up": {"uv": [41, 20], "uv_size": [7, 2]},
								"down": {"uv": [41, 24], "uv_size": [7, -2]}
							}
						},
						{
							"origin": [-8, 44, -1],
							"size": [7, 2, 2],
							"uv": {
								"north": {"uv": [41, 24], "uv_size": [7, 2]},
								"east": {"uv": [48, 36], "uv_size": [2, 2]},
								"south": {"uv": [41, 26], "uv_size": [7, 2]},
								"west": {"uv": [48, 38], "uv_size": [2, 2]},
								"up": {"uv": [41, 28], "uv_size": [7, 2]},
								"down": {"uv": [41, 32], "uv_size": [7, -2]}
							}
						},
						{
							"origin": [-9.2, 41, -1],
							"size": [8.2, 1, 2],
							"pivot": [-6, 41.5, 0],
							"rotation": [-0.06548, -2.49914, 1.50143],
							"uv": {
								"north": {"uv": [43, 7], "uv_size": [7, 1]},
								"east": {"uv": [49, 43], "uv_size": [2, 1]},
								"south": {"uv": [42, 43], "uv_size": [7, 1]},
								"west": {"uv": [4, 50], "uv_size": [2, 1]},
								"up": {"uv": [20, 42], "uv_size": [7, 2]},
								"down": {"uv": [29, 44], "uv_size": [7, -2]}
							}
						},
						{
							"origin": [1, 41, -1],
							"size": [8.2, 1, 2],
							"pivot": [6, 41.5, 0],
							"rotation": [-0.06548, 2.49914, -1.50143],
							"uv": {
								"north": {"uv": [10, 44], "uv_size": [7, 1]},
								"east": {"uv": [6, 50], "uv_size": [2, 1]},
								"south": {"uv": [17, 44], "uv_size": [7, 1]},
								"west": {"uv": [50, 7], "uv_size": [2, 1]},
								"up": {"uv": [42, 32], "uv_size": [7, 2]},
								"down": {"uv": [42, 36], "uv_size": [7, -2]}
							}
						}
					]
				},
				{
					"name": "leftArm",
					"parent": "Main",
					"pivot": [8.25, 45.41667, 0],
					"rotation": [0, 0, -10],
					"cubes": [
						{
							"origin": [8, 37, -1.25],
							"size": [2, 9, 2.5],
							"uv": {
								"north": {"uv": [30, 33], "uv_size": [2, 9]},
								"east": {"uv": [30, 24], "uv_size": [3, 9]},
								"south": {"uv": [32, 33], "uv_size": [2, 9]},
								"west": {"uv": [33, 6], "uv_size": [3, 9]},
								"up": {"uv": [38, 42], "uv_size": [2, 3]},
								"down": {"uv": [24, 47], "uv_size": [2, -3]}
							}
						},
						{
							"origin": [8.25, 28, -1],
							"size": [1.5, 9, 2],
							"uv": {
								"north": {"uv": [34, 33], "uv_size": [2, 9]},
								"east": {"uv": [35, 15], "uv_size": [2, 9]},
								"south": {"uv": [35, 24], "uv_size": [2, 9]},
								"west": {"uv": [36, 0], "uv_size": [2, 9]},
								"up": {"uv": [48, 44], "uv_size": [2, 2]},
								"down": {"uv": [48, 48], "uv_size": [2, -2]}
							}
						},
						{
							"origin": [8.5, 11, -0.5],
							"size": [1, 17, 1],
							"uv": {
								"north": {"uv": [8, 38], "uv_size": [1, 17]},
								"east": {"uv": [9, 38], "uv_size": [1, 17]},
								"south": {"uv": [38, 17], "uv_size": [1, 17]},
								"west": {"uv": [28, 38], "uv_size": [1, 17]},
								"up": {"uv": [26, 45], "uv_size": [1, 1]},
								"down": {"uv": [26, 47], "uv_size": [1, -1]}
							}
						},
						{
							"origin": [8.65, 6, -0.5],
							"size": [0.75, 5, 0.75],
							"uv": {
								"north": {"uv": [33, 47], "uv_size": [1, 5]},
								"east": {"uv": [34, 47], "uv_size": [1, 5]},
								"south": {"uv": [42, 47], "uv_size": [1, 5]},
								"west": {"uv": [43, 47], "uv_size": [1, 5]},
								"up": {"uv": [27, 48], "uv_size": [1, 1]},
								"down": {"uv": [37, 49], "uv_size": [1, -1]}
							}
						},
						{
							"origin": [9.55, 6, -0.5],
							"size": [0.75, 5, 0.75],
							"pivot": [9.625, 10.85, -0.125],
							"rotation": [0, 0, -25],
							"uv": {
								"north": {"uv": [44, 47], "uv_size": [1, 5]},
								"east": {"uv": [45, 47], "uv_size": [1, 5]},
								"south": {"uv": [46, 47], "uv_size": [1, 5]},
								"west": {"uv": [47, 47], "uv_size": [1, 5]},
								"up": {"uv": [24, 49], "uv_size": [1, 1]},
								"down": {"uv": [27, 50], "uv_size": [1, -1]}
							}
						},
						{
							"origin": [7.75, 6, -0.5],
							"size": [0.75, 5, 0.75],
							"pivot": [8.325, 10.9, -0.125],
							"rotation": [0, 0, 27.5],
							"uv": {
								"north": {"uv": [0, 48], "uv_size": [1, 5]},
								"east": {"uv": [1, 48], "uv_size": [1, 5]},
								"south": {"uv": [2, 48], "uv_size": [1, 5]},
								"west": {"uv": [3, 48], "uv_size": [1, 5]},
								"up": {"uv": [35, 49], "uv_size": [1, 1]},
								"down": {"uv": [37, 50], "uv_size": [1, -1]}
							}
						}
					]
				},
				{
					"name": "rightArm",
					"parent": "Main",
					"pivot": [-8.25, 45.41667, 0],
					"rotation": [0, 0, 10],
					"cubes": [
						{
							"origin": [-10, 37, -1.25],
							"size": [2, 9, 2.5],
							"uv": {
								"north": {"uv": [8, 29], "uv_size": [2, 9]},
								"east": {"uv": [30, 6], "uv_size": [3, 9]},
								"south": {"uv": [10, 33], "uv_size": [2, 9]},
								"west": {"uv": [30, 15], "uv_size": [3, 9]},
								"up": {"uv": [34, 0], "uv_size": [2, 3]},
								"down": {"uv": [34, 6], "uv_size": [2, -3]}
							}
						},
						{
							"origin": [-9.75, 28, -1],
							"size": [1.5, 9, 2],
							"uv": {
								"north": {"uv": [12, 33], "uv_size": [2, 9]},
								"east": {"uv": [14, 33], "uv_size": [2, 9]},
								"south": {"uv": [33, 15], "uv_size": [2, 9]},
								"west": {"uv": [33, 24], "uv_size": [2, 9]},
								"up": {"uv": [40, 48], "uv_size": [2, 2]},
								"down": {"uv": [48, 42], "uv_size": [2, -2]}
							}
						},
						{
							"origin": [-9.5, 11, -0.5],
							"size": [1, 17, 1],
							"uv": {
								"north": {"uv": [36, 33], "uv_size": [1, 17]},
								"east": {"uv": [37, 9], "uv_size": [1, 17]},
								"south": {"uv": [37, 26], "uv_size": [1, 17]},
								"west": {"uv": [38, 0], "uv_size": [1, 17]},
								"up": {"uv": [36, 14], "uv_size": [1, 1]},
								"down": {"uv": [29, 39], "uv_size": [1, -1]}
							}
						},
						{
							"origin": [-9.4, 6, -0.5],
							"size": [0.75, 5, 0.75],
							"uv": {
								"north": {"uv": [36, 9], "uv_size": [1, 5]},
								"east": {"uv": [27, 42], "uv_size": [1, 5]},
								"south": {"uv": [37, 43], "uv_size": [1, 5]},
								"west": {"uv": [35, 44], "uv_size": [1, 5]},
								"up": {"uv": [29, 39], "uv_size": [1, 1]},
								"down": {"uv": [39, 33], "uv_size": [1, -1]}
							}
						},
						{
							"origin": [-10.3, 6, -0.5],
							"size": [0.75, 5, 0.75],
							"pivot": [-9.625, 10.85, -0.125],
							"rotation": [0, 0, 25],
							"uv": {
								"north": {"uv": [6, 45], "uv_size": [1, 5]},
								"east": {"uv": [7, 45], "uv_size": [1, 5]},
								"south": {"uv": [38, 45], "uv_size": [1, 5]},
								"west": {"uv": [39, 45], "uv_size": [1, 5]},
								"up": {"uv": [39, 33], "uv_size": [1, 1]},
								"down": {"uv": [29, 41], "uv_size": [1, -1]}
							}
						},
						{
							"origin": [-8.5, 6, -0.5],
							"size": [0.75, 5, 0.75],
							"pivot": [-8.325, 10.9, -0.125],
							"rotation": [0, 0, -27.5],
							"uv": {
								"north": {"uv": [29, 47], "uv_size": [1, 5]},
								"east": {"uv": [30, 47], "uv_size": [1, 5]},
								"south": {"uv": [31, 47], "uv_size": [1, 5]},
								"west": {"uv": [32, 47], "uv_size": [1, 5]},
								"up": {"uv": [29, 41], "uv_size": [1, 1]},
								"down": {"uv": [26, 45], "uv_size": [1, -1]}
							}
						}
					]
				},
				{
					"name": "leftLeg",
					"parent": "Main",
					"pivot": [1.4566, 20.34273, 0.71094],
					"cubes": [
						{
							"origin": [-0.63393, 13.89054, -1],
							"size": [2, 8, 2],
							"pivot": [1, 21, 0],
							"rotation": [0, 0, -40],
							"uv": {
								"north": {"uv": [39, 24], "uv_size": [2, 8]},
								"east": {"uv": [40, 32], "uv_size": [2, 8]},
								"south": {"uv": [40, 40], "uv_size": [2, 8]},
								"west": {"uv": [41, 0], "uv_size": [2, 8]},
								"up": {"uv": [12, 49], "uv_size": [2, 2]},
								"down": {"uv": [49, 14], "uv_size": [2, -2]}
							}
						},
						{
							"origin": [0.11607, 18.89054, 1],
							"size": [1, 1, 1],
							"uv": {
								"north": {"uv": [55, 14], "uv_size": [1, 1]},
								"east": {"uv": [15, 55], "uv_size": [1, 1]},
								"south": {"uv": [55, 15], "uv_size": [1, 1]},
								"west": {"uv": [16, 55], "uv_size": [1, 1]},
								"up": {"uv": [55, 16], "uv_size": [1, 1]},
								"down": {"uv": [17, 56], "uv_size": [1, -1]}
							}
						},
						{
							"origin": [0.36607, 17.89054, 1.25],
							"size": [1, 1, 1],
							"uv": {
								"north": {"uv": [55, 17], "uv_size": [1, 1]},
								"east": {"uv": [18, 55], "uv_size": [1, 1]},
								"south": {"uv": [55, 18], "uv_size": [1, 1]},
								"west": {"uv": [19, 55], "uv_size": [1, 1]},
								"up": {"uv": [55, 19], "uv_size": [1, 1]},
								"down": {"uv": [20, 56], "uv_size": [1, -1]}
							}
						},
						{
							"origin": [0.61607, 16.89054, 1.5],
							"size": [1, 1, 1],
							"uv": {
								"north": {"uv": [55, 20], "uv_size": [1, 1]},
								"east": {"uv": [21, 55], "uv_size": [1, 1]},
								"south": {"uv": [55, 21], "uv_size": [1, 1]},
								"west": {"uv": [22, 55], "uv_size": [1, 1]},
								"up": {"uv": [55, 22], "uv_size": [1, 1]},
								"down": {"uv": [23, 56], "uv_size": [1, -1]}
							}
						},
						{
							"origin": [0.86607, 16.39054, 2],
							"size": [1, 1, 1],
							"uv": {
								"north": {"uv": [55, 23], "uv_size": [1, 1]},
								"east": {"uv": [24, 55], "uv_size": [1, 1]},
								"south": {"uv": [55, 24], "uv_size": [1, 1]},
								"west": {"uv": [25, 55], "uv_size": [1, 1]},
								"up": {"uv": [55, 25], "uv_size": [1, 1]},
								"down": {"uv": [26, 56], "uv_size": [1, -1]}
							}
						},
						{
							"origin": [1.36607, 15.64054, 2],
							"size": [1, 1, 1],
							"uv": {
								"north": {"uv": [55, 26], "uv_size": [1, 1]},
								"east": {"uv": [27, 55], "uv_size": [1, 1]},
								"south": {"uv": [55, 27], "uv_size": [1, 1]},
								"west": {"uv": [28, 55], "uv_size": [1, 1]},
								"up": {"uv": [55, 28], "uv_size": [1, 1]},
								"down": {"uv": [29, 56], "uv_size": [1, -1]}
							}
						},
						{
							"origin": [1.61607, 15.39054, 2],
							"size": [1, 1, 1],
							"uv": {
								"north": {"uv": [55, 29], "uv_size": [1, 1]},
								"east": {"uv": [30, 55], "uv_size": [1, 1]},
								"south": {"uv": [55, 30], "uv_size": [1, 1]},
								"west": {"uv": [31, 55], "uv_size": [1, 1]},
								"up": {"uv": [55, 31], "uv_size": [1, 1]},
								"down": {"uv": [32, 56], "uv_size": [1, -1]}
							}
						},
						{
							"origin": [1.86607, 14.64054, 1.75],
							"size": [1, 1, 1],
							"uv": {
								"north": {"uv": [55, 32], "uv_size": [1, 1]},
								"east": {"uv": [33, 55], "uv_size": [1, 1]},
								"south": {"uv": [55, 33], "uv_size": [1, 1]},
								"west": {"uv": [34, 55], "uv_size": [1, 1]},
								"up": {"uv": [55, 34], "uv_size": [1, 1]},
								"down": {"uv": [35, 56], "uv_size": [1, -1]}
							}
						},
						{
							"origin": [2.36607, 14.39054, 1.75],
							"size": [1, 1, 1],
							"uv": {
								"north": {"uv": [55, 35], "uv_size": [1, 1]},
								"east": {"uv": [36, 55], "uv_size": [1, 1]},
								"south": {"uv": [55, 36], "uv_size": [1, 1]},
								"west": {"uv": [37, 55], "uv_size": [1, 1]},
								"up": {"uv": [55, 37], "uv_size": [1, 1]},
								"down": {"uv": [38, 56], "uv_size": [1, -1]}
							}
						},
						{
							"origin": [2.86607, 13.89054, 1.75],
							"size": [1, 1, 1],
							"uv": {
								"north": {"uv": [55, 38], "uv_size": [1, 1]},
								"east": {"uv": [39, 55], "uv_size": [1, 1]},
								"south": {"uv": [55, 39], "uv_size": [1, 1]},
								"west": {"uv": [40, 55], "uv_size": [1, 1]},
								"up": {"uv": [55, 40], "uv_size": [1, 1]},
								"down": {"uv": [41, 56], "uv_size": [1, -1]}
							}
						},
						{
							"origin": [3.36607, 13.39054, 1.75],
							"size": [1, 1, 1],
							"uv": {
								"north": {"uv": [55, 41], "uv_size": [1, 1]},
								"east": {"uv": [42, 55], "uv_size": [1, 1]},
								"south": {"uv": [55, 42], "uv_size": [1, 1]},
								"west": {"uv": [43, 55], "uv_size": [1, 1]},
								"up": {"uv": [55, 43], "uv_size": [1, 1]},
								"down": {"uv": [44, 56], "uv_size": [1, -1]}
							}
						},
						{
							"origin": [3.61607, 13.14054, 1.75],
							"size": [1, 1, 1],
							"uv": {
								"north": {"uv": [55, 44], "uv_size": [1, 1]},
								"east": {"uv": [45, 55], "uv_size": [1, 1]},
								"south": {"uv": [55, 45], "uv_size": [1, 1]},
								"west": {"uv": [46, 55], "uv_size": [1, 1]},
								"up": {"uv": [55, 46], "uv_size": [1, 1]},
								"down": {"uv": [47, 56], "uv_size": [1, -1]}
							}
						},
						{
							"origin": [4.11607, 12.64054, 1.75],
							"size": [1, 1, 1],
							"uv": {
								"north": {"uv": [55, 47], "uv_size": [1, 1]},
								"east": {"uv": [48, 55], "uv_size": [1, 1]},
								"south": {"uv": [55, 48], "uv_size": [1, 1]},
								"west": {"uv": [49, 55], "uv_size": [1, 1]},
								"up": {"uv": [55, 49], "uv_size": [1, 1]},
								"down": {"uv": [50, 56], "uv_size": [1, -1]}
							}
						},
						{
							"origin": [4.61607, 12.14054, 1.75],
							"size": [1, 1, 1],
							"uv": {
								"north": {"uv": [55, 50], "uv_size": [1, 1]},
								"east": {"uv": [51, 55], "uv_size": [1, 1]},
								"south": {"uv": [55, 51], "uv_size": [1, 1]},
								"west": {"uv": [52, 55], "uv_size": [1, 1]},
								"up": {"uv": [55, 52], "uv_size": [1, 1]},
								"down": {"uv": [53, 56], "uv_size": [1, -1]}
							}
						},
						{
							"origin": [4.86607, 11.89054, 1.75],
							"size": [1, 1, 1],
							"uv": {
								"north": {"uv": [55, 53], "uv_size": [1, 1]},
								"east": {"uv": [54, 55], "uv_size": [1, 1]},
								"south": {"uv": [55, 54], "uv_size": [1, 1]},
								"west": {"uv": [55, 55], "uv_size": [1, 1]},
								"up": {"uv": [0, 56], "uv_size": [1, 1]},
								"down": {"uv": [56, 1], "uv_size": [1, -1]}
							}
						},
						{
							"origin": [5.11607, 11.14054, 1.5],
							"size": [1, 1, 1],
							"uv": {
								"north": {"uv": [1, 56], "uv_size": [1, 1]},
								"east": {"uv": [56, 1], "uv_size": [1, 1]},
								"south": {"uv": [2, 56], "uv_size": [1, 1]},
								"west": {"uv": [56, 2], "uv_size": [1, 1]},
								"up": {"uv": [3, 56], "uv_size": [1, 1]},
								"down": {"uv": [56, 4], "uv_size": [1, -1]}
							}
						},
						{
							"origin": [5.61607, 10.64054, 1.25],
							"size": [1, 1, 1],
							"uv": {
								"north": {"uv": [4, 56], "uv_size": [1, 1]},
								"east": {"uv": [56, 4], "uv_size": [1, 1]},
								"south": {"uv": [5, 56], "uv_size": [1, 1]},
								"west": {"uv": [56, 5], "uv_size": [1, 1]},
								"up": {"uv": [6, 56], "uv_size": [1, 1]},
								"down": {"uv": [56, 7], "uv_size": [1, -1]}
							}
						},
						{
							"origin": [6.11607, 9.89054, 1],
							"size": [1, 1, 1],
							"uv": {
								"north": {"uv": [7, 56], "uv_size": [1, 1]},
								"east": {"uv": [56, 7], "uv_size": [1, 1]},
								"south": {"uv": [8, 56], "uv_size": [1, 1]},
								"west": {"uv": [56, 8], "uv_size": [1, 1]},
								"up": {"uv": [9, 56], "uv_size": [1, 1]},
								"down": {"uv": [56, 10], "uv_size": [1, -1]}
							}
						},
						{
							"origin": [6.36607, 9.39054, 0.25],
							"size": [1, 1, 1],
							"uv": {
								"north": {"uv": [10, 56], "uv_size": [1, 1]},
								"east": {"uv": [56, 10], "uv_size": [1, 1]},
								"south": {"uv": [11, 56], "uv_size": [1, 1]},
								"west": {"uv": [56, 11], "uv_size": [1, 1]},
								"up": {"uv": [12, 56], "uv_size": [1, 1]},
								"down": {"uv": [56, 13], "uv_size": [1, -1]}
							}
						},
						{
							"origin": [6.36607, 8.89054, -0.25],
							"size": [1, 1, 1],
							"uv": {
								"north": {"uv": [13, 56], "uv_size": [1, 1]},
								"east": {"uv": [56, 13], "uv_size": [1, 1]},
								"south": {"uv": [14, 56], "uv_size": [1, 1]},
								"west": {"uv": [56, 14], "uv_size": [1, 1]},
								"up": {"uv": [15, 56], "uv_size": [1, 1]},
								"down": {"uv": [56, 16], "uv_size": [1, -1]}
							}
						},
						{
							"origin": [6.36607, 8.39054, -0.75],
							"size": [1, 1, 1],
							"uv": {
								"north": {"uv": [16, 56], "uv_size": [1, 1]},
								"east": {"uv": [56, 16], "uv_size": [1, 1]},
								"south": {"uv": [17, 56], "uv_size": [1, 1]},
								"west": {"uv": [56, 17], "uv_size": [1, 1]},
								"up": {"uv": [18, 56], "uv_size": [1, 1]},
								"down": {"uv": [56, 19], "uv_size": [1, -1]}
							}
						},
						{
							"origin": [6.11607, 7.89054, -1.25],
							"size": [1, 1, 1],
							"uv": {
								"north": {"uv": [19, 56], "uv_size": [1, 1]},
								"east": {"uv": [56, 19], "uv_size": [1, 1]},
								"south": {"uv": [20, 56], "uv_size": [1, 1]},
								"west": {"uv": [56, 20], "uv_size": [1, 1]},
								"up": {"uv": [21, 56], "uv_size": [1, 1]},
								"down": {"uv": [56, 22], "uv_size": [1, -1]}
							}
						},
						{
							"origin": [5.86607, 7.39054, -1.75],
							"size": [1, 1, 1],
							"uv": {
								"north": {"uv": [22, 56], "uv_size": [1, 1]},
								"east": {"uv": [56, 22], "uv_size": [1, 1]},
								"south": {"uv": [23, 56], "uv_size": [1, 1]},
								"west": {"uv": [56, 23], "uv_size": [1, 1]},
								"up": {"uv": [24, 56], "uv_size": [1, 1]},
								"down": {"uv": [56, 25], "uv_size": [1, -1]}
							}
						},
						{
							"origin": [5.61607, 6.89054, -2.25],
							"size": [1, 1, 1],
							"uv": {
								"north": {"uv": [25, 56], "uv_size": [1, 1]},
								"east": {"uv": [56, 25], "uv_size": [1, 1]},
								"south": {"uv": [26, 56], "uv_size": [1, 1]},
								"west": {"uv": [56, 26], "uv_size": [1, 1]},
								"up": {"uv": [27, 56], "uv_size": [1, 1]},
								"down": {"uv": [56, 28], "uv_size": [1, -1]}
							}
						},
						{
							"origin": [5.11607, 6.39054, -2.25],
							"size": [1, 1, 1],
							"uv": {
								"north": {"uv": [28, 56], "uv_size": [1, 1]},
								"east": {"uv": [56, 28], "uv_size": [1, 1]},
								"south": {"uv": [29, 56], "uv_size": [1, 1]},
								"west": {"uv": [56, 29], "uv_size": [1, 1]},
								"up": {"uv": [30, 56], "uv_size": [1, 1]},
								"down": {"uv": [56, 31], "uv_size": [1, -1]}
							}
						},
						{
							"origin": [4.61607, 5.89054, -2.25],
							"size": [1, 1, 1],
							"uv": {
								"north": {"uv": [31, 56], "uv_size": [1, 1]},
								"east": {"uv": [56, 31], "uv_size": [1, 1]},
								"south": {"uv": [32, 56], "uv_size": [1, 1]},
								"west": {"uv": [56, 32], "uv_size": [1, 1]},
								"up": {"uv": [33, 56], "uv_size": [1, 1]},
								"down": {"uv": [56, 34], "uv_size": [1, -1]}
							}
						},
						{
							"origin": [4.11607, 5.39054, -2.25],
							"size": [1, 1, 1],
							"uv": {
								"north": {"uv": [34, 56], "uv_size": [1, 1]},
								"east": {"uv": [56, 34], "uv_size": [1, 1]},
								"south": {"uv": [35, 56], "uv_size": [1, 1]},
								"west": {"uv": [56, 35], "uv_size": [1, 1]},
								"up": {"uv": [36, 56], "uv_size": [1, 1]},
								"down": {"uv": [56, 37], "uv_size": [1, -1]}
							}
						},
						{
							"origin": [3.61607, 4.89054, -2],
							"size": [1, 1, 1],
							"uv": {
								"north": {"uv": [37, 56], "uv_size": [1, 1]},
								"east": {"uv": [56, 37], "uv_size": [1, 1]},
								"south": {"uv": [38, 56], "uv_size": [1, 1]},
								"west": {"uv": [56, 38], "uv_size": [1, 1]},
								"up": {"uv": [39, 56], "uv_size": [1, 1]},
								"down": {"uv": [56, 40], "uv_size": [1, -1]}
							}
						},
						{
							"origin": [3.11607, 4.39054, -2],
							"size": [1, 1, 1],
							"uv": {
								"north": {"uv": [40, 56], "uv_size": [1, 1]},
								"east": {"uv": [56, 40], "uv_size": [1, 1]},
								"south": {"uv": [41, 56], "uv_size": [1, 1]},
								"west": {"uv": [56, 41], "uv_size": [1, 1]},
								"up": {"uv": [42, 56], "uv_size": [1, 1]},
								"down": {"uv": [56, 43], "uv_size": [1, -1]}
							}
						},
						{
							"origin": [2.61607, 3.89054, -1.5],
							"size": [1, 1, 1],
							"uv": {
								"north": {"uv": [43, 56], "uv_size": [1, 1]},
								"east": {"uv": [56, 43], "uv_size": [1, 1]},
								"south": {"uv": [44, 56], "uv_size": [1, 1]},
								"west": {"uv": [56, 44], "uv_size": [1, 1]},
								"up": {"uv": [45, 56], "uv_size": [1, 1]},
								"down": {"uv": [56, 46], "uv_size": [1, -1]}
							}
						},
						{
							"origin": [2.86607, 3.39054, -1.5],
							"size": [1, 1, 1],
							"uv": {
								"north": {"uv": [46, 56], "uv_size": [1, 1]},
								"east": {"uv": [56, 46], "uv_size": [1, 1]},
								"south": {"uv": [47, 56], "uv_size": [1, 1]},
								"west": {"uv": [56, 47], "uv_size": [1, 1]},
								"up": {"uv": [48, 56], "uv_size": [1, 1]},
								"down": {"uv": [56, 49], "uv_size": [1, -1]}
							}
						},
						{
							"origin": [3.86607, -0.20946, -1],
							"size": [2, 16, 2],
							"uv": {
								"north": {"uv": [0, 29], "uv_size": [2, 16]},
								"east": {"uv": [2, 29], "uv_size": [2, 16]},
								"south": {"uv": [4, 29], "uv_size": [2, 16]},
								"west": {"uv": [6, 29], "uv_size": [2, 16]},
								"up": {"uv": [14, 49], "uv_size": [2, 2]},
								"down": {"uv": [49, 16], "uv_size": [2, -2]}
							}
						}
					]
				},
				{
					"name": "rightLeg",
					"parent": "Main",
					"pivot": [-1.2066, 20.34273, -0.21094],
					"cubes": [
						{
							"origin": [-1.36607, 13.89054, -1],
							"size": [2, 8, 2],
							"pivot": [-1, 21, 0],
							"rotation": [0, 0, 40],
							"uv": {
								"north": {"uv": [38, 34], "uv_size": [2, 8]},
								"east": {"uv": [39, 0], "uv_size": [2, 8]},
								"south": {"uv": [39, 8], "uv_size": [2, 8]},
								"west": {"uv": [39, 16], "uv_size": [2, 8]},
								"up": {"uv": [48, 48], "uv_size": [2, 2]},
								"down": {"uv": [49, 10], "uv_size": [2, -2]}
							}
						},
						{
							"origin": [-1.11607, 18.89054, -2],
							"size": [1, 1, 1],
							"uv": {
								"north": {"uv": [16, 50], "uv_size": [1, 1]},
								"east": {"uv": [17, 50], "uv_size": [1, 1]},
								"south": {"uv": [18, 50], "uv_size": [1, 1]},
								"west": {"uv": [19, 50], "uv_size": [1, 1]},
								"up": {"uv": [20, 50], "uv_size": [1, 1]},
								"down": {"uv": [21, 51], "uv_size": [1, -1]}
							}
						},
						{
							"origin": [-1.36607, 17.89054, -2.25],
							"size": [1, 1, 1],
							"uv": {
								"north": {"uv": [22, 50], "uv_size": [1, 1]},
								"east": {"uv": [23, 50], "uv_size": [1, 1]},
								"south": {"uv": [24, 50], "uv_size": [1, 1]},
								"west": {"uv": [25, 50], "uv_size": [1, 1]},
								"up": {"uv": [26, 50], "uv_size": [1, 1]},
								"down": {"uv": [27, 51], "uv_size": [1, -1]}
							}
						},
						{
							"origin": [-1.61607, 16.89054, -2.5],
							"size": [1, 1, 1],
							"uv": {
								"north": {"uv": [50, 29], "uv_size": [1, 1]},
								"east": {"uv": [50, 30], "uv_size": [1, 1]},
								"south": {"uv": [35, 50], "uv_size": [1, 1]},
								"west": {"uv": [36, 50], "uv_size": [1, 1]},
								"up": {"uv": [50, 36], "uv_size": [1, 1]},
								"down": {"uv": [37, 51], "uv_size": [1, -1]}
							}
						},
						{
							"origin": [-1.86607, 16.39054, -3],
							"size": [1, 1, 1],
							"uv": {
								"north": {"uv": [50, 37], "uv_size": [1, 1]},
								"east": {"uv": [38, 50], "uv_size": [1, 1]},
								"south": {"uv": [50, 38], "uv_size": [1, 1]},
								"west": {"uv": [39, 50], "uv_size": [1, 1]},
								"up": {"uv": [50, 39], "uv_size": [1, 1]},
								"down": {"uv": [40, 51], "uv_size": [1, -1]}
							}
						},
						{
							"origin": [-2.36607, 15.64054, -3],
							"size": [1, 1, 1],
							"uv": {
								"north": {"uv": [50, 40], "uv_size": [1, 1]},
								"east": {"uv": [41, 50], "uv_size": [1, 1]},
								"south": {"uv": [50, 41], "uv_size": [1, 1]},
								"west": {"uv": [50, 44], "uv_size": [1, 1]},
								"up": {"uv": [50, 45], "uv_size": [1, 1]},
								"down": {"uv": [50, 47], "uv_size": [1, -1]}
							}
						},
						{
							"origin": [-2.61607, 15.39054, -3],
							"size": [1, 1, 1],
							"uv": {
								"north": {"uv": [43, 52], "uv_size": [1, 1]},
								"east": {"uv": [52, 43], "uv_size": [1, 1]},
								"south": {"uv": [44, 52], "uv_size": [1, 1]},
								"west": {"uv": [52, 44], "uv_size": [1, 1]},
								"up": {"uv": [45, 52], "uv_size": [1, 1]},
								"down": {"uv": [52, 46], "uv_size": [1, -1]}
							}
						},
						{
							"origin": [-2.86607, 14.64054, -2.75],
							"size": [1, 1, 1],
							"uv": {
								"north": {"uv": [50, 47], "uv_size": [1, 1]},
								"east": {"uv": [48, 50], "uv_size": [1, 1]},
								"south": {"uv": [50, 48], "uv_size": [1, 1]},
								"west": {"uv": [49, 50], "uv_size": [1, 1]},
								"up": {"uv": [50, 49], "uv_size": [1, 1]},
								"down": {"uv": [50, 51], "uv_size": [1, -1]}
							}
						},
						{
							"origin": [-3.36607, 14.39054, -2.75],
							"size": [1, 1, 1],
							"uv": {
								"north": {"uv": [46, 52], "uv_size": [1, 1]},
								"east": {"uv": [52, 46], "uv_size": [1, 1]},
								"south": {"uv": [47, 52], "uv_size": [1, 1]},
								"west": {"uv": [52, 47], "uv_size": [1, 1]},
								"up": {"uv": [48, 52], "uv_size": [1, 1]},
								"down": {"uv": [52, 49], "uv_size": [1, -1]}
							}
						},
						{
							"origin": [-3.86607, 13.89054, -2.75],
							"size": [1, 1, 1],
							"uv": {
								"north": {"uv": [4, 51], "uv_size": [1, 1]},
								"east": {"uv": [5, 51], "uv_size": [1, 1]},
								"south": {"uv": [6, 51], "uv_size": [1, 1]},
								"west": {"uv": [7, 51], "uv_size": [1, 1]},
								"up": {"uv": [51, 8], "uv_size": [1, 1]},
								"down": {"uv": [51, 10], "uv_size": [1, -1]}
							}
						},
						{
							"origin": [-4.36607, 13.39054, -2.75],
							"size": [1, 1, 1],
							"uv": {
								"north": {"uv": [10, 51], "uv_size": [1, 1]},
								"east": {"uv": [51, 10], "uv_size": [1, 1]},
								"south": {"uv": [11, 51], "uv_size": [1, 1]},
								"west": {"uv": [51, 11], "uv_size": [1, 1]},
								"up": {"uv": [12, 51], "uv_size": [1, 1]},
								"down": {"uv": [51, 13], "uv_size": [1, -1]}
							}
						},
						{
							"origin": [-4.61607, 13.14054, -2.75],
							"size": [1, 1, 1],
							"uv": {
								"north": {"uv": [49, 52], "uv_size": [1, 1]},
								"east": {"uv": [52, 49], "uv_size": [1, 1]},
								"south": {"uv": [50, 52], "uv_size": [1, 1]},
								"west": {"uv": [52, 50], "uv_size": [1, 1]},
								"up": {"uv": [51, 52], "uv_size": [1, 1]},
								"down": {"uv": [52, 52], "uv_size": [1, -1]}
							}
						},
						{
							"origin": [-5.11607, 12.64054, -2.75],
							"size": [1, 1, 1],
							"uv": {
								"north": {"uv": [13, 51], "uv_size": [1, 1]},
								"east": {"uv": [51, 13], "uv_size": [1, 1]},
								"south": {"uv": [14, 51], "uv_size": [1, 1]},
								"west": {"uv": [51, 14], "uv_size": [1, 1]},
								"up": {"uv": [15, 51], "uv_size": [1, 1]},
								"down": {"uv": [51, 16], "uv_size": [1, -1]}
							}
						},
						{
							"origin": [-5.61607, 12.14054, -2.75],
							"size": [1, 1, 1],
							"uv": {
								"north": {"uv": [52, 52], "uv_size": [1, 1]},
								"east": {"uv": [0, 53], "uv_size": [1, 1]},
								"south": {"uv": [53, 0], "uv_size": [1, 1]},
								"west": {"uv": [1, 53], "uv_size": [1, 1]},
								"up": {"uv": [53, 1], "uv_size": [1, 1]},
								"down": {"uv": [2, 54], "uv_size": [1, -1]}
							}
						},
						{
							"origin": [-5.86607, 11.89054, -2.75],
							"size": [1, 1, 1],
							"uv": {
								"north": {"uv": [16, 51], "uv_size": [1, 1]},
								"east": {"uv": [17, 51], "uv_size": [1, 1]},
								"south": {"uv": [18, 51], "uv_size": [1, 1]},
								"west": {"uv": [19, 51], "uv_size": [1, 1]},
								"up": {"uv": [20, 51], "uv_size": [1, 1]},
								"down": {"uv": [21, 52], "uv_size": [1, -1]}
							}
						},
						{
							"origin": [-6.11607, 11.14054, -2.5],
							"size": [1, 1, 1],
							"uv": {
								"north": {"uv": [22, 51], "uv_size": [1, 1]},
								"east": {"uv": [23, 51], "uv_size": [1, 1]},
								"south": {"uv": [24, 51], "uv_size": [1, 1]},
								"west": {"uv": [25, 51], "uv_size": [1, 1]},
								"up": {"uv": [26, 51], "uv_size": [1, 1]},
								"down": {"uv": [27, 52], "uv_size": [1, -1]}
							}
						},
						{
							"origin": [-6.61607, 10.64054, -2.25],
							"size": [1, 1, 1],
							"uv": {
								"north": {"uv": [51, 29], "uv_size": [1, 1]},
								"east": {"uv": [51, 30], "uv_size": [1, 1]},
								"south": {"uv": [35, 51], "uv_size": [1, 1]},
								"west": {"uv": [36, 51], "uv_size": [1, 1]},
								"up": {"uv": [51, 36], "uv_size": [1, 1]},
								"down": {"uv": [37, 52], "uv_size": [1, -1]}
							}
						},
						{
							"origin": [-7.11607, 9.89054, -2],
							"size": [1, 1, 1],
							"uv": {
								"north": {"uv": [51, 37], "uv_size": [1, 1]},
								"east": {"uv": [38, 51], "uv_size": [1, 1]},
								"south": {"uv": [51, 38], "uv_size": [1, 1]},
								"west": {"uv": [39, 51], "uv_size": [1, 1]},
								"up": {"uv": [51, 39], "uv_size": [1, 1]},
								"down": {"uv": [40, 52], "uv_size": [1, -1]}
							}
						},
						{
							"origin": [-7.36607, 9.39054, -1.25],
							"size": [1, 1, 1],
							"uv": {
								"north": {"uv": [51, 40], "uv_size": [1, 1]},
								"east": {"uv": [41, 51], "uv_size": [1, 1]},
								"south": {"uv": [51, 41], "uv_size": [1, 1]},
								"west": {"uv": [51, 42], "uv_size": [1, 1]},
								"up": {"uv": [51, 43], "uv_size": [1, 1]},
								"down": {"uv": [51, 45], "uv_size": [1, -1]}
							}
						},
						{
							"origin": [-7.36607, 8.89054, -0.75],
							"size": [1, 1, 1],
							"uv": {
								"north": {"uv": [51, 45], "uv_size": [1, 1]},
								"east": {"uv": [51, 46], "uv_size": [1, 1]},
								"south": {"uv": [51, 47], "uv_size": [1, 1]},
								"west": {"uv": [48, 51], "uv_size": [1, 1]},
								"up": {"uv": [51, 48], "uv_size": [1, 1]},
								"down": {"uv": [49, 52], "uv_size": [1, -1]}
							}
						},
						{
							"origin": [-7.36607, 8.39054, -0.25],
							"size": [1, 1, 1],
							"uv": {
								"north": {"uv": [51, 49], "uv_size": [1, 1]},
								"east": {"uv": [50, 51], "uv_size": [1, 1]},
								"south": {"uv": [51, 50], "uv_size": [1, 1]},
								"west": {"uv": [51, 51], "uv_size": [1, 1]},
								"up": {"uv": [52, 0], "uv_size": [1, 1]},
								"down": {"uv": [52, 2], "uv_size": [1, -1]}
							}
						},
						{
							"origin": [-7.11607, 7.89054, 0.25],
							"size": [1, 1, 1],
							"uv": {
								"north": {"uv": [52, 2], "uv_size": [1, 1]},
								"east": {"uv": [52, 3], "uv_size": [1, 1]},
								"south": {"uv": [4, 52], "uv_size": [1, 1]},
								"west": {"uv": [52, 4], "uv_size": [1, 1]},
								"up": {"uv": [5, 52], "uv_size": [1, 1]},
								"down": {"uv": [52, 6], "uv_size": [1, -1]}
							}
						},
						{
							"origin": [-6.86607, 7.39054, 0.75],
							"size": [1, 1, 1],
							"uv": {
								"north": {"uv": [6, 52], "uv_size": [1, 1]},
								"east": {"uv": [52, 6], "uv_size": [1, 1]},
								"south": {"uv": [7, 52], "uv_size": [1, 1]},
								"west": {"uv": [52, 7], "uv_size": [1, 1]},
								"up": {"uv": [52, 8], "uv_size": [1, 1]},
								"down": {"uv": [52, 10], "uv_size": [1, -1]}
							}
						},
						{
							"origin": [-6.61607, 6.89054, 1.25],
							"size": [1, 1, 1],
							"uv": {
								"north": {"uv": [10, 52], "uv_size": [1, 1]},
								"east": {"uv": [52, 10], "uv_size": [1, 1]},
								"south": {"uv": [11, 52], "uv_size": [1, 1]},
								"west": {"uv": [52, 11], "uv_size": [1, 1]},
								"up": {"uv": [12, 52], "uv_size": [1, 1]},
								"down": {"uv": [52, 13], "uv_size": [1, -1]}
							}
						},
						{
							"origin": [-6.11607, 6.39054, 1.25],
							"size": [1, 1, 1],
							"uv": {
								"north": {"uv": [13, 52], "uv_size": [1, 1]},
								"east": {"uv": [52, 13], "uv_size": [1, 1]},
								"south": {"uv": [14, 52], "uv_size": [1, 1]},
								"west": {"uv": [52, 14], "uv_size": [1, 1]},
								"up": {"uv": [15, 52], "uv_size": [1, 1]},
								"down": {"uv": [52, 16], "uv_size": [1, -1]}
							}
						},
						{
							"origin": [-5.61607, 5.89054, 1.25],
							"size": [1, 1, 1],
							"uv": {
								"north": {"uv": [16, 52], "uv_size": [1, 1]},
								"east": {"uv": [17, 52], "uv_size": [1, 1]},
								"south": {"uv": [18, 52], "uv_size": [1, 1]},
								"west": {"uv": [19, 52], "uv_size": [1, 1]},
								"up": {"uv": [20, 52], "uv_size": [1, 1]},
								"down": {"uv": [21, 53], "uv_size": [1, -1]}
							}
						},
						{
							"origin": [-5.11607, 5.39054, 1.25],
							"size": [1, 1, 1],
							"uv": {
								"north": {"uv": [22, 52], "uv_size": [1, 1]},
								"east": {"uv": [23, 52], "uv_size": [1, 1]},
								"south": {"uv": [24, 52], "uv_size": [1, 1]},
								"west": {"uv": [25, 52], "uv_size": [1, 1]},
								"up": {"uv": [26, 52], "uv_size": [1, 1]},
								"down": {"uv": [27, 53], "uv_size": [1, -1]}
							}
						},
						{
							"origin": [-4.61607, 4.89054, 1],
							"size": [1, 1, 1],
							"uv": {
								"north": {"uv": [29, 52], "uv_size": [1, 1]},
								"east": {"uv": [52, 29], "uv_size": [1, 1]},
								"south": {"uv": [30, 52], "uv_size": [1, 1]},
								"west": {"uv": [52, 30], "uv_size": [1, 1]},
								"up": {"uv": [31, 52], "uv_size": [1, 1]},
								"down": {"uv": [52, 32], "uv_size": [1, -1]}
							}
						},
						{
							"origin": [-4.11607, 4.39054, 1],
							"size": [1, 1, 1],
							"uv": {
								"north": {"uv": [32, 52], "uv_size": [1, 1]},
								"east": {"uv": [33, 52], "uv_size": [1, 1]},
								"south": {"uv": [34, 52], "uv_size": [1, 1]},
								"west": {"uv": [35, 52], "uv_size": [1, 1]},
								"up": {"uv": [36, 52], "uv_size": [1, 1]},
								"down": {"uv": [52, 37], "uv_size": [1, -1]}
							}
						},
						{
							"origin": [-3.61607, 3.89054, 0.5],
							"size": [1, 1, 1],
							"uv": {
								"north": {"uv": [37, 52], "uv_size": [1, 1]},
								"east": {"uv": [52, 37], "uv_size": [1, 1]},
								"south": {"uv": [38, 52], "uv_size": [1, 1]},
								"west": {"uv": [52, 38], "uv_size": [1, 1]},
								"up": {"uv": [39, 52], "uv_size": [1, 1]},
								"down": {"uv": [52, 40], "uv_size": [1, -1]}
							}
						},
						{
							"origin": [-3.86607, 3.39054, 0.5],
							"size": [1, 1, 1],
							"uv": {
								"north": {"uv": [40, 52], "uv_size": [1, 1]},
								"east": {"uv": [52, 40], "uv_size": [1, 1]},
								"south": {"uv": [41, 52], "uv_size": [1, 1]},
								"west": {"uv": [52, 41], "uv_size": [1, 1]},
								"up": {"uv": [42, 52], "uv_size": [1, 1]},
								"down": {"uv": [52, 43], "uv_size": [1, -1]}
							}
						},
						{
							"origin": [-5.86607, -0.20946, -1],
							"size": [2, 16, 2],
							"uv": {
								"north": {"uv": [16, 27], "uv_size": [2, 16]},
								"east": {"uv": [18, 27], "uv_size": [2, 16]},
								"south": {"uv": [28, 6], "uv_size": [2, 16]},
								"west": {"uv": [28, 22], "uv_size": [2, 16]},
								"up": {"uv": [10, 49], "uv_size": [2, 2]},
								"down": {"uv": [49, 12], "uv_size": [2, -2]}
							}
						}
					]
				}
			]
		}
	]
}