{
	"format_version": "1.12.0",
	"minecraft:geometry": [
		{
			"description": {
				"identifier": "geometry.Beast5",
				"texture_width": 64,
				"texture_height": 64,
				"visible_bounds_width": 3,
				"visible_bounds_height": 3.5,
				"visible_bounds_offset": [0, 1.25, 0]
			},
			"bones": [
				{
					"name": "Main",
					"pivot": [0, 0, 0]
				},
				{
					"name": "head",
					"parent": "Main",
					"pivot": [0, 23.91766, 0.32361],
					"cubes": [
						{"origin": [-4, 24, -4], "size": [8, 8, 8], "uv": [0, 0]},
						{"origin": [-3.9, 31.3, -0.45], "size": [7.8, 9.4, 4.6], "pivot": [0, 35, -1.5], "rotation": [-55, 0, 0], "uv": [24, 16]},
						{"origin": [-2.9, 40.65, 0.55], "size": [5.8, 1.65, 2.6], "pivot": [0, 35, -1.5], "rotation": [-55, 0, 0], "uv": [42, 16]},
						{"origin": [-5.65, 35.3, 1.05], "size": [1.8, 4.4, 1.1], "pivot": [0, 35, -1.5], "rotation": [-55, 0, 0], "uv": [16, 37]},
						{"origin": [3.85, 35.3, 1.05], "size": [1.8, 4.4, 1.1], "pivot": [0, 35, -1.5], "rotation": [-55, 0, 0], "uv": [16, 32]}
					]
				},
				{
					"name": "tent",
					"parent": "head",
					"pivot": [-2.9, 25.31091, -3.86472],
					"rotation": [0, 0, 7]
				},
				{
					"name": "right",
					"parent": "tent",
					"pivot": [-3.2, 24, -2.7],
					"cubes": [
						{"origin": [-4.1, 17.72899, -4.80955], "size": [2, 4, 2], "pivot": [-3.1, 21.2024, -4.26343], "rotation": [10, 0, 0], "uv": [48, 51]},
						{"origin": [-4.1, 21.25, -4.45], "size": [2, 4, 2], "pivot": [-3.2, 24, -2.7], "rotation": [-10, 0, 0], "uv": [40, 51]}
					]
				},
				{
					"name": "right2",
					"parent": "tent",
					"pivot": [-3.2, 24, 2.7],
					"cubes": [
						{"origin": [-4.1, 17.72899, 2.80955], "size": [2, 4, 2], "pivot": [-3.1, 21.2024, 4.26343], "rotation": [-10, 0, 0], "uv": [16, 51]},
						{"origin": [-4.1, 21.25, 2.45], "size": [2, 4, 2], "pivot": [-3.2, 24, 2.7], "rotation": [10, 0, 0], "uv": [48, 45]}
					]
				},
				{
					"name": "mid",
					"parent": "tent",
					"pivot": [-0.1, 23.9, -2.7],
					"rotation": [0, 0, -7.5],
					"cubes": [
						{"origin": [-1, 17.62899, -4.80955], "size": [2, 4, 2], "pivot": [0, 21.1024, -4.26343], "rotation": [10, 0, 0], "uv": [48, 6]},
						{"origin": [-1, 21.15, -4.45], "size": [2, 4, 2], "pivot": [-0.1, 23.9, -2.7], "rotation": [-10, 0, 0], "uv": [48, 0]}
					]
				},
				{
					"name": "mid2",
					"parent": "tent",
					"pivot": [-0.1, 23.9, 2.7],
					"rotation": [0, 0, -7.5],
					"cubes": [
						{"origin": [-1, 17.62899, 2.80955], "size": [2, 4, 2], "pivot": [0, 21.1024, 4.26343], "rotation": [-10, 0, 0], "uv": [40, 45]},
						{"origin": [-1, 21.15, 2.45], "size": [2, 4, 2], "pivot": [-0.1, 23.9, 2.7], "rotation": [10, 0, 0], "uv": [32, 45]}
					]
				},
				{
					"name": "left",
					"parent": "tent",
					"pivot": [3.5, 24.6, -2.8],
					"rotation": [0, 0, -14.5],
					"cubes": [
						{"origin": [2.4, 18.42899, -4.90955], "size": [2, 4, 2], "pivot": [3.4, 21.8024, -4.36343], "rotation": [5, 0, 0], "uv": [24, 45]},
						{"origin": [2.4, 22.05, -4.55], "size": [2, 4, 2], "pivot": [3.5, 24.6, -2.8], "rotation": [-10, 0, 0], "uv": [16, 45]}
					]
				},
				{
					"name": "left2",
					"parent": "tent",
					"pivot": [3.5, 24.6, 2.8],
					"rotation": [0, 0, -14.5],
					"cubes": [
						{"origin": [2.4, 18.52899, 2.90955], "size": [2, 4, 2], "pivot": [3.4, 21.8024, 4.36343], "rotation": [-10, 0, 0], "uv": [24, 0]},
						{"origin": [2.4, 22.05, 2.55], "size": [2, 4, 2], "pivot": [3.5, 24.6, 2.8], "rotation": [10, 0, 0], "uv": [0, 0]}
					]
				},
				{
					"name": "body",
					"parent": "Main",
					"pivot": [0, 0, 0],
					"cubes": [
						{"origin": [-4, 12, -2], "size": [8, 12, 4], "uv": [0, 16]}
					]
				},
				{
					"name": "leftArm",
					"parent": "body",
					"pivot": [4, 24, 0],
					"cubes": [
						{"origin": [4, 12, -2], "size": [4, 12, 4], "uv": [36, 29]}
					]
				},
				{
					"name": "leftLeg",
					"parent": "body",
					"pivot": [2, 12, 0],
					"cubes": [
						{"origin": [0, 0, -2], "size": [4, 12, 4], "uv": [0, 32]}
					]
				},
				{
					"name": "rightArm",
					"parent": "body",
					"pivot": [-4, 24, 0],
					"cubes": [
						{"origin": [-8, 12, -2], "size": [4, 12, 4], "uv": [20, 29]}
					]
				},
				{
					"name": "rightLeg",
					"parent": "body",
					"pivot": [-2, 12, 0],
					"cubes": [
						{"origin": [-4, 0, -2], "size": [4, 12, 4], "uv": [32, 0]}
					]
				}
			]
		}
	]
}