{
	"format_version": "1.12.0",
	"minecraft:geometry": [
		{
			"description": {
				"identifier": "geometry.chalk_board",
				"texture_width": 128,
				"texture_height": 128,
				"visible_bounds_width": 4,
				"visible_bounds_height": 3.5,
				"visible_bounds_offset": [0, 1.25, 0]
			},
			"bones": [
				{
					"name": "Main",
					"pivot": [0, 0, 0]
				},
				{
					"name": "board",
					"parent": "Main",
					"pivot": [0, 0, 0],
					"cubes": [
						{
							"origin": [-18, 0, -2],
							"size": [4, 7, 4],
							"uv": {
								"north": {"uv": [40, 8], "uv_size": [4, 7]},
								"east": {"uv": [40, 15], "uv_size": [4, 7]},
								"south": {"uv": [40, 22], "uv_size": [4, 7]},
								"west": {"uv": [40, 29], "uv_size": [4, 7]},
								"up": {"uv": [44, 22], "uv_size": [4, 4]},
								"down": {"uv": [44, 30], "uv_size": [4, -4]}
							}
						},
						{
							"origin": [14, 0, -2],
							"size": [4, 7, 4],
							"uv": {
								"north": {"uv": [40, 36], "uv_size": [4, 7]},
								"east": {"uv": [40, 43], "uv_size": [4, 7]},
								"south": {"uv": [44, 8], "uv_size": [4, 7]},
								"west": {"uv": [44, 15], "uv_size": [4, 7]},
								"up": {"uv": [44, 30], "uv_size": [4, 4]},
								"down": {"uv": [44, 38], "uv_size": [4, -4]}
							}
						},
						{
							"origin": [-18, 7, -2],
							"size": [36, 23, 4],
							"uv": {
								"north": {"uv": [0, 0], "uv_size": [36, 23]},
								"east": {"uv": [36, 8], "uv_size": [4, 23]},
								"south": {"uv": [0, 23], "uv_size": [36, 23]},
								"west": {"uv": [36, 31], "uv_size": [4, 23]},
								"up": {"uv": [36, 0], "uv_size": [36, 4]},
								"down": {"uv": [36, 8], "uv_size": [36, -4]}
							}
						}
					]
				}
			]
		}
	]
}