{
	"format_version": "1.12.0",
	"minecraft:geometry": [
		{
			"description": {
				"identifier": "geometry.death_moth",
				"texture_width": 64,
				"texture_height": 64,
				"visible_bounds_width": 4,
				"visible_bounds_height": 4.5,
				"visible_bounds_offset": [0, 1.75, 0]
			},
			"bones": [
				{
					"name": "Main",
					"pivot": [0, 24, 0],
					"rotation": [25, 0, 0]
				},
				{
					"name": "head",
					"parent": "Main",
					"pivot": [0, 27.4, -0.5],
					"rotation": [-15, 0, 0],
					"cubes": [
						{
							"origin": [-3.2, 28.4, -3.7],
							"size": [6.4, 6, 6.4],
							"uv": {
								"north": {"uv": [43, 0], "uv_size": [6.5, 6]},
								"east": {"uv": [43, 6], "uv_size": [6.5, 6]},
								"south": {"uv": [43, 12], "uv_size": [6.5, 6]},
								"west": {"uv": [13, 43], "uv_size": [6.5, 6]},
								"up": {"uv": [13, 36], "uv_size": [6.5, 6.5]},
								"down": {"uv": [20, 42.5], "uv_size": [6.5, -6.5]}
							}
						}
					]
				},
				{
					"name": "Antennae",
					"parent": "head",
					"pivot": [0, 34.26115, -1.34788],
					"cubes": [
						{
							"origin": [0.75, 34.4, -2.25],
							"size": [2, 6, 0],
							"pivot": [1.75, 34.4, -2.25],
							"rotation": [-17.5, 0, 0],
							"uv": {
								"north": {"uv": [24, 49], "uv_size": [2, 6]},
								"east": {"uv": [0, 0], "uv_size": [0, 6]},
								"south": {"uv": [28, 50], "uv_size": [2, 6]},
								"west": {"uv": [0, 0], "uv_size": [0, 6]},
								"up": {"uv": [0, 0], "uv_size": [2, 0]},
								"down": {"uv": [0, 0], "uv_size": [2, 0]}
							}
						},
						{
							"origin": [-2.75, 34.4, -2.25],
							"size": [2, 6, 0],
							"pivot": [-1.75, 34.4, -2.25],
							"rotation": [-17.5, 0, 0],
							"uv": {
								"north": {"uv": [28, 50], "uv_size": [2, 6]},
								"east": {"uv": [0, 0], "uv_size": [0, 6]},
								"south": {"uv": [24, 49], "uv_size": [2, 6]},
								"west": {"uv": [0, 0], "uv_size": [0, 6]},
								"up": {"uv": [0, 0], "uv_size": [2, 0]},
								"down": {"uv": [0, 0], "uv_size": [2, 0]}
							}
						}
					]
				},
				{
					"name": "body",
					"parent": "Main",
					"pivot": [0, 12, 0]
				},
				{
					"name": "Thorax",
					"parent": "body",
					"pivot": [0, 12, 0],
					"cubes": [
						{
							"origin": [-2.9, 24, -2.9],
							"size": [5.8, 5, 5.8],
							"uv": {
								"north": {"uv": [43, 36], "uv_size": [6, 5]},
								"east": {"uv": [43, 36], "uv_size": [6, 5]},
								"south": {"uv": [43, 36], "uv_size": [6, 5]},
								"west": {"uv": [43, 36], "uv_size": [6, 5]},
								"up": {"uv": [43, 18], "uv_size": [6, 6]},
								"down": {"uv": [20, 49], "uv_size": [6, -6]}
							}
						}
					]
				},
				{
					"name": "frontLegs",
					"parent": "Thorax",
					"pivot": [0, 12, 0],
					"cubes": [
						{
							"origin": [-2, 24, -4.9],
							"size": [0, 4, 2],
							"uv": {
								"north": {"uv": [0, 0], "uv_size": [0, 4]},
								"east": {"uv": [35, 50], "uv_size": [2, 4]},
								"south": {"uv": [0, 0], "uv_size": [0, 4]},
								"west": {"uv": [0, 51], "uv_size": [2, 4]},
								"up": {"uv": [0, 0], "uv_size": [0, 2]},
								"down": {"uv": [0, 2], "uv_size": [0, -2]}
							}
						},
						{
							"origin": [2, 24, -4.9],
							"size": [0, 4, 2],
							"uv": {
								"north": {"uv": [0, 0], "uv_size": [0, 4]},
								"east": {"uv": [35, 50], "uv_size": [2, 4]},
								"south": {"uv": [0, 0], "uv_size": [0, 4]},
								"west": {"uv": [0, 51], "uv_size": [2, 4]},
								"up": {"uv": [0, 0], "uv_size": [0, 2]},
								"down": {"uv": [0, 2], "uv_size": [0, -2]}
							}
						}
					]
				},
				{
					"name": "Abdomen",
					"parent": "body",
					"pivot": [0, 12, 0],
					"cubes": [
						{
							"origin": [-2.75, 19, -2.75],
							"size": [5.5, 5, 5.5],
							"uv": {
								"north": {"uv": [38, 46], "uv_size": [5.5, 5]},
								"east": {"uv": [38, 46], "uv_size": [5.5, 5]},
								"south": {"uv": [38, 46], "uv_size": [5.5, 5]},
								"west": {"uv": [38, 46], "uv_size": [5.5, 5]},
								"up": {"uv": [43, 24], "uv_size": [5.5, 5.5]},
								"down": {"uv": [43, 35.5], "uv_size": [5.5, -5.5]}
							}
						},
						{
							"origin": [-2.25, 13.5, -2.25],
							"size": [4.5, 5.5, 4.5],
							"uv": {
								"north": {"uv": [19, 49], "uv_size": [4.5, 5.5]},
								"east": {"uv": [19, 49], "uv_size": [4.5, 5.5]},
								"south": {"uv": [19, 49], "uv_size": [4.5, 5.5]},
								"west": {"uv": [19, 49], "uv_size": [4.5, 5.5]},
								"up": {"uv": [49, 41], "uv_size": [4.5, 4.5]},
								"down": {"uv": [50, 4.5], "uv_size": [4.5, -4.5]}
							}
						},
						{
							"origin": [-1.5, 10, -2.25],
							"size": [3, 3.5, 4.5],
							"uv": {
								"north": {"uv": [27, 41], "uv_size": [3, 3.5]},
								"east": {"uv": [27, 41], "uv_size": [3, 3.5]},
								"south": {"uv": [27, 41], "uv_size": [3, 3.5]},
								"west": {"uv": [27, 41], "uv_size": [3, 3.5]},
								"up": {"uv": [27, 36], "uv_size": [3, 4.5]},
								"down": {"uv": [50, 17.5], "uv_size": [3, -4.5]}
							}
						}
					]
				},
				{
					"name": "backLegs1",
					"parent": "Abdomen",
					"pivot": [0, 12, 0],
					"cubes": [
						{
							"origin": [2, 19.25, -4.7],
							"size": [0, 4, 2],
							"uv": {
								"north": {"uv": [0, 0], "uv_size": [0, 4]},
								"east": {"uv": [35, 50], "uv_size": [2, 4]},
								"south": {"uv": [0, 0], "uv_size": [0, 4]},
								"west": {"uv": [0, 51], "uv_size": [2, 4]},
								"up": {"uv": [0, 0], "uv_size": [0, 2]},
								"down": {"uv": [0, 2], "uv_size": [0, -2]}
							}
						},
						{
							"origin": [-2, 19.25, -4.7],
							"size": [0, 4, 2],
							"uv": {
								"north": {"uv": [0, 0], "uv_size": [0, 4]},
								"east": {"uv": [35, 50], "uv_size": [2, 4]},
								"south": {"uv": [0, 0], "uv_size": [0, 4]},
								"west": {"uv": [0, 51], "uv_size": [2, 4]},
								"up": {"uv": [0, 0], "uv_size": [0, 2]},
								"down": {"uv": [0, 2], "uv_size": [0, -2]}
							}
						}
					]
				},
				{
					"name": "backLegs2",
					"parent": "Abdomen",
					"pivot": [0, 12, 0],
					"cubes": [
						{
							"origin": [-2, 14.25, -4.2],
							"size": [0, 4, 2],
							"uv": {
								"north": {"uv": [0, 0], "uv_size": [0, 4]},
								"east": {"uv": [35, 50], "uv_size": [2, 4]},
								"south": {"uv": [0, 0], "uv_size": [0, 4]},
								"west": {"uv": [0, 51], "uv_size": [2, 4]},
								"up": {"uv": [0, 0], "uv_size": [0, 2]},
								"down": {"uv": [0, 2], "uv_size": [0, -2]}
							}
						},
						{
							"origin": [2, 14.25, -4.2],
							"size": [0, 4, 2],
							"uv": {
								"north": {"uv": [0, 0], "uv_size": [0, 4]},
								"east": {"uv": [35, 50], "uv_size": [2, 4]},
								"south": {"uv": [0, 0], "uv_size": [0, 4]},
								"west": {"uv": [0, 51], "uv_size": [2, 4]},
								"up": {"uv": [0, 0], "uv_size": [0, 2]},
								"down": {"uv": [0, 2], "uv_size": [0, -2]}
							}
						}
					]
				},
				{
					"name": "rightWing",
					"parent": "Main",
					"pivot": [-3, 23, 2],
					"rotation": [0, 15, 0]
				},
				{
					"name": "forewing",
					"parent": "rightWing",
					"pivot": [0, 12, 0],
					"cubes": [
						{
							"origin": [-17.4, 21, 1.75],
							"size": [14.5, 17.25, 0],
							"uv": {
								"north": {"uv": [0, 0], "uv_size": [14.5, 17.5]},
								"east": {"uv": [0, 0], "uv_size": [0, 17.5]},
								"south": {"uv": [0, 18], "uv_size": [14.5, 17.5]},
								"west": {"uv": [0, 0], "uv_size": [0, 17.5]},
								"up": {"uv": [0, 0], "uv_size": [14.5, 0]},
								"down": {"uv": [0, 0], "uv_size": [14.5, 0]}
							}
						}
					]
				},
				{
					"name": "hindWing",
					"parent": "rightWing",
					"pivot": [0, 12, 0],
					"cubes": [
						{
							"origin": [-14.65, 6.75, 1.75],
							"size": [12.5, 14.25, 0],
							"uv": {
								"north": {"uv": [30, 0], "uv_size": [12.5, 14.5]},
								"east": {"uv": [0, 0], "uv_size": [0, 14.5]},
								"south": {"uv": [30, 30], "uv_size": [12.5, 14.5]},
								"west": {"uv": [0, 0], "uv_size": [0, 14.5]},
								"up": {"uv": [0, 0], "uv_size": [12.5, 0]},
								"down": {"uv": [0, 0], "uv_size": [12.5, 0]}
							}
						}
					]
				},
				{
					"name": "leftWing",
					"parent": "Main",
					"pivot": [3, 23, 2],
					"rotation": [0, -27.5, 0]
				},
				{
					"name": "forewing2",
					"parent": "leftWing",
					"pivot": [0, 12, 0],
					"cubes": [
						{
							"origin": [2.9, 21, 1.75],
							"size": [14.5, 17.25, 0],
							"uv": {
								"north": {"uv": [0, 18], "uv_size": [14.5, 17.5]},
								"east": {"uv": [0, 0], "uv_size": [0, 17.5]},
								"south": {"uv": [0, 0], "uv_size": [14.5, 17.5]},
								"west": {"uv": [0, 0], "uv_size": [0, 17.5]},
								"up": {"uv": [0, 0], "uv_size": [14.5, 0]},
								"down": {"uv": [0, 0], "uv_size": [14.5, 0]}
							}
						}
					]
				},
				{
					"name": "hindWing2",
					"parent": "leftWing",
					"pivot": [0, 12, 0],
					"cubes": [
						{
							"origin": [2.15, 6.75, 1.75],
							"size": [12.5, 14.25, 0],
							"uv": {
								"north": {"uv": [30, 30], "uv_size": [12.5, 14.5]},
								"east": {"uv": [0, 0], "uv_size": [0, 14.5]},
								"south": {"uv": [30, 0], "uv_size": [12.5, 14.5]},
								"west": {"uv": [0, 0], "uv_size": [0, 14.5]},
								"up": {"uv": [0, 0], "uv_size": [12.5, 0]},
								"down": {"uv": [0, 0], "uv_size": [12.5, 0]}
							}
						}
					]
				}
			]
		}
	]
}