{
	"format_version": "1.12.0",
	"minecraft:geometry": [
		{
			"description": {
				"identifier": "geometry.faceling_adult",
				"texture_width": 64,
				"texture_height": 64,
				"visible_bounds_width": 2,
				"visible_bounds_height": 3.5,
				"visible_bounds_offset": [0, 1.25, 0]
			},
			"bones": [
				{
					"name": "Main",
					"pivot": [0, 0, 0]
				},
				{
					"name": "head",
					"parent": "Main",
					"pivot": [0, 23, 0],
					"cubes": [
						{"origin": [-4, 24, -4], "size": [8, 8, 8], "uv": [0, 0]}
					]
				},
				{
					"name": "body",
					"parent": "Main",
					"pivot": [0, 18, 0],
					"cubes": [
						{"origin": [-4, 12, -2], "size": [8, 12, 4], "uv": [0, 16]}
					]
				},
				{
					"name": "leftArm",
					"parent": "Main",
					"pivot": [4, 24, 0],
					"cubes": [
						{"origin": [4, 12, -2], "size": [4, 12, 4], "uv": [32, 0]}
					]
				},
				{
					"name": "rightArm",
					"parent": "Main",
					"pivot": [-4, 24, 0],
					"cubes": [
						{"origin": [-8, 12, -2], "size": [4, 12, 4], "uv": [16, 32]}
					]
				},
				{
					"name": "leftLeg",
					"parent": "Main",
					"pivot": [1.9, 12, 0],
					"cubes": [
						{"origin": [-0.1, 0, -2], "size": [4, 12, 4], "uv": [24, 16]}
					]
				},
				{
					"name": "rightLeg",
					"parent": "Main",
					"pivot": [-1.9, 12, 0],
					"cubes": [
						{"origin": [-4.1, 0, -2], "size": [4, 12, 4], "uv": [0, 32]}
					]
				}
			]
		}
	]
}