{
	"format_version": "1.12.0",
	"minecraft:geometry": [
		{
			"description": {
				"identifier": "geometry.father_blue_bird",
				"texture_width": 128,
				"texture_height": 128,
				"visible_bounds_width": 3,
				"visible_bounds_height": 3.5,
				"visible_bounds_offset": [0, 1.25, 0]
			},
			"bones": [
				{
					"name": "Main",
					"pivot": [0, 0, 0]
				},
				{
					"name": "head",
					"parent": "Main",
					"pivot": [0, 24, 0],
					"cubes": [
						{
							"origin": [-4, 24, -4],
							"size": [8, 8, 8],
							"uv": {
								"north": {"uv": [24, 0], "uv_size": [8, 8]},
								"east": {"uv": [24, 8], "uv_size": [8, 8]},
								"south": {"uv": [16, 24], "uv_size": [8, 8]},
								"west": {"uv": [24, 16], "uv_size": [8, 8]},
								"up": {"uv": [24, 24], "uv_size": [8, 8]},
								"down": {"uv": [0, 39], "uv_size": [8, -8]}
							}
						},
						{
							"origin": [-4.75, 23.75, 2],
							"size": [9.5, 0.25, 2],
							"uv": {
								"north": {"uv": [56, 20], "uv_size": [9.5, 0.25]},
								"east": {"uv": [54, 47], "uv_size": [2, 0.25]},
								"south": {"uv": [56, 21], "uv_size": [9.5, 0.25]},
								"west": {"uv": [61, 17], "uv_size": [2, 0.25]},
								"up": {"uv": [46, 26], "uv_size": [9.5, 2]},
								"down": {"uv": [46, 30], "uv_size": [9.5, -2]}
							}
						},
						{
							"origin": [-4, 24, 4],
							"size": [8, 8.7, 0.25],
							"uv": {
								"north": {"uv": [0, 22], "uv_size": [8, 8.75]},
								"east": {"uv": [19, 58], "uv_size": [0.25, 8.75]},
								"south": {"uv": [8, 22], "uv_size": [8, 8.75]},
								"west": {"uv": [20, 58], "uv_size": [0.25, 8.75]},
								"up": {"uv": [58, 55], "uv_size": [8, 0.25]},
								"down": {"uv": [58, 56.25], "uv_size": [8, -0.25]}
							}
						},
						{
							"origin": [-3.55, 32.5, 4],
							"size": [7.1, 0.45, 0.25],
							"uv": {
								"north": {"uv": [56, 18], "uv_size": [7, 0.5]},
								"east": {"uv": [63, 61], "uv_size": [0.25, 0.5]},
								"south": {"uv": [56, 19], "uv_size": [7, 0.5]},
								"west": {"uv": [62, 63], "uv_size": [0.25, 0.5]},
								"up": {"uv": [61, 3], "uv_size": [7, 0.25]},
								"down": {"uv": [61, 4.25], "uv_size": [7, -0.25]}
							}
						},
						{
							"origin": [-3.05, 32.95, 4],
							"size": [6.1, 0.2, 0.25],
							"uv": {
								"north": {"uv": [61, 13], "uv_size": [6, 0.25]},
								"east": {"uv": [63, 62], "uv_size": [0.25, 0.25]},
								"south": {"uv": [61, 14], "uv_size": [6, 0.25]},
								"west": {"uv": [63, 63], "uv_size": [0.25, 0.25]},
								"up": {"uv": [61, 15], "uv_size": [6, 0.25]},
								"down": {"uv": [61, 16.25], "uv_size": [6, -0.25]}
							}
						},
						{
							"origin": [-4.75, 24, 4],
							"size": [0.75, 7.45, 0.25],
							"uv": {
								"north": {"uv": [26, 53], "uv_size": [0.75, 7.5]},
								"east": {"uv": [46, 59], "uv_size": [0.25, 7.5]},
								"south": {"uv": [27, 53], "uv_size": [0.75, 7.5]},
								"west": {"uv": [47, 59], "uv_size": [0.25, 7.5]},
								"up": {"uv": [63, 57], "uv_size": [0.75, 0.25]},
								"down": {"uv": [63, 58.25], "uv_size": [0.75, -0.25]}
							}
						},
						{
							"origin": [4, 24, 4],
							"size": [0.75, 7.45, 0.25],
							"uv": {
								"north": {"uv": [5, 54], "uv_size": [0.75, 7.5]},
								"east": {"uv": [48, 59], "uv_size": [0.25, 7.5]},
								"south": {"uv": [6, 54], "uv_size": [0.75, 7.5]},
								"west": {"uv": [49, 59], "uv_size": [0.25, 7.5]},
								"up": {"uv": [63, 59], "uv_size": [0.75, 0.25]},
								"down": {"uv": [63, 60.25], "uv_size": [0.75, -0.25]}
							}
						},
						{
							"origin": [-4.6, 31.4, 4],
							"size": [1, 1.2, 0.25],
							"pivot": [-4.5, 31.725, 4.125],
							"rotation": [0, 0, 40],
							"uv": {
								"north": {"uv": [52, 61], "uv_size": [1, 1.25]},
								"east": {"uv": [63, 38], "uv_size": [0.25, 1.25]},
								"south": {"uv": [53, 61], "uv_size": [1, 1.25]},
								"west": {"uv": [63, 40], "uv_size": [0.25, 1.25]},
								"up": {"uv": [45, 47], "uv_size": [1, 0.25]},
								"down": {"uv": [61, 29.25], "uv_size": [1, -0.25]}
							}
						},
						{
							"origin": [3.6, 31.35, 4],
							"size": [1, 1.45, 0.25],
							"pivot": [4.5, 31.725, 4.125],
							"rotation": [0, 0, -27.5],
							"uv": {
								"north": {"uv": [61, 22], "uv_size": [1, 1.5]},
								"east": {"uv": [63, 34], "uv_size": [0.25, 1.5]},
								"south": {"uv": [26, 61], "uv_size": [1, 1.5]},
								"west": {"uv": [63, 36], "uv_size": [0.25, 1.5]},
								"up": {"uv": [62, 29], "uv_size": [1, 0.25]},
								"down": {"uv": [62, 53.25], "uv_size": [1, -0.25]}
							}
						},
						{
							"origin": [4.25, 24, -4],
							"size": [0.5, 3, 8],
							"pivot": [4.25, 24, 0],
							"rotation": [0, 0, 2],
							"uv": {
								"north": {"uv": [61, 26], "uv_size": [0.5, 3]},
								"east": {"uv": [44, 8], "uv_size": [8, 3]},
								"south": {"uv": [27, 61], "uv_size": [0.5, 3]},
								"west": {"uv": [44, 11], "uv_size": [8, 3]},
								"up": {"uv": [7, 54], "uv_size": [0.5, 8]},
								"down": {"uv": [21, 64], "uv_size": [0.5, -8]}
							}
						},
						{
							"origin": [4.25, 27, -4],
							"size": [0.5, 3, 8],
							"pivot": [4.25, 24, 0],
							"rotation": [0, 0, 2],
							"uv": {
								"north": {"uv": [42, 61], "uv_size": [0.5, 3]},
								"east": {"uv": [12, 44], "uv_size": [8, 3]},
								"south": {"uv": [43, 61], "uv_size": [0.5, 3]},
								"west": {"uv": [44, 14], "uv_size": [8, 3]},
								"up": {"uv": [22, 56], "uv_size": [0.5, 8]},
								"down": {"uv": [23, 64], "uv_size": [0.5, -8]}
							}
						},
						{
							"origin": [4.25, 30, -4],
							"size": [0.5, 2.25, 8],
							"pivot": [4.25, 24, 0],
							"rotation": [0, 0, 2],
							"uv": {
								"north": {"uv": [5, 62], "uv_size": [0.5, 2.25]},
								"east": {"uv": [46, 30], "uv_size": [8, 2.25]},
								"south": {"uv": [62, 5], "uv_size": [0.5, 2.25]},
								"west": {"uv": [46, 33], "uv_size": [8, 2.25]},
								"up": {"uv": [24, 56], "uv_size": [0.5, 8]},
								"down": {"uv": [25, 64], "uv_size": [0.5, -8]}
							}
						},
						{
							"origin": [4.53341, 31.9848, -4],
							"size": [0.5, 2.25, 8],
							"pivot": [4.82703, 32.11056, 0],
							"rotation": [0, 0, -65],
							"uv": {
								"north": {"uv": [6, 62], "uv_size": [0.5, 2.25]},
								"east": {"uv": [46, 36], "uv_size": [8, 2.25]},
								"south": {"uv": [7, 62], "uv_size": [0.5, 2.25]},
								"west": {"uv": [46, 39], "uv_size": [8, 2.25]},
								"up": {"uv": [56, 47], "uv_size": [0.5, 8]},
								"down": {"uv": [0, 65], "uv_size": [0.5, -8]}
							}
						},
						{
							"origin": [-5.03341, 31.9848, -4],
							"size": [0.5, 2.25, 8],
							"pivot": [-4.82703, 32.11056, 0],
							"rotation": [0, 0, 65],
							"uv": {
								"north": {"uv": [62, 8], "uv_size": [0.5, 2.25]},
								"east": {"uv": [46, 42], "uv_size": [8, 2.25]},
								"south": {"uv": [62, 26], "uv_size": [0.5, 2.25]},
								"west": {"uv": [46, 45], "uv_size": [8, 2.25]},
								"up": {"uv": [1, 57], "uv_size": [0.5, 8]},
								"down": {"uv": [2, 65], "uv_size": [0.5, -8]}
							}
						},
						{
							"origin": [1.49036, 32.46356, -4],
							"size": [0.5, 2.25, 8],
							"pivot": [2.09036, 33.33856, 0],
							"rotation": [0, 0, -87.5],
							"uv": {
								"north": {"uv": [38, 62], "uv_size": [0.5, 2.25]},
								"east": {"uv": [12, 47], "uv_size": [8, 2.25]},
								"south": {"uv": [39, 62], "uv_size": [0.5, 2.25]},
								"west": {"uv": [20, 47], "uv_size": [8, 2.25]},
								"up": {"uv": [3, 57], "uv_size": [0.5, 8]},
								"down": {"uv": [4, 65], "uv_size": [0.5, -8]}
							}
						},
						{
							"origin": [-1.99036, 32.46356, -4],
							"size": [0.5, 2.25, 8],
							"pivot": [-2.09036, 33.33856, 0],
							"rotation": [0, 0, 87.5],
							"uv": {
								"north": {"uv": [40, 62], "uv_size": [0.5, 2.25]},
								"east": {"uv": [32, 48], "uv_size": [8, 2.25]},
								"south": {"uv": [41, 62], "uv_size": [0.5, 2.25]},
								"west": {"uv": [40, 48], "uv_size": [8, 2.25]},
								"up": {"uv": [12, 57], "uv_size": [0.5, 8]},
								"down": {"uv": [13, 65], "uv_size": [0.5, -8]}
							}
						},
						{
							"origin": [-2.09036, 34.26356, -4],
							"size": [0.5, 2.25, 8],
							"pivot": [-2.09036, 33.33856, 0],
							"rotation": [0, 0, 90],
							"uv": {
								"north": {"uv": [62, 47], "uv_size": [0.5, 2.25]},
								"east": {"uv": [48, 48], "uv_size": [8, 2.25]},
								"south": {"uv": [62, 50], "uv_size": [0.5, 2.25]},
								"west": {"uv": [12, 50], "uv_size": [8, 2.25]},
								"up": {"uv": [14, 57], "uv_size": [0.5, 8]},
								"down": {"uv": [15, 65], "uv_size": [0.5, -8]}
							}
						},
						{
							"origin": [-4.75, 24, -4],
							"size": [0.5, 3, 8],
							"pivot": [-4.25, 24, 0],
							"rotation": [0, 0, -2],
							"uv": {
								"north": {"uv": [44, 61], "uv_size": [0.5, 3]},
								"east": {"uv": [44, 17], "uv_size": [8, 3]},
								"south": {"uv": [45, 61], "uv_size": [0.5, 3]},
								"west": {"uv": [20, 44], "uv_size": [8, 3]},
								"up": {"uv": [32, 57], "uv_size": [0.5, 8]},
								"down": {"uv": [33, 65], "uv_size": [0.5, -8]}
							}
						},
						{
							"origin": [-4.75, 27, -4],
							"size": [0.5, 3, 8],
							"pivot": [-4.25, 24, 0],
							"rotation": [0, 0, -2],
							"uv": {
								"north": {"uv": [50, 61], "uv_size": [0.5, 3]},
								"east": {"uv": [44, 20], "uv_size": [8, 3]},
								"south": {"uv": [51, 61], "uv_size": [0.5, 3]},
								"west": {"uv": [44, 23], "uv_size": [8, 3]},
								"up": {"uv": [34, 57], "uv_size": [0.5, 8]},
								"down": {"uv": [35, 65], "uv_size": [0.5, -8]}
							}
						},
						{
							"origin": [-4.75, 30, -4],
							"size": [0.5, 2.25, 8],
							"pivot": [-4.25, 24, 0],
							"rotation": [0, 0, -2],
							"uv": {
								"north": {"uv": [62, 57], "uv_size": [0.5, 2.25]},
								"east": {"uv": [20, 50], "uv_size": [8, 2.25]},
								"south": {"uv": [62, 60], "uv_size": [0.5, 2.25]},
								"west": {"uv": [0, 51], "uv_size": [8, 2.25]},
								"up": {"uv": [36, 57], "uv_size": [0.5, 8]},
								"down": {"uv": [37, 65], "uv_size": [0.5, -8]}
							}
						}
					]
				},
				{
					"name": "body",
					"parent": "Main",
					"pivot": [0, 12, 0],
					"cubes": [
						{
							"origin": [-4, 12, -2],
							"size": [8, 12, 4],
							"uv": {
								"north": {"uv": [16, 0], "uv_size": [8, 12]},
								"east": {"uv": [8, 31], "uv_size": [4, 12]},
								"south": {"uv": [16, 12], "uv_size": [8, 12]},
								"west": {"uv": [12, 31], "uv_size": [4, 12]},
								"up": {"uv": [44, 0], "uv_size": [8, 4]},
								"down": {"uv": [44, 8], "uv_size": [8, -4]}
							}
						}
					]
				},
				{
					"name": "cape",
					"parent": "body",
					"pivot": [0, 12, 0],
					"cubes": [
						{
							"origin": [-4, 2, 2],
							"size": [8, 22, 1],
							"pivot": [0, 23.5, 2.5],
							"rotation": [5, 0, 0],
							"uv": {
								"north": {"uv": [0, 0], "uv_size": [8, 22]},
								"east": {"uv": [44, 26], "uv_size": [1, 22]},
								"south": {"uv": [8, 0], "uv_size": [8, 22]},
								"west": {"uv": [28, 44], "uv_size": [1, 22]},
								"up": {"uv": [52, 24], "uv_size": [8, 1]},
								"down": {"uv": [52, 26], "uv_size": [8, -1]}
							}
						},
						{
							"origin": [4, 2, 1],
							"size": [1, 21, 1.75],
							"pivot": [0, 23.5, 2.5],
							"rotation": [5, 0, 0],
							"uv": {
								"north": {"uv": [29, 44], "uv_size": [1, 21]},
								"east": {"uv": [40, 24], "uv_size": [1.75, 21]},
								"south": {"uv": [30, 44], "uv_size": [1, 21]},
								"west": {"uv": [42, 24], "uv_size": [1.75, 21]},
								"up": {"uv": [61, 5], "uv_size": [1, 1.75]},
								"down": {"uv": [61, 8.75], "uv_size": [1, -1.75]}
							}
						},
						{
							"origin": [-5, 2, 1],
							"size": [1, 21, 1.75],
							"pivot": [0, 23.5, 2.5],
							"rotation": [5, 0, 0],
							"uv": {
								"north": {"uv": [31, 44], "uv_size": [1, 21]},
								"east": {"uv": [8, 43], "uv_size": [1.75, 21]},
								"south": {"uv": [45, 26], "uv_size": [1, 21]},
								"west": {"uv": [10, 43], "uv_size": [1.75, 21]},
								"up": {"uv": [61, 9], "uv_size": [1, 1.75]},
								"down": {"uv": [61, 12.75], "uv_size": [1, -1.75]}
							}
						}
					]
				},
				{
					"name": "rightArm",
					"parent": "Main",
					"pivot": [-4, 24, 0],
					"cubes": [
						{
							"origin": [-8, 12, -2],
							"size": [4, 12, 4],
							"uv": {
								"north": {"uv": [36, 12], "uv_size": [4, 12]},
								"east": {"uv": [36, 24], "uv_size": [4, 12]},
								"south": {"uv": [32, 36], "uv_size": [4, 12]},
								"west": {"uv": [36, 36], "uv_size": [4, 12]},
								"up": {"uv": [52, 16], "uv_size": [4, 4]},
								"down": {"uv": [52, 24], "uv_size": [4, -4]}
							}
						}
					]
				},
				{
					"name": "shoulder2",
					"parent": "rightArm",
					"pivot": [0, 0, 0],
					"cubes": [
						{
							"origin": [-8.5, 24.25, -2],
							"size": [4.5, 0.5, 4],
							"uv": {
								"north": {"uv": [56, 22], "uv_size": [4.5, 0.5]},
								"east": {"uv": [12, 43], "uv_size": [4, 0.5]},
								"south": {"uv": [56, 23], "uv_size": [4.5, 0.5]},
								"west": {"uv": [40, 45], "uv_size": [4, 0.5]},
								"up": {"uv": [32, 51], "uv_size": [4.5, 4]},
								"down": {"uv": [37, 55], "uv_size": [4.5, -4]}
							}
						},
						{
							"origin": [-8.5, 23.25, -2.5],
							"size": [4.5, 1.5, 0.5],
							"uv": {
								"north": {"uv": [54, 45], "uv_size": [4.5, 1.5]},
								"east": {"uv": [62, 11], "uv_size": [0.5, 1.5]},
								"south": {"uv": [32, 55], "uv_size": [4.5, 1.5]},
								"west": {"uv": [62, 22], "uv_size": [0.5, 1.5]},
								"up": {"uv": [56, 26], "uv_size": [4.5, 0.5]},
								"down": {"uv": [56, 27.5], "uv_size": [4.5, -0.5]}
							}
						},
						{
							"origin": [-8.5, 23.25, 2],
							"size": [4.5, 1.5, 0.5],
							"uv": {
								"north": {"uv": [37, 55], "uv_size": [4.5, 1.5]},
								"east": {"uv": [63, 5], "uv_size": [0.5, 1.5]},
								"south": {"uv": [42, 55], "uv_size": [4.5, 1.5]},
								"west": {"uv": [63, 7], "uv_size": [0.5, 1.5]},
								"up": {"uv": [56, 28], "uv_size": [4.5, 0.5]},
								"down": {"uv": [56, 29.5], "uv_size": [4.5, -0.5]}
							}
						},
						{
							"origin": [-8.65, 22.35, -2.25],
							"size": [0.5, 2.5, 4.5],
							"pivot": [-8.75, 24.5, 0],
							"rotation": [0, 0, 17.5],
							"uv": {
								"north": {"uv": [54, 61], "uv_size": [0.5, 2.5]},
								"east": {"uv": [16, 53], "uv_size": [4.5, 2.5]},
								"south": {"uv": [55, 61], "uv_size": [0.5, 2.5]},
								"west": {"uv": [21, 53], "uv_size": [4.5, 2.5]},
								"up": {"uv": [38, 57], "uv_size": [0.5, 4.5]},
								"down": {"uv": [39, 61.5], "uv_size": [0.5, -4.5]}
							}
						},
						{
							"origin": [-8.25, 22.75, -2.5],
							"size": [4, 0.5, 0.5],
							"uv": {
								"north": {"uv": [40, 46], "uv_size": [4, 0.5]},
								"east": {"uv": [63, 19], "uv_size": [0.5, 0.5]},
								"south": {"uv": [40, 47], "uv_size": [4, 0.5]},
								"west": {"uv": [63, 42], "uv_size": [0.5, 0.5]},
								"up": {"uv": [58, 57], "uv_size": [4, 0.5]},
								"down": {"uv": [58, 58.5], "uv_size": [4, -0.5]}
							}
						},
						{
							"origin": [-8.25, 22.75, 2],
							"size": [4, 0.5, 0.5],
							"uv": {
								"north": {"uv": [59, 30], "uv_size": [4, 0.5]},
								"east": {"uv": [63, 43], "uv_size": [0.5, 0.5]},
								"south": {"uv": [59, 31], "uv_size": [4, 0.5]},
								"west": {"uv": [63, 44], "uv_size": [0.5, 0.5]},
								"up": {"uv": [59, 32], "uv_size": [4, 0.5]},
								"down": {"uv": [59, 33.5], "uv_size": [4, -0.5]}
							}
						},
						{
							"origin": [-8.5, 21.25, -2.5],
							"size": [4.5, 1.5, 0.5],
							"uv": {
								"north": {"uv": [56, 0], "uv_size": [4.5, 1.5]},
								"east": {"uv": [16, 63], "uv_size": [0.5, 1.5]},
								"south": {"uv": [56, 2], "uv_size": [4.5, 1.5]},
								"west": {"uv": [17, 63], "uv_size": [0.5, 1.5]},
								"up": {"uv": [57, 47], "uv_size": [4.5, 0.5]},
								"down": {"uv": [57, 48.5], "uv_size": [4.5, -0.5]}
							}
						},
						{
							"origin": [-8.5, 21.25, 2],
							"size": [4.5, 1.5, 0.5],
							"uv": {
								"north": {"uv": [47, 55], "uv_size": [4.5, 1.5]},
								"east": {"uv": [63, 9], "uv_size": [0.5, 1.5]},
								"south": {"uv": [52, 55], "uv_size": [4.5, 1.5]},
								"west": {"uv": [63, 11], "uv_size": [0.5, 1.5]},
								"up": {"uv": [42, 57], "uv_size": [4.5, 0.5]},
								"down": {"uv": [47, 57.5], "uv_size": [4.5, -0.5]}
							}
						},
						{
							"origin": [-8.68996, 20.20182, -2.25],
							"size": [0.5, 2.5, 4.5],
							"pivot": [-8.5, 22.5, 0],
							"rotation": [0, 0, 7.5],
							"uv": {
								"north": {"uv": [56, 61], "uv_size": [0.5, 2.5]},
								"east": {"uv": [0, 54], "uv_size": [4.5, 2.5]},
								"south": {"uv": [57, 61], "uv_size": [0.5, 2.5]},
								"west": {"uv": [54, 30], "uv_size": [4.5, 2.5]},
								"up": {"uv": [40, 57], "uv_size": [0.5, 4.5]},
								"down": {"uv": [41, 61.5], "uv_size": [0.5, -4.5]}
							}
						},
						{
							"origin": [-8, 20.75, -2.5],
							"size": [3.75, 0.5, 0.5],
							"uv": {
								"north": {"uv": [50, 59], "uv_size": [3.75, 0.5]},
								"east": {"uv": [63, 47], "uv_size": [0.5, 0.5]},
								"south": {"uv": [54, 59], "uv_size": [3.75, 0.5]},
								"west": {"uv": [63, 48], "uv_size": [0.5, 0.5]},
								"up": {"uv": [58, 59], "uv_size": [3.75, 0.5]},
								"down": {"uv": [60, 24.5], "uv_size": [3.75, -0.5]}
							}
						},
						{
							"origin": [-8, 20.75, 2],
							"size": [3.75, 0.5, 0.5],
							"uv": {
								"north": {"uv": [59, 43], "uv_size": [3.75, 0.5]},
								"east": {"uv": [63, 45], "uv_size": [0.5, 0.5]},
								"south": {"uv": [59, 44], "uv_size": [3.75, 0.5]},
								"west": {"uv": [63, 46], "uv_size": [0.5, 0.5]},
								"up": {"uv": [59, 45], "uv_size": [3.75, 0.5]},
								"down": {"uv": [59, 46.5], "uv_size": [3.75, -0.5]}
							}
						}
					]
				},
				{
					"name": "leftArm",
					"parent": "Main",
					"pivot": [4, 24, 0],
					"cubes": [
						{
							"origin": [4, 12, -2],
							"size": [4, 12, 4],
							"uv": {
								"north": {"uv": [0, 39], "uv_size": [4, 12]},
								"east": {"uv": [4, 39], "uv_size": [4, 12]},
								"south": {"uv": [40, 0], "uv_size": [4, 12]},
								"west": {"uv": [40, 12], "uv_size": [4, 12]},
								"up": {"uv": [52, 51], "uv_size": [4, 4]},
								"down": {"uv": [12, 57], "uv_size": [4, -4]}
							}
						}
					]
				},
				{
					"name": "shoulder3",
					"parent": "leftArm",
					"pivot": [0, 0, 0],
					"cubes": [
						{
							"origin": [4, 24.25, -2],
							"size": [4.5, 0.5, 4],
							"uv": {
								"north": {"uv": [57, 49], "uv_size": [4.5, 0.5]},
								"east": {"uv": [59, 34], "uv_size": [4, 0.5]},
								"south": {"uv": [57, 50], "uv_size": [4.5, 0.5]},
								"west": {"uv": [59, 35], "uv_size": [4, 0.5]},
								"up": {"uv": [42, 51], "uv_size": [4.5, 4]},
								"down": {"uv": [47, 55], "uv_size": [4.5, -4]}
							}
						},
						{
							"origin": [4, 23.25, -2.5],
							"size": [4.5, 1.5, 0.5],
							"uv": {
								"north": {"uv": [56, 4], "uv_size": [4.5, 1.5]},
								"east": {"uv": [63, 17], "uv_size": [0.5, 1.5]},
								"south": {"uv": [56, 6], "uv_size": [4.5, 1.5]},
								"west": {"uv": [18, 63], "uv_size": [0.5, 1.5]},
								"up": {"uv": [57, 51], "uv_size": [4.5, 0.5]},
								"down": {"uv": [52, 57.5], "uv_size": [4.5, -0.5]}
							}
						},
						{
							"origin": [4, 23.25, 2],
							"size": [4.5, 1.5, 0.5],
							"uv": {
								"north": {"uv": [56, 8], "uv_size": [4.5, 1.5]},
								"east": {"uv": [63, 22], "uv_size": [0.5, 1.5]},
								"south": {"uv": [56, 10], "uv_size": [4.5, 1.5]},
								"west": {"uv": [26, 63], "uv_size": [0.5, 1.5]},
								"up": {"uv": [57, 52], "uv_size": [4.5, 0.5]},
								"down": {"uv": [57, 53.5], "uv_size": [4.5, -0.5]}
							}
						},
						{
							"origin": [8.15, 22.35, -2.25],
							"size": [0.5, 2.5, 4.5],
							"pivot": [8.75, 24.5, 0],
							"rotation": [0, 0, -17.5],
							"uv": {
								"north": {"uv": [58, 61], "uv_size": [0.5, 2.5]},
								"east": {"uv": [54, 33], "uv_size": [4.5, 2.5]},
								"south": {"uv": [59, 61], "uv_size": [0.5, 2.5]},
								"west": {"uv": [54, 36], "uv_size": [4.5, 2.5]},
								"up": {"uv": [57, 54], "uv_size": [0.5, 4.5]},
								"down": {"uv": [16, 62.5], "uv_size": [0.5, -4.5]}
							}
						},
						{
							"origin": [4.25, 22.75, -2.5],
							"size": [4, 0.5, 0.5],
							"uv": {
								"north": {"uv": [59, 36], "uv_size": [4, 0.5]},
								"east": {"uv": [63, 49], "uv_size": [0.5, 0.5]},
								"south": {"uv": [59, 37], "uv_size": [4, 0.5]},
								"west": {"uv": [63, 50], "uv_size": [0.5, 0.5]},
								"up": {"uv": [59, 38], "uv_size": [4, 0.5]},
								"down": {"uv": [59, 39.5], "uv_size": [4, -0.5]}
							}
						},
						{
							"origin": [4.25, 22.75, 2],
							"size": [4, 0.5, 0.5],
							"uv": {
								"north": {"uv": [59, 40], "uv_size": [4, 0.5]},
								"east": {"uv": [63, 51], "uv_size": [0.5, 0.5]},
								"south": {"uv": [59, 41], "uv_size": [4, 0.5]},
								"west": {"uv": [52, 63], "uv_size": [0.5, 0.5]},
								"up": {"uv": [42, 59], "uv_size": [4, 0.5]},
								"down": {"uv": [59, 42.5], "uv_size": [4, -0.5]}
							}
						},
						{
							"origin": [4, 21.25, -2.5],
							"size": [4.5, 1.5, 0.5],
							"uv": {
								"north": {"uv": [56, 12], "uv_size": [4.5, 1.5]},
								"east": {"uv": [63, 26], "uv_size": [0.5, 1.5]},
								"south": {"uv": [56, 14], "uv_size": [4.5, 1.5]},
								"west": {"uv": [63, 28], "uv_size": [0.5, 1.5]},
								"up": {"uv": [42, 58], "uv_size": [4.5, 0.5]},
								"down": {"uv": [47, 58.5], "uv_size": [4.5, -0.5]}
							}
						},
						{
							"origin": [4, 21.25, 2],
							"size": [4.5, 1.5, 0.5],
							"uv": {
								"north": {"uv": [16, 56], "uv_size": [4.5, 1.5]},
								"east": {"uv": [63, 30], "uv_size": [0.5, 1.5]},
								"south": {"uv": [56, 16], "uv_size": [4.5, 1.5]},
								"west": {"uv": [63, 32], "uv_size": [0.5, 1.5]},
								"up": {"uv": [52, 58], "uv_size": [4.5, 0.5]},
								"down": {"uv": [58, 54.5], "uv_size": [4.5, -0.5]}
							}
						},
						{
							"origin": [8.18996, 20.20182, -2.25],
							"size": [0.5, 2.5, 4.5],
							"pivot": [8.5, 22.5, 0],
							"rotation": [0, 0, -7.5],
							"uv": {
								"north": {"uv": [60, 61], "uv_size": [0.5, 2.5]},
								"east": {"uv": [54, 39], "uv_size": [4.5, 2.5]},
								"south": {"uv": [61, 61], "uv_size": [0.5, 2.5]},
								"west": {"uv": [54, 42], "uv_size": [4.5, 2.5]},
								"up": {"uv": [17, 58], "uv_size": [0.5, 4.5]},
								"down": {"uv": [18, 62.5], "uv_size": [0.5, -4.5]}
							}
						},
						{
							"origin": [4.25, 20.75, -2.5],
							"size": [3.75, 0.5, 0.5],
							"uv": {
								"north": {"uv": [60, 25], "uv_size": [3.75, 0.5]},
								"east": {"uv": [63, 52], "uv_size": [0.5, 0.5]},
								"south": {"uv": [42, 60], "uv_size": [3.75, 0.5]},
								"west": {"uv": [53, 63], "uv_size": [0.5, 0.5]},
								"up": {"uv": [50, 60], "uv_size": [3.75, 0.5]},
								"down": {"uv": [54, 60.5], "uv_size": [3.75, -0.5]}
							}
						},
						{
							"origin": [4.25, 20.75, 2],
							"size": [3.75, 0.5, 0.5],
							"uv": {
								"north": {"uv": [58, 60], "uv_size": [3.75, 0.5]},
								"east": {"uv": [63, 53], "uv_size": [0.5, 0.5]},
								"south": {"uv": [61, 0], "uv_size": [3.75, 0.5]},
								"west": {"uv": [63, 54], "uv_size": [0.5, 0.5]},
								"up": {"uv": [61, 1], "uv_size": [3.75, 0.5]},
								"down": {"uv": [61, 2.5], "uv_size": [3.75, -0.5]}
							}
						}
					]
				},
				{
					"name": "leftLeg",
					"parent": "Main",
					"pivot": [-1.9, 12, 0],
					"cubes": [
						{
							"origin": [-4, 0, -2],
							"size": [4, 12, 4],
							"uv": {
								"north": {"uv": [32, 0], "uv_size": [4, 12]},
								"east": {"uv": [32, 12], "uv_size": [4, 12]},
								"south": {"uv": [16, 32], "uv_size": [4, 12]},
								"west": {"uv": [20, 32], "uv_size": [4, 12]},
								"up": {"uv": [52, 0], "uv_size": [4, 4]},
								"down": {"uv": [52, 8], "uv_size": [4, -4]}
							}
						}
					]
				},
				{
					"name": "rightLeg",
					"parent": "Main",
					"pivot": [1.9, 12, 0],
					"cubes": [
						{
							"origin": [0, 0, -2],
							"size": [4, 12, 4],
							"uv": {
								"north": {"uv": [24, 32], "uv_size": [4, 12]},
								"east": {"uv": [32, 24], "uv_size": [4, 12]},
								"south": {"uv": [28, 32], "uv_size": [4, 12]},
								"west": {"uv": [36, 0], "uv_size": [4, 12]},
								"up": {"uv": [52, 8], "uv_size": [4, 4]},
								"down": {"uv": [52, 16], "uv_size": [4, -4]}
							}
						}
					]
				}
			]
		}
	]
}