{
	"format_version": "1.12.0",
	"minecraft:geometry": [
		{
			"description": {
				"identifier": "geometry.game_master",
				"texture_width": 128,
				"texture_height": 128,
				"visible_bounds_width": 5,
				"visible_bounds_height": 6.5,
				"visible_bounds_offset": [0, 2.75, 0]
			},
			"bones": [
				{
					"name": "Main",
					"pivot": [0, 4, 0]
				},
				{
					"name": "head",
					"parent": "Main",
					"pivot": [0, 45, 0],
					"cubes": [
						{
							"origin": [-5, 46, -4.25],
							"size": [10, 10, 8.5],
							"uv": {
								"north": {
									"uv": [22, 0],
									"uv_size": [10, 10]
								},
								"east": {
									"uv": [22, 20],
									"uv_size": [8.5, 10]
								},
								"south": {
									"uv": [22, 10],
									"uv_size": [10, 10]
								},
								"west": {
									"uv": [0, 24],
									"uv_size": [8.5, 10]
								},
								"up": {
									"uv": [9, 24],
									"uv_size": [10, 8.5]
								},
								"down": {
									"uv": [19, 38.5],
									"uv_size": [10, -8.5]
								}
							}
						}
					]
				},
				{
					"name": "hat",
					"parent": "head",
					"pivot": [0, 4, 0]
				},
				{
					"name": "leftThing",
					"parent": "hat",
					"pivot": [10.09511, 45.74137, 6.61309],
					"cubes": [
						{
							"origin": [4, 47, 3],
							"size": [5, 3, 3],
							"pivot": [6.5, 48.5, 4.5],
							"rotation": [0, -25, 37.5],
							"uv": {
								"north": {
									"uv": [67, 30],
									"uv_size": [5, 3]
								},
								"east": {
									"uv": [22, 53],
									"uv_size": [3, 3]
								},
								"south": {
									"uv": [67, 33],
									"uv_size": [5, 3]
								},
								"west": {
									"uv": [59, 29],
									"uv_size": [3, 3]
								},
								"up": {
									"uv": [67, 36],
									"uv_size": [5, 3]
								},
								"down": {
									"uv": [67, 42],
									"uv_size": [5, -3]
								}
							}
						},
						{
							"origin": [7.59511, 46.49137, 5.61309],
							"size": [5, 2, 2],
							"pivot": [10.09511, 45.74137, 6.61309],
							"rotation": [15.84766, -19.58991, -2.75298],
							"uv": {
								"north": {
									"uv": [70, 70],
									"uv_size": [5, 2]
								},
								"east": {
									"uv": [27, 39],
									"uv_size": [2, 2]
								},
								"south": {
									"uv": [71, 6],
									"uv_size": [5, 2]
								},
								"west": {
									"uv": [25, 46],
									"uv_size": [2, 2]
								},
								"up": {
									"uv": [71, 8],
									"uv_size": [5, 2]
								},
								"down": {
									"uv": [71, 12],
									"uv_size": [5, -2]
								}
							}
						}
					]
				},
				{
					"name": "bone4",
					"parent": "leftThing",
					"pivot": [2.33715, 54.96531, 4.33143],
					"rotation": [17.13964, -19.98472, -76.44784],
					"cubes": [
						{
							"origin": [1, 51.25, 1],
							"size": [5, 4.5, 5],
							"pivot": [3.5, 53.5, 3.5],
							"rotation": [0, -25, 37.5],
							"uv": {
								"north": {
									"uv": [63, 52],
									"uv_size": [5, 4.5]
								},
								"east": {
									"uv": [63, 57],
									"uv_size": [5, 4.5]
								},
								"south": {
									"uv": [63, 62],
									"uv_size": [5, 4.5]
								},
								"west": {
									"uv": [20, 65],
									"uv_size": [5, 4.5]
								},
								"up": {
									"uv": [31, 24],
									"uv_size": [5, 5]
								},
								"down": {
									"uv": [15, 66],
									"uv_size": [5, -5]
								}
							}
						},
						{
							"origin": [6.24481, 47.80324, 3.83051],
							"size": [7.9, 3.5, 3],
							"pivot": [7.64481, 52.45324, 5.33051],
							"rotation": [-19.65736, -15.7627, 90.24765],
							"uv": {
								"north": {
									"uv": [0, 40],
									"uv_size": [8, 3.5]
								},
								"east": {
									"uv": [70, 42],
									"uv_size": [3, 3.5]
								},
								"south": {
									"uv": [59, 8],
									"uv_size": [8, 3.5]
								},
								"west": {
									"uv": [61, 70],
									"uv_size": [3, 3.5]
								},
								"up": {
									"uv": [39, 21],
									"uv_size": [8, 3]
								},
								"down": {
									"uv": [62, 46],
									"uv_size": [8, -3]
								}
							}
						}
					]
				},
				{
					"name": "rightThing",
					"parent": "hat",
					"pivot": [-9.09511, 45.74137, 6.61309],
					"cubes": [
						{
							"origin": [-8, 47, 3],
							"size": [5, 3, 3],
							"pivot": [-5.5, 48.5, 4.5],
							"rotation": [0, 25, -37.5],
							"uv": {
								"north": {
									"uv": [61, 67],
									"uv_size": [5, 3]
								},
								"east": {
									"uv": [32, 71],
									"uv_size": [3, 3]
								},
								"south": {
									"uv": [66, 67],
									"uv_size": [5, 3]
								},
								"west": {
									"uv": [35, 71],
									"uv_size": [3, 3]
								},
								"up": {
									"uv": [68, 0],
									"uv_size": [5, 3]
								},
								"down": {
									"uv": [68, 6],
									"uv_size": [5, -3]
								}
							}
						},
						{
							"origin": [-11.59511, 46.49137, 5.61309],
							"size": [5, 2, 2],
							"pivot": [-9.09511, 45.74137, 6.61309],
							"rotation": [15.84766, 19.58991, 2.75298],
							"uv": {
								"north": {
									"uv": [71, 12],
									"uv_size": [5, 2]
								},
								"east": {
									"uv": [57, 0],
									"uv_size": [2, 2]
								},
								"south": {
									"uv": [71, 14],
									"uv_size": [5, 2]
								},
								"west": {
									"uv": [57, 2],
									"uv_size": [2, 2]
								},
								"up": {
									"uv": [15, 71],
									"uv_size": [5, 2]
								},
								"down": {
									"uv": [71, 18],
									"uv_size": [5, -2]
								}
							}
						}
					]
				},
				{
					"name": "bone2",
					"parent": "rightThing",
					"pivot": [-2.33715, 54.96531, 4.33143],
					"rotation": [17.13964, 19.98472, 76.44784],
					"cubes": [
						{
							"origin": [-6, 51.25, 1],
							"size": [5, 4.5, 5],
							"pivot": [-3.5, 53.5, 3.5],
							"rotation": [0, 25, -37.5],
							"uv": {
								"north": {
									"uv": [25, 65],
									"uv_size": [5, 4.5]
								},
								"east": {
									"uv": [15, 66],
									"uv_size": [5, 4.5]
								},
								"south": {
									"uv": [56, 66],
									"uv_size": [5, 4.5]
								},
								"west": {
									"uv": [6, 67],
									"uv_size": [5, 4.5]
								},
								"up": {
									"uv": [6, 62],
									"uv_size": [5, 5]
								},
								"down": {
									"uv": [62, 25],
									"uv_size": [5, -5]
								}
							}
						},
						{
							"origin": [-14.14481, 47.80324, 3.83051],
							"size": [7.9, 3.5, 3],
							"pivot": [-7.64481, 52.45324, 5.33051],
							"rotation": [-19.65736, 15.7627, -90.24765],
							"uv": {
								"north": {
									"uv": [59, 12],
									"uv_size": [8, 3.5]
								},
								"east": {
									"uv": [64, 70],
									"uv_size": [3, 3.5]
								},
								"south": {
									"uv": [59, 16],
									"uv_size": [8, 3.5]
								},
								"west": {
									"uv": [67, 70],
									"uv_size": [3, 3.5]
								},
								"up": {
									"uv": [63, 46],
									"uv_size": [8, 3]
								},
								"down": {
									"uv": [63, 52],
									"uv_size": [8, -3]
								}
							}
						}
					]
				},
				{
					"name": "body",
					"parent": "Main",
					"pivot": [0, 33.625, 0],
					"cubes": [
						{
							"origin": [-5.5, 32, -3.5],
							"size": [11, 12, 7],
							"uv": {
								"north": {
									"uv": [0, 12],
									"uv_size": [11, 12]
								},
								"east": {
									"uv": [32, 12],
									"uv_size": [7, 12]
								},
								"south": {
									"uv": [11, 12],
									"uv_size": [11, 12]
								},
								"west": {
									"uv": [9, 33],
									"uv_size": [7, 12]
								},
								"up": {
									"uv": [16, 39],
									"uv_size": [11, 7]
								},
								"down": {
									"uv": [0, 52],
									"uv_size": [11, -7]
								}
							}
						},
						{
							"origin": [-2, 44, -2],
							"size": [4, 2, 4],
							"uv": {
								"north": {
									"uv": [63, 6],
									"uv_size": [4, 2]
								},
								"east": {
									"uv": [72, 30],
									"uv_size": [4, 2]
								},
								"south": {
									"uv": [72, 32],
									"uv_size": [4, 2]
								},
								"west": {
									"uv": [72, 34],
									"uv_size": [4, 2]
								},
								"up": {
									"uv": [50, 16],
									"uv_size": [4, 4]
								},
								"down": {
									"uv": [67, 10],
									"uv_size": [4, -4]
								}
							}
						},
						{
							"origin": [-4.5, 26, -3],
							"size": [9, 6, 6],
							"uv": {
								"north": {
									"uv": [0, 34],
									"uv_size": [9, 6]
								},
								"east": {
									"uv": [51, 0],
									"uv_size": [6, 6]
								},
								"south": {
									"uv": [27, 42],
									"uv_size": [9, 6]
								},
								"west": {
									"uv": [46, 51],
									"uv_size": [6, 6]
								},
								"up": {
									"uv": [36, 45],
									"uv_size": [9, 6]
								},
								"down": {
									"uv": [45, 51],
									"uv_size": [9, -6]
								}
							}
						},
						{
							"origin": [-6, 19, -3.5],
							"size": [12, 7, 7],
							"uv": {
								"north": {
									"uv": [36, 24],
									"uv_size": [12, 7]
								},
								"east": {
									"uv": [11, 46],
									"uv_size": [7, 7]
								},
								"south": {
									"uv": [36, 31],
									"uv_size": [12, 7]
								},
								"west": {
									"uv": [18, 46],
									"uv_size": [7, 7]
								},
								"up": {
									"uv": [36, 38],
									"uv_size": [12, 7]
								},
								"down": {
									"uv": [39, 7],
									"uv_size": [12, -7]
								}
							}
						}
					]
				},
				{
					"name": "rightShoulder",
					"parent": "body",
					"pivot": [-5.5, 43.5, 0],
					"rotation": [0, 0, 20],
					"cubes": [
						{
							"origin": [-11.5, 42, -2.75],
							"size": [3, 1, 5.5],
							"pivot": [-6.5, 43.5, 0],
							"rotation": [0, 0, -30],
							"uv": {
								"north": {
									"uv": [31, 29],
									"uv_size": [3, 1]
								},
								"east": {
									"uv": [0, 44],
									"uv_size": [5.5, 1]
								},
								"south": {
									"uv": [6, 44],
									"uv_size": [3, 1]
								},
								"west": {
									"uv": [73, 42],
									"uv_size": [5.5, 1]
								},
								"up": {
									"uv": [19, 24],
									"uv_size": [3, 5.5]
								},
								"down": {
									"uv": [16, 38.5],
									"uv_size": [3, -5.5]
								}
							}
						},
						{
							"origin": [-8.5, 41.5, -3.75],
							"size": [4, 2, 7.5],
							"pivot": [-6.5, 43.5, 0],
							"rotation": [0, 0, -30],
							"uv": {
								"north": {
									"uv": [72, 36],
									"uv_size": [4, 2]
								},
								"east": {
									"uv": [68, 52],
									"uv_size": [7.5, 2]
								},
								"south": {
									"uv": [72, 38],
									"uv_size": [4, 2]
								},
								"west": {
									"uv": [68, 54],
									"uv_size": [7.5, 2]
								},
								"up": {
									"uv": [26, 56],
									"uv_size": [4, 7.5]
								},
								"down": {
									"uv": [56, 57.5],
									"uv_size": [4, -7.5]
								}
							}
						}
					]
				},
				{
					"name": "leftShoulder",
					"parent": "body",
					"pivot": [5.5, 43.5, 0],
					"rotation": [0, 0, -20],
					"cubes": [
						{
							"origin": [8.5, 42, -2.75],
							"size": [3, 1, 5.5],
							"pivot": [6.5, 43.5, 0],
							"rotation": [0, 0, 30],
							"uv": {
								"north": {
									"uv": [11, 45],
									"uv_size": [3, 1]
								},
								"east": {
									"uv": [73, 43],
									"uv_size": [5.5, 1]
								},
								"south": {
									"uv": [50, 20],
									"uv_size": [3, 1]
								},
								"west": {
									"uv": [73, 44],
									"uv_size": [5.5, 1]
								},
								"up": {
									"uv": [30, 65],
									"uv_size": [3, 5.5]
								},
								"down": {
									"uv": [46, 70.5],
									"uv_size": [3, -5.5]
								}
							}
						},
						{
							"origin": [4.5, 41.5, -3.75],
							"size": [4, 2, 7.5],
							"pivot": [6.5, 43.5, 0],
							"rotation": [0, 0, 30],
							"uv": {
								"north": {
									"uv": [72, 40],
									"uv_size": [4, 2]
								},
								"east": {
									"uv": [68, 56],
									"uv_size": [7.5, 2]
								},
								"south": {
									"uv": [70, 72],
									"uv_size": [4, 2]
								},
								"west": {
									"uv": [68, 58],
									"uv_size": [7.5, 2]
								},
								"up": {
									"uv": [30, 57],
									"uv_size": [4, 7.5]
								},
								"down": {
									"uv": [46, 64.5],
									"uv_size": [4, -7.5]
								}
							}
						}
					]
				},
				{
					"name": "leftArm",
					"parent": "Main",
					"pivot": [6, 42, 0]
				},
				{
					"name": "top",
					"parent": "leftArm",
					"pivot": [5.75, 41.75, 0],
					"cubes": [
						{
							"origin": [5.5, 33, -2],
							"size": [3, 9, 4],
							"uv": {
								"north": {
									"uv": [59, 20],
									"uv_size": [3, 9]
								},
								"east": {
									"uv": [0, 52],
									"uv_size": [4, 9]
								},
								"south": {
									"uv": [34, 60],
									"uv_size": [3, 9]
								},
								"west": {
									"uv": [4, 52],
									"uv_size": [4, 9]
								},
								"up": {
									"uv": [53, 69],
									"uv_size": [3, 4]
								},
								"down": {
									"uv": [20, 74],
									"uv_size": [3, -4]
								}
							}
						}
					]
				},
				{
					"name": "mid",
					"parent": "leftArm",
					"pivot": [7, 33, 0.75],
					"cubes": [
						{
							"origin": [5.5, 24, -1.5],
							"size": [3, 9, 3],
							"uv": {
								"north": {
									"uv": [37, 60],
									"uv_size": [3, 9]
								},
								"east": {
									"uv": [40, 60],
									"uv_size": [3, 9]
								},
								"south": {
									"uv": [43, 60],
									"uv_size": [3, 9]
								},
								"west": {
									"uv": [60, 48],
									"uv_size": [3, 9]
								},
								"up": {
									"uv": [38, 71],
									"uv_size": [3, 3]
								},
								"down": {
									"uv": [45, 74],
									"uv_size": [3, -3]
								}
							}
						}
					]
				},
				{
					"name": "hand",
					"parent": "mid",
					"pivot": [7, 23.75, 0],
					"cubes": [
						{
							"origin": [5.75, 20.75, -2],
							"size": [2.5, 3.25, 4],
							"uv": {
								"north": {
									"uv": [56, 71],
									"uv_size": [2.5, 3.5]
								},
								"east": {
									"uv": [41, 69],
									"uv_size": [4, 3.5]
								},
								"south": {
									"uv": [71, 66],
									"uv_size": [2.5, 3.5]
								},
								"west": {
									"uv": [49, 69],
									"uv_size": [4, 3.5]
								},
								"up": {
									"uv": [71, 18],
									"uv_size": [2.5, 4]
								},
								"down": {
									"uv": [71, 26],
									"uv_size": [2.5, -4]
								}
							}
						}
					]
				},
				{
					"name": "rightArm",
					"parent": "Main",
					"pivot": [-6, 42, 0]
				},
				{
					"name": "top2",
					"parent": "rightArm",
					"pivot": [-5.75, 41.75, 0],
					"cubes": [
						{
							"origin": [-8.5, 33, -2],
							"size": [3, 9, 4],
							"uv": {
								"north": {
									"uv": [62, 20],
									"uv_size": [-3, 9]
								},
								"east": {
									"uv": [8, 52],
									"uv_size": [-4, 9]
								},
								"south": {
									"uv": [37, 60],
									"uv_size": [-3, 9]
								},
								"west": {
									"uv": [4, 52],
									"uv_size": [-4, 9]
								},
								"up": {
									"uv": [56, 69],
									"uv_size": [-3, 4]
								},
								"down": {
									"uv": [23, 74],
									"uv_size": [-3, -4]
								}
							}
						}
					]
				},
				{
					"name": "mid2",
					"parent": "rightArm",
					"pivot": [-7, 33, 0.75],
					"cubes": [
						{
							"origin": [-8.5, 24, -1.5],
							"size": [3, 9, 3],
							"uv": {
								"north": {
									"uv": [40, 60],
									"uv_size": [-3, 9]
								},
								"east": {
									"uv": [63, 48],
									"uv_size": [-3, 9]
								},
								"south": {
									"uv": [46, 60],
									"uv_size": [-3, 9]
								},
								"west": {
									"uv": [43, 60],
									"uv_size": [-3, 9]
								},
								"up": {
									"uv": [41, 71],
									"uv_size": [-3, 3]
								},
								"down": {
									"uv": [48, 74],
									"uv_size": [-3, -3]
								}
							}
						}
					]
				},
				{
					"name": "hand2",
					"parent": "mid2",
					"pivot": [-7, 23.75, 0],
					"cubes": [
						{
							"origin": [-8.25, 20.75, -2],
							"size": [2.5, 3.25, 4],
							"uv": {
								"north": {
									"uv": [58.5, 71],
									"uv_size": [-2.5, 3.5]
								},
								"east": {
									"uv": [53, 69],
									"uv_size": [-4, 3.5]
								},
								"south": {
									"uv": [73.5, 66],
									"uv_size": [-2.5, 3.5]
								},
								"west": {
									"uv": [45, 69],
									"uv_size": [-4, 3.5]
								},
								"up": {
									"uv": [73.5, 18],
									"uv_size": [-2.5, 4]
								},
								"down": {
									"uv": [73.5, 26],
									"uv_size": [-2.5, -4]
								}
							}
						}
					]
				},
				{
					"name": "leftLeg",
					"parent": "Main",
					"pivot": [3, 19, 0]
				},
				{
					"name": "top3",
					"parent": "leftLeg",
					"pivot": [-0.5, 4, 0],
					"cubes": [
						{
							"origin": [0.75, 11, -3],
							"size": [4.5, 8, 5.5],
							"uv": {
								"north": {
									"uv": [12, 53],
									"uv_size": [4.5, 8]
								},
								"east": {
									"uv": [48, 21],
									"uv_size": [5.5, 8]
								},
								"south": {
									"uv": [17, 53],
									"uv_size": [4.5, 8]
								},
								"west": {
									"uv": [25, 48],
									"uv_size": [5.5, 8]
								},
								"up": {
									"uv": [62, 25],
									"uv_size": [4.5, 5.5]
								},
								"down": {
									"uv": [62, 36.5],
									"uv_size": [4.5, -5.5]
								}
							}
						}
					]
				},
				{
					"name": "bottom",
					"parent": "leftLeg",
					"pivot": [-0.5, -4, 0],
					"cubes": [
						{
							"origin": [1.25, 2, -2.5],
							"size": [3.5, 9, 4.5],
							"uv": {
								"north": {
									"uv": [54, 32],
									"uv_size": [3.5, 9]
								},
								"east": {
									"uv": [31, 48],
									"uv_size": [4.5, 9]
								},
								"south": {
									"uv": [54, 41],
									"uv_size": [3.5, 9]
								},
								"west": {
									"uv": [50, 7],
									"uv_size": [4.5, 9]
								},
								"up": {
									"uv": [67, 10],
									"uv_size": [3.5, 4.5]
								},
								"down": {
									"uv": [67, 19.5],
									"uv_size": [3.5, -4.5]
								}
							}
						}
					]
				},
				{
					"name": "foot",
					"parent": "leftLeg",
					"pivot": [-0.5, 4, 0],
					"cubes": [
						{
							"origin": [1.15, 0, -5.5],
							"size": [3.75, 2, 7.5],
							"uv": {
								"north": {
									"uv": [73, 0],
									"uv_size": [4, 2]
								},
								"east": {
									"uv": [68, 60],
									"uv_size": [7.5, 2]
								},
								"south": {
									"uv": [73, 2],
									"uv_size": [4, 2]
								},
								"west": {
									"uv": [68, 62],
									"uv_size": [7.5, 2]
								},
								"up": {
									"uv": [58, 32],
									"uv_size": [4, 7.5]
								},
								"down": {
									"uv": [58, 47.5],
									"uv_size": [4, -7.5]
								}
							}
						}
					]
				},
				{
					"name": "rightLeg",
					"parent": "Main",
					"pivot": [-2.75, 19, 0]
				},
				{
					"name": "top4",
					"parent": "rightLeg",
					"pivot": [0.5, 4, 0],
					"cubes": [
						{
							"origin": [-5.25, 11, -3],
							"size": [4.5, 8, 5.5],
							"uv": {
								"north": {
									"uv": [54, 16],
									"uv_size": [4.5, 8]
								},
								"east": {
									"uv": [48, 29],
									"uv_size": [5.5, 8]
								},
								"south": {
									"uv": [54, 24],
									"uv_size": [4.5, 8]
								},
								"west": {
									"uv": [48, 37],
									"uv_size": [5.5, 8]
								},
								"up": {
									"uv": [62, 37],
									"uv_size": [4.5, 5.5]
								},
								"down": {
									"uv": [63, 5.5],
									"uv_size": [4.5, -5.5]
								}
							}
						}
					]
				},
				{
					"name": "bottom2",
					"parent": "rightLeg",
					"pivot": [0.5, -4, 0],
					"cubes": [
						{
							"origin": [-4.75, 2, -2.5],
							"size": [3.5, 9, 4.5],
							"uv": {
								"north": {
									"uv": [55, 6],
									"uv_size": [3.5, 9]
								},
								"east": {
									"uv": [36, 51],
									"uv_size": [4.5, 9]
								},
								"south": {
									"uv": [22, 56],
									"uv_size": [3.5, 9]
								},
								"west": {
									"uv": [41, 51],
									"uv_size": [4.5, 9]
								},
								"up": {
									"uv": [67, 20],
									"uv_size": [3.5, 4.5]
								},
								"down": {
									"uv": [67, 29.5],
									"uv_size": [3.5, -4.5]
								}
							}
						}
					]
				},
				{
					"name": "foot2",
					"parent": "rightLeg",
					"pivot": [0.5, 4, 0],
					"cubes": [
						{
							"origin": [-4.9, 0, -5.5],
							"size": [3.75, 2, 7.5],
							"uv": {
								"north": {
									"uv": [73, 4],
									"uv_size": [4, 2]
								},
								"east": {
									"uv": [68, 64],
									"uv_size": [7.5, 2]
								},
								"south": {
									"uv": [15, 73],
									"uv_size": [4, 2]
								},
								"west": {
									"uv": [33, 69],
									"uv_size": [7.5, 2]
								},
								"up": {
									"uv": [56, 58],
									"uv_size": [4, 7.5]
								},
								"down": {
									"uv": [59, 7.5],
									"uv_size": [4, -7.5]
								}
							}
						}
					]
				}
			]
		}
	]
}