{
	"format_version": "1.12.0",
	"minecraft:geometry": [
		{
			"description": {
				"identifier": "geometry.hound",
				"texture_width": 128,
				"texture_height": 128,
				"visible_bounds_width": 5,
				"visible_bounds_height": 4,
				"visible_bounds_offset": [0, 1, 0]
			},
			"bones": [
				{
					"name": "Main",
					"pivot": [0, 16, 1]
				},
				{
					"name": "head",
					"parent": "Main",
					"pivot": [0, 18, -10]
				},
				{
					"name": "headMain",
					"parent": "head",
					"pivot": [0, 16, 1],
					"cubes": [
						{
							"origin": [-3.8, 14, -18],
							"size": [7.6, 8.6, 8],
							"uv": {
								"north": {"uv": [47, 0], "uv_size": [5, 8]},
								"east": {"uv": [47, 0], "uv_size": [5, 8]},
								"south": {"uv": [20, 9], "uv_size": [8, 9]},
								"west": {"uv": [47, 0], "uv_size": [5, 8]},
								"up": {"uv": [34, 25], "uv_size": [8, 8]},
								"down": {"uv": [52, 8], "uv_size": [-5, -8]}
							}
						}
					]
				},
				{
					"name": "Hair",
					"parent": "head",
					"pivot": [0, 16, 1],
					"cubes": [
						{
							"origin": [-3.75, 22.65, -18],
							"size": [7.5, 0.25, 8],
							"uv": {
								"north": {"uv": [47, 11], "uv_size": [8, 1]},
								"east": {"uv": [63, 50], "uv_size": [8, 1]},
								"south": {"uv": [63, 51], "uv_size": [8, 1]},
								"west": {"uv": [63, 52], "uv_size": [8, 1]},
								"up": {"uv": [16, 35], "uv_size": [8, 8]},
								"down": {"uv": [24, 43], "uv_size": [8, -8]}
							}
						},
						{
							"origin": [-3.75, 22.65, -26.6],
							"size": [7.5, 0.25, 8.6],
							"pivot": [0, 22.775, -18],
							"rotation": [87.5, 0, 0],
							"uv": {
								"north": {"uv": [63, 57], "uv_size": [8, 1]},
								"east": {"uv": [63, 48], "uv_size": [9, 1]},
								"south": {"uv": [63, 58], "uv_size": [8, 1]},
								"west": {"uv": [63, 49], "uv_size": [9, 1]},
								"up": {"uv": [28, 16], "uv_size": [8, 9]},
								"down": {"uv": [0, 38], "uv_size": [8, -9]}
							}
						},
						{
							"origin": [-12.75, 22.35, -18],
							"size": [8.7, 0.25, 8],
							"pivot": [-4, 22.775, -14],
							"rotation": [0, 0, -82.5],
							"uv": {
								"north": {"uv": [63, 44], "uv_size": [9, 1]},
								"east": {"uv": [63, 53], "uv_size": [8, 1]},
								"south": {"uv": [63, 45], "uv_size": [9, 1]},
								"west": {"uv": [63, 54], "uv_size": [8, 1]},
								"up": {"uv": [16, 27], "uv_size": [9, 8]},
								"down": {"uv": [25, 35], "uv_size": [9, -8]}
							}
						},
						{
							"origin": [4.05, 22.35, -18],
							"size": [8.7, 0.25, 8],
							"pivot": [4, 22.775, -14],
							"rotation": [0, 0, 82.5],
							"uv": {
								"north": {"uv": [63, 46], "uv_size": [9, 1]},
								"east": {"uv": [63, 55], "uv_size": [8, 1]},
								"south": {"uv": [63, 47], "uv_size": [9, 1]},
								"west": {"uv": [63, 56], "uv_size": [8, 1]},
								"up": {"uv": [28, 0], "uv_size": [9, 8]},
								"down": {"uv": [28, 16], "uv_size": [9, -8]}
							}
						}
					]
				},
				{
					"name": "body",
					"parent": "Main",
					"pivot": [0, 17, 1],
					"rotation": [7, 0, 0],
					"cubes": [
						{
							"origin": [-5, 15.14205, -10.31657],
							"size": [10, 6, 10],
							"uv": {
								"north": {"uv": [47, 0], "uv_size": [5, 8]},
								"east": {"uv": [47, 0], "uv_size": [5, 8]},
								"south": {"uv": [47, 0], "uv_size": [5, 8]},
								"west": {"uv": [47, 0], "uv_size": [5, 8]},
								"up": {"uv": [52, 8], "uv_size": [-5, -8]},
								"down": {"uv": [52, 8], "uv_size": [-5, -8]}
							}
						},
						{
							"origin": [-5, 14.64205, -9.56657],
							"size": [10, 0.5, 8.5],
							"uv": {
								"north": {"uv": [47, 0], "uv_size": [5, 8]},
								"east": {"uv": [47, 0], "uv_size": [5, 8]},
								"south": {"uv": [47, 0], "uv_size": [5, 8]},
								"west": {"uv": [47, 0], "uv_size": [5, 8]},
								"up": {"uv": [10, 0], "uv_size": [10, 9]},
								"down": {"uv": [52, 8], "uv_size": [-5, -8]}
							}
						},
						{
							"origin": [-4.5, 15.61882, -0.77113],
							"size": [9.2, 0.7, 0.95],
							"pivot": [0.1, 16.72306, 0.27549],
							"rotation": [22.5, 0, 0],
							"uv": {
								"north": {"uv": [63, 19], "uv_size": [9, 1]},
								"east": {"uv": [47, 0], "uv_size": [5, 8]},
								"south": {"uv": [47, 0], "uv_size": [5, 8]},
								"west": {"uv": [47, 0], "uv_size": [5, 8]},
								"up": {"uv": [63, 34], "uv_size": [9, 1]},
								"down": {"uv": [52, 8], "uv_size": [-5, -8]}
							}
						}
					]
				},
				{
					"name": "back",
					"parent": "body",
					"pivot": [0, 16.37306, -2.09951],
					"cubes": [
						{
							"origin": [-4.5, 15.88579, -0.30166],
							"size": [9.2, 5.2, 8.75],
							"uv": {
								"north": {"uv": [22, 43], "uv_size": [9, 5]},
								"east": {"uv": [47, 0], "uv_size": [5, 8]},
								"south": {"uv": [46, 12], "uv_size": [9, 5]},
								"west": {"uv": [47, 0], "uv_size": [5, 8]},
								"up": {"uv": [52, 8], "uv_size": [-5, -8]},
								"down": {"uv": [52, 8], "uv_size": [-5, -8]}
							}
						},
						{
							"origin": [-4.5, 14.8305, 8.30303],
							"size": [9.2, 0.7, 0.75],
							"pivot": [0.1, 16.22306, 10.27549],
							"rotation": [-27.5, 0, 0],
							"uv": {
								"north": {"uv": [63, 36], "uv_size": [9, 1]},
								"east": {"uv": [21, 59], "uv_size": [1, 1]},
								"south": {"uv": [63, 37], "uv_size": [9, 1]},
								"west": {"uv": [24, 60], "uv_size": [1, 1]},
								"up": {"uv": [63, 38], "uv_size": [9, 1]},
								"down": {"uv": [52, 8], "uv_size": [-5, -8]}
							}
						},
						{
							"origin": [-4.5, 21.61418, 10.59129],
							"size": [9.2, 0.85, 1.3],
							"pivot": [0.1, 14.74806, 11.75049],
							"rotation": [27.5, 0, 0],
							"uv": {
								"north": {"uv": [63, 40], "uv_size": [9, 1]},
								"east": {"uv": [47, 0], "uv_size": [5, 8]},
								"south": {"uv": [47, 0], "uv_size": [5, 8]},
								"west": {"uv": [47, 0], "uv_size": [5, 8]},
								"up": {"uv": [52, 8], "uv_size": [-5, -8]},
								"down": {"uv": [63, 44], "uv_size": [9, -1]}
							}
						},
						{
							"origin": [-5.3, 15.38579, 8.39834],
							"size": [10.5, 6.2, 4.75],
							"uv": {
								"north": {"uv": [47, 0], "uv_size": [5, 8]},
								"east": {"uv": [47, 0], "uv_size": [5, 8]},
								"south": {"uv": [47, 0], "uv_size": [5, 8]},
								"west": {"uv": [47, 0], "uv_size": [5, 8]},
								"up": {"uv": [52, 8], "uv_size": [-5, -8]},
								"down": {"uv": [52, 8], "uv_size": [-5, -8]}
							}
						}
					]
				},
				{
					"name": "FLL",
					"parent": "Main",
					"pivot": [7, 17.25, -6.5]
				},
				{
					"name": "top",
					"parent": "FLL",
					"pivot": [0, 16, 1],
					"cubes": [
						{
							"origin": [5, 10.25, -8.5],
							"size": [3, 5, 4],
							"uv": {
								"north": {"uv": [47, 0], "uv_size": [5, 8]},
								"east": {"uv": [47, 0], "uv_size": [5, 8]},
								"south": {"uv": [47, 0], "uv_size": [5, 8]},
								"west": {"uv": [47, 0], "uv_size": [5, 8]},
								"up": {"uv": [42, 12], "uv_size": [3, 4]},
								"down": {"uv": [49, 64], "uv_size": [3, -4]}
							}
						}
					]
				},
				{
					"name": "top2",
					"parent": "top",
					"pivot": [6.5, 19.25, -6.5],
					"cubes": [
						{
							"origin": [5, 15, -8.75],
							"size": [3.25, 4.5, 4.5],
							"uv": {
								"north": {"uv": [47, 0], "uv_size": [5, 8]},
								"east": {"uv": [51, 50], "uv_size": [5, 5]},
								"south": {"uv": [47, 0], "uv_size": [5, 8]},
								"west": {"uv": [47, 0], "uv_size": [5, 8]},
								"up": {"uv": [52, 8], "uv_size": [-5, -8]},
								"down": {"uv": [52, 8], "uv_size": [-5, -8]}
							}
						}
					]
				},
				{
					"name": "bottom",
					"parent": "FLL",
					"pivot": [6.5, 9.75, -6.5],
					"cubes": [
						{
							"origin": [5, 2.25, -8.5],
							"size": [3, 8, 4],
							"uv": {
								"north": {"uv": [47, 0], "uv_size": [5, 8]},
								"east": {"uv": [47, 0], "uv_size": [5, 8]},
								"south": {"uv": [47, 0], "uv_size": [5, 8]},
								"west": {"uv": [47, 0], "uv_size": [5, 8]},
								"up": {"uv": [52, 60], "uv_size": [3, 4]},
								"down": {"uv": [60, 57], "uv_size": [3, -4]}
							}
						}
					]
				},
				{
					"name": "hand",
					"parent": "bottom",
					"pivot": [0, 16, 1],
					"cubes": [
						{
							"origin": [4.75, 0, -9.25],
							"size": [3.5, 2.25, 4.75],
							"uv": {
								"north": {"uv": [47, 0], "uv_size": [5, 8]},
								"east": {"uv": [47, 0], "uv_size": [5, 8]},
								"south": {"uv": [47, 0], "uv_size": [5, 8]},
								"west": {"uv": [47, 0], "uv_size": [5, 8]},
								"up": {"uv": [52, 8], "uv_size": [-5, -8]},
								"down": {"uv": [52, 8], "uv_size": [-5, -8]}
							}
						},
						{
							"origin": [4.75, 0, -11],
							"size": [0.75, 0.75, 1.75],
							"uv": {
								"north": {"uv": [31, 63], "uv_size": [1, 1]},
								"east": {"uv": [8, 26], "uv_size": [2, 1]},
								"south": {"uv": [7, 64], "uv_size": [1, 1]},
								"west": {"uv": [8, 36], "uv_size": [2, 1]},
								"up": {"uv": [33, 25], "uv_size": [1, 2]},
								"down": {"uv": [32, 40], "uv_size": [1, -2]}
							}
						},
						{
							"origin": [4.35, 0, -9.75],
							"size": [0.75, 0.75, 2.75],
							"pivot": [4.125, 0.375, -8.125],
							"rotation": [0, 22.5, 0],
							"uv": {
								"north": {"uv": [64, 14], "uv_size": [1, 1]},
								"east": {"uv": [37, 15], "uv_size": [3, 1]},
								"south": {"uv": [20, 64], "uv_size": [1, 1]},
								"west": {"uv": [52, 10], "uv_size": [3, 1]},
								"up": {"uv": [8, 20], "uv_size": [1, 3]},
								"down": {"uv": [9, 23], "uv_size": [1, -3]}
							}
						},
						{
							"origin": [5.75, 0, -11],
							"size": [0.75, 0.75, 1.75],
							"uv": {
								"north": {"uv": [64, 8], "uv_size": [1, 1]},
								"east": {"uv": [8, 37], "uv_size": [2, 1]},
								"south": {"uv": [64, 9], "uv_size": [1, 1]},
								"west": {"uv": [14, 39], "uv_size": [2, 1]},
								"up": {"uv": [33, 38], "uv_size": [1, 2]},
								"down": {"uv": [14, 42], "uv_size": [1, -2]}
							}
						},
						{
							"origin": [6.75, 0, -11],
							"size": [0.75, 0.75, 1.75],
							"uv": {
								"north": {"uv": [64, 10], "uv_size": [1, 1]},
								"east": {"uv": [40, 15], "uv_size": [2, 1]},
								"south": {"uv": [64, 11], "uv_size": [1, 1]},
								"west": {"uv": [32, 40], "uv_size": [2, 1]},
								"up": {"uv": [15, 40], "uv_size": [1, 2]},
								"down": {"uv": [41, 24], "uv_size": [1, -2]}
							}
						},
						{
							"origin": [7.75, 0, -11],
							"size": [0.5, 0.75, 1.75],
							"uv": {
								"north": {"uv": [64, 12], "uv_size": [1, 1]},
								"east": {"uv": [14, 42], "uv_size": [2, 1]},
								"south": {"uv": [64, 13], "uv_size": [1, 1]},
								"west": {"uv": [12, 48], "uv_size": [2, 1]},
								"up": {"uv": [31, 43], "uv_size": [1, 2]},
								"down": {"uv": [9, 46], "uv_size": [1, -2]}
							}
						}
					]
				},
				{
					"name": "FRL",
					"parent": "Main",
					"pivot": [-7, 17.25, -6.5]
				},
				{
					"name": "top4",
					"parent": "FRL",
					"pivot": [-6.625, 17.25, -6.5],
					"cubes": [
						{
							"origin": [-8.25, 15, -8.75],
							"size": [3.25, 4.5, 4.5],
							"uv": {
								"north": {"uv": [47, 0], "uv_size": [5, 8]},
								"east": {"uv": [47, 0], "uv_size": [5, 8]},
								"south": {"uv": [47, 0], "uv_size": [5, 8]},
								"west": {"uv": [52, 22], "uv_size": [5, 5]},
								"up": {"uv": [52, 8], "uv_size": [-5, -8]},
								"down": {"uv": [52, 8], "uv_size": [-5, -8]}
							}
						}
					]
				},
				{
					"name": "top3",
					"parent": "top4",
					"pivot": [-6.5, 12.75, -6.5],
					"cubes": [
						{
							"origin": [-8, 10.25, -8.5],
							"size": [3, 5, 4],
							"uv": {
								"north": {"uv": [47, 0], "uv_size": [5, 8]},
								"east": {"uv": [47, 0], "uv_size": [5, 8]},
								"south": {"uv": [47, 0], "uv_size": [5, 8]},
								"west": {"uv": [47, 0], "uv_size": [5, 8]},
								"up": {"uv": [61, 3], "uv_size": [3, 4]},
								"down": {"uv": [61, 11], "uv_size": [3, -4]}
							}
						}
					]
				},
				{
					"name": "bottom2",
					"parent": "FRL",
					"pivot": [-6.5, 9.25, -6.5],
					"cubes": [
						{
							"origin": [-8, 2.25, -8.5],
							"size": [3, 8, 4],
							"uv": {
								"north": {"uv": [47, 0], "uv_size": [5, 8]},
								"east": {"uv": [47, 0], "uv_size": [5, 8]},
								"south": {"uv": [47, 0], "uv_size": [5, 8]},
								"west": {"uv": [47, 0], "uv_size": [5, 8]},
								"up": {"uv": [61, 11], "uv_size": [3, 4]},
								"down": {"uv": [61, 27], "uv_size": [3, -4]}
							}
						}
					]
				},
				{
					"name": "hand2",
					"parent": "bottom2",
					"pivot": [0, 16, 1],
					"cubes": [
						{
							"origin": [-8.25, 0, -9.25],
							"size": [3.5, 2.25, 4.75],
							"uv": {
								"north": {"uv": [47, 0], "uv_size": [5, 8]},
								"east": {"uv": [47, 0], "uv_size": [5, 8]},
								"south": {"uv": [47, 0], "uv_size": [5, 8]},
								"west": {"uv": [47, 0], "uv_size": [5, 8]},
								"up": {"uv": [52, 8], "uv_size": [-5, -8]},
								"down": {"uv": [52, 8], "uv_size": [-5, -8]}
							}
						},
						{
							"origin": [-5.5, 0, -11],
							"size": [0.75, 0.75, 1.75],
							"uv": {
								"north": {"uv": [36, 64], "uv_size": [1, 1]},
								"east": {"uv": [12, 53], "uv_size": [2, 1]},
								"south": {"uv": [37, 64], "uv_size": [1, 1]},
								"west": {"uv": [12, 54], "uv_size": [2, 1]},
								"up": {"uv": [8, 53], "uv_size": [1, 2]},
								"down": {"uv": [8, 57], "uv_size": [1, -2]}
							}
						},
						{
							"origin": [-5.1, 0, -9.75],
							"size": [0.75, 0.75, 2.75],
							"pivot": [-4.125, 0.375, -8.125],
							"rotation": [0, -22.5, 0],
							"uv": {
								"north": {"uv": [38, 64], "uv_size": [1, 1]},
								"east": {"uv": [63, 60], "uv_size": [3, 1]},
								"south": {"uv": [39, 64], "uv_size": [1, 1]},
								"west": {"uv": [62, 63], "uv_size": [3, 1]},
								"up": {"uv": [32, 35], "uv_size": [1, 3]},
								"down": {"uv": [33, 38], "uv_size": [1, -3]}
							}
						},
						{
							"origin": [-6.5, 0, -11],
							"size": [0.75, 0.75, 1.75],
							"uv": {
								"north": {"uv": [40, 64], "uv_size": [1, 1]},
								"east": {"uv": [29, 54], "uv_size": [2, 1]},
								"south": {"uv": [41, 64], "uv_size": [1, 1]},
								"west": {"uv": [49, 54], "uv_size": [2, 1]},
								"up": {"uv": [55, 18], "uv_size": [1, 2]},
								"down": {"uv": [55, 22], "uv_size": [1, -2]}
							}
						},
						{
							"origin": [-7.5, 0, -11],
							"size": [0.75, 0.75, 1.75],
							"uv": {
								"north": {"uv": [42, 64], "uv_size": [1, 1]},
								"east": {"uv": [58, 15], "uv_size": [2, 1]},
								"south": {"uv": [43, 64], "uv_size": [1, 1]},
								"west": {"uv": [58, 16], "uv_size": [2, 1]},
								"up": {"uv": [21, 55], "uv_size": [1, 2]},
								"down": {"uv": [56, 20], "uv_size": [1, -2]}
							}
						},
						{
							"origin": [-8.25, 0, -11],
							"size": [0.5, 0.75, 1.75],
							"uv": {
								"north": {"uv": [44, 64], "uv_size": [1, 1]},
								"east": {"uv": [58, 17], "uv_size": [2, 1]},
								"south": {"uv": [45, 64], "uv_size": [1, 1]},
								"west": {"uv": [58, 33], "uv_size": [2, 1]},
								"up": {"uv": [56, 20], "uv_size": [1, 2]},
								"down": {"uv": [8, 59], "uv_size": [1, -2]}
							}
						}
					]
				},
				{
					"name": "BLL",
					"parent": "Main",
					"pivot": [7, 20, 10.5]
				},
				{
					"name": "top5",
					"parent": "BLL",
					"pivot": [6.75, 19.04728, 9.89921],
					"cubes": [
						{
							"origin": [5.25, 13.82748, 8.05127],
							"size": [3, 8.25, 4.75],
							"pivot": [6.5, 19.875, 10.5],
							"rotation": [-16, 0, 0],
							"uv": {
								"north": {"uv": [47, 0], "uv_size": [5, 8]},
								"east": {"uv": [47, 0], "uv_size": [5, 8]},
								"south": {"uv": [47, 0], "uv_size": [5, 8]},
								"west": {"uv": [47, 0], "uv_size": [5, 8]},
								"up": {"uv": [52, 8], "uv_size": [-5, -8]},
								"down": {"uv": [52, 8], "uv_size": [-5, -8]}
							}
						}
					]
				},
				{
					"name": "bottom3",
					"parent": "BLL",
					"pivot": [6.75, 13.6, 8.9],
					"cubes": [
						{
							"origin": [5.25, 2.5, 7.05],
							"size": [3, 12.2, 3.7],
							"uv": {
								"north": {"uv": [47, 0], "uv_size": [5, 8]},
								"east": {"uv": [47, 0], "uv_size": [5, 8]},
								"south": {"uv": [47, 0], "uv_size": [5, 8]},
								"west": {"uv": [47, 0], "uv_size": [5, 8]},
								"up": {"uv": [55, 60], "uv_size": [3, 4]},
								"down": {"uv": [60, 61], "uv_size": [3, -4]}
							}
						}
					]
				},
				{
					"name": "foot",
					"parent": "bottom3",
					"pivot": [6.03306, 0.625, 10.95684],
					"cubes": [
						{
							"origin": [4.85, 0, 6.25],
							"size": [3.55, 2.5, 4.5],
							"uv": {
								"north": {"uv": [47, 0], "uv_size": [5, 8]},
								"east": {"uv": [47, 0], "uv_size": [5, 8]},
								"south": {"uv": [47, 0], "uv_size": [5, 8]},
								"west": {"uv": [47, 0], "uv_size": [5, 8]},
								"up": {"uv": [52, 8], "uv_size": [-5, -8]},
								"down": {"uv": [52, 8], "uv_size": [-5, -8]}
							}
						},
						{
							"origin": [4.85, 0, 4],
							"size": [0.8, 1, 2.25],
							"uv": {
								"north": {"uv": [64, 23], "uv_size": [1, 1]},
								"east": {"uv": [29, 48], "uv_size": [2, 1]},
								"south": {"uv": [64, 24], "uv_size": [1, 1]},
								"west": {"uv": [12, 49], "uv_size": [2, 1]},
								"up": {"uv": [45, 12], "uv_size": [1, 2]},
								"down": {"uv": [45, 16], "uv_size": [1, -2]}
							}
						},
						{
							"origin": [4.45, 0, 5.25],
							"size": [0.8, 1, 3.25],
							"pivot": [4.125, 0.375, 6.875],
							"rotation": [0, 22.5, 0],
							"uv": {
								"north": {"uv": [64, 25], "uv_size": [1, 1]},
								"east": {"uv": [42, 63], "uv_size": [3, 1]},
								"south": {"uv": [64, 26], "uv_size": [1, 1]},
								"west": {"uv": [63, 59], "uv_size": [3, 1]},
								"up": {"uv": [8, 23], "uv_size": [1, 3]},
								"down": {"uv": [9, 26], "uv_size": [1, -3]}
							}
						},
						{
							"origin": [5.85, 0, 4],
							"size": [0.8, 1, 2.25],
							"uv": {
								"north": {"uv": [64, 27], "uv_size": [1, 1]},
								"east": {"uv": [29, 49], "uv_size": [2, 1]},
								"south": {"uv": [64, 28], "uv_size": [1, 1]},
								"west": {"uv": [12, 50], "uv_size": [2, 1]},
								"up": {"uv": [31, 45], "uv_size": [1, 2]},
								"down": {"uv": [9, 48], "uv_size": [1, -2]}
							}
						},
						{
							"origin": [6.85, 0, 4],
							"size": [0.8, 1, 2.25],
							"uv": {
								"north": {"uv": [64, 29], "uv_size": [1, 1]},
								"east": {"uv": [29, 50], "uv_size": [2, 1]},
								"south": {"uv": [64, 30], "uv_size": [1, 1]},
								"west": {"uv": [12, 51], "uv_size": [2, 1]},
								"up": {"uv": [8, 49], "uv_size": [1, 2]},
								"down": {"uv": [8, 53], "uv_size": [1, -2]}
							}
						},
						{
							"origin": [7.85, 0, 4],
							"size": [0.55, 1, 2.25],
							"uv": {
								"north": {"uv": [31, 64], "uv_size": [1, 1]},
								"east": {"uv": [29, 51], "uv_size": [2, 1]},
								"south": {"uv": [35, 64], "uv_size": [1, 1]},
								"west": {"uv": [12, 52], "uv_size": [2, 1]},
								"up": {"uv": [29, 52], "uv_size": [1, 2]},
								"down": {"uv": [30, 54], "uv_size": [1, -2]}
							}
						}
					]
				},
				{
					"name": "BRL",
					"parent": "Main",
					"pivot": [-7, 20, 10.5]
				},
				{
					"name": "top6",
					"parent": "BRL",
					"pivot": [0, 20, 10],
					"cubes": [
						{
							"origin": [-8.25, 13.82748, 8.05127],
							"size": [3, 8.25, 4.75],
							"pivot": [-6.5, 19.875, 10.5],
							"rotation": [-16, 0, 0],
							"uv": {
								"north": {"uv": [47, 0], "uv_size": [5, 8]},
								"east": {"uv": [47, 0], "uv_size": [5, 8]},
								"south": {"uv": [47, 0], "uv_size": [5, 8]},
								"west": {"uv": [47, 0], "uv_size": [5, 8]},
								"up": {"uv": [52, 8], "uv_size": [-5, -8]},
								"down": {"uv": [52, 8], "uv_size": [-5, -8]}
							}
						}
					]
				},
				{
					"name": "bottom4",
					"parent": "BRL",
					"pivot": [-6.75, 13.6, 8.9],
					"cubes": [
						{
							"origin": [-8.25, 2.5, 7.05],
							"size": [3, 12.2, 3.7],
							"uv": {
								"north": {"uv": [47, 0], "uv_size": [5, 8]},
								"east": {"uv": [47, 0], "uv_size": [5, 8]},
								"south": {"uv": [47, 0], "uv_size": [5, 8]},
								"west": {"uv": [47, 0], "uv_size": [5, 8]},
								"up": {"uv": [24, 61], "uv_size": [3, 4]},
								"down": {"uv": [61, 31], "uv_size": [3, -4]}
							}
						}
					]
				},
				{
					"name": "foot2",
					"parent": "bottom4",
					"pivot": [-6.03306, 0.625, 10.95684],
					"cubes": [
						{
							"origin": [-8.4, 0, 6.25],
							"size": [3.55, 2.5, 4.5],
							"uv": {
								"north": {"uv": [47, 0], "uv_size": [5, 8]},
								"east": {"uv": [47, 0], "uv_size": [5, 8]},
								"south": {"uv": [47, 0], "uv_size": [5, 8]},
								"west": {"uv": [47, 0], "uv_size": [5, 8]},
								"up": {"uv": [52, 8], "uv_size": [-5, -8]},
								"down": {"uv": [52, 8], "uv_size": [-5, -8]}
							}
						},
						{
							"origin": [-5.65, 0, 4],
							"size": [0.8, 1, 2.25],
							"uv": {
								"north": {"uv": [46, 64], "uv_size": [1, 1]},
								"east": {"uv": [58, 34], "uv_size": [2, 1]},
								"south": {"uv": [47, 64], "uv_size": [1, 1]},
								"west": {"uv": [58, 60], "uv_size": [2, 1]},
								"up": {"uv": [21, 57], "uv_size": [1, 2]},
								"down": {"uv": [57, 25], "uv_size": [1, -2]}
							}
						},
						{
							"origin": [-5.25, 0, 5.25],
							"size": [0.8, 1, 3.25],
							"pivot": [-4.125, 0.375, 6.875],
							"rotation": [0, -22.5, 0],
							"uv": {
								"north": {"uv": [48, 64], "uv_size": [1, 1]},
								"east": {"uv": [64, 3], "uv_size": [3, 1]},
								"south": {"uv": [49, 64], "uv_size": [1, 1]},
								"west": {"uv": [4, 64], "uv_size": [3, 1]},
								"up": {"uv": [14, 36], "uv_size": [1, 3]},
								"down": {"uv": [15, 39], "uv_size": [1, -3]}
							}
						},
						{
							"origin": [-6.65, 0, 4],
							"size": [0.8, 1, 2.25],
							"uv": {
								"north": {"uv": [50, 64], "uv_size": [1, 1]},
								"east": {"uv": [27, 61], "uv_size": [2, 1]},
								"south": {"uv": [51, 64], "uv_size": [1, 1]},
								"west": {"uv": [27, 62], "uv_size": [2, 1]},
								"up": {"uv": [57, 25], "uv_size": [1, 2]},
								"down": {"uv": [45, 60], "uv_size": [1, -2]}
							}
						},
						{
							"origin": [-7.65, 0, 4],
							"size": [0.8, 1, 2.25],
							"uv": {
								"north": {"uv": [52, 64], "uv_size": [1, 1]},
								"east": {"uv": [64, 4], "uv_size": [2, 1]},
								"south": {"uv": [53, 64], "uv_size": [1, 1]},
								"west": {"uv": [64, 5], "uv_size": [2, 1]},
								"up": {"uv": [11, 60], "uv_size": [1, 2]},
								"down": {"uv": [35, 62], "uv_size": [1, -2]}
							}
						},
						{
							"origin": [-8.4, 0, 4],
							"size": [0.55, 1, 2.25],
							"uv": {
								"north": {"uv": [54, 64], "uv_size": [1, 1]},
								"east": {"uv": [64, 6], "uv_size": [2, 1]},
								"south": {"uv": [55, 64], "uv_size": [1, 1]},
								"west": {"uv": [64, 7], "uv_size": [2, 1]},
								"up": {"uv": [45, 60], "uv_size": [1, 2]},
								"down": {"uv": [35, 64], "uv_size": [1, -2]}
							}
						}
					]
				}
			]
		}
	]
}