{
	"format_version": "1.16.0",
	"minecraft:geometry": [
		{
			"description": {
				"identifier": "geometry.jerry",
				"texture_width": 32,
				"texture_height": 32,
				"visible_bounds_width": 2,
				"visible_bounds_height": 3,
				"visible_bounds_offset": [0, 1.5, 0]
			},
			"bones": [
				{
					"name": "body",
					"pivot": [0, 5, -1],
					"cubes": [
						{"origin": [-1.5, 2, -2.5], "size": [3, 6, 3], "uv": [2, 8]}
					]
				},
				{
					"name": "head",
					"parent": "body",
					"pivot": [0, 8.3, -0.8],
					"cubes": [
						{"origin": [-1, 7.3, -1.8], "size": [2, 3, 2], "uv": [2, 2]}
					],
					"locators": {
						"lead": [0, 6.5, -2]
					}
				},
				{
					"name": "head2",
					"parent": "head",
					"pivot": [0, 26, -1],
					"cubes": [
						{"origin": [-1, 10.3, -3.8], "size": [2, 1, 4], "uv": [10, 0]}
					]
				},
				{
					"name": "beak1",
					"parent": "head",
					"pivot": [0, 24.5, -1.5],
					"cubes": [
						{"origin": [-0.5, 8.3, -2.7], "size": [1, 2, 1], "uv": [11, 7]}
					]
				},
				{
					"name": "beak2",
					"parent": "head",
					"pivot": [0, 25.8, -2.5],
					"cubes": [
						{"origin": [-0.5, 8.6, -3.7], "size": [1, 1.7, 1], "uv": [16, 7]}
					]
				},
				{
					"name": "feather",
					"parent": "head",
					"pivot": [0, 10.1, 0.2],
					"cubes": [
						{"origin": [0, 9.6, -2.9], "size": [0, 5, 4], "uv": [2, 18]}
					]
				},
				{
					"name": "tail",
					"parent": "body",
					"pivot": [0, 2.9, 0.45],
					"rotation": [20, 0, 0],
					"cubes": [
						{"origin": [-1.5, 0.00263, -0.11391], "size": [3, 4, 1], "uv": [22, 1]}
					]
				},
				{
					"name": "wing0",
					"parent": "body",
					"pivot": [1.5, 7.1, -0.8],
					"rotation": [0, 0, -10],
					"cubes": [
						{"origin": [1, 2.6, -2.3], "size": [1, 5, 3], "uv": [19, 8]}
					]
				},
				{
					"name": "wing1",
					"parent": "body",
					"pivot": [-1.5, 7.1, -0.8],
					"rotation": [0, 0, 10],
					"cubes": [
						{"origin": [-2, 2.6, -2.3], "size": [1, 5, 3], "uv": [19, 8]}
					]
				},
				{
					"name": "leg0",
					"parent": "body",
					"pivot": [0.95, 1.75, -0.5],
					"cubes": [
						{"origin": [0.5, 0, -1.75], "size": [1, 2, 1], "uv": [14, 18]}
					]
				},
				{
					"name": "leg1",
					"parent": "body",
					"pivot": [-1, 1.75, -0.5],
					"cubes": [
						{"origin": [-1.5, 0, -1.75], "size": [1, 2, 1], "uv": [14, 18]}
					]
				}
			]
		}
	]
}