{
	"format_version": "1.12.0",
	"minecraft:geometry": [
		{
			"description": {
				"identifier": "geometry.memoryworm",
				"texture_width": 128,
				"texture_height": 128,
				"visible_bounds_width": 12,
				"visible_bounds_height": 3.5,
				"visible_bounds_offset": [0, 1.25, 0]
			},
			"bones": [
				{
					"name": "Main",
					"pivot": [0, 5, 12]
				},
				{
					"name": "head",
					"parent": "Main",
					"pivot": [0, 0, -32],
					"cubes": [
						{
							"origin": [-8.25, 0, -40],
							"size": [16.5, 16, 16],
							"uv": {
								"north": {"uv": [0, 0], "uv_size": [16, 16]},
								"east": {"uv": [0, 16], "uv_size": [16, 16]},
								"south": {"uv": [16, 0], "uv_size": [16, 16]},
								"west": {"uv": [16, 16], "uv_size": [16, 16]},
								"up": {"uv": [0, 32], "uv_size": [16, 16]},
								"down": {"uv": [0, 32], "uv_size": [16, 16]}
							}
						},
						{
							"origin": [-8, 15, -43],
							"size": [16, 1.5, 3],
							"uv": {
								"north": {"uv": [89, 60], "uv_size": [16, 2]},
								"east": {"uv": [76, 42], "uv_size": [3, 2]},
								"south": {"uv": [89, 62], "uv_size": [16, 2]},
								"west": {"uv": [76, 44], "uv_size": [3, 2]},
								"up": {"uv": [79, 54], "uv_size": [16, 3]},
								"down": {"uv": [79, 60], "uv_size": [16, -3]}
							}
						},
						{
							"origin": [-9, -0.5, -43],
							"size": [1, 17, 3],
							"uv": {
								"north": {"uv": [52, 89], "uv_size": [1, 17]},
								"east": {"uv": [40, 78], "uv_size": [3, 17]},
								"south": {"uv": [53, 89], "uv_size": [1, 17]},
								"west": {"uv": [24, 80], "uv_size": [3, 17]},
								"up": {"uv": [47, 48], "uv_size": [1, 3]},
								"down": {"uv": [47, 54], "uv_size": [1, -3]}
							}
						},
						{
							"origin": [8, -0.5, -43],
							"size": [1, 17, 3],
							"uv": {
								"north": {"uv": [54, 89], "uv_size": [1, 17]},
								"east": {"uv": [27, 80], "uv_size": [3, 17]},
								"south": {"uv": [55, 89], "uv_size": [1, 17]},
								"west": {"uv": [43, 89], "uv_size": [3, 17]},
								"up": {"uv": [47, 54], "uv_size": [1, 3]},
								"down": {"uv": [47, 60], "uv_size": [1, -3]}
							}
						},
						{
							"origin": [-8, -0.5, -43],
							"size": [16, 1.5, 3],
							"uv": {
								"north": {"uv": [89, 64], "uv_size": [16, 2]},
								"east": {"uv": [95, 96], "uv_size": [3, 2]},
								"south": {"uv": [89, 66], "uv_size": [16, 2]},
								"west": {"uv": [23, 97], "uv_size": [3, 2]},
								"up": {"uv": [80, 36], "uv_size": [16, 3]},
								"down": {"uv": [80, 42], "uv_size": [16, -3]}
							}
						},
						{
							"origin": [-10.23782, 8.5, -44.82586],
							"size": [6, 1, 2],
							"pivot": [-7.23782, 9, -42.57586],
							"rotation": [0, -110, 0],
							"uv": {
								"north": {"uv": [64, 45], "uv_size": [6, 1]},
								"east": {"uv": [44, 76], "uv_size": [2, 1]},
								"south": {"uv": [70, 45], "uv_size": [6, 1]},
								"west": {"uv": [36, 94], "uv_size": [2, 1]},
								"up": {"uv": [71, 60], "uv_size": [6, 2]},
								"down": {"uv": [89, 72], "uv_size": [6, -2]}
							}
						},
						{
							"origin": [-10.23782, 8.5, -47.82586],
							"size": [6, 1, 2],
							"pivot": [-7.23782, 9, -42.57586],
							"rotation": [0, -110, 0],
							"uv": {
								"north": {"uv": [97, 69], "uv_size": [6, 1]},
								"east": {"uv": [40, 99], "uv_size": [2, 1]},
								"south": {"uv": [74, 97], "uv_size": [6, 1]},
								"west": {"uv": [46, 99], "uv_size": [2, 1]},
								"up": {"uv": [95, 54], "uv_size": [6, 2]},
								"down": {"uv": [95, 58], "uv_size": [6, -2]}
							}
						},
						{
							"origin": [-9.06321, 10.25, -43.14834],
							"size": [6, 1, 2],
							"pivot": [-6.06321, 10.75, -42.14834],
							"rotation": [-162.5, -70, 180],
							"uv": {
								"north": {"uv": [97, 48], "uv_size": [6, 1]},
								"east": {"uv": [12, 99], "uv_size": [2, 1]},
								"south": {"uv": [97, 49], "uv_size": [6, 1]},
								"west": {"uv": [14, 99], "uv_size": [2, 1]},
								"up": {"uv": [60, 93], "uv_size": [6, 2]},
								"down": {"uv": [66, 95], "uv_size": [6, -2]}
							}
						},
						{
							"origin": [-9.38591, 6.46672, -43.26579],
							"size": [6, 1, 2],
							"pivot": [-6.38591, 6.96672, -42.26579],
							"rotation": [162.5, -70, -180],
							"uv": {
								"north": {"uv": [97, 43], "uv_size": [6, 1]},
								"east": {"uv": [95, 98], "uv_size": [2, 1]},
								"south": {"uv": [97, 44], "uv_size": [6, 1]},
								"west": {"uv": [98, 96], "uv_size": [2, 1]},
								"up": {"uv": [91, 42], "uv_size": [6, 2]},
								"down": {"uv": [91, 46], "uv_size": [6, -2]}
							}
						},
						{
							"origin": [-9.38591, 4.46672, -43.26579],
							"size": [6, 1, 2],
							"pivot": [-6.38591, 6.96672, -42.26579],
							"rotation": [162.5, -70, -180],
							"uv": {
								"north": {"uv": [97, 45], "uv_size": [6, 1]},
								"east": {"uv": [97, 98], "uv_size": [2, 1]},
								"south": {"uv": [46, 97], "uv_size": [6, 1]},
								"west": {"uv": [98, 97], "uv_size": [2, 1]},
								"up": {"uv": [91, 46], "uv_size": [6, 2]},
								"down": {"uv": [91, 50], "uv_size": [6, -2]}
							}
						},
						{
							"origin": [-9.38591, 4.46672, -46.26579],
							"size": [6, 1, 2],
							"pivot": [-6.38591, 6.96672, -42.26579],
							"rotation": [162.5, -70, -180],
							"uv": {
								"north": {"uv": [98, 1], "uv_size": [6, 1]},
								"east": {"uv": [64, 99], "uv_size": [2, 1]},
								"south": {"uv": [98, 2], "uv_size": [6, 1]},
								"west": {"uv": [66, 99], "uv_size": [2, 1]},
								"up": {"uv": [66, 95], "uv_size": [6, 2]},
								"down": {"uv": [95, 72], "uv_size": [6, -2]}
							}
						},
						{
							"origin": [-9.38591, 2.71672, -43.26579],
							"size": [6, 1, 2],
							"pivot": [-6.38591, 6.96672, -42.26579],
							"rotation": [162.5, -70, -180],
							"uv": {
								"north": {"uv": [97, 46], "uv_size": [6, 1]},
								"east": {"uv": [8, 99], "uv_size": [2, 1]},
								"south": {"uv": [97, 47], "uv_size": [6, 1]},
								"west": {"uv": [10, 99], "uv_size": [2, 1]},
								"up": {"uv": [91, 50], "uv_size": [6, 2]},
								"down": {"uv": [91, 54], "uv_size": [6, -2]}
							}
						},
						{
							"origin": [4.73782, 8.5, -44.57586],
							"size": [6, 1, 2],
							"pivot": [7.23782, 9, -42.57586],
							"rotation": [0, 115, 0],
							"uv": {
								"north": {"uv": [77, 76], "uv_size": [6, 1]},
								"east": {"uv": [38, 94], "uv_size": [2, 1]},
								"south": {"uv": [89, 96], "uv_size": [6, 1]},
								"west": {"uv": [84, 95], "uv_size": [2, 1]},
								"up": {"uv": [89, 72], "uv_size": [6, 2]},
								"down": {"uv": [89, 76], "uv_size": [6, -2]}
							}
						},
						{
							"origin": [4.73782, 8.5, -47.57586],
							"size": [6, 1, 2],
							"pivot": [7.23782, 9, -42.57586],
							"rotation": [0, 115, 0],
							"uv": {
								"north": {"uv": [89, 97], "uv_size": [6, 1]},
								"east": {"uv": [48, 99], "uv_size": [2, 1]},
								"south": {"uv": [98, 0], "uv_size": [6, 1]},
								"west": {"uv": [50, 99], "uv_size": [2, 1]},
								"up": {"uv": [95, 58], "uv_size": [6, 2]},
								"down": {"uv": [60, 97], "uv_size": [6, -2]}
							}
						},
						{
							"origin": [3.12021, 6.5, -43.6064],
							"size": [6, 1, 2],
							"pivot": [6.12021, 7, -42.6064],
							"rotation": [167.5, 65, 180],
							"uv": {
								"north": {"uv": [97, 52], "uv_size": [6, 1]},
								"east": {"uv": [20, 99], "uv_size": [2, 1]},
								"south": {"uv": [97, 53], "uv_size": [6, 1]},
								"west": {"uv": [22, 99], "uv_size": [2, 1]},
								"up": {"uv": [94, 14], "uv_size": [6, 2]},
								"down": {"uv": [30, 96], "uv_size": [6, -2]}
							}
						},
						{
							"origin": [3.12021, 4.5, -43.6064],
							"size": [6, 1, 2],
							"pivot": [6.12021, 7, -42.6064],
							"rotation": [167.5, 65, 180],
							"uv": {
								"north": {"uv": [56, 97], "uv_size": [6, 1]},
								"east": {"uv": [24, 99], "uv_size": [2, 1]},
								"south": {"uv": [62, 97], "uv_size": [6, 1]},
								"west": {"uv": [26, 99], "uv_size": [2, 1]},
								"up": {"uv": [88, 94], "uv_size": [6, 2]},
								"down": {"uv": [94, 96], "uv_size": [6, -2]}
							}
						},
						{
							"origin": [3.12021, 4.5, -46.6064],
							"size": [6, 1, 2],
							"pivot": [6.12021, 7, -42.6064],
							"rotation": [167.5, 65, 180],
							"uv": {
								"north": {"uv": [98, 3], "uv_size": [6, 1]},
								"east": {"uv": [68, 99], "uv_size": [2, 1]},
								"south": {"uv": [98, 4], "uv_size": [6, 1]},
								"west": {"uv": [70, 99], "uv_size": [2, 1]},
								"up": {"uv": [72, 95], "uv_size": [6, 2]},
								"down": {"uv": [95, 74], "uv_size": [6, -2]}
							}
						},
						{
							"origin": [3.12021, 3.25, -42.3564],
							"size": [6, 1, 2],
							"pivot": [6.12021, 7, -42.6064],
							"rotation": [145, 65, 180],
							"uv": {
								"north": {"uv": [68, 97], "uv_size": [6, 1]},
								"east": {"uv": [28, 99], "uv_size": [2, 1]},
								"south": {"uv": [97, 68], "uv_size": [6, 1]},
								"west": {"uv": [30, 99], "uv_size": [2, 1]},
								"up": {"uv": [36, 95], "uv_size": [6, 2]},
								"down": {"uv": [46, 97], "uv_size": [6, -2]}
							}
						},
						{
							"origin": [4.73782, 11.25, -44.07586],
							"size": [6, 1, 2],
							"pivot": [7.23782, 9, -42.57586],
							"rotation": [-162.5, 65, 180],
							"uv": {
								"north": {"uv": [97, 50], "uv_size": [6, 1]},
								"east": {"uv": [16, 99], "uv_size": [2, 1]},
								"south": {"uv": [97, 51], "uv_size": [6, 1]},
								"west": {"uv": [18, 99], "uv_size": [2, 1]},
								"up": {"uv": [94, 10], "uv_size": [6, 2]},
								"down": {"uv": [94, 14], "uv_size": [6, -2]}
							}
						}
					]
				},
				{
					"name": "fangs",
					"parent": "head",
					"pivot": [-8.27971, 15, -44.48471],
					"cubes": [
						{
							"origin": [-8.52493, 12.59922, -43.5074],
							"size": [6, 1, 2],
							"pivot": [-5.52493, 13.84922, -41.7574],
							"rotation": [161.53553, -65.43604, -127.7546],
							"uv": {
								"north": {"uv": [96, 90], "uv_size": [6, 1]},
								"east": {"uv": [86, 95], "uv_size": [2, 1]},
								"south": {"uv": [96, 91], "uv_size": [6, 1]},
								"west": {"uv": [26, 97], "uv_size": [2, 1]},
								"up": {"uv": [90, 16], "uv_size": [6, 2]},
								"down": {"uv": [90, 20], "uv_size": [6, -2]}
							}
						},
						{
							"origin": [2.52493, 13.34922, -42.7574],
							"size": [6, 1, 2],
							"pivot": [5.52493, 13.84922, -41.7574],
							"rotation": [-164.6528, 65.86492, 164.65279],
							"uv": {
								"north": {"uv": [96, 92], "uv_size": [6, 1]},
								"east": {"uv": [81, 98], "uv_size": [2, 1]},
								"south": {"uv": [96, 93], "uv_size": [6, 1]},
								"west": {"uv": [98, 81], "uv_size": [2, 1]},
								"up": {"uv": [90, 20], "uv_size": [6, 2]},
								"down": {"uv": [90, 24], "uv_size": [6, -2]}
							}
						},
						{
							"origin": [2.52493, 12.34922, -46.7574],
							"size": [6, 1, 2],
							"pivot": [5.52493, 13.84922, -41.7574],
							"rotation": [-164.6528, 65.86492, 164.65279],
							"uv": {
								"north": {"uv": [98, 5], "uv_size": [6, 1]},
								"east": {"uv": [72, 99], "uv_size": [2, 1]},
								"south": {"uv": [98, 6], "uv_size": [6, 1]},
								"west": {"uv": [74, 99], "uv_size": [2, 1]},
								"up": {"uv": [95, 74], "uv_size": [6, 2]},
								"down": {"uv": [78, 97], "uv_size": [6, -2]}
							}
						},
						{
							"origin": [-9.72437, 0.29145, -45.71438],
							"size": [5, 1, 2],
							"pivot": [-6.72437, 0.79145, -42.71438],
							"rotation": [172.01143, -38.8586, 155.62337],
							"uv": {
								"north": {"uv": [83, 76], "uv_size": [5, 1]},
								"east": {"uv": [28, 97], "uv_size": [2, 1]},
								"south": {"uv": [98, 7], "uv_size": [5, 1]},
								"west": {"uv": [80, 97], "uv_size": [2, 1]},
								"up": {"uv": [8, 96], "uv_size": [5, 2]},
								"down": {"uv": [13, 98], "uv_size": [5, -2]}
							}
						},
						{
							"origin": [5.69081, -0.35979, -48.56654],
							"size": [5, 1, 2],
							"pivot": [7.69081, 0.14021, -43.56654],
							"rotation": [172.27485, 36.38206, -155.19195],
							"uv": {
								"north": {"uv": [8, 98], "uv_size": [5, 1]},
								"east": {"uv": [82, 97], "uv_size": [2, 1]},
								"south": {"uv": [98, 8], "uv_size": [5, 1]},
								"west": {"uv": [98, 80], "uv_size": [2, 1]},
								"up": {"uv": [96, 16], "uv_size": [5, 2]},
								"down": {"uv": [18, 98], "uv_size": [5, -2]}
							}
						}
					]
				},
				{
					"name": "fangs2",
					"parent": "head",
					"pivot": [-0.17928, 15, -45.12155],
					"rotation": [0, 17.5, -87.5],
					"cubes": [
						{
							"origin": [-5.36043, 14.5, -43.21421],
							"size": [5, 1, 2],
							"pivot": [-2.61043, 15, -42.46421],
							"rotation": [165.49104, 84.88628, 164.61932],
							"uv": {
								"north": {"uv": [98, 9], "uv_size": [5, 1]},
								"east": {"uv": [98, 82], "uv_size": [2, 1]},
								"south": {"uv": [13, 98], "uv_size": [5, 1]},
								"west": {"uv": [83, 98], "uv_size": [2, 1]},
								"up": {"uv": [96, 18], "uv_size": [5, 2]},
								"down": {"uv": [96, 22], "uv_size": [5, -2]}
							}
						},
						{
							"origin": [-5.36043, 14.5, -46.21421],
							"size": [5, 1, 2],
							"pivot": [-2.61043, 15, -42.46421],
							"rotation": [165.49104, 84.88628, 164.61932],
							"uv": {
								"north": {"uv": [98, 76], "uv_size": [5, 1]},
								"east": {"uv": [56, 99], "uv_size": [2, 1]},
								"south": {"uv": [98, 77], "uv_size": [5, 1]},
								"west": {"uv": [58, 99], "uv_size": [2, 1]},
								"up": {"uv": [96, 40], "uv_size": [5, 2]},
								"down": {"uv": [84, 98], "uv_size": [5, -2]}
							}
						},
						{
							"origin": [-4.80755, 12.01022, -43.19211],
							"size": [5, 1, 2],
							"pivot": [-2.30755, 13.01022, -42.19211],
							"rotation": [145.49104, 84.88628, 164.61932],
							"uv": {
								"north": {"uv": [46, 98], "uv_size": [5, 1]},
								"east": {"uv": [87, 98], "uv_size": [2, 1]},
								"south": {"uv": [56, 98], "uv_size": [5, 1]},
								"west": {"uv": [89, 98], "uv_size": [2, 1]},
								"up": {"uv": [30, 96], "uv_size": [5, 2]},
								"down": {"uv": [96, 32], "uv_size": [5, -2]}
							}
						},
						{
							"origin": [-4.87225, 17.5087, -43.28144],
							"size": [5, 1, 2],
							"pivot": [-2.37225, 17.0087, -42.28144],
							"rotation": [110.0145, 75.29986, 80.98722],
							"uv": {
								"north": {"uv": [31, 98], "uv_size": [5, 1]},
								"east": {"uv": [85, 98], "uv_size": [2, 1]},
								"south": {"uv": [36, 98], "uv_size": [5, 1]},
								"west": {"uv": [98, 85], "uv_size": [2, 1]},
								"up": {"uv": [96, 26], "uv_size": [5, 2]},
								"down": {"uv": [96, 30], "uv_size": [5, -2]}
							}
						}
					]
				},
				{
					"name": "fangs3",
					"parent": "head",
					"pivot": [-0.17928, 0, -45.12155],
					"rotation": [0, 17.5, 87.5],
					"cubes": [
						{
							"origin": [-5.35407, -0.5, -43.72385],
							"size": [5, 1, 2],
							"pivot": [-2.85407, 0, -42.52385],
							"rotation": [0, 95, 0],
							"uv": {
								"north": {"uv": [18, 98], "uv_size": [5, 1]},
								"east": {"uv": [98, 83], "uv_size": [2, 1]},
								"south": {"uv": [26, 98], "uv_size": [5, 1]},
								"west": {"uv": [98, 84], "uv_size": [2, 1]},
								"up": {"uv": [96, 22], "uv_size": [5, 2]},
								"down": {"uv": [96, 26], "uv_size": [5, -2]}
							}
						},
						{
							"origin": [-5.35407, -0.5, -47.72385],
							"size": [5, 1, 2],
							"pivot": [-2.85407, 0, -42.52385],
							"rotation": [0, 95, 0],
							"uv": {
								"north": {"uv": [98, 78], "uv_size": [5, 1]},
								"east": {"uv": [60, 99], "uv_size": [2, 1]},
								"south": {"uv": [98, 79], "uv_size": [5, 1]},
								"west": {"uv": [62, 99], "uv_size": [2, 1]},
								"up": {"uv": [96, 86], "uv_size": [5, 2]},
								"down": {"uv": [96, 90], "uv_size": [5, -2]}
							}
						},
						{
							"origin": [-5.55331, 1.5, -43.50642],
							"size": [5, 1, 2],
							"pivot": [-3.05331, 2, -42.50642],
							"rotation": [-160, 85, 180],
							"uv": {
								"north": {"uv": [71, 98], "uv_size": [5, 1]},
								"east": {"uv": [36, 99], "uv_size": [2, 1]},
								"south": {"uv": [76, 98], "uv_size": [5, 1]},
								"west": {"uv": [38, 99], "uv_size": [2, 1]},
								"up": {"uv": [96, 36], "uv_size": [5, 2]},
								"down": {"uv": [96, 40], "uv_size": [5, -2]}
							}
						},
						{
							"origin": [-5.55331, -2.5, -43.75642],
							"size": [5, 1, 2],
							"pivot": [-3.05331, -2, -42.50642],
							"rotation": [157.5, 85, -180],
							"uv": {
								"north": {"uv": [61, 98], "uv_size": [5, 1]},
								"east": {"uv": [32, 99], "uv_size": [2, 1]},
								"south": {"uv": [66, 98], "uv_size": [5, 1]},
								"west": {"uv": [34, 99], "uv_size": [2, 1]},
								"up": {"uv": [96, 32], "uv_size": [5, 2]},
								"down": {"uv": [96, 36], "uv_size": [5, -2]}
							}
						}
					]
				},
				{
					"name": "body1",
					"parent": "Main",
					"pivot": [0, 0, -16],
					"cubes": [
						{
							"origin": [-8, 0, -24],
							"size": [16, 16, 16],
							"uv": {
								"north": {"uv": [16, 32], "uv_size": [16, 16]},
								"east": {"uv": [32, 16], "uv_size": [16, 16]},
								"south": {"uv": [32, 32], "uv_size": [16, 16]},
								"west": {"uv": [0, 48], "uv_size": [16, 16]},
								"up": {"uv": [48, 0], "uv_size": [16, 16]},
								"down": {"uv": [48, 0], "uv_size": [16, 16]}
							}
						}
					]
				},
				{
					"name": "body2",
					"parent": "Main",
					"pivot": [0, 0, 0],
					"cubes": [
						{
							"origin": [-7.5, 0.5, -8],
							"size": [15, 15, 16],
							"uv": {
								"north": {"uv": [47, 62], "uv_size": [15, 15]},
								"east": {"uv": [48, 16], "uv_size": [16, 15]},
								"south": {"uv": [62, 62], "uv_size": [15, 15]},
								"west": {"uv": [48, 31], "uv_size": [16, 15]},
								"up": {"uv": [32, 48], "uv_size": [15, 16]},
								"down": {"uv": [32, 48], "uv_size": [15, 16]}
							}
						}
					]
				},
				{
					"name": "body3",
					"parent": "Main",
					"pivot": [0, 0, 16],
					"cubes": [
						{
							"origin": [-7, 1, 8],
							"size": [14, 14, 16],
							"uv": {
								"north": {"uv": [64, 16], "uv_size": [14, 14]},
								"east": {"uv": [63, 46], "uv_size": [16, 14]},
								"south": {"uv": [30, 64], "uv_size": [14, 14]},
								"west": {"uv": [0, 64], "uv_size": [16, 14]},
								"up": {"uv": [64, 0], "uv_size": [14, 16]},
								"down": {"uv": [64, 0], "uv_size": [14, 16]}
							}
						}
					]
				},
				{
					"name": "body4",
					"parent": "Main",
					"pivot": [0, 0, 32],
					"cubes": [
						{
							"origin": [-6, 2, 24],
							"size": [12, 12, 16],
							"uv": {
								"north": {"uv": [78, 16], "uv_size": [12, 12]},
								"east": {"uv": [64, 30], "uv_size": [16, 12]},
								"south": {"uv": [79, 42], "uv_size": [12, 12]},
								"west": {"uv": [44, 77], "uv_size": [16, 12]},
								"up": {"uv": [60, 77], "uv_size": [12, 16]},
								"down": {"uv": [60, 77], "uv_size": [12, 16]}
							}
						}
					]
				},
				{
					"name": "body5",
					"parent": "Main",
					"pivot": [0, 0, 48],
					"cubes": [
						{
							"origin": [-5, 3, 40],
							"size": [10, 10, 16],
							"uv": {
								"north": {"uv": [88, 0], "uv_size": [10, 10]},
								"east": {"uv": [72, 77], "uv_size": [16, 10]},
								"south": {"uv": [88, 76], "uv_size": [10, 10]},
								"west": {"uv": [0, 78], "uv_size": [16, 10]},
								"up": {"uv": [78, 0], "uv_size": [10, 16]},
								"down": {"uv": [78, 0], "uv_size": [10, 16]}
							}
						}
					]
				},
				{
					"name": "stinger",
					"parent": "body5",
					"pivot": [0, 8, 55.91667],
					"cubes": [
						{
							"origin": [-4, 4, 56],
							"size": [8, 8, 16],
							"uv": {
								"north": {"uv": [8, 88], "uv_size": [8, 8]},
								"east": {"uv": [80, 28], "uv_size": [16, 8]},
								"south": {"uv": [88, 86], "uv_size": [8, 8]},
								"west": {"uv": [72, 87], "uv_size": [16, 8]},
								"up": {"uv": [16, 80], "uv_size": [8, 16]},
								"down": {"uv": [16, 80], "uv_size": [8, 16]}
							}
						},
						{
							"origin": [-3, 5, 72],
							"size": [6, 6, 3],
							"uv": {
								"north": {"uv": [88, 10], "uv_size": [6, 6]},
								"east": {"uv": [44, 64], "uv_size": [3, 6]},
								"south": {"uv": [70, 45], "uv_size": [-6, -3]},
								"west": {"uv": [44, 70], "uv_size": [3, 6]},
								"up": {"uv": [64, 42], "uv_size": [6, 3]},
								"down": {"uv": [64, 42], "uv_size": [6, 3]}
							}
						},
						{
							"origin": [-1, 7, 75],
							"size": [2, 2, 8],
							"uv": {
								"north": {"uv": [78, 28], "uv_size": [2, 2]},
								"east": {"uv": [63, 60], "uv_size": [8, 2]},
								"south": {"uv": [41, 97], "uv_size": [2, 2]},
								"west": {"uv": [89, 68], "uv_size": [8, 2]},
								"up": {"uv": [56, 89], "uv_size": [2, 8]},
								"down": {"uv": [58, 97], "uv_size": [2, -8]}
							}
						}
					]
				}
			]
		}
	]
}