{
	"format_version": "1.12.0",
	"minecraft:geometry": [
		{
			"description": {
				"identifier": "geometry.party_host",
				"texture_width": 128,
				"texture_height": 128,
				"visible_bounds_width": 7,
				"visible_bounds_height": 4,
				"visible_bounds_offset": [0, 1, 0]
			},
			"bones": [
				{
					"name": "Main",
					"pivot": [0, 0, 0]
				},
				{
					"name": "body2",
					"parent": "Main",
					"pivot": [0, 0, 0],
					"cubes": [
						{
							"origin": [-16.5, 0, -16.5],
							"size": [33, 15, 33],
							"uv": {
								"north": {"uv": [60, 0], "uv_size": [33, 15]},
								"east": {"uv": [60, 0], "uv_size": [33, 15]},
								"south": {"uv": [60, 0], "uv_size": [33, 15]},
								"west": {"uv": [60, 0], "uv_size": [33, 15]},
								"up": {"uv": [0, 0], "uv_size": [33, 33]},
								"down": {"uv": [0, 66], "uv_size": [33, -33]}
							}
						}
					]
				},
				{
					"name": "cakestuff",
					"parent": "Main",
					"pivot": [0, 0, 0],
					"cubes": [
						{
							"origin": [-14, 0, -18],
							"size": [2, 2, 2],
							"uv": {
								"north": {"uv": [76, 45], "uv_size": [2, 2]},
								"east": {"uv": [76, 47], "uv_size": [2, 2]},
								"south": {"uv": [76, 49], "uv_size": [2, 2]},
								"west": {"uv": [76, 51], "uv_size": [2, 2]},
								"up": {"uv": [78, 45], "uv_size": [2, 2]},
								"down": {"uv": [78, 49], "uv_size": [2, -2]}
							}
						},
						{
							"origin": [-14, 0, -19.75],
							"size": [2, 2, 2],
							"uv": {
								"north": {"uv": [4, 98], "uv_size": [2, 2]},
								"east": {"uv": [6, 98], "uv_size": [2, 2]},
								"south": {"uv": [8, 98], "uv_size": [2, 2]},
								"west": {"uv": [10, 98], "uv_size": [2, 2]},
								"up": {"uv": [12, 98], "uv_size": [2, 2]},
								"down": {"uv": [14, 100], "uv_size": [2, -2]}
							}
						},
						{
							"origin": [-13, 2, -18],
							"size": [2, 2, 2],
							"uv": {
								"north": {"uv": [78, 49], "uv_size": [2, 2]},
								"east": {"uv": [78, 51], "uv_size": [2, 2]},
								"south": {"uv": [80, 45], "uv_size": [2, 2]},
								"west": {"uv": [80, 47], "uv_size": [2, 2]},
								"up": {"uv": [80, 49], "uv_size": [2, 2]},
								"down": {"uv": [80, 53], "uv_size": [2, -2]}
							}
						},
						{
							"origin": [-16, 0, -18],
							"size": [2, 2, 2],
							"uv": {
								"north": {"uv": [29, 81], "uv_size": [2, 2]},
								"east": {"uv": [31, 81], "uv_size": [2, 2]},
								"south": {"uv": [29, 83], "uv_size": [2, 2]},
								"west": {"uv": [31, 83], "uv_size": [2, 2]},
								"up": {"uv": [29, 85], "uv_size": [2, 2]},
								"down": {"uv": [31, 87], "uv_size": [2, -2]}
							}
						},
						{
							"origin": [-17.25, 0, -18.5],
							"size": [2, 2, 2],
							"uv": {
								"north": {"uv": [95, 96], "uv_size": [2, 2]},
								"east": {"uv": [97, 9], "uv_size": [2, 2]},
								"south": {"uv": [97, 11], "uv_size": [2, 2]},
								"west": {"uv": [97, 13], "uv_size": [2, 2]},
								"up": {"uv": [97, 15], "uv_size": [2, 2]},
								"down": {"uv": [97, 19], "uv_size": [2, -2]}
							}
						},
						{
							"origin": [-14, 1, -18],
							"size": [2, 2, 2],
							"uv": {
								"north": {"uv": [29, 87], "uv_size": [2, 2]},
								"east": {"uv": [31, 87], "uv_size": [2, 2]},
								"south": {"uv": [29, 89], "uv_size": [2, 2]},
								"west": {"uv": [31, 89], "uv_size": [2, 2]},
								"up": {"uv": [29, 91], "uv_size": [2, 2]},
								"down": {"uv": [31, 93], "uv_size": [2, -2]}
							}
						},
						{
							"origin": [-10, 0, -19.25],
							"size": [2, 2, 2],
							"uv": {
								"north": {"uv": [93, 9], "uv_size": [2, 2]},
								"east": {"uv": [93, 11], "uv_size": [2, 2]},
								"south": {"uv": [93, 13], "uv_size": [2, 2]},
								"west": {"uv": [93, 15], "uv_size": [2, 2]},
								"up": {"uv": [93, 17], "uv_size": [2, 2]},
								"down": {"uv": [93, 21], "uv_size": [2, -2]}
							}
						},
						{
							"origin": [-9.5, 2, -18],
							"size": [2, 2, 2],
							"uv": {
								"north": {"uv": [93, 21], "uv_size": [2, 2]},
								"east": {"uv": [93, 23], "uv_size": [2, 2]},
								"south": {"uv": [93, 25], "uv_size": [2, 2]},
								"west": {"uv": [93, 27], "uv_size": [2, 2]},
								"up": {"uv": [29, 93], "uv_size": [2, 2]},
								"down": {"uv": [93, 31], "uv_size": [2, -2]}
							}
						},
						{
							"origin": [-6.25, 2, -18],
							"size": [2, 2, 2],
							"uv": {
								"north": {"uv": [31, 93], "uv_size": [2, 2]},
								"east": {"uv": [93, 31], "uv_size": [2, 2]},
								"south": {"uv": [93, 33], "uv_size": [2, 2]},
								"west": {"uv": [93, 35], "uv_size": [2, 2]},
								"up": {"uv": [93, 37], "uv_size": [2, 2]},
								"down": {"uv": [93, 41], "uv_size": [2, -2]}
							}
						},
						{
							"origin": [-5.5, 1.25, -18],
							"size": [2, 2, 2],
							"uv": {
								"north": {"uv": [93, 41], "uv_size": [2, 2]},
								"east": {"uv": [93, 43], "uv_size": [2, 2]},
								"south": {"uv": [33, 94], "uv_size": [2, 2]},
								"west": {"uv": [35, 94], "uv_size": [2, 2]},
								"up": {"uv": [37, 94], "uv_size": [2, 2]},
								"down": {"uv": [39, 96], "uv_size": [2, -2]}
							}
						},
						{
							"origin": [-6, -0.25, -18],
							"size": [2, 2, 2],
							"uv": {
								"north": {"uv": [41, 94], "uv_size": [2, 2]},
								"east": {"uv": [43, 94], "uv_size": [2, 2]},
								"south": {"uv": [45, 94], "uv_size": [2, 2]},
								"west": {"uv": [47, 94], "uv_size": [2, 2]},
								"up": {"uv": [49, 94], "uv_size": [2, 2]},
								"down": {"uv": [51, 96], "uv_size": [2, -2]}
							}
						},
						{
							"origin": [-7, -0.25, -19.5],
							"size": [2, 2, 2],
							"uv": {
								"north": {"uv": [97, 19], "uv_size": [2, 2]},
								"east": {"uv": [97, 21], "uv_size": [2, 2]},
								"south": {"uv": [97, 23], "uv_size": [2, 2]},
								"west": {"uv": [97, 25], "uv_size": [2, 2]},
								"up": {"uv": [97, 27], "uv_size": [2, 2]},
								"down": {"uv": [28, 99], "uv_size": [2, -2]}
							}
						},
						{
							"origin": [-2.25, -0.25, -18],
							"size": [2, 2, 2],
							"uv": {
								"north": {"uv": [53, 94], "uv_size": [2, 2]},
								"east": {"uv": [55, 94], "uv_size": [2, 2]},
								"south": {"uv": [57, 94], "uv_size": [2, 2]},
								"west": {"uv": [59, 94], "uv_size": [2, 2]},
								"up": {"uv": [61, 94], "uv_size": [2, 2]},
								"down": {"uv": [63, 96], "uv_size": [2, -2]}
							}
						},
						{
							"origin": [-1.75, 1.5, -18],
							"size": [2, 2, 2],
							"uv": {
								"north": {"uv": [47, 96], "uv_size": [2, 2]},
								"east": {"uv": [49, 96], "uv_size": [2, 2]},
								"south": {"uv": [51, 96], "uv_size": [2, 2]},
								"west": {"uv": [53, 96], "uv_size": [2, 2]},
								"up": {"uv": [55, 96], "uv_size": [2, 2]},
								"down": {"uv": [57, 98], "uv_size": [2, -2]}
							}
						},
						{
							"origin": [-1, -0.25, -18.5],
							"size": [2, 2, 2],
							"uv": {
								"north": {"uv": [35, 96], "uv_size": [2, 2]},
								"east": {"uv": [37, 96], "uv_size": [2, 2]},
								"south": {"uv": [39, 96], "uv_size": [2, 2]},
								"west": {"uv": [41, 96], "uv_size": [2, 2]},
								"up": {"uv": [43, 96], "uv_size": [2, 2]},
								"down": {"uv": [45, 98], "uv_size": [2, -2]}
							}
						},
						{
							"origin": [-1, -0.25, -19.25],
							"size": [2, 2, 2],
							"uv": {
								"north": {"uv": [97, 39], "uv_size": [2, 2]},
								"east": {"uv": [97, 41], "uv_size": [2, 2]},
								"south": {"uv": [97, 43], "uv_size": [2, 2]},
								"west": {"uv": [97, 96], "uv_size": [2, 2]},
								"up": {"uv": [0, 98], "uv_size": [2, 2]},
								"down": {"uv": [2, 100], "uv_size": [2, -2]}
							}
						},
						{
							"origin": [2.5, -0.25, -18],
							"size": [2, 2, 2],
							"uv": {
								"north": {"uv": [65, 94], "uv_size": [2, 2]},
								"east": {"uv": [67, 94], "uv_size": [2, 2]},
								"south": {"uv": [69, 94], "uv_size": [2, 2]},
								"west": {"uv": [71, 94], "uv_size": [2, 2]},
								"up": {"uv": [73, 94], "uv_size": [2, 2]},
								"down": {"uv": [75, 96], "uv_size": [2, -2]}
							}
						},
						{
							"origin": [2.25, 1.5, -17.25],
							"size": [2, 2, 2],
							"uv": {
								"north": {"uv": [59, 96], "uv_size": [2, 2]},
								"east": {"uv": [61, 96], "uv_size": [2, 2]},
								"south": {"uv": [63, 96], "uv_size": [2, 2]},
								"west": {"uv": [65, 96], "uv_size": [2, 2]},
								"up": {"uv": [67, 96], "uv_size": [2, 2]},
								"down": {"uv": [69, 98], "uv_size": [2, -2]}
							}
						},
						{
							"origin": [6.25, -0.25, -18],
							"size": [2, 2, 2],
							"uv": {
								"north": {"uv": [77, 94], "uv_size": [2, 2]},
								"east": {"uv": [79, 94], "uv_size": [2, 2]},
								"south": {"uv": [81, 94], "uv_size": [2, 2]},
								"west": {"uv": [83, 94], "uv_size": [2, 2]},
								"up": {"uv": [85, 94], "uv_size": [2, 2]},
								"down": {"uv": [87, 96], "uv_size": [2, -2]}
							}
						},
						{
							"origin": [7.25, -0.25, -19.25],
							"size": [2, 2, 2],
							"uv": {
								"north": {"uv": [97, 29], "uv_size": [2, 2]},
								"east": {"uv": [30, 97], "uv_size": [2, 2]},
								"south": {"uv": [97, 31], "uv_size": [2, 2]},
								"west": {"uv": [97, 33], "uv_size": [2, 2]},
								"up": {"uv": [97, 35], "uv_size": [2, 2]},
								"down": {"uv": [97, 39], "uv_size": [2, -2]}
							}
						},
						{
							"origin": [5.25, 1.75, -18],
							"size": [2, 2, 2],
							"uv": {
								"north": {"uv": [71, 96], "uv_size": [2, 2]},
								"east": {"uv": [73, 96], "uv_size": [2, 2]},
								"south": {"uv": [75, 96], "uv_size": [2, 2]},
								"west": {"uv": [77, 96], "uv_size": [2, 2]},
								"up": {"uv": [79, 96], "uv_size": [2, 2]},
								"down": {"uv": [81, 98], "uv_size": [2, -2]}
							}
						},
						{
							"origin": [6, 3.25, -18],
							"size": [2, 2, 2],
							"uv": {
								"north": {"uv": [83, 96], "uv_size": [2, 2]},
								"east": {"uv": [85, 96], "uv_size": [2, 2]},
								"south": {"uv": [87, 96], "uv_size": [2, 2]},
								"west": {"uv": [89, 96], "uv_size": [2, 2]},
								"up": {"uv": [91, 96], "uv_size": [2, 2]},
								"down": {"uv": [93, 98], "uv_size": [2, -2]}
							}
						},
						{
							"origin": [10, -0.25, -18],
							"size": [2, 2, 2],
							"uv": {
								"north": {"uv": [89, 94], "uv_size": [2, 2]},
								"east": {"uv": [95, 9], "uv_size": [2, 2]},
								"south": {"uv": [95, 11], "uv_size": [2, 2]},
								"west": {"uv": [95, 13], "uv_size": [2, 2]},
								"up": {"uv": [95, 15], "uv_size": [2, 2]},
								"down": {"uv": [95, 19], "uv_size": [2, -2]}
							}
						},
						{
							"origin": [9.25, 1.5, -17.5],
							"size": [2, 2, 2],
							"uv": {
								"north": {"uv": [18, 96], "uv_size": [2, 2]},
								"east": {"uv": [20, 96], "uv_size": [2, 2]},
								"south": {"uv": [22, 96], "uv_size": [2, 2]},
								"west": {"uv": [24, 96], "uv_size": [2, 2]},
								"up": {"uv": [26, 96], "uv_size": [2, 2]},
								"down": {"uv": [33, 98], "uv_size": [2, -2]}
							}
						},
						{
							"origin": [11, -0.25, -19],
							"size": [2, 2, 2],
							"uv": {
								"north": {"uv": [6, 96], "uv_size": [2, 2]},
								"east": {"uv": [8, 96], "uv_size": [2, 2]},
								"south": {"uv": [10, 96], "uv_size": [2, 2]},
								"west": {"uv": [12, 96], "uv_size": [2, 2]},
								"up": {"uv": [14, 96], "uv_size": [2, 2]},
								"down": {"uv": [16, 98], "uv_size": [2, -2]}
							}
						},
						{
							"origin": [14.5, -0.25, -18],
							"size": [2, 2, 2],
							"uv": {
								"north": {"uv": [95, 19], "uv_size": [2, 2]},
								"east": {"uv": [95, 21], "uv_size": [2, 2]},
								"south": {"uv": [95, 23], "uv_size": [2, 2]},
								"west": {"uv": [95, 25], "uv_size": [2, 2]},
								"up": {"uv": [95, 27], "uv_size": [2, 2]},
								"down": {"uv": [29, 97], "uv_size": [2, -2]}
							}
						},
						{
							"origin": [13.75, 1.75, -18],
							"size": [2, 2, 2],
							"uv": {
								"north": {"uv": [95, 39], "uv_size": [2, 2]},
								"east": {"uv": [95, 41], "uv_size": [2, 2]},
								"south": {"uv": [95, 43], "uv_size": [2, 2]},
								"west": {"uv": [0, 96], "uv_size": [2, 2]},
								"up": {"uv": [2, 96], "uv_size": [2, 2]},
								"down": {"uv": [4, 98], "uv_size": [2, -2]}
							}
						},
						{
							"origin": [15.5, -0.25, -18.5],
							"size": [2, 2, 2],
							"uv": {
								"north": {"uv": [95, 29], "uv_size": [2, 2]},
								"east": {"uv": [31, 95], "uv_size": [2, 2]},
								"south": {"uv": [95, 31], "uv_size": [2, 2]},
								"west": {"uv": [95, 33], "uv_size": [2, 2]},
								"up": {"uv": [95, 35], "uv_size": [2, 2]},
								"down": {"uv": [95, 39], "uv_size": [2, -2]}
							}
						},
						{
							"origin": [-1, -0.25, 17.75],
							"size": [2, 2, 2],
							"uv": {
								"north": {"uv": [106, 100], "uv_size": [2, 2]},
								"east": {"uv": [102, 106], "uv_size": [2, 2]},
								"south": {"uv": [106, 102], "uv_size": [2, 2]},
								"west": {"uv": [104, 106], "uv_size": [2, 2]},
								"up": {"uv": [106, 104], "uv_size": [2, 2]},
								"down": {"uv": [106, 108], "uv_size": [2, -2]}
							}
						},
						{
							"origin": [-14, 0, 16.5],
							"size": [2, 2, 2],
							"uv": {
								"north": {"uv": [94, 106], "uv_size": [2, 2]},
								"east": {"uv": [106, 94], "uv_size": [2, 2]},
								"south": {"uv": [96, 106], "uv_size": [2, 2]},
								"west": {"uv": [98, 106], "uv_size": [2, 2]},
								"up": {"uv": [106, 98], "uv_size": [2, 2]},
								"down": {"uv": [100, 108], "uv_size": [2, -2]}
							}
						},
						{
							"origin": [-14, 0, 18.25],
							"size": [2, 2, 2],
							"uv": {
								"north": {"uv": [88, 106], "uv_size": [2, 2]},
								"east": {"uv": [106, 88], "uv_size": [2, 2]},
								"south": {"uv": [90, 106], "uv_size": [2, 2]},
								"west": {"uv": [106, 90], "uv_size": [2, 2]},
								"up": {"uv": [92, 106], "uv_size": [2, 2]},
								"down": {"uv": [106, 94], "uv_size": [2, -2]}
							}
						},
						{
							"origin": [-13, 2, 16.5],
							"size": [2, 2, 2],
							"uv": {
								"north": {"uv": [80, 106], "uv_size": [2, 2]},
								"east": {"uv": [82, 106], "uv_size": [2, 2]},
								"south": {"uv": [84, 106], "uv_size": [2, 2]},
								"west": {"uv": [106, 84], "uv_size": [2, 2]},
								"up": {"uv": [86, 106], "uv_size": [2, 2]},
								"down": {"uv": [106, 88], "uv_size": [2, -2]}
							}
						},
						{
							"origin": [-16, 0, 16.5],
							"size": [2, 2, 2],
							"uv": {
								"north": {"uv": [68, 106], "uv_size": [2, 2]},
								"east": {"uv": [70, 106], "uv_size": [2, 2]},
								"south": {"uv": [72, 106], "uv_size": [2, 2]},
								"west": {"uv": [74, 106], "uv_size": [2, 2]},
								"up": {"uv": [76, 106], "uv_size": [2, 2]},
								"down": {"uv": [78, 108], "uv_size": [2, -2]}
							}
						},
						{
							"origin": [-17.25, 0, 17],
							"size": [2, 2, 2],
							"uv": {
								"north": {"uv": [56, 106], "uv_size": [2, 2]},
								"east": {"uv": [58, 106], "uv_size": [2, 2]},
								"south": {"uv": [60, 106], "uv_size": [2, 2]},
								"west": {"uv": [62, 106], "uv_size": [2, 2]},
								"up": {"uv": [64, 106], "uv_size": [2, 2]},
								"down": {"uv": [66, 108], "uv_size": [2, -2]}
							}
						},
						{
							"origin": [-14, 1, 16.5],
							"size": [2, 2, 2],
							"uv": {
								"north": {"uv": [44, 106], "uv_size": [2, 2]},
								"east": {"uv": [46, 106], "uv_size": [2, 2]},
								"south": {"uv": [48, 106], "uv_size": [2, 2]},
								"west": {"uv": [50, 106], "uv_size": [2, 2]},
								"up": {"uv": [52, 106], "uv_size": [2, 2]},
								"down": {"uv": [54, 108], "uv_size": [2, -2]}
							}
						},
						{
							"origin": [-10, 0, 17.75],
							"size": [2, 2, 2],
							"uv": {
								"north": {"uv": [32, 106], "uv_size": [2, 2]},
								"east": {"uv": [34, 106], "uv_size": [2, 2]},
								"south": {"uv": [36, 106], "uv_size": [2, 2]},
								"west": {"uv": [38, 106], "uv_size": [2, 2]},
								"up": {"uv": [40, 106], "uv_size": [2, 2]},
								"down": {"uv": [42, 108], "uv_size": [2, -2]}
							}
						},
						{
							"origin": [-9.5, 2, 16.5],
							"size": [2, 2, 2],
							"uv": {
								"north": {"uv": [16, 106], "uv_size": [2, 2]},
								"east": {"uv": [18, 106], "uv_size": [2, 2]},
								"south": {"uv": [20, 106], "uv_size": [2, 2]},
								"west": {"uv": [22, 106], "uv_size": [2, 2]},
								"up": {"uv": [24, 106], "uv_size": [2, 2]},
								"down": {"uv": [26, 108], "uv_size": [2, -2]}
							}
						},
						{
							"origin": [-6.25, 2, 16.5],
							"size": [2, 2, 2],
							"uv": {
								"north": {"uv": [4, 106], "uv_size": [2, 2]},
								"east": {"uv": [6, 106], "uv_size": [2, 2]},
								"south": {"uv": [8, 106], "uv_size": [2, 2]},
								"west": {"uv": [10, 106], "uv_size": [2, 2]},
								"up": {"uv": [12, 106], "uv_size": [2, 2]},
								"down": {"uv": [14, 108], "uv_size": [2, -2]}
							}
						},
						{
							"origin": [-5.5, 1.25, 16.5],
							"size": [2, 2, 2],
							"uv": {
								"north": {"uv": [105, 38], "uv_size": [2, 2]},
								"east": {"uv": [105, 40], "uv_size": [2, 2]},
								"south": {"uv": [105, 42], "uv_size": [2, 2]},
								"west": {"uv": [105, 96], "uv_size": [2, 2]},
								"up": {"uv": [0, 106], "uv_size": [2, 2]},
								"down": {"uv": [2, 108], "uv_size": [2, -2]}
							}
						},
						{
							"origin": [-6, -0.25, 16.5],
							"size": [2, 2, 2],
							"uv": {
								"north": {"uv": [105, 28], "uv_size": [2, 2]},
								"east": {"uv": [30, 105], "uv_size": [2, 2]},
								"south": {"uv": [105, 30], "uv_size": [2, 2]},
								"west": {"uv": [105, 32], "uv_size": [2, 2]},
								"up": {"uv": [105, 34], "uv_size": [2, 2]},
								"down": {"uv": [105, 38], "uv_size": [2, -2]}
							}
						},
						{
							"origin": [-7, -0.25, 18],
							"size": [2, 2, 2],
							"uv": {
								"north": {"uv": [105, 18], "uv_size": [2, 2]},
								"east": {"uv": [105, 20], "uv_size": [2, 2]},
								"south": {"uv": [105, 22], "uv_size": [2, 2]},
								"west": {"uv": [105, 24], "uv_size": [2, 2]},
								"up": {"uv": [105, 26], "uv_size": [2, 2]},
								"down": {"uv": [28, 107], "uv_size": [2, -2]}
							}
						},
						{
							"origin": [-2.25, -0.25, 16.5],
							"size": [2, 2, 2],
							"uv": {
								"north": {"uv": [104, 104], "uv_size": [2, 2]},
								"east": {"uv": [105, 8], "uv_size": [2, 2]},
								"south": {"uv": [105, 10], "uv_size": [2, 2]},
								"west": {"uv": [105, 12], "uv_size": [2, 2]},
								"up": {"uv": [105, 14], "uv_size": [2, 2]},
								"down": {"uv": [105, 18], "uv_size": [2, -2]}
							}
						},
						{
							"origin": [-1.75, 1.5, 16.5],
							"size": [2, 2, 2],
							"uv": {
								"north": {"uv": [98, 104], "uv_size": [2, 2]},
								"east": {"uv": [104, 98], "uv_size": [2, 2]},
								"south": {"uv": [100, 104], "uv_size": [2, 2]},
								"west": {"uv": [104, 100], "uv_size": [2, 2]},
								"up": {"uv": [102, 104], "uv_size": [2, 2]},
								"down": {"uv": [104, 104], "uv_size": [2, -2]}
							}
						},
						{
							"origin": [-1, -0.25, 17],
							"size": [2, 2, 2],
							"uv": {
								"north": {"uv": [86, 104], "uv_size": [2, 2]},
								"east": {"uv": [88, 104], "uv_size": [2, 2]},
								"south": {"uv": [90, 104], "uv_size": [2, 2]},
								"west": {"uv": [92, 104], "uv_size": [2, 2]},
								"up": {"uv": [94, 104], "uv_size": [2, 2]},
								"down": {"uv": [96, 106], "uv_size": [2, -2]}
							}
						},
						{
							"origin": [2.5, -0.25, 16.5],
							"size": [2, 2, 2],
							"uv": {
								"north": {"uv": [62, 104], "uv_size": [2, 2]},
								"east": {"uv": [64, 104], "uv_size": [2, 2]},
								"south": {"uv": [66, 104], "uv_size": [2, 2]},
								"west": {"uv": [68, 104], "uv_size": [2, 2]},
								"up": {"uv": [70, 104], "uv_size": [2, 2]},
								"down": {"uv": [72, 106], "uv_size": [2, -2]}
							}
						},
						{
							"origin": [-17.75, -0.25, 14.75],
							"size": [2, 2, 2],
							"uv": {
								"north": {"uv": [54, 108], "uv_size": [2, 2]},
								"east": {"uv": [56, 108], "uv_size": [2, 2]},
								"south": {"uv": [58, 108], "uv_size": [2, 2]},
								"west": {"uv": [60, 108], "uv_size": [2, 2]},
								"up": {"uv": [62, 108], "uv_size": [2, 2]},
								"down": {"uv": [64, 110], "uv_size": [2, -2]}
							}
						},
						{
							"origin": [-17.75, -0.25, 14],
							"size": [2, 2, 2],
							"uv": {
								"north": {"uv": [42, 108], "uv_size": [2, 2]},
								"east": {"uv": [44, 108], "uv_size": [2, 2]},
								"south": {"uv": [46, 108], "uv_size": [2, 2]},
								"west": {"uv": [48, 108], "uv_size": [2, 2]},
								"up": {"uv": [50, 108], "uv_size": [2, 2]},
								"down": {"uv": [52, 110], "uv_size": [2, -2]}
							}
						},
						{
							"origin": [-18.5, 1.5, 13.5],
							"size": [2, 2, 2],
							"uv": {
								"north": {"uv": [26, 108], "uv_size": [2, 2]},
								"east": {"uv": [32, 108], "uv_size": [2, 2]},
								"south": {"uv": [34, 108], "uv_size": [2, 2]},
								"west": {"uv": [36, 108], "uv_size": [2, 2]},
								"up": {"uv": [38, 108], "uv_size": [2, 2]},
								"down": {"uv": [40, 110], "uv_size": [2, -2]}
							}
						},
						{
							"origin": [-19, -0.25, 13.5],
							"size": [2, 2, 2],
							"uv": {
								"north": {"uv": [14, 108], "uv_size": [2, 2]},
								"east": {"uv": [16, 108], "uv_size": [2, 2]},
								"south": {"uv": [18, 108], "uv_size": [2, 2]},
								"west": {"uv": [20, 108], "uv_size": [2, 2]},
								"up": {"uv": [22, 108], "uv_size": [2, 2]},
								"down": {"uv": [24, 110], "uv_size": [2, -2]}
							}
						},
						{
							"origin": [-18.5, 2.75, 12.75],
							"size": [2, 2, 2],
							"uv": {
								"north": {"uv": [58, 114], "uv_size": [2, 2]},
								"east": {"uv": [114, 58], "uv_size": [2, 2]},
								"south": {"uv": [60, 114], "uv_size": [2, 2]},
								"west": {"uv": [114, 60], "uv_size": [2, 2]},
								"up": {"uv": [62, 114], "uv_size": [2, 2]},
								"down": {"uv": [114, 64], "uv_size": [2, -2]}
							}
						},
						{
							"origin": [-17.75, -0.25, 10.25],
							"size": [2, 2, 2],
							"uv": {
								"north": {"uv": [109, 34], "uv_size": [2, 2]},
								"east": {"uv": [109, 36], "uv_size": [2, 2]},
								"south": {"uv": [109, 38], "uv_size": [2, 2]},
								"west": {"uv": [109, 40], "uv_size": [2, 2]},
								"up": {"uv": [109, 42], "uv_size": [2, 2]},
								"down": {"uv": [109, 98], "uv_size": [2, -2]}
							}
						},
						{
							"origin": [-19, -0.25, 9],
							"size": [2, 2, 2],
							"uv": {
								"north": {"uv": [109, 26], "uv_size": [2, 2]},
								"east": {"uv": [28, 109], "uv_size": [2, 2]},
								"south": {"uv": [109, 28], "uv_size": [2, 2]},
								"west": {"uv": [30, 109], "uv_size": [2, 2]},
								"up": {"uv": [109, 30], "uv_size": [2, 2]},
								"down": {"uv": [109, 34], "uv_size": [2, -2]}
							}
						},
						{
							"origin": [-18.5, 1.5, 9],
							"size": [2, 2, 2],
							"uv": {
								"north": {"uv": [109, 14], "uv_size": [2, 2]},
								"east": {"uv": [109, 16], "uv_size": [2, 2]},
								"south": {"uv": [109, 18], "uv_size": [2, 2]},
								"west": {"uv": [109, 20], "uv_size": [2, 2]},
								"up": {"uv": [109, 22], "uv_size": [2, 2]},
								"down": {"uv": [109, 26], "uv_size": [2, -2]}
							}
						},
						{
							"origin": [-17.75, -0.25, 9.5],
							"size": [2, 2, 2],
							"uv": {
								"north": {"uv": [106, 108], "uv_size": [2, 2]},
								"east": {"uv": [108, 106], "uv_size": [2, 2]},
								"south": {"uv": [108, 108], "uv_size": [2, 2]},
								"west": {"uv": [109, 8], "uv_size": [2, 2]},
								"up": {"uv": [109, 10], "uv_size": [2, 2]},
								"down": {"uv": [109, 14], "uv_size": [2, -2]}
							}
						},
						{
							"origin": [-19, -0.25, 7.25],
							"size": [2, 2, 2],
							"uv": {
								"north": {"uv": [108, 92], "uv_size": [2, 2]},
								"east": {"uv": [94, 108], "uv_size": [2, 2]},
								"south": {"uv": [108, 94], "uv_size": [2, 2]},
								"west": {"uv": [96, 108], "uv_size": [2, 2]},
								"up": {"uv": [98, 108], "uv_size": [2, 2]},
								"down": {"uv": [108, 100], "uv_size": [2, -2]}
							}
						},
						{
							"origin": [-18.5, 1.25, 7.75],
							"size": [2, 2, 2],
							"uv": {
								"north": {"uv": [52, 114], "uv_size": [2, 2]},
								"east": {"uv": [114, 52], "uv_size": [2, 2]},
								"south": {"uv": [54, 114], "uv_size": [2, 2]},
								"west": {"uv": [114, 54], "uv_size": [2, 2]},
								"up": {"uv": [56, 114], "uv_size": [2, 2]},
								"down": {"uv": [114, 58], "uv_size": [2, -2]}
							}
						},
						{
							"origin": [-17.75, -0.25, 4],
							"size": [2, 2, 2],
							"uv": {
								"north": {"uv": [110, 88], "uv_size": [2, 2]},
								"east": {"uv": [90, 110], "uv_size": [2, 2]},
								"south": {"uv": [110, 90], "uv_size": [2, 2]},
								"west": {"uv": [92, 110], "uv_size": [2, 2]},
								"up": {"uv": [110, 92], "uv_size": [2, 2]},
								"down": {"uv": [94, 112], "uv_size": [2, -2]}
							}
						},
						{
							"origin": [-19, -0.25, 2.75],
							"size": [2, 2, 2],
							"uv": {
								"north": {"uv": [82, 110], "uv_size": [2, 2]},
								"east": {"uv": [84, 110], "uv_size": [2, 2]},
								"south": {"uv": [110, 84], "uv_size": [2, 2]},
								"west": {"uv": [86, 110], "uv_size": [2, 2]},
								"up": {"uv": [110, 86], "uv_size": [2, 2]},
								"down": {"uv": [88, 112], "uv_size": [2, -2]}
							}
						},
						{
							"origin": [-18.5, 1.5, 2.75],
							"size": [2, 2, 2],
							"uv": {
								"north": {"uv": [72, 110], "uv_size": [2, 2]},
								"east": {"uv": [74, 110], "uv_size": [2, 2]},
								"south": {"uv": [76, 110], "uv_size": [2, 2]},
								"west": {"uv": [110, 76], "uv_size": [2, 2]},
								"up": {"uv": [78, 110], "uv_size": [2, 2]},
								"down": {"uv": [80, 112], "uv_size": [2, -2]}
							}
						},
						{
							"origin": [-17.75, -0.25, 3.25],
							"size": [2, 2, 2],
							"uv": {
								"north": {"uv": [60, 110], "uv_size": [2, 2]},
								"east": {"uv": [62, 110], "uv_size": [2, 2]},
								"south": {"uv": [64, 110], "uv_size": [2, 2]},
								"west": {"uv": [66, 110], "uv_size": [2, 2]},
								"up": {"uv": [68, 110], "uv_size": [2, 2]},
								"down": {"uv": [70, 112], "uv_size": [2, -2]}
							}
						},
						{
							"origin": [-18.25, 1, 1.25],
							"size": [2, 2, 2],
							"uv": {
								"north": {"uv": [46, 114], "uv_size": [2, 2]},
								"east": {"uv": [114, 46], "uv_size": [2, 2]},
								"south": {"uv": [48, 114], "uv_size": [2, 2]},
								"west": {"uv": [114, 48], "uv_size": [2, 2]},
								"up": {"uv": [50, 114], "uv_size": [2, 2]},
								"down": {"uv": [114, 52], "uv_size": [2, -2]}
							}
						},
						{
							"origin": [-18.5, 2, 1.75],
							"size": [2, 2, 2],
							"uv": {
								"north": {"uv": [64, 114], "uv_size": [2, 2]},
								"east": {"uv": [114, 64], "uv_size": [2, 2]},
								"south": {"uv": [66, 114], "uv_size": [2, 2]},
								"west": {"uv": [114, 66], "uv_size": [2, 2]},
								"up": {"uv": [68, 114], "uv_size": [2, 2]},
								"down": {"uv": [114, 70], "uv_size": [2, -2]}
							}
						},
						{
							"origin": [-17.75, -0.25, -2.5],
							"size": [2, 2, 2],
							"uv": {
								"north": {"uv": [20, 112], "uv_size": [2, 2]},
								"east": {"uv": [22, 112], "uv_size": [2, 2]},
								"south": {"uv": [24, 112], "uv_size": [2, 2]},
								"west": {"uv": [26, 112], "uv_size": [2, 2]},
								"up": {"uv": [32, 112], "uv_size": [2, 2]},
								"down": {"uv": [34, 114], "uv_size": [2, -2]}
							}
						},
						{
							"origin": [-19, -0.25, -3.75],
							"size": [2, 2, 2],
							"uv": {
								"north": {"uv": [8, 112], "uv_size": [2, 2]},
								"east": {"uv": [10, 112], "uv_size": [2, 2]},
								"south": {"uv": [12, 112], "uv_size": [2, 2]},
								"west": {"uv": [14, 112], "uv_size": [2, 2]},
								"up": {"uv": [16, 112], "uv_size": [2, 2]},
								"down": {"uv": [18, 114], "uv_size": [2, -2]}
							}
						},
						{
							"origin": [-18.5, 1.5, -3.75],
							"size": [2, 2, 2],
							"uv": {
								"north": {"uv": [0, 112], "uv_size": [2, 2]},
								"east": {"uv": [112, 0], "uv_size": [2, 2]},
								"south": {"uv": [2, 112], "uv_size": [2, 2]},
								"west": {"uv": [112, 2], "uv_size": [2, 2]},
								"up": {"uv": [4, 112], "uv_size": [2, 2]},
								"down": {"uv": [6, 114], "uv_size": [2, -2]}
							}
						},
						{
							"origin": [-17.75, -0.25, -9.25],
							"size": [2, 2, 2],
							"uv": {
								"north": {"uv": [112, 90], "uv_size": [2, 2]},
								"east": {"uv": [92, 112], "uv_size": [2, 2]},
								"south": {"uv": [112, 92], "uv_size": [2, 2]},
								"west": {"uv": [94, 112], "uv_size": [2, 2]},
								"up": {"uv": [112, 94], "uv_size": [2, 2]},
								"down": {"uv": [96, 114], "uv_size": [2, -2]}
							}
						},
						{
							"origin": [-19, -0.25, -10.5],
							"size": [2, 2, 2],
							"uv": {
								"north": {"uv": [112, 84], "uv_size": [2, 2]},
								"east": {"uv": [86, 112], "uv_size": [2, 2]},
								"south": {"uv": [112, 86], "uv_size": [2, 2]},
								"west": {"uv": [88, 112], "uv_size": [2, 2]},
								"up": {"uv": [112, 88], "uv_size": [2, 2]},
								"down": {"uv": [90, 114], "uv_size": [2, -2]}
							}
						},
						{
							"origin": [-18.5, 1.5, -10.5],
							"size": [2, 2, 2],
							"uv": {
								"north": {"uv": [76, 112], "uv_size": [2, 2]},
								"east": {"uv": [112, 76], "uv_size": [2, 2]},
								"south": {"uv": [78, 112], "uv_size": [2, 2]},
								"west": {"uv": [80, 112], "uv_size": [2, 2]},
								"up": {"uv": [82, 112], "uv_size": [2, 2]},
								"down": {"uv": [84, 114], "uv_size": [2, -2]}
							}
						},
						{
							"origin": [-17.75, -0.25, -10],
							"size": [2, 2, 2],
							"uv": {
								"north": {"uv": [70, 112], "uv_size": [2, 2]},
								"east": {"uv": [112, 70], "uv_size": [2, 2]},
								"south": {"uv": [72, 112], "uv_size": [2, 2]},
								"west": {"uv": [112, 72], "uv_size": [2, 2]},
								"up": {"uv": [74, 112], "uv_size": [2, 2]},
								"down": {"uv": [112, 76], "uv_size": [2, -2]}
							}
						},
						{
							"origin": [-18.75, -0.25, -7.75],
							"size": [2, 2, 2],
							"uv": {
								"north": {"uv": [36, 114], "uv_size": [2, 2]},
								"east": {"uv": [38, 114], "uv_size": [2, 2]},
								"south": {"uv": [40, 114], "uv_size": [2, 2]},
								"west": {"uv": [42, 114], "uv_size": [2, 2]},
								"up": {"uv": [44, 114], "uv_size": [2, 2]},
								"down": {"uv": [114, 46], "uv_size": [2, -2]}
							}
						},
						{
							"origin": [-18, 0.75, -8.75],
							"size": [2, 2, 2],
							"uv": {
								"north": {"uv": [70, 114], "uv_size": [2, 2]},
								"east": {"uv": [114, 70], "uv_size": [2, 2]},
								"south": {"uv": [72, 114], "uv_size": [2, 2]},
								"west": {"uv": [114, 72], "uv_size": [2, 2]},
								"up": {"uv": [74, 114], "uv_size": [2, 2]},
								"down": {"uv": [114, 76], "uv_size": [2, -2]}
							}
						},
						{
							"origin": [-19, -0.25, -15.75],
							"size": [2, 2, 2],
							"uv": {
								"north": {"uv": [8, 114], "uv_size": [2, 2]},
								"east": {"uv": [10, 114], "uv_size": [2, 2]},
								"south": {"uv": [12, 114], "uv_size": [2, 2]},
								"west": {"uv": [14, 114], "uv_size": [2, 2]},
								"up": {"uv": [16, 114], "uv_size": [2, 2]},
								"down": {"uv": [18, 116], "uv_size": [2, -2]}
							}
						},
						{
							"origin": [-18.5, 1.5, -15.75],
							"size": [2, 2, 2],
							"uv": {
								"north": {"uv": [0, 114], "uv_size": [2, 2]},
								"east": {"uv": [114, 0], "uv_size": [2, 2]},
								"south": {"uv": [2, 114], "uv_size": [2, 2]},
								"west": {"uv": [114, 2], "uv_size": [2, 2]},
								"up": {"uv": [4, 114], "uv_size": [2, 2]},
								"down": {"uv": [6, 116], "uv_size": [2, -2]}
							}
						},
						{
							"origin": [-17.75, -0.25, -15.25],
							"size": [2, 2, 2],
							"uv": {
								"north": {"uv": [113, 34], "uv_size": [2, 2]},
								"east": {"uv": [113, 36], "uv_size": [2, 2]},
								"south": {"uv": [113, 38], "uv_size": [2, 2]},
								"west": {"uv": [113, 40], "uv_size": [2, 2]},
								"up": {"uv": [113, 42], "uv_size": [2, 2]},
								"down": {"uv": [113, 98], "uv_size": [2, -2]}
							}
						},
						{
							"origin": [-17.75, 0.75, -14],
							"size": [2, 2, 2],
							"uv": {
								"north": {"uv": [98, 112], "uv_size": [2, 2]},
								"east": {"uv": [112, 98], "uv_size": [2, 2]},
								"south": {"uv": [100, 112], "uv_size": [2, 2]},
								"west": {"uv": [112, 100], "uv_size": [2, 2]},
								"up": {"uv": [102, 112], "uv_size": [2, 2]},
								"down": {"uv": [112, 104], "uv_size": [2, -2]}
							}
						},
						{
							"origin": [-17.75, -0.25, -14.5],
							"size": [2, 2, 2],
							"uv": {
								"north": {"uv": [76, 114], "uv_size": [2, 2]},
								"east": {"uv": [114, 76], "uv_size": [2, 2]},
								"south": {"uv": [78, 114], "uv_size": [2, 2]},
								"west": {"uv": [80, 114], "uv_size": [2, 2]},
								"up": {"uv": [82, 114], "uv_size": [2, 2]},
								"down": {"uv": [84, 116], "uv_size": [2, -2]}
							}
						},
						{
							"origin": [15.75, -0.25, 14.75],
							"size": [2, 2, 2],
							"uv": {
								"north": {"uv": [100, 120], "uv_size": [2, 2]},
								"east": {"uv": [120, 100], "uv_size": [2, 2]},
								"south": {"uv": [102, 120], "uv_size": [2, 2]},
								"west": {"uv": [120, 102], "uv_size": [2, 2]},
								"up": {"uv": [104, 120], "uv_size": [2, 2]},
								"down": {"uv": [120, 106], "uv_size": [2, -2]}
							}
						},
						{
							"origin": [17, -0.25, 13.5],
							"size": [2, 2, 2],
							"uv": {
								"north": {"uv": [120, 92], "uv_size": [2, 2]},
								"east": {"uv": [94, 120], "uv_size": [2, 2]},
								"south": {"uv": [120, 94], "uv_size": [2, 2]},
								"west": {"uv": [96, 120], "uv_size": [2, 2]},
								"up": {"uv": [98, 120], "uv_size": [2, 2]},
								"down": {"uv": [120, 100], "uv_size": [2, -2]}
							}
						},
						{
							"origin": [16.5, 1.5, 13.5],
							"size": [2, 2, 2],
							"uv": {
								"north": {"uv": [120, 86], "uv_size": [2, 2]},
								"east": {"uv": [88, 120], "uv_size": [2, 2]},
								"south": {"uv": [120, 88], "uv_size": [2, 2]},
								"west": {"uv": [90, 120], "uv_size": [2, 2]},
								"up": {"uv": [120, 90], "uv_size": [2, 2]},
								"down": {"uv": [92, 122], "uv_size": [2, -2]}
							}
						},
						{
							"origin": [15.75, -0.25, 14],
							"size": [2, 2, 2],
							"uv": {
								"north": {"uv": [120, 80], "uv_size": [2, 2]},
								"east": {"uv": [82, 120], "uv_size": [2, 2]},
								"south": {"uv": [120, 82], "uv_size": [2, 2]},
								"west": {"uv": [84, 120], "uv_size": [2, 2]},
								"up": {"uv": [120, 84], "uv_size": [2, 2]},
								"down": {"uv": [86, 122], "uv_size": [2, -2]}
							}
						},
						{
							"origin": [15.75, -0.25, 10.25],
							"size": [2, 2, 2],
							"uv": {
								"north": {"uv": [120, 44], "uv_size": [2, 2]},
								"east": {"uv": [46, 120], "uv_size": [2, 2]},
								"south": {"uv": [120, 46], "uv_size": [2, 2]},
								"west": {"uv": [48, 120], "uv_size": [2, 2]},
								"up": {"uv": [120, 48], "uv_size": [2, 2]},
								"down": {"uv": [50, 122], "uv_size": [2, -2]}
							}
						},
						{
							"origin": [15.75, -0.25, 9.5],
							"size": [2, 2, 2],
							"uv": {
								"north": {"uv": [34, 120], "uv_size": [2, 2]},
								"east": {"uv": [36, 120], "uv_size": [2, 2]},
								"south": {"uv": [38, 120], "uv_size": [2, 2]},
								"west": {"uv": [40, 120], "uv_size": [2, 2]},
								"up": {"uv": [42, 120], "uv_size": [2, 2]},
								"down": {"uv": [44, 122], "uv_size": [2, -2]}
							}
						},
						{
							"origin": [16.5, 1.5, 9],
							"size": [2, 2, 2],
							"uv": {
								"north": {"uv": [18, 120], "uv_size": [2, 2]},
								"east": {"uv": [20, 120], "uv_size": [2, 2]},
								"south": {"uv": [22, 120], "uv_size": [2, 2]},
								"west": {"uv": [24, 120], "uv_size": [2, 2]},
								"up": {"uv": [26, 120], "uv_size": [2, 2]},
								"down": {"uv": [32, 122], "uv_size": [2, -2]}
							}
						},
						{
							"origin": [17, -0.25, 7.25],
							"size": [2, 2, 2],
							"uv": {
								"north": {"uv": [120, 6], "uv_size": [2, 2]},
								"east": {"uv": [8, 120], "uv_size": [2, 2]},
								"south": {"uv": [10, 120], "uv_size": [2, 2]},
								"west": {"uv": [12, 120], "uv_size": [2, 2]},
								"up": {"uv": [14, 120], "uv_size": [2, 2]},
								"down": {"uv": [16, 122], "uv_size": [2, -2]}
							}
						},
						{
							"origin": [17, -0.25, 9],
							"size": [2, 2, 2],
							"uv": {
								"north": {"uv": [119, 16], "uv_size": [2, 2]},
								"east": {"uv": [119, 18], "uv_size": [2, 2]},
								"south": {"uv": [119, 20], "uv_size": [2, 2]},
								"west": {"uv": [119, 22], "uv_size": [2, 2]},
								"up": {"uv": [119, 24], "uv_size": [2, 2]},
								"down": {"uv": [119, 28], "uv_size": [2, -2]}
							}
						},
						{
							"origin": [15.75, -0.25, 4],
							"size": [2, 2, 2],
							"uv": {
								"north": {"uv": [118, 110], "uv_size": [2, 2]},
								"east": {"uv": [112, 118], "uv_size": [2, 2]},
								"south": {"uv": [118, 112], "uv_size": [2, 2]},
								"west": {"uv": [114, 118], "uv_size": [2, 2]},
								"up": {"uv": [118, 114], "uv_size": [2, 2]},
								"down": {"uv": [116, 120], "uv_size": [2, -2]}
							}
						},
						{
							"origin": [15.75, -0.25, 3.25],
							"size": [2, 2, 2],
							"uv": {
								"north": {"uv": [118, 104], "uv_size": [2, 2]},
								"east": {"uv": [106, 118], "uv_size": [2, 2]},
								"south": {"uv": [118, 106], "uv_size": [2, 2]},
								"west": {"uv": [108, 118], "uv_size": [2, 2]},
								"up": {"uv": [118, 108], "uv_size": [2, 2]},
								"down": {"uv": [110, 120], "uv_size": [2, -2]}
							}
						},
						{
							"origin": [16.5, 1.5, 2.75],
							"size": [2, 2, 2],
							"uv": {
								"north": {"uv": [118, 98], "uv_size": [2, 2]},
								"east": {"uv": [100, 118], "uv_size": [2, 2]},
								"south": {"uv": [118, 100], "uv_size": [2, 2]},
								"west": {"uv": [102, 118], "uv_size": [2, 2]},
								"up": {"uv": [118, 102], "uv_size": [2, 2]},
								"down": {"uv": [104, 120], "uv_size": [2, -2]}
							}
						},
						{
							"origin": [17, -0.25, 2.75],
							"size": [2, 2, 2],
							"uv": {
								"north": {"uv": [92, 118], "uv_size": [2, 2]},
								"east": {"uv": [118, 92], "uv_size": [2, 2]},
								"south": {"uv": [94, 118], "uv_size": [2, 2]},
								"west": {"uv": [118, 94], "uv_size": [2, 2]},
								"up": {"uv": [96, 118], "uv_size": [2, 2]},
								"down": {"uv": [98, 120], "uv_size": [2, -2]}
							}
						},
						{
							"origin": [15.75, -0.25, -3.25],
							"size": [2, 2, 2],
							"uv": {
								"north": {"uv": [50, 118], "uv_size": [2, 2]},
								"east": {"uv": [118, 50], "uv_size": [2, 2]},
								"south": {"uv": [52, 118], "uv_size": [2, 2]},
								"west": {"uv": [118, 52], "uv_size": [2, 2]},
								"up": {"uv": [54, 118], "uv_size": [2, 2]},
								"down": {"uv": [118, 56], "uv_size": [2, -2]}
							}
						},
						{
							"origin": [16.5, 1.5, -3.75],
							"size": [2, 2, 2],
							"uv": {
								"north": {"uv": [44, 118], "uv_size": [2, 2]},
								"east": {"uv": [118, 44], "uv_size": [2, 2]},
								"south": {"uv": [46, 118], "uv_size": [2, 2]},
								"west": {"uv": [118, 46], "uv_size": [2, 2]},
								"up": {"uv": [48, 118], "uv_size": [2, 2]},
								"down": {"uv": [118, 50], "uv_size": [2, -2]}
							}
						},
						{
							"origin": [17, -0.25, -3.75],
							"size": [2, 2, 2],
							"uv": {
								"north": {"uv": [32, 118], "uv_size": [2, 2]},
								"east": {"uv": [34, 118], "uv_size": [2, 2]},
								"south": {"uv": [36, 118], "uv_size": [2, 2]},
								"west": {"uv": [38, 118], "uv_size": [2, 2]},
								"up": {"uv": [40, 118], "uv_size": [2, 2]},
								"down": {"uv": [42, 120], "uv_size": [2, -2]}
							}
						},
						{
							"origin": [15.75, -0.25, -9.25],
							"size": [2, 2, 2],
							"uv": {
								"north": {"uv": [117, 14], "uv_size": [2, 2]},
								"east": {"uv": [117, 16], "uv_size": [2, 2]},
								"south": {"uv": [117, 18], "uv_size": [2, 2]},
								"west": {"uv": [117, 20], "uv_size": [2, 2]},
								"up": {"uv": [117, 22], "uv_size": [2, 2]},
								"down": {"uv": [117, 26], "uv_size": [2, -2]}
							}
						},
						{
							"origin": [15.75, -0.25, -10],
							"size": [2, 2, 2],
							"uv": {
								"north": {"uv": [114, 116], "uv_size": [2, 2]},
								"east": {"uv": [116, 114], "uv_size": [2, 2]},
								"south": {"uv": [116, 116], "uv_size": [2, 2]},
								"west": {"uv": [117, 8], "uv_size": [2, 2]},
								"up": {"uv": [117, 10], "uv_size": [2, 2]},
								"down": {"uv": [117, 14], "uv_size": [2, -2]}
							}
						},
						{
							"origin": [16.5, 1.5, -10.5],
							"size": [2, 2, 2],
							"uv": {
								"north": {"uv": [108, 116], "uv_size": [2, 2]},
								"east": {"uv": [116, 108], "uv_size": [2, 2]},
								"south": {"uv": [110, 116], "uv_size": [2, 2]},
								"west": {"uv": [116, 110], "uv_size": [2, 2]},
								"up": {"uv": [112, 116], "uv_size": [2, 2]},
								"down": {"uv": [116, 114], "uv_size": [2, -2]}
							}
						},
						{
							"origin": [17, -0.25, -10.5],
							"size": [2, 2, 2],
							"uv": {
								"north": {"uv": [102, 116], "uv_size": [2, 2]},
								"east": {"uv": [116, 102], "uv_size": [2, 2]},
								"south": {"uv": [104, 116], "uv_size": [2, 2]},
								"west": {"uv": [116, 104], "uv_size": [2, 2]},
								"up": {"uv": [106, 116], "uv_size": [2, 2]},
								"down": {"uv": [116, 108], "uv_size": [2, -2]}
							}
						},
						{
							"origin": [15.75, 0.75, -14],
							"size": [2, 2, 2],
							"uv": {
								"north": {"uv": [62, 116], "uv_size": [2, 2]},
								"east": {"uv": [116, 62], "uv_size": [2, 2]},
								"south": {"uv": [64, 116], "uv_size": [2, 2]},
								"west": {"uv": [116, 64], "uv_size": [2, 2]},
								"up": {"uv": [66, 116], "uv_size": [2, 2]},
								"down": {"uv": [116, 68], "uv_size": [2, -2]}
							}
						},
						{
							"origin": [15.75, -0.25, -15.25],
							"size": [2, 2, 2],
							"uv": {
								"north": {"uv": [56, 116], "uv_size": [2, 2]},
								"east": {"uv": [116, 56], "uv_size": [2, 2]},
								"south": {"uv": [58, 116], "uv_size": [2, 2]},
								"west": {"uv": [116, 58], "uv_size": [2, 2]},
								"up": {"uv": [60, 116], "uv_size": [2, 2]},
								"down": {"uv": [116, 62], "uv_size": [2, -2]}
							}
						},
						{
							"origin": [16.5, 1.5, -15.75],
							"size": [2, 2, 2],
							"uv": {
								"north": {"uv": [50, 116], "uv_size": [2, 2]},
								"east": {"uv": [116, 50], "uv_size": [2, 2]},
								"south": {"uv": [52, 116], "uv_size": [2, 2]},
								"west": {"uv": [116, 52], "uv_size": [2, 2]},
								"up": {"uv": [54, 116], "uv_size": [2, 2]},
								"down": {"uv": [116, 56], "uv_size": [2, -2]}
							}
						},
						{
							"origin": [17, -0.25, -15.75],
							"size": [2, 2, 2],
							"uv": {
								"north": {"uv": [44, 116], "uv_size": [2, 2]},
								"east": {"uv": [116, 44], "uv_size": [2, 2]},
								"south": {"uv": [46, 116], "uv_size": [2, 2]},
								"west": {"uv": [116, 46], "uv_size": [2, 2]},
								"up": {"uv": [48, 116], "uv_size": [2, 2]},
								"down": {"uv": [116, 50], "uv_size": [2, -2]}
							}
						},
						{
							"origin": [15.75, -0.25, -14.5],
							"size": [2, 2, 2],
							"uv": {
								"north": {"uv": [32, 116], "uv_size": [2, 2]},
								"east": {"uv": [34, 116], "uv_size": [2, 2]},
								"south": {"uv": [36, 116], "uv_size": [2, 2]},
								"west": {"uv": [38, 116], "uv_size": [2, 2]},
								"up": {"uv": [40, 116], "uv_size": [2, 2]},
								"down": {"uv": [42, 118], "uv_size": [2, -2]}
							}
						},
						{
							"origin": [16.75, -0.25, -7.75],
							"size": [2, 2, 2],
							"uv": {
								"north": {"uv": [115, 22], "uv_size": [2, 2]},
								"east": {"uv": [115, 24], "uv_size": [2, 2]},
								"south": {"uv": [115, 26], "uv_size": [2, 2]},
								"west": {"uv": [28, 115], "uv_size": [2, 2]},
								"up": {"uv": [115, 28], "uv_size": [2, 2]},
								"down": {"uv": [30, 117], "uv_size": [2, -2]}
							}
						},
						{
							"origin": [16.25, 1, 1.25],
							"size": [2, 2, 2],
							"uv": {
								"north": {"uv": [115, 10], "uv_size": [2, 2]},
								"east": {"uv": [115, 12], "uv_size": [2, 2]},
								"south": {"uv": [115, 14], "uv_size": [2, 2]},
								"west": {"uv": [115, 16], "uv_size": [2, 2]},
								"up": {"uv": [115, 18], "uv_size": [2, 2]},
								"down": {"uv": [115, 22], "uv_size": [2, -2]}
							}
						},
						{
							"origin": [16.5, 1.25, 7.75],
							"size": [2, 2, 2],
							"uv": {
								"north": {"uv": [110, 114], "uv_size": [2, 2]},
								"east": {"uv": [114, 110], "uv_size": [2, 2]},
								"south": {"uv": [112, 114], "uv_size": [2, 2]},
								"west": {"uv": [114, 112], "uv_size": [2, 2]},
								"up": {"uv": [114, 114], "uv_size": [2, 2]},
								"down": {"uv": [115, 10], "uv_size": [2, -2]}
							}
						},
						{
							"origin": [16.5, 2.75, 12.75],
							"size": [2, 2, 2],
							"uv": {
								"north": {"uv": [104, 114], "uv_size": [2, 2]},
								"east": {"uv": [114, 104], "uv_size": [2, 2]},
								"south": {"uv": [106, 114], "uv_size": [2, 2]},
								"west": {"uv": [114, 106], "uv_size": [2, 2]},
								"up": {"uv": [108, 114], "uv_size": [2, 2]},
								"down": {"uv": [114, 110], "uv_size": [2, -2]}
							}
						},
						{
							"origin": [16.5, 2, 1.75],
							"size": [2, 2, 2],
							"uv": {
								"north": {"uv": [98, 114], "uv_size": [2, 2]},
								"east": {"uv": [114, 98], "uv_size": [2, 2]},
								"south": {"uv": [100, 114], "uv_size": [2, 2]},
								"west": {"uv": [114, 100], "uv_size": [2, 2]},
								"up": {"uv": [102, 114], "uv_size": [2, 2]},
								"down": {"uv": [114, 104], "uv_size": [2, -2]}
							}
						},
						{
							"origin": [16, 0.75, -8.75],
							"size": [2, 2, 2],
							"uv": {
								"north": {"uv": [114, 90], "uv_size": [2, 2]},
								"east": {"uv": [92, 114], "uv_size": [2, 2]},
								"south": {"uv": [114, 92], "uv_size": [2, 2]},
								"west": {"uv": [94, 114], "uv_size": [2, 2]},
								"up": {"uv": [114, 94], "uv_size": [2, 2]},
								"down": {"uv": [96, 116], "uv_size": [2, -2]}
							}
						},
						{
							"origin": [2.25, 1.5, 15.75],
							"size": [2, 2, 2],
							"uv": {
								"north": {"uv": [50, 104], "uv_size": [2, 2]},
								"east": {"uv": [52, 104], "uv_size": [2, 2]},
								"south": {"uv": [54, 104], "uv_size": [2, 2]},
								"west": {"uv": [56, 104], "uv_size": [2, 2]},
								"up": {"uv": [58, 104], "uv_size": [2, 2]},
								"down": {"uv": [60, 106], "uv_size": [2, -2]}
							}
						},
						{
							"origin": [6.25, -0.25, 16.5],
							"size": [2, 2, 2],
							"uv": {
								"north": {"uv": [38, 104], "uv_size": [2, 2]},
								"east": {"uv": [40, 104], "uv_size": [2, 2]},
								"south": {"uv": [42, 104], "uv_size": [2, 2]},
								"west": {"uv": [44, 104], "uv_size": [2, 2]},
								"up": {"uv": [46, 104], "uv_size": [2, 2]},
								"down": {"uv": [48, 106], "uv_size": [2, -2]}
							}
						},
						{
							"origin": [7.25, -0.25, 17.75],
							"size": [2, 2, 2],
							"uv": {
								"north": {"uv": [22, 104], "uv_size": [2, 2]},
								"east": {"uv": [24, 104], "uv_size": [2, 2]},
								"south": {"uv": [26, 104], "uv_size": [2, 2]},
								"west": {"uv": [32, 104], "uv_size": [2, 2]},
								"up": {"uv": [34, 104], "uv_size": [2, 2]},
								"down": {"uv": [36, 106], "uv_size": [2, -2]}
							}
						},
						{
							"origin": [5.25, 1.75, 16.5],
							"size": [2, 2, 2],
							"uv": {
								"north": {"uv": [10, 104], "uv_size": [2, 2]},
								"east": {"uv": [12, 104], "uv_size": [2, 2]},
								"south": {"uv": [14, 104], "uv_size": [2, 2]},
								"west": {"uv": [16, 104], "uv_size": [2, 2]},
								"up": {"uv": [18, 104], "uv_size": [2, 2]},
								"down": {"uv": [20, 106], "uv_size": [2, -2]}
							}
						},
						{
							"origin": [6, 3.25, 16.5],
							"size": [2, 2, 2],
							"uv": {
								"north": {"uv": [103, 96], "uv_size": [2, 2]},
								"east": {"uv": [0, 104], "uv_size": [2, 2]},
								"south": {"uv": [2, 104], "uv_size": [2, 2]},
								"west": {"uv": [4, 104], "uv_size": [2, 2]},
								"up": {"uv": [6, 104], "uv_size": [2, 2]},
								"down": {"uv": [8, 106], "uv_size": [2, -2]}
							}
						},
						{
							"origin": [10, -0.25, 16.5],
							"size": [2, 2, 2],
							"uv": {
								"north": {"uv": [103, 32], "uv_size": [2, 2]},
								"east": {"uv": [103, 34], "uv_size": [2, 2]},
								"south": {"uv": [103, 36], "uv_size": [2, 2]},
								"west": {"uv": [103, 38], "uv_size": [2, 2]},
								"up": {"uv": [103, 40], "uv_size": [2, 2]},
								"down": {"uv": [103, 44], "uv_size": [2, -2]}
							}
						},
						{
							"origin": [9.25, 1.5, 16],
							"size": [2, 2, 2],
							"uv": {
								"north": {"uv": [103, 24], "uv_size": [2, 2]},
								"east": {"uv": [103, 26], "uv_size": [2, 2]},
								"south": {"uv": [28, 103], "uv_size": [2, 2]},
								"west": {"uv": [103, 28], "uv_size": [2, 2]},
								"up": {"uv": [30, 103], "uv_size": [2, 2]},
								"down": {"uv": [103, 32], "uv_size": [2, -2]}
							}
						},
						{
							"origin": [11, -0.25, 17.5],
							"size": [2, 2, 2],
							"uv": {
								"north": {"uv": [103, 12], "uv_size": [2, 2]},
								"east": {"uv": [103, 14], "uv_size": [2, 2]},
								"south": {"uv": [103, 16], "uv_size": [2, 2]},
								"west": {"uv": [103, 18], "uv_size": [2, 2]},
								"up": {"uv": [103, 20], "uv_size": [2, 2]},
								"down": {"uv": [103, 24], "uv_size": [2, -2]}
							}
						},
						{
							"origin": [14.5, -0.25, 16.5],
							"size": [2, 2, 2],
							"uv": {
								"north": {"uv": [102, 98], "uv_size": [2, 2]},
								"east": {"uv": [100, 102], "uv_size": [2, 2]},
								"south": {"uv": [102, 100], "uv_size": [2, 2]},
								"west": {"uv": [102, 102], "uv_size": [2, 2]},
								"up": {"uv": [103, 8], "uv_size": [2, 2]},
								"down": {"uv": [103, 12], "uv_size": [2, -2]}
							}
						},
						{
							"origin": [13.75, 1.75, 16.5],
							"size": [2, 2, 2],
							"uv": {
								"north": {"uv": [88, 102], "uv_size": [2, 2]},
								"east": {"uv": [90, 102], "uv_size": [2, 2]},
								"south": {"uv": [92, 102], "uv_size": [2, 2]},
								"west": {"uv": [94, 102], "uv_size": [2, 2]},
								"up": {"uv": [96, 102], "uv_size": [2, 2]},
								"down": {"uv": [98, 104], "uv_size": [2, -2]}
							}
						},
						{
							"origin": [15.5, -0.25, 17],
							"size": [2, 2, 2],
							"uv": {
								"north": {"uv": [76, 102], "uv_size": [2, 2]},
								"east": {"uv": [78, 102], "uv_size": [2, 2]},
								"south": {"uv": [80, 102], "uv_size": [2, 2]},
								"west": {"uv": [82, 102], "uv_size": [2, 2]},
								"up": {"uv": [84, 102], "uv_size": [2, 2]},
								"down": {"uv": [86, 104], "uv_size": [2, -2]}
							}
						}
					]
				},
				{
					"name": "attack",
					"parent": "Main",
					"pivot": [0, 0, 0]
				},
				{
					"name": "1",
					"parent": "attack",
					"pivot": [12, 16.625, 11.75],
					"cubes": [
						{
							"origin": [9.5, 10, 9],
							"size": [5, 3.25, 5.5],
							"pivot": [12, 16.625, 11.75],
							"rotation": [0, -27.5, 0],
							"uv": {
								"north": {"uv": [83, 60], "uv_size": [29, 3.5]},
								"east": {"uv": [91, 84], "uv_size": [15, 3.5]},
								"south": {"uv": [83, 64], "uv_size": [29, 3.5]},
								"west": {"uv": [91, 88], "uv_size": [15, 3.5]},
								"up": {"uv": [33, 79], "uv_size": [29, 15]},
								"down": {"uv": [62, 94], "uv_size": [29, -15]}
							}
						}
					]
				},
				{
					"name": "2",
					"parent": "attack",
					"pivot": [12, 16.625, -11.75],
					"cubes": [
						{
							"origin": [9.5, 10, -14.5],
							"size": [5, 3.25, 5.5],
							"pivot": [12, 16.625, -11.75],
							"rotation": [0, 27.5, 0],
							"uv": {
								"north": {"uv": [112, 64], "uv_size": [-29, 3.5]},
								"east": {"uv": [106, 84], "uv_size": [-15, 3.5]},
								"south": {"uv": [112, 60], "uv_size": [-29, 3.5]},
								"west": {"uv": [106, 88], "uv_size": [-15, 3.5]},
								"up": {"uv": [33, 94], "uv_size": [29, -15]},
								"down": {"uv": [62, 79], "uv_size": [29, 15]}
							}
						}
					]
				},
				{
					"name": "3",
					"parent": "attack",
					"pivot": [-12, 16.625, 11.75],
					"cubes": [
						{
							"origin": [-14.5, 10, 9],
							"size": [5, 3.25, 5.5],
							"pivot": [-12, 16.625, 11.75],
							"rotation": [0, 27.5, 0],
							"uv": {
								"north": {"uv": [112, 60], "uv_size": [-29, 3.5]},
								"east": {"uv": [106, 88], "uv_size": [-15, 3.5]},
								"south": {"uv": [112, 64], "uv_size": [-29, 3.5]},
								"west": {"uv": [106, 84], "uv_size": [-15, 3.5]},
								"up": {"uv": [62, 79], "uv_size": [-29, 15]},
								"down": {"uv": [91, 94], "uv_size": [-29, -15]}
							}
						}
					]
				},
				{
					"name": "4",
					"parent": "attack",
					"pivot": [-12, 16.625, -11.75],
					"cubes": [
						{
							"origin": [-14.5, 10, -14.5],
							"size": [5, 3.25, 5.5],
							"pivot": [-12, 16.625, -11.75],
							"rotation": [0, -27.5, 0],
							"uv": {
								"north": {"uv": [83, 64], "uv_size": [29, 3.5]},
								"east": {"uv": [91, 88], "uv_size": [15, 3.5]},
								"south": {"uv": [83, 60], "uv_size": [29, 3.5]},
								"west": {"uv": [91, 84], "uv_size": [15, 3.5]},
								"up": {"uv": [62, 94], "uv_size": [-29, -15]},
								"down": {"uv": [91, 79], "uv_size": [-29, 15]}
							}
						}
					]
				},
				{
					"name": "eyelid",
					"pivot": [0, 16.625, -12.25],
					"cubes": [
						{
							"origin": [-14.5, 15, -15],
							"size": [29, 3.25, 5.5],
							"uv": {
								"north": {"uv": [83, 60], "uv_size": [29, 3.5]},
								"east": {"uv": [91, 84], "uv_size": [15, 3.5]},
								"south": {"uv": [83, 64], "uv_size": [29, 3.5]},
								"west": {"uv": [91, 88], "uv_size": [15, 3.5]},
								"up": {"uv": [33, 79], "uv_size": [29, 15]},
								"down": {"uv": [62, 94], "uv_size": [29, -15]}
							}
						}
					]
				},
				{
					"name": "eyelid2",
					"pivot": [0, 16.625, 12.75],
					"cubes": [
						{
							"origin": [-14.5, 15, 10],
							"size": [29, 3.25, 5.5],
							"uv": {
								"north": {"uv": [83, 68], "uv_size": [29, 3.5]},
								"east": {"uv": [91, 92], "uv_size": [15, 3.5]},
								"south": {"uv": [83, 72], "uv_size": [29, 3.5]},
								"west": {"uv": [93, 0], "uv_size": [15, 3.5]},
								"up": {"uv": [0, 81], "uv_size": [29, 15]},
								"down": {"uv": [83, 60], "uv_size": [29, -15]}
							}
						}
					]
				},
				{
					"name": "eye",
					"pivot": [0, 16.75, 0],
					"cubes": [
						{
							"origin": [-12.5, 17, -12.5],
							"size": [25, 1, 25],
							"uv": {
								"north": {"uv": [93, 4], "uv_size": [25, 1]},
								"east": {"uv": [93, 5], "uv_size": [25, 1]},
								"south": {"uv": [93, 6], "uv_size": [25, 1]},
								"west": {"uv": [93, 7], "uv_size": [25, 1]},
								"up": {"uv": [33, 54], "uv_size": [25, 25]},
								"down": {"uv": [58, 79], "uv_size": [25, -25]}
							}
						},
						{
							"origin": [-13.5, 15, -13.5],
							"size": [27, 2, 27],
							"uv": {
								"north": {"uv": [83, 76], "uv_size": [27, 2]},
								"east": {"uv": [91, 78], "uv_size": [27, 2]},
								"south": {"uv": [91, 80], "uv_size": [27, 2]},
								"west": {"uv": [91, 82], "uv_size": [27, 2]},
								"up": {"uv": [33, 0], "uv_size": [27, 27]},
								"down": {"uv": [33, 54], "uv_size": [27, -27]}
							}
						}
					]
				},
				{
					"name": "eyeball",
					"parent": "eye",
					"pivot": [0, 0, 0],
					"cubes": [
						{
							"origin": [-4, 17.2, -4],
							"size": [8, 1, 8],
							"uv": {
								"north": {"uv": [60, 53], "uv_size": [8, 1]},
								"east": {"uv": [68, 53], "uv_size": [8, 1]},
								"south": {"uv": [83, 78], "uv_size": [8, 1]},
								"west": {"uv": [93, 8], "uv_size": [8, 1]},
								"up": {"uv": [60, 45], "uv_size": [8, 8]},
								"down": {"uv": [68, 53], "uv_size": [8, -8]}
							}
						}
					]
				}
			]
		}
	]
}