{
	"format_version": "1.12.0",
	"minecraft:geometry": [
		{
			"description": {
				"identifier": "geometry.party_pooper",
				"texture_width": 64,
				"texture_height": 64,
				"visible_bounds_width": 3,
				"visible_bounds_height": 3.5,
				"visible_bounds_offset": [0, 1.25, 0]
			},
			"bones": [
				{
					"name": "Main",
					"pivot": [0, 0, 0]
				},
				{
					"name": "head",
					"parent": "Main",
					"pivot": [0, 24, 0],
					"cubes": [
						{
							"origin": [-4, 24, -4],
							"size": [8, 8, 8],
							"uv": {
								"north": {"uv": [32, 8], "uv_size": [-8, 8]},
								"east": {"uv": [8, 8], "uv_size": [-8, 8]},
								"south": {"uv": [16, 8], "uv_size": [-8, 8]},
								"west": {"uv": [24, 8], "uv_size": [-8, 8]},
								"up": {"uv": [8, 8], "uv_size": [8, -8]},
								"down": {"uv": [16, 0], "uv_size": [8, 8]}
							}
						},
						{
							"origin": [-4.75, 23.75, 2],
							"size": [9.5, 0.25, 2],
							"uv": {
								"north": {"uv": [58, 18], "uv_size": [-10, 0]},
								"east": {"uv": [36, 18], "uv_size": [-2, 0]},
								"south": {"uv": [46, 18], "uv_size": [-10, 0]},
								"west": {"uv": [48, 18], "uv_size": [-2, 0]},
								"up": {"uv": [36, 18], "uv_size": [10, -2]},
								"down": {"uv": [46, 16], "uv_size": [10, 2]}
							}
						},
						{
							"origin": [-4, 24, 4],
							"size": [8, 8.7, 0.25],
							"uv": {
								"north": {"uv": [56, 24], "uv_size": [-8, 8]},
								"east": {"uv": [40, 24], "uv_size": [0, 8]},
								"south": {"uv": [32, 36], "uv_size": [-4, 12]},
								"west": {"uv": [48, 24], "uv_size": [0, 8]},
								"up": {"uv": [40, 24], "uv_size": [8, 0]},
								"down": {"uv": [48, 24], "uv_size": [8, 0]}
							}
						},
						{
							"origin": [-3.55, 32.5, 4],
							"size": [7.1, 0.45, 0.25],
							"uv": {
								"north": {"uv": [56, 24], "uv_size": [-8, 8]},
								"east": {"uv": [40, 24], "uv_size": [0, 8]},
								"south": {"uv": [48, 24], "uv_size": [-8, 8]},
								"west": {"uv": [48, 24], "uv_size": [0, 8]},
								"up": {"uv": [40, 24], "uv_size": [8, 0]},
								"down": {"uv": [48, 24], "uv_size": [8, 0]}
							}
						},
						{
							"origin": [-3.05, 32.95, 4],
							"size": [6.1, 0.2, 0.25],
							"uv": {
								"north": {"uv": [56, 24], "uv_size": [-8, 8]},
								"east": {"uv": [40, 24], "uv_size": [0, 8]},
								"south": {"uv": [48, 24], "uv_size": [-8, 8]},
								"west": {"uv": [48, 24], "uv_size": [0, 8]},
								"up": {"uv": [40, 24], "uv_size": [8, 0]},
								"down": {"uv": [48, 24], "uv_size": [8, 0]}
							}
						},
						{
							"origin": [-4.75, 24, 4],
							"size": [0.75, 7.45, 0.25],
							"uv": {
								"north": {"uv": [4, 0], "uv_size": [-1, 7]},
								"east": {"uv": [2, 0], "uv_size": [0, 7]},
								"south": {"uv": [32, 36], "uv_size": [-4, 12]},
								"west": {"uv": [3, 0], "uv_size": [0, 7]},
								"up": {"uv": [2, 0], "uv_size": [1, 0]},
								"down": {"uv": [3, 0], "uv_size": [1, 0]}
							}
						},
						{
							"origin": [4, 24, 4],
							"size": [0.75, 7.45, 0.25],
							"uv": {
								"north": {"uv": [2, 0], "uv_size": [-1, 7]},
								"east": {"uv": [0, 0], "uv_size": [0, 7]},
								"south": {"uv": [32, 36], "uv_size": [-4, 12]},
								"west": {"uv": [1, 0], "uv_size": [0, 7]},
								"up": {"uv": [0, 0], "uv_size": [1, 0]},
								"down": {"uv": [1, 0], "uv_size": [1, 0]}
							}
						},
						{
							"origin": [-4.6, 31.4, 4],
							"size": [1, 1.2, 0.25],
							"pivot": [-4.5, 31.725, 4.125],
							"rotation": [0, 0, 40],
							"uv": {
								"north": {"uv": [6, 1], "uv_size": [-1, 1]},
								"east": {"uv": [4, 1], "uv_size": [0, 1]},
								"south": {"uv": [32, 36], "uv_size": [-4, 12]},
								"west": {"uv": [5, 1], "uv_size": [0, 1]},
								"up": {"uv": [4, 1], "uv_size": [1, 0]},
								"down": {"uv": [5, 1], "uv_size": [1, 0]}
							}
						},
						{
							"origin": [3.6, 31.35, 4],
							"size": [1, 1.45, 0.25],
							"pivot": [4.5, 31.725, 4.125],
							"rotation": [0, 0, -27.5],
							"uv": {
								"north": {"uv": [6, 0], "uv_size": [-1, 1]},
								"east": {"uv": [4, 0], "uv_size": [0, 1]},
								"south": {"uv": [32, 36], "uv_size": [-4, 12]},
								"west": {"uv": [5, 0], "uv_size": [0, 1]},
								"up": {"uv": [4, 0], "uv_size": [1, 0]},
								"down": {"uv": [5, 0], "uv_size": [1, 0]}
							}
						},
						{
							"origin": [4.25, 24, -4],
							"size": [0.5, 3, 8],
							"pivot": [4.25, 24, 0],
							"rotation": [0, 0, 2],
							"uv": {
								"north": {"uv": [48, 41], "uv_size": [0, 3]},
								"east": {"uv": [40, 41], "uv_size": [-8, 3]},
								"south": {"uv": [40, 41], "uv_size": [0, 3]},
								"west": {"uv": [32, 36], "uv_size": [-4, 12]},
								"up": {"uv": [40, 41], "uv_size": [0, -8]},
								"down": {"uv": [40, 33], "uv_size": [0, 8]}
							}
						},
						{
							"origin": [4.25, 27, -4],
							"size": [0.5, 3, 8],
							"pivot": [4.25, 24, 0],
							"rotation": [0, 0, 2],
							"uv": {
								"north": {"uv": [48, 38], "uv_size": [0, 3]},
								"east": {"uv": [40, 38], "uv_size": [-8, 3]},
								"south": {"uv": [40, 38], "uv_size": [0, 3]},
								"west": {"uv": [32, 36], "uv_size": [-4, 12]},
								"up": {"uv": [40, 38], "uv_size": [0, -8]},
								"down": {"uv": [40, 30], "uv_size": [0, 8]}
							}
						},
						{
							"origin": [4.25, 30, -4],
							"size": [0.5, 2.25, 8],
							"pivot": [4.25, 24, 0],
							"rotation": [0, 0, 2],
							"uv": {
								"north": {"uv": [32, 48], "uv_size": [0, 2]},
								"east": {"uv": [24, 48], "uv_size": [-8, 2]},
								"south": {"uv": [24, 48], "uv_size": [0, 2]},
								"west": {"uv": [32, 36], "uv_size": [-4, 12]},
								"up": {"uv": [24, 48], "uv_size": [0, -8]},
								"down": {"uv": [24, 40], "uv_size": [0, 8]}
							}
						},
						{
							"origin": [4.53341, 31.9848, -4],
							"size": [0.5, 2.25, 8],
							"pivot": [4.82703, 32.11056, 0],
							"rotation": [0, 0, -65],
							"uv": {
								"north": {"uv": [56, 22], "uv_size": [0, 2]},
								"east": {"uv": [48, 22], "uv_size": [-8, 2]},
								"south": {"uv": [48, 22], "uv_size": [0, 2]},
								"west": {"uv": [32, 36], "uv_size": [-4, 12]},
								"up": {"uv": [48, 22], "uv_size": [0, -8]},
								"down": {"uv": [48, 14], "uv_size": [0, 8]}
							}
						},
						{
							"origin": [-5.03341, 31.9848, -4],
							"size": [0.5, 2.25, 8],
							"pivot": [-4.82703, 32.11056, 0],
							"rotation": [0, 0, 65],
							"uv": {
								"north": {"uv": [48, 44], "uv_size": [0, 2]},
								"east": {"uv": [32, 36], "uv_size": [-4, 12]},
								"south": {"uv": [40, 44], "uv_size": [0, 2]},
								"west": {"uv": [48, 44], "uv_size": [-8, 2]},
								"up": {"uv": [40, 44], "uv_size": [0, -8]},
								"down": {"uv": [40, 36], "uv_size": [0, 8]}
							}
						},
						{
							"origin": [1.49036, 32.46356, -4],
							"size": [0.5, 2.25, 8],
							"pivot": [2.09036, 33.33856, 0],
							"rotation": [0, 0, -87.5],
							"uv": {
								"north": {"uv": [56, 20], "uv_size": [0, 2]},
								"east": {"uv": [48, 20], "uv_size": [-8, 2]},
								"south": {"uv": [48, 20], "uv_size": [0, 2]},
								"west": {"uv": [32, 36], "uv_size": [-4, 12]},
								"up": {"uv": [48, 20], "uv_size": [0, -8]},
								"down": {"uv": [48, 12], "uv_size": [0, 8]}
							}
						},
						{
							"origin": [-1.99036, 32.46356, -4],
							"size": [0.5, 2.25, 8],
							"pivot": [-2.09036, 33.33856, 0],
							"rotation": [0, 0, 87.5],
							"uv": {
								"north": {"uv": [48, 46], "uv_size": [0, 2]},
								"east": {"uv": [32, 36], "uv_size": [-4, 12]},
								"south": {"uv": [40, 46], "uv_size": [0, 2]},
								"west": {"uv": [48, 46], "uv_size": [-8, 2]},
								"up": {"uv": [40, 46], "uv_size": [0, -8]},
								"down": {"uv": [40, 38], "uv_size": [0, 8]}
							}
						},
						{
							"origin": [-2.09036, 34.26356, -4],
							"size": [0.5, 2.25, 8],
							"pivot": [-2.09036, 33.33856, 0],
							"rotation": [0, 0, 90],
							"uv": {
								"north": {"uv": [52, 18], "uv_size": [0, 2]},
								"east": {"uv": [32, 36], "uv_size": [-4, 12]},
								"south": {"uv": [44, 18], "uv_size": [0, 2]},
								"west": {"uv": [52, 18], "uv_size": [-8, 2]},
								"up": {"uv": [44, 18], "uv_size": [0, -8]},
								"down": {"uv": [44, 10], "uv_size": [0, 8]}
							}
						},
						{
							"origin": [-4.75, 24, -4],
							"size": [0.5, 3, 8],
							"pivot": [-4.25, 24, 0],
							"rotation": [0, 0, -2],
							"uv": {
								"north": {"uv": [44, 32], "uv_size": [0, 3]},
								"east": {"uv": [32, 36], "uv_size": [-4, 12]},
								"south": {"uv": [36, 32], "uv_size": [0, 3]},
								"west": {"uv": [44, 32], "uv_size": [-8, 3]},
								"up": {"uv": [36, 32], "uv_size": [0, -8]},
								"down": {"uv": [36, 24], "uv_size": [0, 8]}
							}
						},
						{
							"origin": [-4.75, 27, -4],
							"size": [0.5, 3, 8],
							"pivot": [-4.25, 24, 0],
							"rotation": [0, 0, -2],
							"uv": {
								"north": {"uv": [48, 35], "uv_size": [0, 3]},
								"east": {"uv": [32, 36], "uv_size": [-4, 12]},
								"south": {"uv": [40, 35], "uv_size": [0, 3]},
								"west": {"uv": [48, 35], "uv_size": [-8, 3]},
								"up": {"uv": [40, 35], "uv_size": [0, -8]},
								"down": {"uv": [40, 27], "uv_size": [0, 8]}
							}
						},
						{
							"origin": [-4.75, 30, -4],
							"size": [0.5, 2.25, 8],
							"pivot": [-4.25, 24, 0],
							"rotation": [0, 0, -2],
							"uv": {
								"north": {"uv": [16, 48], "uv_size": [0, 2]},
								"east": {"uv": [32, 36], "uv_size": [-4, 12]},
								"south": {"uv": [8, 48], "uv_size": [0, 2]},
								"west": {"uv": [16, 48], "uv_size": [-8, 2]},
								"up": {"uv": [8, 48], "uv_size": [0, -8]},
								"down": {"uv": [8, 40], "uv_size": [0, 8]}
							}
						}
					]
				},
				{
					"name": "body",
					"parent": "Main",
					"pivot": [0, 12, 0],
					"cubes": [
						{
							"origin": [-4, 12, -2],
							"size": [8, 12, 4],
							"uv": {
								"north": {"uv": [24, 20], "uv_size": [-8, 12]},
								"east": {"uv": [4, 20], "uv_size": [-4, 12]},
								"south": {"uv": [32, 36], "uv_size": [-4, 12]},
								"west": {"uv": [16, 20], "uv_size": [-4, 12]},
								"up": {"uv": [4, 20], "uv_size": [8, -4]},
								"down": {"uv": [12, 16], "uv_size": [8, 4]}
							}
						}
					]
				},
				{
					"name": "leftArm",
					"parent": "Main",
					"pivot": [-4, 24, 0],
					"cubes": [
						{
							"origin": [-8, 12, -2],
							"size": [4, 12, 4],
							"uv": {
								"north": {"uv": [28, 36], "uv_size": [4, 12]},
								"east": {"uv": [28, 36], "uv_size": [4, 12]},
								"south": {"uv": [28, 36], "uv_size": [4, 12]},
								"west": {"uv": [24, 36], "uv_size": [4, 12]},
								"up": {"uv": [32, 48], "uv_size": [-4, -12]},
								"down": {"uv": [24, 36], "uv_size": [4, -4]}
							}
						}
					]
				},
				{
					"name": "rightArm",
					"parent": "Main",
					"pivot": [4, 24, 0],
					"cubes": [
						{
							"origin": [4, 12, -2],
							"size": [4, 12, 4],
							"uv": {
								"north": {"uv": [28, 36], "uv_size": [4, 12]},
								"east": {"uv": [32, 4], "uv_size": [4, 12]},
								"south": {"uv": [28, 36], "uv_size": [4, 12]},
								"west": {"uv": [28, 36], "uv_size": [4, 12]},
								"up": {"uv": [32, 48], "uv_size": [-4, -12]},
								"down": {"uv": [40, 4], "uv_size": [4, -4]}
							}
						}
					]
				},
				{
					"name": "leftLeg",
					"parent": "Main",
					"pivot": [-1.9, 12, 0],
					"cubes": [
						{
							"origin": [-4, 0, -2],
							"size": [4, 12, 4],
							"uv": {
								"north": {"uv": [32, 20], "uv_size": [4, 12]},
								"east": {"uv": [32, 20], "uv_size": [4, 12]},
								"south": {"uv": [12, 36], "uv_size": [4, 12]},
								"west": {"uv": [32, 20], "uv_size": [4, 12]},
								"up": {"uv": [4, 32], "uv_size": [4, 4]},
								"down": {"uv": [8, 36], "uv_size": [4, -4]}
							}
						}
					]
				},
				{
					"name": "rightLeg",
					"parent": "Main",
					"pivot": [1.9, 12, 0],
					"cubes": [
						{
							"origin": [0.05, 0, -2],
							"size": [4, 12, 4],
							"uv": {
								"north": {"uv": [32, 20], "uv_size": [4, 12]},
								"east": {"uv": [32, 20], "uv_size": [4, 12]},
								"south": {"uv": [36, 20], "uv_size": [4, 12]},
								"west": {"uv": [32, 20], "uv_size": [4, 12]},
								"up": {"uv": [28, 16], "uv_size": [4, 4]},
								"down": {"uv": [32, 20], "uv_size": [4, -4]}
							}
						}
					]
				}
			]
		}
	]
}