{
	"format_version": "1.12.0",
	"minecraft:geometry": [
		{
			"description": {
				"identifier": "geometry.rascal",
				"texture_width": 64,
				"texture_height": 64,
				"visible_bounds_width": 2,
				"visible_bounds_height": 2.5,
				"visible_bounds_offset": [0, 0.75, 0]
			},
			"bones": [
				{
					"name": "Main",
					"pivot": [0, -1, 0]
				},
				{
					"name": "head",
					"parent": "Main",
					"pivot": [0, 10.75, -1],
					"cubes": [
						{
							"origin": [-3, 8, -5],
							"size": [6, 5.75, 4],
							"uv": {
								"north": {"uv": [16, 6], "uv_size": [6, 6]},
								"east": {"uv": [31, 15], "uv_size": [4, 6]},
								"south": {"uv": [16, 12], "uv_size": [6, 6]},
								"west": {"uv": [31, 21], "uv_size": [4, 6]},
								"up": {"uv": [31, 0], "uv_size": [6, 4]},
								"down": {"uv": [6, 36], "uv_size": [6, -4]}
							}
						}
					]
				},
				{
					"name": "hat",
					"parent": "head",
					"pivot": [-0.5, -1, 0],
					"cubes": [
						{
							"origin": [-3.5, 13.75, -5],
							"size": [6.5, 0.35, 4],
							"uv": {
								"north": {"uv": [36, 9], "uv_size": [6.5, 0.5]},
								"east": {"uv": [36, 32], "uv_size": [4, 0.5]},
								"south": {"uv": [16, 36], "uv_size": [6.5, 0.5]},
								"west": {"uv": [33, 36], "uv_size": [4, 0.5]},
								"up": {"uv": [24, 0], "uv_size": [6.5, 4]},
								"down": {"uv": [24, 22], "uv_size": [6.5, -4]}
							}
						},
						{
							"origin": [-3.5, 6.55, -5],
							"size": [0.5, 7.25, 4],
							"uv": {
								"north": {"uv": [11, 36], "uv_size": [0.5, 7]},
								"east": {"uv": [0, 24], "uv_size": [4, 7]},
								"south": {"uv": [15, 36], "uv_size": [0.5, 7]},
								"west": {"uv": [4, 24], "uv_size": [4, 7]},
								"up": {"uv": [15, 26], "uv_size": [0.5, 4]},
								"down": {"uv": [23, 40], "uv_size": [0.5, -4]}
							}
						},
						{
							"origin": [-3, 12.05, -5.5],
							"size": [6, 1.75, 0.5],
							"uv": {
								"north": {"uv": [24, 4], "uv_size": [6, 1.5]},
								"east": {"uv": [27, 28], "uv_size": [0.5, 1.5]},
								"south": {"uv": [33, 10], "uv_size": [6, 1.5]},
								"west": {"uv": [14, 37], "uv_size": [0.5, 1.5]},
								"up": {"uv": [36, 30], "uv_size": [6, 0.5]},
								"down": {"uv": [36, 31.5], "uv_size": [6, -0.5]}
							}
						},
						{
							"origin": [-3, 11.3, -5.5],
							"size": [2, 0.75, 0.5],
							"uv": {
								"north": {"uv": [6, 31], "uv_size": [2, 0.5]},
								"east": {"uv": [22, 37], "uv_size": [0.5, 0.5]},
								"south": {"uv": [37, 6], "uv_size": [2, 0.5]},
								"west": {"uv": [35, 37], "uv_size": [0.5, 0.5]},
								"up": {"uv": [16, 37], "uv_size": [2, 0.5]},
								"down": {"uv": [18, 37.5], "uv_size": [2, -0.5]}
							}
						},
						{
							"origin": [-3.5, 9.55, -5.5],
							"size": [0.5, 2.5, 0.5],
							"uv": {
								"north": {"uv": [30, 15], "uv_size": [0.5, 2.5]},
								"east": {"uv": [23, 30], "uv_size": [0.5, 2.5]},
								"south": {"uv": [26, 36], "uv_size": [0.5, 2.5]},
								"west": {"uv": [36, 33], "uv_size": [0.5, 2.5]},
								"up": {"uv": [37, 36], "uv_size": [0.5, 0.5]},
								"down": {"uv": [37, 37.5], "uv_size": [0.5, -0.5]}
							}
						},
						{
							"origin": [3, 9.55, -5.5],
							"size": [0.5, 2.5, 0.5],
							"uv": {
								"north": {"uv": [37, 0], "uv_size": [0.5, 2.5]},
								"east": {"uv": [37, 3], "uv_size": [0.5, 2.5]},
								"south": {"uv": [12, 37], "uv_size": [0.5, 2.5]},
								"west": {"uv": [13, 37], "uv_size": [0.5, 2.5]},
								"up": {"uv": [38, 0], "uv_size": [0.5, 0.5]},
								"down": {"uv": [38, 1.5], "uv_size": [0.5, -0.5]}
							}
						},
						{
							"origin": [1, 11.3, -5.5],
							"size": [2, 0.75, 0.5],
							"uv": {
								"north": {"uv": [20, 37], "uv_size": [2, 0.5]},
								"east": {"uv": [37, 35], "uv_size": [0.5, 0.5]},
								"south": {"uv": [33, 37], "uv_size": [2, 0.5]},
								"west": {"uv": [36, 37], "uv_size": [0.5, 0.5]},
								"up": {"uv": [37, 33], "uv_size": [2, 0.5]},
								"down": {"uv": [37, 34.5], "uv_size": [2, -0.5]}
							}
						},
						{
							"origin": [3, 6.3, -5],
							"size": [0.5, 7.5, 4],
							"uv": {
								"north": {"uv": [9, 36], "uv_size": [0.5, 7.5]},
								"east": {"uv": [16, 22], "uv_size": [4, 7.5]},
								"south": {"uv": [10, 36], "uv_size": [0.5, 7.5]},
								"west": {"uv": [20, 22], "uv_size": [4, 7.5]},
								"up": {"uv": [24, 36], "uv_size": [0.5, 4]},
								"down": {"uv": [25, 40], "uv_size": [0.5, -4]}
							}
						}
					]
				},
				{
					"name": "body",
					"parent": "Main",
					"pivot": [0, 6.91667, 2.33333],
					"cubes": [
						{
							"origin": [-4, 3, -1],
							"size": [8, 12, 4],
							"uv": {
								"north": {"uv": [0, 0], "uv_size": [8, 12]},
								"east": {"uv": [0, 12], "uv_size": [4, 12]},
								"south": {"uv": [8, 0], "uv_size": [8, 12]},
								"west": {"uv": [4, 12], "uv_size": [4, 12]},
								"up": {"uv": [8, 18], "uv_size": [8, 4]},
								"down": {"uv": [16, 22], "uv_size": [8, -4]}
							}
						},
						{
							"origin": [-4.05, 1.25, -1.05],
							"size": [8.1, 3, 4.1],
							"uv": {
								"north": {"uv": [30, 12], "uv_size": [8, 3]},
								"east": {"uv": [30, 12], "uv_size": [8, 3]},
								"south": {"uv": [30, 12], "uv_size": [8, 3]},
								"west": {"uv": [30, 12], "uv_size": [8, 3]},
								"up": {"uv": [22, 10], "uv_size": [8, 4]},
								"down": {"uv": [22, 18], "uv_size": [8, -4]}
							}
						},
						{
							"origin": [-4, 6, 3],
							"size": [8, 6, 4],
							"uv": {
								"north": {"uv": [8, 12], "uv_size": [8, 6]},
								"east": {"uv": [24, 22], "uv_size": [4, 6]},
								"south": {"uv": [16, 0], "uv_size": [8, 6]},
								"west": {"uv": [8, 26], "uv_size": [4, 6]},
								"up": {"uv": [22, 6], "uv_size": [8, 4]},
								"down": {"uv": [8, 26], "uv_size": [8, -4]}
							}
						}
					]
				},
				{
					"name": "leftArm",
					"parent": "Main",
					"pivot": [4, 11, 1],
					"cubes": [
						{
							"origin": [4, 3, -0.5],
							"size": [3, 8, 3],
							"uv": {
								"north": {"uv": [12, 26], "uv_size": [3, 8]},
								"east": {"uv": [28, 22], "uv_size": [3, 8]},
								"south": {"uv": [24, 28], "uv_size": [3, 8]},
								"west": {"uv": [30, 4], "uv_size": [3, 8]},
								"up": {"uv": [33, 7], "uv_size": [3, 3]},
								"down": {"uv": [15, 36], "uv_size": [3, -3]}
							}
						}
					]
				},
				{
					"name": "rightArm",
					"parent": "Main",
					"pivot": [-4, 11, 1],
					"cubes": [
						{
							"origin": [-7, 3, -0.5],
							"size": [3, 8, 3],
							"uv": {
								"north": {"uv": [27, 30], "uv_size": [3, 8]},
								"east": {"uv": [30, 30], "uv_size": [3, 8]},
								"south": {"uv": [0, 31], "uv_size": [3, 8]},
								"west": {"uv": [3, 31], "uv_size": [3, 8]},
								"up": {"uv": [18, 33], "uv_size": [3, 3]},
								"down": {"uv": [21, 36], "uv_size": [3, -3]}
							}
						}
					]
				},
				{
					"name": "leftLeg",
					"parent": "Main",
					"pivot": [2.5, 1.5, 1],
					"cubes": [
						{
							"origin": [1, 0, -0.5],
							"size": [3, 1.75, 3],
							"uv": {
								"north": {"uv": [35, 18], "uv_size": [3, 2]},
								"east": {"uv": [35, 20], "uv_size": [3, 2]},
								"south": {"uv": [35, 22], "uv_size": [3, 2]},
								"west": {"uv": [35, 24], "uv_size": [3, 2]},
								"up": {"uv": [33, 30], "uv_size": [3, 3]},
								"down": {"uv": [33, 36], "uv_size": [3, -3]}
							}
						}
					]
				},
				{
					"name": "rightLeg",
					"parent": "Main",
					"pivot": [-2.5, 1.5, 1],
					"cubes": [
						{
							"origin": [-4, 0, -0.5],
							"size": [3, 1.75, 3],
							"uv": {
								"north": {"uv": [35, 26], "uv_size": [3, 2]},
								"east": {"uv": [35, 28], "uv_size": [3, 2]},
								"south": {"uv": [6, 36], "uv_size": [3, 2]},
								"west": {"uv": [36, 7], "uv_size": [3, 2]},
								"up": {"uv": [12, 34], "uv_size": [3, 3]},
								"down": {"uv": [35, 18], "uv_size": [3, -3]}
							}
						}
					]
				}
			]
		}
	]
}