{
	"format_version": "1.12.0",
	"minecraft:geometry": [
		{
			"description": {
				"identifier": "geometry.skin_stealer",
				"texture_width": 64,
				"texture_height": 64,
				"visible_bounds_width": 3,
				"visible_bounds_height": 4.5,
				"visible_bounds_offset": [0, 1.75, 0]
			},
			"bones": [
				{
					"name": "main",
					"pivot": [0, 0, 0]
				},
				{
					"name": "body",
					"parent": "main",
					"pivot": [0, 17.75, 0.625],
					"cubes": [
						{
							"origin": [-6.25, 27, -2.25],
							"size": [12.5, 10, 5.5],
							"uv": {
								"north": {"uv": [0, 0], "uv_size": [13, 10]},
								"east": {"uv": [9, 29], "uv_size": [6, 10]},
								"south": {"uv": [0, 10], "uv_size": [13, 10]},
								"west": {"uv": [30, 0], "uv_size": [6, 10]},
								"up": {"uv": [22, 10], "uv_size": [13, 6]},
								"down": {"uv": [28, 22], "uv_size": [13, -6]}
							}
						},
						{
							"origin": [-4.75, 18, -1.75],
							"size": [9.5, 9, 5],
							"uv": {
								"north": {"uv": [0, 20], "uv_size": [10, 9]},
								"east": {"uv": [10, 39], "uv_size": [5, 9]},
								"south": {"uv": [10, 20], "uv_size": [10, 9]},
								"west": {"uv": [15, 40], "uv_size": [5, 9]},
								"up": {"uv": [35, 11], "uv_size": [10, 5]},
								"down": {"uv": [37, 27], "uv_size": [10, -5]}
							}
						}
					]
				},
				{
					"name": "head",
					"parent": "body",
					"pivot": [0, 36, 0.5],
					"cubes": [
						{
							"origin": [-4.5, 37, -3.5],
							"size": [9, 10, 8],
							"uv": {
								"north": {"uv": [13, 0], "uv_size": [9, 10]},
								"east": {"uv": [20, 20], "uv_size": [8, 10]},
								"south": {"uv": [13, 10], "uv_size": [9, 10]},
								"west": {"uv": [22, 0], "uv_size": [8, 10]},
								"up": {"uv": [28, 22], "uv_size": [9, 8]},
								"down": {"uv": [0, 37], "uv_size": [9, -8]}
							}
						}
					]
				},
				{
					"name": "rightArm",
					"parent": "body",
					"pivot": [-6.25, 36.5, 0.5],
					"rotation": [0, 0, 2.5],
					"cubes": [
						{
							"origin": [-10.25, 26.5, -2],
							"size": [4, 10.5, 5],
							"uv": {
								"north": {"uv": [40, 27], "uv_size": [4, 11]},
								"east": {"uv": [15, 29], "uv_size": [5, 11]},
								"south": {"uv": [40, 38], "uv_size": [4, 11]},
								"west": {"uv": [20, 30], "uv_size": [5, 11]},
								"up": {"uv": [35, 52], "uv_size": [4, 5]},
								"down": {"uv": [53, 30], "uv_size": [4, -5]}
							}
						}
					]
				},
				{
					"name": "bottom3",
					"parent": "rightArm",
					"pivot": [-8.91667, 26, -0.75],
					"rotation": [-5, 0, 0],
					"cubes": [
						{
							"origin": [-10, 16, -1.75],
							"size": [3.5, 10.5, 4.5],
							"uv": {
								"north": {"uv": [41, 0], "uv_size": [4, 11]},
								"east": {"uv": [25, 30], "uv_size": [5, 11]},
								"south": {"uv": [20, 41], "uv_size": [4, 11]},
								"west": {"uv": [30, 30], "uv_size": [5, 11]},
								"up": {"uv": [53, 30], "uv_size": [4, 5]},
								"down": {"uv": [53, 40], "uv_size": [4, -5]}
							}
						},
						{
							"origin": [-10, 11.6, -2],
							"size": [1, 4.4, 1],
							"uv": {
								"north": {"uv": [48, 55], "uv_size": [4, 4]},
								"east": {"uv": [39, 52], "uv_size": [1, 4]},
								"south": {"uv": [52, 55], "uv_size": [4, 4]},
								"west": {"uv": [18, 55], "uv_size": [1, 4]},
								"up": {"uv": [22, 19], "uv_size": [4, 1]},
								"down": {"uv": [41, 22], "uv_size": [4, -1]}
							}
						},
						{
							"origin": [-7.25, 12, -2],
							"size": [1, 4, 1],
							"uv": {
								"north": {"uv": [48, 55], "uv_size": [4, 4]},
								"east": {"uv": [39, 52], "uv_size": [1, 4]},
								"south": {"uv": [52, 55], "uv_size": [4, 4]},
								"west": {"uv": [18, 55], "uv_size": [1, 4]},
								"up": {"uv": [22, 19], "uv_size": [4, 1]},
								"down": {"uv": [41, 22], "uv_size": [4, -1]}
							}
						},
						{
							"origin": [-8.75, 11.4, -2],
							"size": [1, 4.6, 1],
							"uv": {
								"north": {"uv": [48, 55], "uv_size": [4, 4]},
								"east": {"uv": [39, 52], "uv_size": [1, 4]},
								"south": {"uv": [52, 55], "uv_size": [4, 4]},
								"west": {"uv": [18, 55], "uv_size": [1, 4]},
								"up": {"uv": [22, 19], "uv_size": [4, 1]},
								"down": {"uv": [41, 22], "uv_size": [4, -1]}
							}
						},
						{
							"origin": [-6.75, 12.75, 0.25],
							"size": [1, 3.5, 1.5],
							"uv": {
								"north": {"uv": [43, 56], "uv_size": [1, 4]},
								"east": {"uv": [45, 18], "uv_size": [2, 4]},
								"south": {"uv": [57, 37], "uv_size": [1, 4]},
								"west": {"uv": [8, 50], "uv_size": [2, 4]},
								"up": {"uv": [39, 27], "uv_size": [1, 2]},
								"down": {"uv": [4, 50], "uv_size": [1, -2]}
							}
						}
					]
				},
				{
					"name": "leftArm",
					"parent": "body",
					"pivot": [6.25, 36.5, 0.5],
					"rotation": [0, 0, -2.5],
					"cubes": [
						{
							"origin": [6.25, 26.5, -2],
							"size": [4, 10.5, 5],
							"uv": {
								"north": {"uv": [44, 27], "uv_size": [-4, 11]},
								"east": {"uv": [25, 30], "uv_size": [-5, 11]},
								"south": {"uv": [44, 38], "uv_size": [-4, 11]},
								"west": {"uv": [20, 29], "uv_size": [-5, 11]},
								"up": {"uv": [39, 52], "uv_size": [-4, 5]},
								"down": {"uv": [57, 30], "uv_size": [-4, -5]}
							}
						}
					]
				},
				{
					"name": "bottom4",
					"parent": "leftArm",
					"pivot": [8.91667, 26, -0.75],
					"rotation": [-5, 0, 0],
					"cubes": [
						{
							"origin": [6.5, 16, -1.75],
							"size": [3.5, 10.5, 4.5],
							"uv": {
								"north": {"uv": [45, 0], "uv_size": [-4, 11]},
								"east": {"uv": [35, 30], "uv_size": [-5, 11]},
								"south": {"uv": [24, 41], "uv_size": [-4, 11]},
								"west": {"uv": [30, 30], "uv_size": [-5, 11]},
								"up": {"uv": [57, 30], "uv_size": [-4, 5]},
								"down": {"uv": [57, 40], "uv_size": [-4, -5]}
							}
						},
						{
							"origin": [9, 11.6, -2],
							"size": [1, 4.4, 1],
							"uv": {
								"north": {"uv": [52, 55], "uv_size": [-4, 4]},
								"east": {"uv": [19, 55], "uv_size": [-1, 4]},
								"south": {"uv": [56, 55], "uv_size": [-4, 4]},
								"west": {"uv": [40, 52], "uv_size": [-1, 4]},
								"up": {"uv": [26, 19], "uv_size": [-4, 1]},
								"down": {"uv": [45, 22], "uv_size": [-4, -1]}
							}
						},
						{
							"origin": [6.25, 12, -2],
							"size": [1, 4, 1],
							"uv": {
								"north": {"uv": [52, 55], "uv_size": [-4, 4]},
								"east": {"uv": [19, 55], "uv_size": [-1, 4]},
								"south": {"uv": [56, 55], "uv_size": [-4, 4]},
								"west": {"uv": [40, 52], "uv_size": [-1, 4]},
								"up": {"uv": [26, 19], "uv_size": [-4, 1]},
								"down": {"uv": [45, 22], "uv_size": [-4, -1]}
							}
						},
						{
							"origin": [7.75, 11.4, -2],
							"size": [1, 4.6, 1],
							"uv": {
								"north": {"uv": [52, 55], "uv_size": [-4, 4]},
								"east": {"uv": [19, 55], "uv_size": [-1, 4]},
								"south": {"uv": [56, 55], "uv_size": [-4, 4]},
								"west": {"uv": [40, 52], "uv_size": [-1, 4]},
								"up": {"uv": [26, 19], "uv_size": [-4, 1]},
								"down": {"uv": [45, 22], "uv_size": [-4, -1]}
							}
						},
						{
							"origin": [5.75, 12.75, 0.25],
							"size": [1, 3.5, 1.5],
							"uv": {
								"north": {"uv": [44, 56], "uv_size": [-1, 4]},
								"east": {"uv": [10, 50], "uv_size": [-2, 4]},
								"south": {"uv": [58, 37], "uv_size": [-1, 4]},
								"west": {"uv": [47, 18], "uv_size": [-2, 4]},
								"up": {"uv": [40, 27], "uv_size": [-1, 2]},
								"down": {"uv": [5, 50], "uv_size": [-1, -2]}
							}
						}
					]
				},
				{
					"name": "leftLeg",
					"parent": "main",
					"pivot": [2.5, 17.5, 0.75],
					"rotation": [0, -5, 0],
					"cubes": [
						{
							"origin": [0.75, 9, -1.25],
							"size": [3.5, 9, 4],
							"uv": {
								"north": {"uv": [44, 27], "uv_size": [4, 9]},
								"east": {"uv": [44, 36], "uv_size": [4, 9]},
								"south": {"uv": [45, 0], "uv_size": [4, 9]},
								"west": {"uv": [45, 9], "uv_size": [4, 9]},
								"up": {"uv": [54, 14], "uv_size": [4, 4]},
								"down": {"uv": [44, 58], "uv_size": [4, -4]}
							}
						}
					]
				},
				{
					"name": "bottom",
					"parent": "leftLeg",
					"pivot": [2.5, 8.58333, -1],
					"cubes": [
						{
							"origin": [0.5, 2.5, -1.5],
							"size": [4, 6.5, 4.5],
							"uv": {
								"north": {"uv": [40, 49], "uv_size": [4, 7]},
								"east": {"uv": [48, 27], "uv_size": [5, 7]},
								"south": {"uv": [4, 50], "uv_size": [4, 7]},
								"west": {"uv": [48, 34], "uv_size": [5, 7]},
								"up": {"uv": [41, 16], "uv_size": [4, 5]},
								"down": {"uv": [23, 57], "uv_size": [4, -5]}
							}
						},
						{
							"origin": [0.25, 0, -2],
							"size": [4.5, 2.5, 5],
							"uv": {
								"north": {"uv": [55, 22], "uv_size": [5, 3]},
								"east": {"uv": [22, 16], "uv_size": [6, 3]},
								"south": {"uv": [0, 57], "uv_size": [5, 3]},
								"west": {"uv": [54, 5], "uv_size": [6, 3]},
								"up": {"uv": [49, 0], "uv_size": [5, 6]},
								"down": {"uv": [49, 12], "uv_size": [5, -6]}
							}
						},
						{
							"origin": [0.25, 0, -3.2],
							"size": [4.5, 1.5, 1.2],
							"uv": {
								"north": {"uv": [57, 25], "uv_size": [5, 2]},
								"east": {"uv": [5, 37], "uv_size": [2, 2]},
								"south": {"uv": [57, 27], "uv_size": [5, 2]},
								"west": {"uv": [7, 37], "uv_size": [2, 2]},
								"up": {"uv": [28, 57], "uv_size": [5, 2]},
								"down": {"uv": [57, 31], "uv_size": [5, -2]}
							}
						}
					]
				},
				{
					"name": "rightLeg",
					"parent": "main",
					"pivot": [-2.5, 17.5, 0.75],
					"rotation": [0, 5.5, 0],
					"cubes": [
						{
							"origin": [-4.25, 9, -1.25],
							"size": [3.5, 9, 4],
							"uv": {
								"north": {"uv": [44, 45], "uv_size": [4, 9]},
								"east": {"uv": [47, 18], "uv_size": [4, 9]},
								"south": {"uv": [0, 48], "uv_size": [4, 9]},
								"west": {"uv": [10, 48], "uv_size": [4, 9]},
								"up": {"uv": [14, 55], "uv_size": [4, 4]},
								"down": {"uv": [55, 22], "uv_size": [4, -4]}
							}
						}
					]
				},
				{
					"name": "bottom2",
					"parent": "rightLeg",
					"pivot": [-2.5, 8.58333, -1],
					"cubes": [
						{
							"origin": [-4.5, 2.5, -1.5],
							"size": [4, 6.5, 4.5],
							"uv": {
								"north": {"uv": [51, 18], "uv_size": [4, 7]},
								"east": {"uv": [48, 41], "uv_size": [5, 7]},
								"south": {"uv": [19, 52], "uv_size": [4, 7]},
								"west": {"uv": [48, 48], "uv_size": [5, 7]},
								"up": {"uv": [27, 52], "uv_size": [4, 5]},
								"down": {"uv": [31, 57], "uv_size": [4, -5]}
							}
						},
						{
							"origin": [-4.75, 0, -2],
							"size": [4.5, 2.5, 5],
							"uv": {
								"north": {"uv": [5, 57], "uv_size": [5, 3]},
								"east": {"uv": [54, 8], "uv_size": [6, 3]},
								"south": {"uv": [23, 57], "uv_size": [5, 3]},
								"west": {"uv": [54, 11], "uv_size": [6, 3]},
								"up": {"uv": [49, 12], "uv_size": [5, 6]},
								"down": {"uv": [14, 55], "uv_size": [5, -6]}
							}
						},
						{
							"origin": [-4.75, 0, -3.5],
							"size": [4.5, 1.5, 1.5],
							"uv": {
								"north": {"uv": [57, 31], "uv_size": [5, 2]},
								"east": {"uv": [37, 27], "uv_size": [2, 2]},
								"south": {"uv": [33, 57], "uv_size": [5, 2]},
								"west": {"uv": [51, 25], "uv_size": [2, 2]},
								"up": {"uv": [57, 33], "uv_size": [5, 2]},
								"down": {"uv": [57, 37], "uv_size": [5, -2]}
							}
						}
					]
				}
			]
		}
	]
}