{
	"format_version": "1.12.0",
	"minecraft:geometry": [
		{
			"description": {
				"identifier": "geometry.smiler",
				"texture_width": 64,
				"texture_height": 64,
				"visible_bounds_width": 6,
				"visible_bounds_height": 3.5,
				"visible_bounds_offset": [0, 1.25, 0]
			},
			"bones": [
				{
					"name": "main",
					"pivot": [0, 2, 0]
				},
				{
					"name": "head",
					"parent": "main",
					"pivot": [0.0375, 18.2363, 1.75],
					"cubes": [
						{
							"origin": [-5.65, 15, 0],
							"size": [12.05, 11, 0],
							"uv": {
								"north": {"uv": [16, 16], "uv_size": [10, 9]},
								"east": {"uv": [18, 25], "uv_size": [5, 9]},
								"south": {"uv": [16, 0], "uv_size": [10, 9]},
								"west": {"uv": [23, 25], "uv_size": [5, 9]},
								"up": {"uv": [16, 9], "uv_size": [10, 5]},
								"down": {"uv": [8, 30], "uv_size": [10, -5]}
							}
						},
						{
							"origin": [-4.05, 19.5, -0.3],
							"size": [1, 1, 0],
							"pivot": [-3.25, 20.1, -0.8],
							"rotation": [0, 0, 10],
							"uv": {
								"north": {"uv": [8.5, 23.5], "uv_size": [1, 1]},
								"east": {"uv": [0, 0], "uv_size": [1, 1]},
								"south": {"uv": [0, 0], "uv_size": [1, 1]},
								"west": {"uv": [0, 0], "uv_size": [1, 1]},
								"up": {"uv": [1, 1], "uv_size": [-1, -1]},
								"down": {"uv": [1, 1], "uv_size": [-1, -1]}
							}
						},
						{
							"origin": [3.55, 19.7, -0.3],
							"size": [1, 1, 0],
							"pivot": [3.55, 20.1, -0.8],
							"rotation": [0, 0, -19],
							"uv": {
								"north": {"uv": [9.5, 23.5], "uv_size": [-1, 1]},
								"east": {"uv": [1, 0], "uv_size": [-1, 1]},
								"south": {"uv": [1, 0], "uv_size": [-1, 1]},
								"west": {"uv": [1, 0], "uv_size": [-1, 1]},
								"up": {"uv": [0, 1], "uv_size": [1, -1]},
								"down": {"uv": [0, 1], "uv_size": [1, -1]}
							}
						},
						{
							"origin": [5.57515, 21.84129, -0.3],
							"size": [1, 1, 0],
							"uv": {
								"north": {"uv": [9.5, 23.5], "uv_size": [-1, 1]},
								"east": {"uv": [1, 0], "uv_size": [-1, 1]},
								"south": {"uv": [1, 0], "uv_size": [-1, 1]},
								"west": {"uv": [1, 0], "uv_size": [-1, 1]},
								"up": {"uv": [0, 1], "uv_size": [1, -1]},
								"down": {"uv": [0, 1], "uv_size": [1, -1]}
							}
						},
						{
							"origin": [5.32515, 21.09129, -0.3],
							"size": [1, 1, 0],
							"pivot": [3.47515, 20.89129, -0.8],
							"rotation": [0, 0, -12],
							"uv": {
								"north": {"uv": [9.5, 23.5], "uv_size": [-1, 1]},
								"east": {"uv": [1, 0], "uv_size": [-1, 1]},
								"south": {"uv": [1, 0], "uv_size": [-1, 1]},
								"west": {"uv": [1, 0], "uv_size": [-1, 1]},
								"up": {"uv": [0, 1], "uv_size": [1, -1]},
								"down": {"uv": [0, 1], "uv_size": [1, -1]}
							}
						},
						{
							"origin": [5.32515, 21.09129, -0.3],
							"size": [1, 1, 0],
							"pivot": [3.47515, 20.89129, -0.8],
							"rotation": [0, 0, -12],
							"uv": {
								"north": {"uv": [9.5, 23.5], "uv_size": [-1, 1]},
								"east": {"uv": [1, 0], "uv_size": [-1, 1]},
								"south": {"uv": [1, 0], "uv_size": [-1, 1]},
								"west": {"uv": [1, 0], "uv_size": [-1, 1]},
								"up": {"uv": [0, 1], "uv_size": [1, -1]},
								"down": {"uv": [0, 1], "uv_size": [1, -1]}
							}
						},
						{
							"origin": [5.57515, 22.34129, -0.3],
							"size": [1, 1, 0],
							"uv": {
								"north": {"uv": [9.5, 23.5], "uv_size": [-1, 1]},
								"east": {"uv": [1, 0], "uv_size": [-1, 1]},
								"south": {"uv": [1, 0], "uv_size": [-1, 1]},
								"west": {"uv": [1, 0], "uv_size": [-1, 1]},
								"up": {"uv": [0, 1], "uv_size": [1, -1]},
								"down": {"uv": [0, 1], "uv_size": [1, -1]}
							}
						},
						{
							"origin": [5.57515, 21.59129, -0.3],
							"size": [1, 1, 0],
							"pivot": [3.47515, 20.89129, -0.8],
							"rotation": [0, 0, -12],
							"uv": {
								"north": {"uv": [9.5, 23.5], "uv_size": [-1, 1]},
								"east": {"uv": [1, 0], "uv_size": [-1, 1]},
								"south": {"uv": [1, 0], "uv_size": [-1, 1]},
								"west": {"uv": [1, 0], "uv_size": [-1, 1]},
								"up": {"uv": [0, 1], "uv_size": [1, -1]},
								"down": {"uv": [0, 1], "uv_size": [1, -1]}
							}
						},
						{
							"origin": [5.57515, 22.84129, -0.3],
							"size": [1, 1, 0],
							"uv": {
								"north": {"uv": [9.5, 23.5], "uv_size": [-1, 1]},
								"east": {"uv": [1, 0], "uv_size": [-1, 1]},
								"south": {"uv": [1, 0], "uv_size": [-1, 1]},
								"west": {"uv": [1, 0], "uv_size": [-1, 1]},
								"up": {"uv": [0, 1], "uv_size": [1, -1]},
								"down": {"uv": [0, 1], "uv_size": [1, -1]}
							}
						},
						{
							"origin": [5.72515, 22.54129, -0.3],
							"size": [1, 1, 0],
							"uv": {
								"north": {"uv": [9.5, 23.5], "uv_size": [-1, 1]},
								"east": {"uv": [1, 0], "uv_size": [-1, 1]},
								"south": {"uv": [1, 0], "uv_size": [-1, 1]},
								"west": {"uv": [1, 0], "uv_size": [-1, 1]},
								"up": {"uv": [0, 1], "uv_size": [1, -1]},
								"down": {"uv": [0, 1], "uv_size": [1, -1]}
							}
						},
						{
							"origin": [3.72515, 20.74129, -0.3],
							"size": [1, 1, 0],
							"pivot": [3.82515, 21.14129, -0.8],
							"rotation": [0, 0, -12],
							"uv": {
								"north": {"uv": [9.5, 23.5], "uv_size": [-1, 1]},
								"east": {"uv": [1, 0], "uv_size": [-1, 1]},
								"south": {"uv": [1, 0], "uv_size": [-1, 1]},
								"west": {"uv": [1, 0], "uv_size": [-1, 1]},
								"up": {"uv": [0, 1], "uv_size": [1, -1]},
								"down": {"uv": [0, 1], "uv_size": [1, -1]}
							}
						},
						{
							"origin": [-5.47515, 20.74129, -0.3],
							"size": [1, 1, 0],
							"pivot": [-2.82515, 21.14129, -0.8],
							"rotation": [0, 0, 12],
							"uv": {
								"north": {"uv": [8.5, 23.5], "uv_size": [1, 1]},
								"east": {"uv": [0, 0], "uv_size": [1, 1]},
								"south": {"uv": [0, 0], "uv_size": [1, 1]},
								"west": {"uv": [0, 0], "uv_size": [1, 1]},
								"up": {"uv": [1, 1], "uv_size": [-1, -1]},
								"down": {"uv": [1, 1], "uv_size": [-1, -1]}
							}
						},
						{
							"origin": [-5.22515, 20.24129, -0.3],
							"size": [1, 1, 0],
							"pivot": [-2.82515, 21.14129, -0.8],
							"rotation": [0, 0, 12],
							"uv": {
								"north": {"uv": [8.5, 23.5], "uv_size": [1, 1]},
								"east": {"uv": [0, 0], "uv_size": [1, 1]},
								"south": {"uv": [0, 0], "uv_size": [1, 1]},
								"west": {"uv": [0, 0], "uv_size": [1, 1]},
								"up": {"uv": [1, 1], "uv_size": [-1, -1]},
								"down": {"uv": [1, 1], "uv_size": [-1, -1]}
							}
						},
						{
							"origin": [-4.72515, 19.99129, -0.3],
							"size": [1, 1, 0],
							"pivot": [-2.82515, 21.14129, -0.8],
							"rotation": [0, 0, 12],
							"uv": {
								"north": {"uv": [8.5, 23.5], "uv_size": [1, 1]},
								"east": {"uv": [0, 0], "uv_size": [1, 1]},
								"south": {"uv": [0, 0], "uv_size": [1, 1]},
								"west": {"uv": [0, 0], "uv_size": [1, 1]},
								"up": {"uv": [1, 1], "uv_size": [-1, -1]},
								"down": {"uv": [1, 1], "uv_size": [-1, -1]}
							}
						},
						{
							"origin": [-5.72515, 22.54129, -0.3],
							"size": [1, 1, 0],
							"uv": {
								"north": {"uv": [8.5, 23.5], "uv_size": [1, 1]},
								"east": {"uv": [0, 0], "uv_size": [1, 1]},
								"south": {"uv": [0, 0], "uv_size": [1, 1]},
								"west": {"uv": [0, 0], "uv_size": [1, 1]},
								"up": {"uv": [1, 1], "uv_size": [-1, -1]},
								"down": {"uv": [1, 1], "uv_size": [-1, -1]}
							}
						},
						{
							"origin": [-4.47515, 19.74129, -0.3],
							"size": [1, 1, 0],
							"pivot": [-2.82515, 21.14129, -0.8],
							"rotation": [0, 0, 12],
							"uv": {
								"north": {"uv": [8.5, 23.5], "uv_size": [1, 1]},
								"east": {"uv": [0, 0], "uv_size": [1, 1]},
								"south": {"uv": [0, 0], "uv_size": [1, 1]},
								"west": {"uv": [0, 0], "uv_size": [1, 1]},
								"up": {"uv": [1, 1], "uv_size": [-1, -1]},
								"down": {"uv": [1, 1], "uv_size": [-1, -1]}
							}
						},
						{
							"origin": [-5.57515, 21.84129, -0.3],
							"size": [1, 1, 0],
							"uv": {
								"north": {"uv": [8.5, 23.5], "uv_size": [1, 1]},
								"east": {"uv": [0, 0], "uv_size": [1, 1]},
								"south": {"uv": [0, 0], "uv_size": [1, 1]},
								"west": {"uv": [0, 0], "uv_size": [1, 1]},
								"up": {"uv": [1, 1], "uv_size": [-1, -1]},
								"down": {"uv": [1, 1], "uv_size": [-1, -1]}
							}
						},
						{
							"origin": [-5.57515, 21.59129, -0.3],
							"size": [1, 1, 0],
							"pivot": [-2.47515, 20.89129, -0.8],
							"rotation": [0, 0, 12],
							"uv": {
								"north": {"uv": [8.5, 23.5], "uv_size": [1, 1]},
								"east": {"uv": [0, 0], "uv_size": [1, 1]},
								"south": {"uv": [0, 0], "uv_size": [1, 1]},
								"west": {"uv": [0, 0], "uv_size": [1, 1]},
								"up": {"uv": [1, 1], "uv_size": [-1, -1]},
								"down": {"uv": [1, 1], "uv_size": [-1, -1]}
							}
						},
						{
							"origin": [-5.57515, 22.84129, -0.3],
							"size": [1, 1, 0],
							"uv": {
								"north": {"uv": [8.5, 23.5], "uv_size": [1, 1]},
								"east": {"uv": [0, 0], "uv_size": [1, 1]},
								"south": {"uv": [0, 0], "uv_size": [1, 1]},
								"west": {"uv": [0, 0], "uv_size": [1, 1]},
								"up": {"uv": [1, 1], "uv_size": [-1, -1]},
								"down": {"uv": [1, 1], "uv_size": [-1, -1]}
							}
						},
						{
							"origin": [-4.22515, 20.24129, -0.3],
							"size": [1, 1, 0],
							"pivot": [-2.82515, 21.14129, -0.8],
							"rotation": [0, 0, 12],
							"uv": {
								"north": {"uv": [8.5, 23.5], "uv_size": [1, 1]},
								"east": {"uv": [0, 0], "uv_size": [1, 1]},
								"south": {"uv": [0, 0], "uv_size": [1, 1]},
								"west": {"uv": [0, 0], "uv_size": [1, 1]},
								"up": {"uv": [1, 1], "uv_size": [-1, -1]},
								"down": {"uv": [1, 1], "uv_size": [-1, -1]}
							}
						},
						{
							"origin": [-4.52515, 20.84129, -0.3],
							"size": [1, 1, 0],
							"pivot": [-2.82515, 21.14129, -0.8],
							"rotation": [0, 0, 12],
							"uv": {
								"north": {"uv": [8.5, 23.5], "uv_size": [1, 1]},
								"east": {"uv": [0, 0], "uv_size": [1, 1]},
								"south": {"uv": [0, 0], "uv_size": [1, 1]},
								"west": {"uv": [0, 0], "uv_size": [1, 1]},
								"up": {"uv": [1, 1], "uv_size": [-1, -1]},
								"down": {"uv": [1, 1], "uv_size": [-1, -1]}
							}
						},
						{
							"origin": [-5.42515, 21.54129, -0.3],
							"size": [1, 1, 0],
							"pivot": [-2.82515, 21.14129, -0.8],
							"rotation": [0, 0, 12],
							"uv": {
								"north": {"uv": [8.5, 23.5], "uv_size": [1, 1]},
								"east": {"uv": [0, 0], "uv_size": [1, 1]},
								"south": {"uv": [0, 0], "uv_size": [1, 1]},
								"west": {"uv": [0, 0], "uv_size": [1, 1]},
								"up": {"uv": [1, 1], "uv_size": [-1, -1]},
								"down": {"uv": [1, 1], "uv_size": [-1, -1]}
							}
						},
						{
							"origin": [-5.12515, 21.24129, -0.3],
							"size": [1, 1, 0],
							"pivot": [-2.82515, 21.14129, -0.8],
							"rotation": [0, 0, 12],
							"uv": {
								"north": {"uv": [8.5, 23.5], "uv_size": [1, 1]},
								"east": {"uv": [0, 0], "uv_size": [1, 1]},
								"south": {"uv": [0, 0], "uv_size": [1, 1]},
								"west": {"uv": [0, 0], "uv_size": [1, 1]},
								"up": {"uv": [1, 1], "uv_size": [-1, -1]},
								"down": {"uv": [1, 1], "uv_size": [-1, -1]}
							}
						},
						{
							"origin": [-4.72515, 20.64129, -0.3],
							"size": [1, 1, 0],
							"pivot": [-2.82515, 21.14129, -0.8],
							"rotation": [0, 0, 12],
							"uv": {
								"north": {"uv": [8.5, 23.5], "uv_size": [1, 1]},
								"east": {"uv": [0, 0], "uv_size": [1, 1]},
								"south": {"uv": [0, 0], "uv_size": [1, 1]},
								"west": {"uv": [0, 0], "uv_size": [1, 1]},
								"up": {"uv": [1, 1], "uv_size": [-1, -1]},
								"down": {"uv": [1, 1], "uv_size": [-1, -1]}
							}
						},
						{
							"origin": [-3.72515, 20.74129, -0.3],
							"size": [1, 1, 0],
							"pivot": [-2.82515, 21.14129, -0.8],
							"rotation": [0, 0, 12],
							"uv": {
								"north": {"uv": [8.5, 23.5], "uv_size": [1, 1]},
								"east": {"uv": [0, 0], "uv_size": [1, 1]},
								"south": {"uv": [0, 0], "uv_size": [1, 1]},
								"west": {"uv": [0, 0], "uv_size": [1, 1]},
								"up": {"uv": [1, 1], "uv_size": [-1, -1]},
								"down": {"uv": [1, 1], "uv_size": [-1, -1]}
							}
						},
						{
							"origin": [4.72515, 20.64129, -0.3],
							"size": [1, 1, 0],
							"pivot": [3.82515, 21.14129, -0.8],
							"rotation": [0, 0, -12],
							"uv": {
								"north": {"uv": [9.5, 23.5], "uv_size": [-1, 1]},
								"east": {"uv": [1, 0], "uv_size": [-1, 1]},
								"south": {"uv": [1, 0], "uv_size": [-1, 1]},
								"west": {"uv": [1, 0], "uv_size": [-1, 1]},
								"up": {"uv": [0, 1], "uv_size": [1, -1]},
								"down": {"uv": [0, 1], "uv_size": [1, -1]}
							}
						},
						{
							"origin": [5.12515, 21.24129, -0.3],
							"size": [1, 1, 0],
							"pivot": [3.82515, 21.14129, -0.8],
							"rotation": [0, 0, -12],
							"uv": {
								"north": {"uv": [9.5, 23.5], "uv_size": [-1, 1]},
								"east": {"uv": [1, 0], "uv_size": [-1, 1]},
								"south": {"uv": [1, 0], "uv_size": [-1, 1]},
								"west": {"uv": [1, 0], "uv_size": [-1, 1]},
								"up": {"uv": [0, 1], "uv_size": [1, -1]},
								"down": {"uv": [0, 1], "uv_size": [1, -1]}
							}
						},
						{
							"origin": [5.42515, 21.54129, -0.3],
							"size": [1, 1, 0],
							"pivot": [3.82515, 21.14129, -0.8],
							"rotation": [0, 0, -12],
							"uv": {
								"north": {"uv": [9.5, 23.5], "uv_size": [-1, 1]},
								"east": {"uv": [1, 0], "uv_size": [-1, 1]},
								"south": {"uv": [1, 0], "uv_size": [-1, 1]},
								"west": {"uv": [1, 0], "uv_size": [-1, 1]},
								"up": {"uv": [0, 1], "uv_size": [1, -1]},
								"down": {"uv": [0, 1], "uv_size": [1, -1]}
							}
						},
						{
							"origin": [4.52515, 20.84129, -0.3],
							"size": [1, 1, 0],
							"pivot": [3.82515, 21.14129, -0.8],
							"rotation": [0, 0, -12],
							"uv": {
								"north": {"uv": [9.5, 23.5], "uv_size": [-1, 1]},
								"east": {"uv": [1, 0], "uv_size": [-1, 1]},
								"south": {"uv": [1, 0], "uv_size": [-1, 1]},
								"west": {"uv": [1, 0], "uv_size": [-1, 1]},
								"up": {"uv": [0, 1], "uv_size": [1, -1]},
								"down": {"uv": [0, 1], "uv_size": [1, -1]}
							}
						},
						{
							"origin": [4.22515, 20.24129, -0.3],
							"size": [1, 1, 0],
							"pivot": [3.82515, 21.14129, -0.8],
							"rotation": [0, 0, -12],
							"uv": {
								"north": {"uv": [9.5, 23.5], "uv_size": [-1, 1]},
								"east": {"uv": [1, 0], "uv_size": [-1, 1]},
								"south": {"uv": [1, 0], "uv_size": [-1, 1]},
								"west": {"uv": [1, 0], "uv_size": [-1, 1]},
								"up": {"uv": [0, 1], "uv_size": [1, -1]},
								"down": {"uv": [0, 1], "uv_size": [1, -1]}
							}
						},
						{
							"origin": [3.97515, 19.49129, -0.3],
							"size": [1, 1, 0],
							"pivot": [3.82515, 21.14129, -0.8],
							"rotation": [0, 0, -12],
							"uv": {
								"north": {"uv": [9.5, 23.5], "uv_size": [-1, 1]},
								"east": {"uv": [1, 0], "uv_size": [-1, 1]},
								"south": {"uv": [1, 0], "uv_size": [-1, 1]},
								"west": {"uv": [1, 0], "uv_size": [-1, 1]},
								"up": {"uv": [0, 1], "uv_size": [1, -1]},
								"down": {"uv": [0, 1], "uv_size": [1, -1]}
							}
						},
						{
							"origin": [4.47515, 19.74129, -0.3],
							"size": [1, 1, 0],
							"pivot": [3.82515, 21.14129, -0.8],
							"rotation": [0, 0, -12],
							"uv": {
								"north": {"uv": [9.5, 23.5], "uv_size": [-1, 1]},
								"east": {"uv": [1, 0], "uv_size": [-1, 1]},
								"south": {"uv": [1, 0], "uv_size": [-1, 1]},
								"west": {"uv": [1, 0], "uv_size": [-1, 1]},
								"up": {"uv": [0, 1], "uv_size": [1, -1]},
								"down": {"uv": [0, 1], "uv_size": [1, -1]}
							}
						},
						{
							"origin": [4.72515, 19.99129, -0.3],
							"size": [1, 1, 0],
							"pivot": [3.82515, 21.14129, -0.8],
							"rotation": [0, 0, -12],
							"uv": {
								"north": {"uv": [9.5, 23.5], "uv_size": [-1, 1]},
								"east": {"uv": [1, 0], "uv_size": [-1, 1]},
								"south": {"uv": [1, 0], "uv_size": [-1, 1]},
								"west": {"uv": [1, 0], "uv_size": [-1, 1]},
								"up": {"uv": [0, 1], "uv_size": [1, -1]},
								"down": {"uv": [0, 1], "uv_size": [1, -1]}
							}
						},
						{
							"origin": [5.22515, 20.24129, -0.3],
							"size": [1, 1, 0],
							"pivot": [3.82515, 21.14129, -0.8],
							"rotation": [0, 0, -12],
							"uv": {
								"north": {"uv": [9.5, 23.5], "uv_size": [-1, 1]},
								"east": {"uv": [1, 0], "uv_size": [-1, 1]},
								"south": {"uv": [1, 0], "uv_size": [-1, 1]},
								"west": {"uv": [1, 0], "uv_size": [-1, 1]},
								"up": {"uv": [0, 1], "uv_size": [1, -1]},
								"down": {"uv": [0, 1], "uv_size": [1, -1]}
							}
						},
						{
							"origin": [5.47515, 20.74129, -0.3],
							"size": [1, 1, 0],
							"pivot": [3.82515, 21.14129, -0.8],
							"rotation": [0, 0, -12],
							"uv": {
								"north": {"uv": [9.5, 23.5], "uv_size": [-1, 1]},
								"east": {"uv": [1, 0], "uv_size": [-1, 1]},
								"south": {"uv": [1, 0], "uv_size": [-1, 1]},
								"west": {"uv": [1, 0], "uv_size": [-1, 1]},
								"up": {"uv": [0, 1], "uv_size": [1, -1]},
								"down": {"uv": [0, 1], "uv_size": [1, -1]}
							}
						},
						{
							"origin": [4.47515, 19.74129, -0.3],
							"size": [1, 1, 0],
							"pivot": [3.82515, 21.14129, -0.8],
							"rotation": [0, 0, -12],
							"uv": {
								"north": {"uv": [9.5, 23.5], "uv_size": [-1, 1]},
								"east": {"uv": [1, 0], "uv_size": [-1, 1]},
								"south": {"uv": [1, 0], "uv_size": [-1, 1]},
								"west": {"uv": [1, 0], "uv_size": [-1, 1]},
								"up": {"uv": [0, 1], "uv_size": [1, -1]},
								"down": {"uv": [0, 1], "uv_size": [1, -1]}
							}
						},
						{
							"origin": [2.32515, 19.54129, -0.3],
							"size": [1, 1, 0],
							"pivot": [3.82515, 21.14129, -0.8],
							"rotation": [0, 0, -12],
							"uv": {
								"north": {"uv": [9.5, 23.5], "uv_size": [-1, 1]},
								"east": {"uv": [1, 0], "uv_size": [-1, 1]},
								"south": {"uv": [1, 0], "uv_size": [-1, 1]},
								"west": {"uv": [1, 0], "uv_size": [-1, 1]},
								"up": {"uv": [0, 1], "uv_size": [1, -1]},
								"down": {"uv": [0, 1], "uv_size": [1, -1]}
							}
						},
						{
							"origin": [-3.75, 20.4, -0.3],
							"size": [1, 1, 0],
							"pivot": [-1.95, 21.1, -0.8],
							"rotation": [0, 0, 7.5],
							"uv": {
								"north": {"uv": [8.5, 23.5], "uv_size": [1, 1]},
								"east": {"uv": [0, 0], "uv_size": [1, 1]},
								"south": {"uv": [0, 0], "uv_size": [1, 1]},
								"west": {"uv": [0, 0], "uv_size": [1, 1]},
								"up": {"uv": [1, 1], "uv_size": [-1, -1]},
								"down": {"uv": [1, 1], "uv_size": [-1, -1]}
							}
						},
						{
							"origin": [-3.85, 20.1, -0.3],
							"size": [1, 1, 0],
							"pivot": [-1.95, 21.1, -0.8],
							"rotation": [0, 0, 7.5],
							"uv": {
								"north": {"uv": [8.5, 23.5], "uv_size": [1, 1]},
								"east": {"uv": [0, 0], "uv_size": [1, 1]},
								"south": {"uv": [0, 0], "uv_size": [1, 1]},
								"west": {"uv": [0, 0], "uv_size": [1, 1]},
								"up": {"uv": [1, 1], "uv_size": [-1, -1]},
								"down": {"uv": [1, 1], "uv_size": [-1, -1]}
							}
						},
						{
							"origin": [-2.85, 20.4, -0.3],
							"size": [1, 1, 0],
							"pivot": [-1.95, 21.1, -0.8],
							"rotation": [0, 0, 7.5],
							"uv": {
								"north": {"uv": [8.5, 23.5], "uv_size": [1, 1]},
								"east": {"uv": [0, 0], "uv_size": [1, 1]},
								"south": {"uv": [0, 0], "uv_size": [1, 1]},
								"west": {"uv": [0, 0], "uv_size": [1, 1]},
								"up": {"uv": [1, 1], "uv_size": [-1, -1]},
								"down": {"uv": [1, 1], "uv_size": [-1, -1]}
							}
						},
						{
							"origin": [-3.35, 20.1, -0.3],
							"size": [1, 1, 0],
							"pivot": [-1.95, 21.1, -0.8],
							"rotation": [0, 0, 7.5],
							"uv": {
								"north": {"uv": [8.5, 23.5], "uv_size": [1, 1]},
								"east": {"uv": [0, 0], "uv_size": [1, 1]},
								"south": {"uv": [0, 0], "uv_size": [1, 1]},
								"west": {"uv": [0, 0], "uv_size": [1, 1]},
								"up": {"uv": [1, 1], "uv_size": [-1, -1]},
								"down": {"uv": [1, 1], "uv_size": [-1, -1]}
							}
						},
						{
							"origin": [-2.65, 20.4, -0.3],
							"size": [1, 1, 0],
							"pivot": [-1.95, 21.1, -0.8],
							"rotation": [0, 0, 7.5],
							"uv": {
								"north": {"uv": [8.5, 23.5], "uv_size": [1, 1]},
								"east": {"uv": [0, 0], "uv_size": [1, 1]},
								"south": {"uv": [0, 0], "uv_size": [1, 1]},
								"west": {"uv": [0, 0], "uv_size": [1, 1]},
								"up": {"uv": [1, 1], "uv_size": [-1, -1]},
								"down": {"uv": [1, 1], "uv_size": [-1, -1]}
							}
						},
						{
							"origin": [-3.75, 20.4, -0.3],
							"size": [1, 1, 0],
							"pivot": [-1.95, 21.1, -0.8],
							"rotation": [0, 0, 7.5],
							"uv": {
								"north": {"uv": [8.5, 23.5], "uv_size": [1, 1]},
								"east": {"uv": [0, 0], "uv_size": [1, 1]},
								"south": {"uv": [0, 0], "uv_size": [1, 1]},
								"west": {"uv": [0, 0], "uv_size": [1, 1]},
								"up": {"uv": [1, 1], "uv_size": [-1, -1]},
								"down": {"uv": [1, 1], "uv_size": [-1, -1]}
							}
						},
						{
							"origin": [-2.05, 19, -0.3],
							"size": [1, 1, 0],
							"pivot": [-1.95, 20, -0.8],
							"rotation": [-0.03811, -0.07156, 2.50134],
							"uv": {
								"north": {"uv": [8.5, 23.5], "uv_size": [1, 1]},
								"east": {"uv": [0, 0], "uv_size": [1, 1]},
								"south": {"uv": [0, 0], "uv_size": [1, 1]},
								"west": {"uv": [0, 0], "uv_size": [1, 1]},
								"up": {"uv": [1, 1], "uv_size": [-1, -1]},
								"down": {"uv": [1, 1], "uv_size": [-1, -1]}
							}
						},
						{
							"origin": [-2.45, 20, -0.3],
							"size": [1, 1, 0],
							"pivot": [-1.95, 20, -0.8],
							"rotation": [-0.03811, -0.07156, 2.50134],
							"uv": {
								"north": {"uv": [8.5, 23.5], "uv_size": [1, 1]},
								"east": {"uv": [0, 0], "uv_size": [1, 1]},
								"south": {"uv": [0, 0], "uv_size": [1, 1]},
								"west": {"uv": [0, 0], "uv_size": [1, 1]},
								"up": {"uv": [1, 1], "uv_size": [-1, -1]},
								"down": {"uv": [1, 1], "uv_size": [-1, -1]}
							}
						},
						{
							"origin": [-1.55, 20, -0.3],
							"size": [1, 1, 0],
							"pivot": [-1.95, 20, -0.8],
							"rotation": [-0.03811, -0.07156, 2.50134],
							"uv": {
								"north": {"uv": [8.5, 23.5], "uv_size": [1, 1]},
								"east": {"uv": [0, 0], "uv_size": [1, 1]},
								"south": {"uv": [0, 0], "uv_size": [1, 1]},
								"west": {"uv": [0, 0], "uv_size": [1, 1]},
								"up": {"uv": [1, 1], "uv_size": [-1, -1]},
								"down": {"uv": [1, 1], "uv_size": [-1, -1]}
							}
						},
						{
							"origin": [-0.55, 20, -0.3],
							"size": [1, 1, 0],
							"pivot": [-1.95, 20, -0.8],
							"rotation": [-0.03811, -0.07156, 2.50134],
							"uv": {
								"north": {"uv": [8.5, 23.5], "uv_size": [1, 1]},
								"east": {"uv": [0, 0], "uv_size": [1, 1]},
								"south": {"uv": [0, 0], "uv_size": [1, 1]},
								"west": {"uv": [0, 0], "uv_size": [1, 1]},
								"up": {"uv": [1, 1], "uv_size": [-1, -1]},
								"down": {"uv": [1, 1], "uv_size": [-1, -1]}
							}
						},
						{
							"origin": [0.25, 20, -0.3],
							"size": [1, 1, 0],
							"pivot": [-1.95, 20, -0.8],
							"rotation": [-0.03811, -0.07156, 2.50134],
							"uv": {
								"north": {"uv": [8.5, 23.5], "uv_size": [1, 1]},
								"east": {"uv": [0, 0], "uv_size": [1, 1]},
								"south": {"uv": [0, 0], "uv_size": [1, 1]},
								"west": {"uv": [0, 0], "uv_size": [1, 1]},
								"up": {"uv": [1, 1], "uv_size": [-1, -1]},
								"down": {"uv": [1, 1], "uv_size": [-1, -1]}
							}
						},
						{
							"origin": [1.05, 20, -0.3],
							"size": [1, 1, 0],
							"pivot": [-1.95, 20, -0.8],
							"rotation": [-0.03811, -0.07156, 2.50134],
							"uv": {
								"north": {"uv": [8.5, 23.5], "uv_size": [1, 1]},
								"east": {"uv": [0, 0], "uv_size": [1, 1]},
								"south": {"uv": [0, 0], "uv_size": [1, 1]},
								"west": {"uv": [0, 0], "uv_size": [1, 1]},
								"up": {"uv": [1, 1], "uv_size": [-1, -1]},
								"down": {"uv": [1, 1], "uv_size": [-1, -1]}
							}
						},
						{
							"origin": [1.75, 20, -0.3],
							"size": [1, 1, 0],
							"pivot": [-1.95, 20, -0.8],
							"rotation": [-0.03811, -0.07156, 2.50134],
							"uv": {
								"north": {"uv": [8.5, 23.5], "uv_size": [1, 1]},
								"east": {"uv": [0, 0], "uv_size": [1, 1]},
								"south": {"uv": [0, 0], "uv_size": [1, 1]},
								"west": {"uv": [0, 0], "uv_size": [1, 1]},
								"up": {"uv": [1, 1], "uv_size": [-1, -1]},
								"down": {"uv": [1, 1], "uv_size": [-1, -1]}
							}
						},
						{
							"origin": [-3.05, 19.2, -0.3],
							"size": [1, 1, 0],
							"pivot": [-1.95, 20, -0.8],
							"rotation": [0, 0, 5],
							"uv": {
								"north": {"uv": [8.5, 23.5], "uv_size": [1, 1]},
								"east": {"uv": [0, 0], "uv_size": [1, 1]},
								"south": {"uv": [0, 0], "uv_size": [1, 1]},
								"west": {"uv": [0, 0], "uv_size": [1, 1]},
								"up": {"uv": [1, 1], "uv_size": [-1, -1]},
								"down": {"uv": [1, 1], "uv_size": [-1, -1]}
							}
						},
						{
							"origin": [-0.65, 20.3, -0.3],
							"size": [1, 1, 0],
							"uv": {
								"north": {"uv": [8.5, 23.5], "uv_size": [1, 1]},
								"east": {"uv": [0, 0], "uv_size": [1, 1]},
								"south": {"uv": [0, 0], "uv_size": [1, 1]},
								"west": {"uv": [0, 0], "uv_size": [1, 1]},
								"up": {"uv": [1, 1], "uv_size": [-1, -1]},
								"down": {"uv": [1, 1], "uv_size": [-1, -1]}
							}
						},
						{
							"origin": [-1.15, 19.6, -0.3],
							"size": [1, 1, 0],
							"uv": {
								"north": {"uv": [8.5, 23.5], "uv_size": [1, 1]},
								"east": {"uv": [0, 0], "uv_size": [1, 1]},
								"south": {"uv": [0, 0], "uv_size": [1, 1]},
								"west": {"uv": [0, 0], "uv_size": [1, 1]},
								"up": {"uv": [1, 1], "uv_size": [-1, -1]},
								"down": {"uv": [1, 1], "uv_size": [-1, -1]}
							}
						},
						{
							"origin": [-0.45, 19.6, -0.3],
							"size": [1, 1, 0],
							"uv": {
								"north": {"uv": [8.5, 23.5], "uv_size": [1, 1]},
								"east": {"uv": [0, 0], "uv_size": [1, 1]},
								"south": {"uv": [0, 0], "uv_size": [1, 1]},
								"west": {"uv": [0, 0], "uv_size": [1, 1]},
								"up": {"uv": [1, 1], "uv_size": [-1, -1]},
								"down": {"uv": [1, 1], "uv_size": [-1, -1]}
							}
						},
						{
							"origin": [-1.55, 19.1, -0.3],
							"size": [1, 1, 0],
							"uv": {
								"north": {"uv": [8.5, 23.5], "uv_size": [1, 1]},
								"east": {"uv": [0, 0], "uv_size": [1, 1]},
								"south": {"uv": [0, 0], "uv_size": [1, 1]},
								"west": {"uv": [0, 0], "uv_size": [1, 1]},
								"up": {"uv": [1, 1], "uv_size": [-1, -1]},
								"down": {"uv": [1, 1], "uv_size": [-1, -1]}
							}
						},
						{
							"origin": [-2.25, 19.1, -0.3],
							"size": [1, 1, 0],
							"uv": {
								"north": {"uv": [8.5, 23.5], "uv_size": [1, 1]},
								"east": {"uv": [0, 0], "uv_size": [1, 1]},
								"south": {"uv": [0, 0], "uv_size": [1, 1]},
								"west": {"uv": [0, 0], "uv_size": [1, 1]},
								"up": {"uv": [1, 1], "uv_size": [-1, -1]},
								"down": {"uv": [1, 1], "uv_size": [-1, -1]}
							}
						},
						{
							"origin": [-3.35, 19.5, -0.3],
							"size": [1, 1, 0],
							"uv": {
								"north": {"uv": [8.5, 23.5], "uv_size": [1, 1]},
								"east": {"uv": [0, 0], "uv_size": [1, 1]},
								"south": {"uv": [0, 0], "uv_size": [1, 1]},
								"west": {"uv": [0, 0], "uv_size": [1, 1]},
								"up": {"uv": [1, 1], "uv_size": [-1, -1]},
								"down": {"uv": [1, 1], "uv_size": [-1, -1]}
							}
						},
						{
							"origin": [-1.05, 20.3, -0.3],
							"size": [1, 1, 0],
							"uv": {
								"north": {"uv": [8.5, 23.5], "uv_size": [1, 1]},
								"east": {"uv": [0, 0], "uv_size": [1, 1]},
								"south": {"uv": [0, 0], "uv_size": [1, 1]},
								"west": {"uv": [0, 0], "uv_size": [1, 1]},
								"up": {"uv": [1, 1], "uv_size": [-1, -1]},
								"down": {"uv": [1, 1], "uv_size": [-1, -1]}
							}
						},
						{
							"origin": [0.25, 20.3, -0.3],
							"size": [1, 1, 0],
							"uv": {
								"north": {"uv": [8.5, 23.5], "uv_size": [1, 1]},
								"east": {"uv": [0, 0], "uv_size": [1, 1]},
								"south": {"uv": [0, 0], "uv_size": [1, 1]},
								"west": {"uv": [0, 0], "uv_size": [1, 1]},
								"up": {"uv": [1, 1], "uv_size": [-1, -1]},
								"down": {"uv": [1, 1], "uv_size": [-1, -1]}
							}
						},
						{
							"origin": [1.25, 20.3, -0.3],
							"size": [1, 1, 0],
							"uv": {
								"north": {"uv": [8.5, 23.5], "uv_size": [1, 1]},
								"east": {"uv": [0, 0], "uv_size": [1, 1]},
								"south": {"uv": [0, 0], "uv_size": [1, 1]},
								"west": {"uv": [0, 0], "uv_size": [1, 1]},
								"up": {"uv": [1, 1], "uv_size": [-1, -1]},
								"down": {"uv": [1, 1], "uv_size": [-1, -1]}
							}
						},
						{
							"origin": [1.85, 20.3, -0.3],
							"size": [1, 1, 0],
							"uv": {
								"north": {"uv": [8.5, 23.5], "uv_size": [1, 1]},
								"east": {"uv": [0, 0], "uv_size": [1, 1]},
								"south": {"uv": [0, 0], "uv_size": [1, 1]},
								"west": {"uv": [0, 0], "uv_size": [1, 1]},
								"up": {"uv": [1, 1], "uv_size": [-1, -1]},
								"down": {"uv": [1, 1], "uv_size": [-1, -1]}
							}
						},
						{
							"origin": [-0.05, 18.9, -0.3],
							"size": [1, 1, 0],
							"uv": {
								"north": {"uv": [8.5, 23.5], "uv_size": [1, 1]},
								"east": {"uv": [0, 0], "uv_size": [1, 1]},
								"south": {"uv": [0, 0], "uv_size": [1, 1]},
								"west": {"uv": [0, 0], "uv_size": [1, 1]},
								"up": {"uv": [1, 1], "uv_size": [-1, -1]},
								"down": {"uv": [1, 1], "uv_size": [-1, -1]}
							}
						},
						{
							"origin": [2.35, 20.3, -0.3],
							"size": [1, 1, 0],
							"pivot": [0.85, 20.8, -0.8],
							"rotation": [0, 0, -3],
							"uv": {
								"north": {"uv": [8.5, 23.5], "uv_size": [1, 1]},
								"east": {"uv": [0, 0], "uv_size": [1, 1]},
								"south": {"uv": [0, 0], "uv_size": [1, 1]},
								"west": {"uv": [0, 0], "uv_size": [1, 1]},
								"up": {"uv": [1, 1], "uv_size": [-1, -1]},
								"down": {"uv": [1, 1], "uv_size": [-1, -1]}
							}
						},
						{
							"origin": [1.65, 19.1, -0.3],
							"size": [1, 1, 0],
							"pivot": [1.75, 19.8, -0.8],
							"rotation": [0, 0, -0.5],
							"uv": {
								"north": {"uv": [8.5, 23.5], "uv_size": [1, 1]},
								"east": {"uv": [0, 0], "uv_size": [1, 1]},
								"south": {"uv": [0, 0], "uv_size": [1, 1]},
								"west": {"uv": [0, 0], "uv_size": [1, 1]},
								"up": {"uv": [1, 1], "uv_size": [-1, -1]},
								"down": {"uv": [1, 1], "uv_size": [-1, -1]}
							}
						},
						{
							"origin": [0.85, 18.9, -0.3],
							"size": [1, 1, 0],
							"pivot": [1.75, 19.8, -0.8],
							"rotation": [0, 0, -0.5],
							"uv": {
								"north": {"uv": [8.5, 23.5], "uv_size": [1, 1]},
								"east": {"uv": [0, 0], "uv_size": [1, 1]},
								"south": {"uv": [0, 0], "uv_size": [1, 1]},
								"west": {"uv": [0, 0], "uv_size": [1, 1]},
								"up": {"uv": [1, 1], "uv_size": [-1, -1]},
								"down": {"uv": [1, 1], "uv_size": [-1, -1]}
							}
						},
						{
							"origin": [0.85, 17.9, -0.3],
							"size": [1, 1, 0],
							"pivot": [1.75, 19.8, -0.8],
							"rotation": [0, 0, -0.5],
							"uv": {
								"north": {"uv": [8.5, 23.5], "uv_size": [1, 1]},
								"east": {"uv": [0, 0], "uv_size": [1, 1]},
								"south": {"uv": [0, 0], "uv_size": [1, 1]},
								"west": {"uv": [0, 0], "uv_size": [1, 1]},
								"up": {"uv": [1, 1], "uv_size": [-1, -1]},
								"down": {"uv": [1, 1], "uv_size": [-1, -1]}
							}
						},
						{
							"origin": [1.6, 18.15, -0.3],
							"size": [1, 1, 0],
							"pivot": [1.75, 19.8, -0.8],
							"rotation": [0, 0, -0.5],
							"uv": {
								"north": {"uv": [8.5, 23.5], "uv_size": [1, 1]},
								"east": {"uv": [0, 0], "uv_size": [1, 1]},
								"south": {"uv": [0, 0], "uv_size": [1, 1]},
								"west": {"uv": [0, 0], "uv_size": [1, 1]},
								"up": {"uv": [1, 1], "uv_size": [-1, -1]},
								"down": {"uv": [1, 1], "uv_size": [-1, -1]}
							}
						},
						{
							"origin": [2.35, 18.65, -0.3],
							"size": [1, 1, 0],
							"pivot": [1.75, 19.8, -0.8],
							"rotation": [0, 0, -0.5],
							"uv": {
								"north": {"uv": [8.5, 23.5], "uv_size": [1, 1]},
								"east": {"uv": [0, 0], "uv_size": [1, 1]},
								"south": {"uv": [0, 0], "uv_size": [1, 1]},
								"west": {"uv": [0, 0], "uv_size": [1, 1]},
								"up": {"uv": [1, 1], "uv_size": [-1, -1]},
								"down": {"uv": [1, 1], "uv_size": [-1, -1]}
							}
						},
						{
							"origin": [2.85, 18.9, -0.3],
							"size": [1, 1, 0],
							"pivot": [1.75, 19.8, -0.8],
							"rotation": [0, 0, -0.5],
							"uv": {
								"north": {"uv": [8.5, 23.5], "uv_size": [1, 1]},
								"east": {"uv": [0, 0], "uv_size": [1, 1]},
								"south": {"uv": [0, 0], "uv_size": [1, 1]},
								"west": {"uv": [0, 0], "uv_size": [1, 1]},
								"up": {"uv": [1, 1], "uv_size": [-1, -1]},
								"down": {"uv": [1, 1], "uv_size": [-1, -1]}
							}
						},
						{
							"origin": [3.35, 19.15, -0.3],
							"size": [1, 1, 0],
							"pivot": [1.75, 19.8, -0.8],
							"rotation": [0, 0, -0.5],
							"uv": {
								"north": {"uv": [8.5, 23.5], "uv_size": [1, 1]},
								"east": {"uv": [0, 0], "uv_size": [1, 1]},
								"south": {"uv": [0, 0], "uv_size": [1, 1]},
								"west": {"uv": [0, 0], "uv_size": [1, 1]},
								"up": {"uv": [1, 1], "uv_size": [-1, -1]},
								"down": {"uv": [1, 1], "uv_size": [-1, -1]}
							}
						},
						{
							"origin": [-3.9, 19.15, -0.3],
							"size": [1, 1, 0],
							"pivot": [1.75, 19.8, -0.8],
							"rotation": [0, 0, -0.5],
							"uv": {
								"north": {"uv": [8.5, 23.5], "uv_size": [1, 1]},
								"east": {"uv": [0, 0], "uv_size": [1, 1]},
								"south": {"uv": [0, 0], "uv_size": [1, 1]},
								"west": {"uv": [0, 0], "uv_size": [1, 1]},
								"up": {"uv": [1, 1], "uv_size": [-1, -1]},
								"down": {"uv": [1, 1], "uv_size": [-1, -1]}
							}
						},
						{
							"origin": [-2.65, 18.65, -0.3],
							"size": [1, 1, 0],
							"pivot": [1.75, 19.8, -0.8],
							"rotation": [0, 0, -0.5],
							"uv": {
								"north": {"uv": [8.5, 23.5], "uv_size": [1, 1]},
								"east": {"uv": [0, 0], "uv_size": [1, 1]},
								"south": {"uv": [0, 0], "uv_size": [1, 1]},
								"west": {"uv": [0, 0], "uv_size": [1, 1]},
								"up": {"uv": [1, 1], "uv_size": [-1, -1]},
								"down": {"uv": [1, 1], "uv_size": [-1, -1]}
							}
						},
						{
							"origin": [-3.15, 18.9, -0.3],
							"size": [1, 1, 0],
							"pivot": [1.75, 19.8, -0.8],
							"rotation": [0, 0, -0.5],
							"uv": {
								"north": {"uv": [8.5, 23.5], "uv_size": [1, 1]},
								"east": {"uv": [0, 0], "uv_size": [1, 1]},
								"south": {"uv": [0, 0], "uv_size": [1, 1]},
								"west": {"uv": [0, 0], "uv_size": [1, 1]},
								"up": {"uv": [1, 1], "uv_size": [-1, -1]},
								"down": {"uv": [1, 1], "uv_size": [-1, -1]}
							}
						},
						{
							"origin": [-0.15, 17.9, -0.3],
							"size": [1, 1, 0],
							"pivot": [1.75, 19.8, -0.8],
							"rotation": [0, 0, -0.5],
							"uv": {
								"north": {"uv": [8.5, 23.5], "uv_size": [1, 1]},
								"east": {"uv": [0, 0], "uv_size": [1, 1]},
								"south": {"uv": [0, 0], "uv_size": [1, 1]},
								"west": {"uv": [0, 0], "uv_size": [1, 1]},
								"up": {"uv": [1, 1], "uv_size": [-1, -1]},
								"down": {"uv": [1, 1], "uv_size": [-1, -1]}
							}
						},
						{
							"origin": [-1.15, 17.9, -0.3],
							"size": [1, 1, 0],
							"pivot": [1.75, 19.8, -0.8],
							"rotation": [0, 0, -0.5],
							"uv": {
								"north": {"uv": [8.5, 23.5], "uv_size": [1, 1]},
								"east": {"uv": [0, 0], "uv_size": [1, 1]},
								"south": {"uv": [0, 0], "uv_size": [1, 1]},
								"west": {"uv": [0, 0], "uv_size": [1, 1]},
								"up": {"uv": [1, 1], "uv_size": [-1, -1]},
								"down": {"uv": [1, 1], "uv_size": [-1, -1]}
							}
						},
						{
							"origin": [-1.9, 18.15, -0.3],
							"size": [1, 1, 0],
							"pivot": [1.75, 19.8, -0.8],
							"rotation": [0, 0, -0.5],
							"uv": {
								"north": {"uv": [8.5, 23.5], "uv_size": [1, 1]},
								"east": {"uv": [0, 0], "uv_size": [1, 1]},
								"south": {"uv": [0, 0], "uv_size": [1, 1]},
								"west": {"uv": [0, 0], "uv_size": [1, 1]},
								"up": {"uv": [1, 1], "uv_size": [-1, -1]},
								"down": {"uv": [1, 1], "uv_size": [-1, -1]}
							}
						},
						{
							"origin": [3.35, 20.4, -0.3],
							"size": [1, 1, 0],
							"pivot": [2.05, 21.1, -0.8],
							"rotation": [0, 0, -7.5],
							"uv": {
								"north": {"uv": [8.5, 23.5], "uv_size": [1, 1]},
								"east": {"uv": [0, 0], "uv_size": [1, 1]},
								"south": {"uv": [0, 0], "uv_size": [1, 1]},
								"west": {"uv": [0, 0], "uv_size": [1, 1]},
								"up": {"uv": [1, 1], "uv_size": [-1, -1]},
								"down": {"uv": [1, 1], "uv_size": [-1, -1]}
							}
						},
						{
							"origin": [3.05, 20.4, -0.3],
							"size": [1, 1, 0],
							"pivot": [2.05, 21.1, -0.8],
							"rotation": [0, 0, -7.5],
							"uv": {
								"north": {"uv": [8.5, 23.5], "uv_size": [1, 1]},
								"east": {"uv": [0, 0], "uv_size": [1, 1]},
								"south": {"uv": [0, 0], "uv_size": [1, 1]},
								"west": {"uv": [0, 0], "uv_size": [1, 1]},
								"up": {"uv": [1, 1], "uv_size": [-1, -1]},
								"down": {"uv": [1, 1], "uv_size": [-1, -1]}
							}
						},
						{
							"origin": [2.5, 19.35, -0.3],
							"size": [1, 1, 0],
							"pivot": [2.05, 20, -0.8],
							"rotation": [0, 0, -11],
							"uv": {
								"north": {"uv": [8.5, 23.5], "uv_size": [1, 1]},
								"east": {"uv": [0, 0], "uv_size": [1, 1]},
								"south": {"uv": [0, 0], "uv_size": [1, 1]},
								"west": {"uv": [0, 0], "uv_size": [1, 1]},
								"up": {"uv": [1, 1], "uv_size": [-1, -1]},
								"down": {"uv": [1, 1], "uv_size": [-1, -1]}
							}
						},
						{
							"origin": [2.9, 19.35, -0.3],
							"size": [1, 1, 0],
							"pivot": [2.05, 20, -0.8],
							"rotation": [0, 0, -11],
							"uv": {
								"north": {"uv": [8.5, 23.5], "uv_size": [1, 1]},
								"east": {"uv": [0, 0], "uv_size": [1, 1]},
								"south": {"uv": [0, 0], "uv_size": [1, 1]},
								"west": {"uv": [0, 0], "uv_size": [1, 1]},
								"up": {"uv": [1, 1], "uv_size": [-1, -1]},
								"down": {"uv": [1, 1], "uv_size": [-1, -1]}
							}
						},
						{
							"origin": [-1.65, 20.3, -0.3],
							"size": [1, 1, 0],
							"pivot": [-1.15, 20.8, -0.8],
							"rotation": [0, 0, 6],
							"uv": {
								"north": {"uv": [8.5, 23.5], "uv_size": [1, 1]},
								"east": {"uv": [0, 0], "uv_size": [1, 1]},
								"south": {"uv": [0, 0], "uv_size": [1, 1]},
								"west": {"uv": [0, 0], "uv_size": [1, 1]},
								"up": {"uv": [1, 1], "uv_size": [-1, -1]},
								"down": {"uv": [1, 1], "uv_size": [-1, -1]}
							}
						},
						{
							"origin": [-1.95, 20.3, -0.3],
							"size": [1, 1, 0],
							"pivot": [-1.15, 20.8, -0.8],
							"rotation": [0, 0, 6],
							"uv": {
								"north": {"uv": [8.5, 23.5], "uv_size": [1, 1]},
								"east": {"uv": [0, 0], "uv_size": [1, 1]},
								"south": {"uv": [0, 0], "uv_size": [1, 1]},
								"west": {"uv": [0, 0], "uv_size": [1, 1]},
								"up": {"uv": [1, 1], "uv_size": [-1, -1]},
								"down": {"uv": [1, 1], "uv_size": [-1, -1]}
							}
						},
						{
							"origin": [-1.05, 18.9, -0.3],
							"size": [1, 1, 0],
							"uv": {
								"north": {"uv": [8.5, 23.5], "uv_size": [1, 1]},
								"east": {"uv": [0, 0], "uv_size": [1, 1]},
								"south": {"uv": [0, 0], "uv_size": [1, 1]},
								"west": {"uv": [0, 0], "uv_size": [1, 1]},
								"up": {"uv": [1, 1], "uv_size": [-1, -1]},
								"down": {"uv": [1, 1], "uv_size": [-1, -1]}
							}
						}
					]
				},
				{
					"name": "leftear",
					"parent": "head",
					"pivot": [0, -8, 3]
				},
				{
					"name": "rightear",
					"parent": "head",
					"pivot": [0, -8, 3]
				}
			]
		}
	]
}