{
	"format_version": "1.12.0",
	"minecraft:geometry": [
		{
			"description": {
				"identifier": "geometry.sniffer",
				"texture_width": 64,
				"texture_height": 64,
				"visible_bounds_width": 3,
				"visible_bounds_height": 2.5,
				"visible_bounds_offset": [0, 0.75, 0]
			},
			"bones": [
				{
					"name": "Main",
					"pivot": [0, 0, 0]
				},
				{
					"name": "body",
					"parent": "Main",
					"pivot": [0, 7.75, 0],
					"cubes": [
						{
							"origin": [-7, 3, -8],
							"size": [14, 4, 16],
							"uv": {
								"north": {"uv": [16, 40], "uv_size": [14, 4]},
								"east": {"uv": [0, 40], "uv_size": [16, 4]},
								"south": {"uv": [46, 40], "uv_size": [14, 4]},
								"west": {"uv": [30, 40], "uv_size": [16, 4]},
								"up": {"uv": [16, 24], "uv_size": [14, 16]},
								"down": {"uv": [30, 40], "uv_size": [14, -16]}
							}
						},
						{
							"origin": [-7, 7, -8],
							"size": [14, 5, 16],
							"uv": {
								"north": {"uv": [16, 40], "uv_size": [14, 4]},
								"east": {"uv": [0, 40], "uv_size": [16, 4]},
								"south": {"uv": [46, 40], "uv_size": [14, 4]},
								"west": {"uv": [30, 40], "uv_size": [16, 4]},
								"up": {"uv": [16, 24], "uv_size": [14, 16]},
								"down": {"uv": [30, 40], "uv_size": [14, -16]}
							}
						},
						{
							"origin": [-7.75, 10, -8.75],
							"size": [15.5, 7, 17.5],
							"uv": {
								"north": {"uv": [0, 17], "uv_size": [17, 7]},
								"east": {"uv": [0, 17], "uv_size": [17, 7]},
								"south": {"uv": [0, 17], "uv_size": [17, 7]},
								"west": {"uv": [32, 17], "uv_size": [17, 7]},
								"up": {"uv": [17, 0], "uv_size": [15, 17]},
								"down": {"uv": [32, 17], "uv_size": [15, -17]}
							}
						}
					]
				},
				{
					"name": "head",
					"parent": "Main",
					"pivot": [0, 7.04167, -7.85],
					"cubes": [
						{
							"origin": [-3, 4.75, -11],
							"size": [6, 5, 3],
							"uv": {
								"north": {"uv": [47, 27], "uv_size": [6, 5]},
								"east": {"uv": [44, 27], "uv_size": [3, 5]},
								"south": {"uv": [56, 27], "uv_size": [6, 5]},
								"west": {"uv": [53, 27], "uv_size": [3, 5]},
								"up": {"uv": [47, 24], "uv_size": [6, 3]},
								"down": {"uv": [53, 27], "uv_size": [6, -3]}
							}
						},
						{
							"origin": [-3.15, 4.75, -15.1],
							"size": [6.3, 2, 4.1],
							"uv": {
								"north": {"uv": [24, 48], "uv_size": [6, 2]},
								"east": {"uv": [20, 48], "uv_size": [4, 2]},
								"south": {"uv": [34, 48], "uv_size": [6, 2]},
								"west": {"uv": [30, 48], "uv_size": [4, 2]},
								"up": {"uv": [24, 44], "uv_size": [6, 4]},
								"down": {"uv": [30, 48], "uv_size": [6, -4]}
							}
						},
						{
							"origin": [-3, 6.75, -15],
							"size": [6, 2.75, 4],
							"uv": {
								"north": {"uv": [4, 48], "uv_size": [6, 2]},
								"east": {"uv": [0, 48], "uv_size": [4, 2]},
								"south": {"uv": [14, 48], "uv_size": [6, 2]},
								"west": {"uv": [10, 48], "uv_size": [4, 2]},
								"up": {"uv": [4, 44], "uv_size": [6, 4]},
								"down": {"uv": [10, 48], "uv_size": [6, -4]}
							}
						}
					]
				},
				{
					"name": "leg1",
					"parent": "Main",
					"pivot": [5.5, 2.75, -5.5],
					"cubes": [
						{
							"origin": [4, 0, -7],
							"size": [3, 3, 3],
							"uv": {
								"north": {"uv": [43, 47], "uv_size": [3, 3]},
								"east": {"uv": [40, 47], "uv_size": [3, 3]},
								"south": {"uv": [49, 47], "uv_size": [3, 3]},
								"west": {"uv": [46, 47], "uv_size": [3, 3]},
								"up": {"uv": [43, 44], "uv_size": [3, 3]},
								"down": {"uv": [46, 47], "uv_size": [3, -3]}
							}
						}
					]
				},
				{
					"name": "leg4",
					"parent": "Main",
					"pivot": [-5.5, 3, -5.5],
					"cubes": [
						{
							"origin": [-7, 0, -7],
							"size": [3, 3, 3],
							"uv": {
								"north": {"uv": [3, 27], "uv_size": [3, 3]},
								"east": {"uv": [0, 27], "uv_size": [3, 3]},
								"south": {"uv": [9, 27], "uv_size": [3, 3]},
								"west": {"uv": [6, 27], "uv_size": [3, 3]},
								"up": {"uv": [3, 24], "uv_size": [3, 3]},
								"down": {"uv": [6, 27], "uv_size": [3, -3]}
							}
						}
					]
				},
				{
					"name": "leg3",
					"parent": "Main",
					"pivot": [5.5, 3, 5.5],
					"cubes": [
						{
							"origin": [4, 0, 4],
							"size": [3, 3, 3],
							"uv": {
								"north": {"uv": [3, 33], "uv_size": [3, 3]},
								"east": {"uv": [0, 33], "uv_size": [3, 3]},
								"south": {"uv": [9, 33], "uv_size": [3, 3]},
								"west": {"uv": [6, 33], "uv_size": [3, 3]},
								"up": {"uv": [3, 30], "uv_size": [3, 3]},
								"down": {"uv": [6, 33], "uv_size": [3, -3]}
							}
						}
					]
				},
				{
					"name": "leg6",
					"parent": "Main",
					"pivot": [-5.5, 3, 5.5],
					"cubes": [
						{
							"origin": [-7, 0, 4],
							"size": [3, 3, 3],
							"uv": {
								"north": {"uv": [3, 3], "uv_size": [3, 3]},
								"east": {"uv": [0, 3], "uv_size": [3, 3]},
								"south": {"uv": [9, 3], "uv_size": [3, 3]},
								"west": {"uv": [6, 3], "uv_size": [3, 3]},
								"up": {"uv": [3, 0], "uv_size": [3, 3]},
								"down": {"uv": [6, 3], "uv_size": [3, -3]}
							}
						}
					]
				},
				{
					"name": "leg2",
					"parent": "Main",
					"pivot": [5.5, 3, 0.5],
					"cubes": [
						{
							"origin": [4, 0, -1],
							"size": [3, 3, 3],
							"uv": {
								"north": {"uv": [47, 35], "uv_size": [3, 3]},
								"east": {"uv": [44, 35], "uv_size": [3, 3]},
								"south": {"uv": [53, 35], "uv_size": [3, 3]},
								"west": {"uv": [50, 35], "uv_size": [3, 3]},
								"up": {"uv": [47, 32], "uv_size": [3, 3]},
								"down": {"uv": [50, 35], "uv_size": [3, -3]}
							}
						}
					]
				},
				{
					"name": "leg5",
					"parent": "Main",
					"pivot": [-5.5, 3, 0.5],
					"cubes": [
						{
							"origin": [-7, 0, -1],
							"size": [3, 3, 3],
							"uv": {
								"north": {"uv": [3, 9], "uv_size": [3, 3]},
								"east": {"uv": [0, 9], "uv_size": [3, 3]},
								"south": {"uv": [9, 9], "uv_size": [3, 3]},
								"west": {"uv": [6, 9], "uv_size": [3, 3]},
								"up": {"uv": [3, 6], "uv_size": [3, 3]},
								"down": {"uv": [6, 9], "uv_size": [3, -3]}
							}
						}
					]
				}
			]
		}
	]
}