{
	"format_version": "1.12.0",
	"minecraft:geometry": [
		{
			"description": {
				"identifier": "geometry.spider_legs",
				"texture_width": 128,
				"texture_height": 128,
				"visible_bounds_width": 7,
				"visible_bounds_height": 5.5,
				"visible_bounds_offset": [0, 2.25, 0]
			},
			"bones": [
				{
					"name": "Main",
					"pivot": [0, 11, 0]
				},
				{
					"name": "head",
					"parent": "Main",
					"pivot": [0, 37, -9.5],
					"rotation": [10, 0, 0],
					"cubes": [
						{
							"origin": [-5, 34, -10.5],
							"size": [10, 8, 2],
							"uv": {
								"north": {"uv": [20, 73], "uv_size": [10, 8]},
								"east": {"uv": [31, 93], "uv_size": [2, 8]},
								"south": {"uv": [30, 73], "uv_size": [10, 8]},
								"west": {"uv": [18, 94], "uv_size": [2, 8]},
								"up": {"uv": [46, 7], "uv_size": [10, 2]},
								"down": {"uv": [46, 61], "uv_size": [10, -2]}
							}
						},
						{
							"origin": [-5, 34, -19.5],
							"size": [10, 8, 2],
							"uv": {
								"north": {"uv": [40, 80], "uv_size": [10, 8]},
								"east": {"uv": [69, 94], "uv_size": [2, 8]},
								"south": {"uv": [50, 80], "uv_size": [10, 8]},
								"west": {"uv": [71, 94], "uv_size": [2, 8]},
								"up": {"uv": [90, 70], "uv_size": [10, 2]},
								"down": {"uv": [90, 86], "uv_size": [10, -2]}
							}
						},
						{
							"origin": [-5, 34, -21.5],
							"size": [10, 7, 2],
							"uv": {
								"north": {"uv": [75, 0], "uv_size": [10, 7]},
								"east": {"uv": [37, 81], "uv_size": [2, 7]},
								"south": {"uv": [60, 80], "uv_size": [10, 7]},
								"west": {"uv": [94, 72], "uv_size": [2, 7]},
								"up": {"uv": [92, 4], "uv_size": [10, 2]},
								"down": {"uv": [21, 95], "uv_size": [10, -2]}
							}
						},
						{
							"origin": [-5, 34, -25.5],
							"size": [10, 5.5, 4],
							"uv": {
								"north": {"uv": [7, 81], "uv_size": [10, 6]},
								"east": {"uv": [21, 87], "uv_size": [4, 6]},
								"south": {"uv": [17, 81], "uv_size": [10, 6]},
								"west": {"uv": [54, 88], "uv_size": [4, 6]},
								"up": {"uv": [74, 87], "uv_size": [10, 4]},
								"down": {"uv": [84, 91], "uv_size": [10, -4]}
							}
						},
						{
							"origin": [-5, 34, -27.5],
							"size": [10, 3.75, 2],
							"uv": {
								"north": {"uv": [34, 88], "uv_size": [10, 4]},
								"east": {"uv": [25, 87], "uv_size": [2, 4]},
								"south": {"uv": [44, 88], "uv_size": [10, 4]},
								"west": {"uv": [58, 88], "uv_size": [2, 4]},
								"up": {"uv": [4, 94], "uv_size": [10, 2]},
								"down": {"uv": [94, 8], "uv_size": [10, -2]}
							}
						},
						{
							"origin": [-5, 34, -17.5],
							"size": [10, 9, 7],
							"uv": {
								"north": {"uv": [60, 71], "uv_size": [10, 9]},
								"east": {"uv": [80, 73], "uv_size": [7, 9]},
								"south": {"uv": [70, 71], "uv_size": [10, 9]},
								"west": {"uv": [0, 81], "uv_size": [7, 9]},
								"up": {"uv": [80, 66], "uv_size": [10, 7]},
								"down": {"uv": [70, 87], "uv_size": [10, -7]}
							}
						}
					]
				},
				{
					"name": "jaw",
					"parent": "head",
					"pivot": [0, 34.25, -8.5],
					"rotation": [15.5, 0, 0],
					"cubes": [
						{
							"origin": [-5, 30.00887, -18.53269],
							"size": [10, 4, 10],
							"uv": {
								"north": {"uv": [90, 66], "uv_size": [10, 4]},
								"east": {"uv": [90, 80], "uv_size": [10, 4]},
								"south": {"uv": [74, 91], "uv_size": [10, 4]},
								"west": {"uv": [84, 91], "uv_size": [10, 4]},
								"up": {"uv": [20, 63], "uv_size": [10, 10]},
								"down": {"uv": [30, 73], "uv_size": [10, -10]}
							}
						},
						{
							"origin": [-5, 30.00887, -27.53269],
							"size": [10, 4, 9],
							"uv": {
								"north": {"uv": [92, 0], "uv_size": [10, 4]},
								"east": {"uv": [44, 92], "uv_size": [9, 4]},
								"south": {"uv": [34, 92], "uv_size": [10, 4]},
								"west": {"uv": [92, 62], "uv_size": [9, 4]},
								"up": {"uv": [40, 71], "uv_size": [10, 9]},
								"down": {"uv": [50, 80], "uv_size": [10, -9]}
							}
						}
					]
				},
				{
					"name": "body",
					"parent": "Main",
					"pivot": [0, 37.5, 0],
					"cubes": [
						{
							"origin": [-5, 35, -9],
							"size": [10, 5, 18],
							"uv": {
								"north": {"uv": [27, 81], "uv_size": [10, 5]},
								"east": {"uv": [40, 66], "uv_size": [18, 5]},
								"south": {"uv": [80, 82], "uv_size": [10, 5]},
								"west": {"uv": [58, 66], "uv_size": [18, 5]},
								"up": {"uv": [0, 63], "uv_size": [10, 18]},
								"down": {"uv": [10, 81], "uv_size": [10, -18]}
							}
						}
					]
				},
				{
					"name": "leftLeg1",
					"parent": "Main",
					"pivot": [5.5, 38, -6]
				},
				{
					"name": "top2",
					"parent": "leftLeg1",
					"pivot": [5, 37.5, -5.5],
					"rotation": [-8.08235, 36.67795, -15.51019],
					"cubes": [
						{
							"origin": [1, 36, -9],
							"size": [29, 7, 7],
							"uv": {
								"north": {"uv": [0, 10], "uv_size": [29, 7]},
								"east": {"uv": [85, 0], "uv_size": [7, 7]},
								"south": {"uv": [0, 17], "uv_size": [29, 7]},
								"west": {"uv": [27, 86], "uv_size": [7, 7]},
								"up": {"uv": [0, 24], "uv_size": [29, 7]},
								"down": {"uv": [29, 17], "uv_size": [29, -7]}
							}
						}
					]
				},
				{
					"name": "bottom2",
					"parent": "leftLeg1",
					"pivot": [19.41369, 41.81356, -15.12382],
					"cubes": [
						{
							"origin": [20.01249, 40.7948, -21.06075],
							"size": [45.9, 5, 3.5],
							"pivot": [23.5, 43, -18.75],
							"rotation": [47.34379, 6.99954, 85.25348],
							"uv": {
								"north": {"uv": [0, 0], "uv_size": [46, 5]},
								"east": {"uv": [76, 66], "uv_size": [4, 5]},
								"south": {"uv": [0, 5], "uv_size": [46, 5]},
								"west": {"uv": [0, 90], "uv_size": [4, 5]},
								"up": {"uv": [58, 14], "uv_size": [46, 4]},
								"down": {"uv": [58, 22], "uv_size": [46, -4]}
							}
						}
					]
				},
				{
					"name": "rightLeg1",
					"parent": "Main",
					"pivot": [-5.5, 38, -6]
				},
				{
					"name": "top3",
					"parent": "rightLeg1",
					"pivot": [-5, 37.5, -5.5],
					"rotation": [-8.08235, -36.67795, 15.51019],
					"cubes": [
						{
							"origin": [-30, 36, -9],
							"size": [29, 7, 7],
							"uv": {
								"north": {"uv": [29, 17], "uv_size": [29, 7]},
								"east": {"uv": [7, 87], "uv_size": [7, 7]},
								"south": {"uv": [29, 24], "uv_size": [29, 7]},
								"west": {"uv": [87, 7], "uv_size": [7, 7]},
								"up": {"uv": [0, 31], "uv_size": [29, 7]},
								"down": {"uv": [29, 38], "uv_size": [29, -7]}
							}
						}
					]
				},
				{
					"name": "bottom3",
					"parent": "rightLeg1",
					"pivot": [-19.41369, 41.81356, -15.12382],
					"cubes": [
						{
							"origin": [-59.15, 44.5, -16.75],
							"size": [45.9, 4, 3.5],
							"pivot": [-18.5, 41, -16.75],
							"rotation": [47.6488, -3.31229, -88.64481],
							"uv": {
								"north": {"uv": [58, 22], "uv_size": [46, 4]},
								"east": {"uv": [94, 8], "uv_size": [4, 4]},
								"south": {"uv": [58, 26], "uv_size": [46, 4]},
								"west": {"uv": [14, 94], "uv_size": [4, 4]},
								"up": {"uv": [58, 30], "uv_size": [46, 4]},
								"down": {"uv": [58, 38], "uv_size": [46, -4]}
							}
						}
					]
				},
				{
					"name": "leftLeg2",
					"parent": "Main",
					"pivot": [5.5, 38, 6]
				},
				{
					"name": "top4",
					"parent": "leftLeg2",
					"pivot": [5, 37.5, 5.5],
					"rotation": [8.08235, -36.67795, -15.51019],
					"cubes": [
						{
							"origin": [1, 36, 2],
							"size": [29, 7, 7],
							"uv": {
								"north": {"uv": [0, 38], "uv_size": [29, 7]},
								"east": {"uv": [14, 87], "uv_size": [7, 7]},
								"south": {"uv": [29, 38], "uv_size": [29, 7]},
								"west": {"uv": [60, 87], "uv_size": [7, 7]},
								"up": {"uv": [0, 45], "uv_size": [29, 7]},
								"down": {"uv": [29, 52], "uv_size": [29, -7]}
							}
						}
					]
				},
				{
					"name": "bottom4",
					"parent": "leftLeg2",
					"pivot": [19.41369, 41.81356, 15.12382],
					"cubes": [
						{
							"origin": [13.25, 44.5, 13.5],
							"size": [45.9, 4, 3.5],
							"pivot": [18.5, 41, 16.75],
							"rotation": [-47.6488, -3.31229, 88.64481],
							"uv": {
								"north": {"uv": [58, 38], "uv_size": [46, 4]},
								"east": {"uv": [53, 94], "uv_size": [4, 4]},
								"south": {"uv": [58, 42], "uv_size": [46, 4]},
								"west": {"uv": [57, 94], "uv_size": [4, 4]},
								"up": {"uv": [58, 46], "uv_size": [46, 4]},
								"down": {"uv": [58, 54], "uv_size": [46, -4]}
							}
						}
					]
				},
				{
					"name": "rightLeg2",
					"parent": "Main",
					"pivot": [-5.5, 38, 6]
				},
				{
					"name": "top5",
					"parent": "rightLeg2",
					"pivot": [-5, 37.5, 5.5],
					"rotation": [8.08235, 36.67795, 15.51019],
					"cubes": [
						{
							"origin": [-30, 36, 2],
							"size": [29, 7, 7],
							"uv": {
								"north": {"uv": [46, 0], "uv_size": [29, 7]},
								"east": {"uv": [67, 87], "uv_size": [7, 7]},
								"south": {"uv": [0, 52], "uv_size": [29, 7]},
								"west": {"uv": [87, 73], "uv_size": [7, 7]},
								"up": {"uv": [29, 52], "uv_size": [29, 7]},
								"down": {"uv": [58, 14], "uv_size": [29, -7]}
							}
						}
					]
				},
				{
					"name": "bottom5",
					"parent": "rightLeg2",
					"pivot": [-19.41369, 41.81356, 15.12382],
					"cubes": [
						{
							"origin": [-59.15, 44.5, 13.5],
							"size": [45.9, 4, 3.5],
							"pivot": [-18.5, 41, 16.75],
							"rotation": [-47.6488, 3.31229, -88.64481],
							"uv": {
								"north": {"uv": [58, 54], "uv_size": [46, 4]},
								"east": {"uv": [61, 94], "uv_size": [4, 4]},
								"south": {"uv": [58, 58], "uv_size": [46, 4]},
								"west": {"uv": [65, 94], "uv_size": [4, 4]},
								"up": {"uv": [0, 59], "uv_size": [46, 4]},
								"down": {"uv": [46, 66], "uv_size": [46, -4]}
							}
						}
					]
				}
			]
		}
	]
}