{
	"format_version": "1.12.0",
	"minecraft:geometry": [
		{
			"description": {
				"identifier": "geometry.window_entity",
				"texture_width": 64,
				"texture_height": 64,
				"visible_bounds_width": 2,
				"visible_bounds_height": 3.5,
				"visible_bounds_offset": [0, 1.25, 0]
			},
			"bones": [
				{
					"name": "head",
					"pivot": [0, 24, 0],
					"cubes": [
						{
							"origin": [-4, 24, -4],
							"size": [8, 8, 8],
							"uv": {
								"north": {"uv": [0, 12], "uv_size": [8, 8]},
								"east": {"uv": [8, 12], "uv_size": [8, 8]},
								"south": {"uv": [16, 0], "uv_size": [8, 8]},
								"west": {"uv": [16, 8], "uv_size": [8, 8]},
								"up": {"uv": [16, 16], "uv_size": [8, 8]},
								"down": {"uv": [0, 28], "uv_size": [8, -8]}
							}
						}
					]
				},
				{
					"name": "body",
					"pivot": [0, 24, 0],
					"cubes": [
						{
							"origin": [-4, 12, -2],
							"size": [8, 12, 4],
							"uv": {
								"north": {"uv": [0, 0], "uv_size": [8, 12]},
								"east": {"uv": [8, 20], "uv_size": [4, 12]},
								"south": {"uv": [8, 0], "uv_size": [8, 12]},
								"west": {"uv": [12, 20], "uv_size": [4, 12]},
								"up": {"uv": [36, 12], "uv_size": [8, 4]},
								"down": {"uv": [16, 40], "uv_size": [8, -4]}
							}
						}
					]
				},
				{
					"name": "leftArm",
					"pivot": [-5, 22, 0],
					"cubes": [
						{
							"origin": [-8, 12, -2],
							"size": [4, 12, 4],
							"uv": {
								"north": {"uv": [24, 0], "uv_size": [4, 12]},
								"east": {"uv": [24, 12], "uv_size": [4, 12]},
								"south": {"uv": [16, 24], "uv_size": [4, 12]},
								"west": {"uv": [20, 24], "uv_size": [4, 12]},
								"up": {"uv": [36, 16], "uv_size": [4, 4]},
								"down": {"uv": [36, 24], "uv_size": [4, -4]}
							}
						}
					]
				},
				{
					"name": "rightArm",
					"pivot": [5, 22, 0],
					"cubes": [
						{
							"origin": [4, 12, -2],
							"size": [4, 12, 4],
							"uv": {
								"north": {"uv": [24, 24], "uv_size": [4, 12]},
								"east": {"uv": [0, 28], "uv_size": [4, 12]},
								"south": {"uv": [28, 0], "uv_size": [4, 12]},
								"west": {"uv": [4, 28], "uv_size": [4, 12]},
								"up": {"uv": [24, 36], "uv_size": [4, 4]},
								"down": {"uv": [36, 28], "uv_size": [4, -4]}
							}
						}
					]
				},
				{
					"name": "leftLeg",
					"pivot": [-1.9, 12, 0],
					"cubes": [
						{
							"origin": [-3.9, 0, -2],
							"size": [4, 12, 4],
							"uv": {
								"north": {"uv": [28, 12], "uv_size": [4, 12]},
								"east": {"uv": [28, 24], "uv_size": [4, 12]},
								"south": {"uv": [32, 0], "uv_size": [4, 12]},
								"west": {"uv": [8, 32], "uv_size": [4, 12]},
								"up": {"uv": [28, 36], "uv_size": [4, 4]},
								"down": {"uv": [36, 32], "uv_size": [4, -4]}
							}
						}
					]
				},
				{
					"name": "rightLeg",
					"pivot": [1.9, 12, 0],
					"cubes": [
						{
							"origin": [-0.1, 0, -2],
							"size": [4, 12, 4],
							"uv": {
								"north": {"uv": [12, 32], "uv_size": [4, 12]},
								"east": {"uv": [32, 12], "uv_size": [4, 12]},
								"south": {"uv": [32, 24], "uv_size": [4, 12]},
								"west": {"uv": [36, 0], "uv_size": [4, 12]},
								"up": {"uv": [32, 36], "uv_size": [4, 4]},
								"down": {"uv": [36, 36], "uv_size": [4, -4]}
							}
						}
					]
				}
			]
		}
	]
}